{"type":"FeatureCollection","features":[{"id":"209659","type":"Feature","properties":{"OBJECTID":12660,"max_category":0,"label":"cat 0","area_acres":4.770457510314393,"county":"Grayson County","watershed":""},"geometry":{"type":"Polygon","coordinates":[[[-81.582264,36.638849],[-81.582748,36.638976],[-81.586519,36.638818],[-81.586609,36.638998],[-81.586341,36.639125],[-81.583819,36.639206],[-81.584502,36.639461],[-81.585669,36.639437],[-81.586441,36.639589],[-81.586851,36.639732],[-81.58702,36.63997],[-81.586122,36.639923],[-81.585626,36.63958],[-81.584442,36.639601],[-81.583673,36.639292],[-81.582163,36.639041],[-81.582264,36.638849]]]}},{"id":"211705","type":"Feature","properties":{"OBJECTID":12927,"max_category":0,"label":"cat 0","area_acres":2.584039475880005,"county":"Grayson County","watershed":""},"geometry":{"type":"Polygon","coordinates":[[[-81.594657,36.63944],[-81.597429,36.641693],[-81.59754,36.642724],[-81.597203,36.642621],[-81.597178,36.642125],[-81.596604,36.641231],[-81.59456,36.63956],[-81.594657,36.63944]]]}},{"id":"214233","type":"Feature","properties":{"OBJECTID":12654,"max_category":0,"label":"cat 0","area_acres":2.4315028090622186,"county":"Grayson County","watershed":""},"geometry":{"type":"Polygon","coordinates":[[[-81.579582,36.634949],[-81.580105,36.63524],[-81.580665,36.635295],[-81.582253,36.636294],[-81.583601,36.636074],[-81.584169,36.636063],[-81.584273,36.636181],[-81.584069,36.636316],[-81.58319,36.636335],[-81.582572,36.636591],[-81.581438,36.636055],[-81.580583,36.635428],[-81.580039,36.635379],[-81.579336,36.635057],[-81.579582,36.634949]]]}},{"id":"220828","type":"Feature","properties":{"OBJECTID":5976,"max_category":0,"label":"cat 0","area_acres":2.480069056786276,"county":"Grayson County","watershed":""},"geometry":{"type":"Polygon","coordinates":[[[-81.289235,36.639503],[-81.289361,36.639627],[-81.289243,36.639841],[-81.288742,36.640067],[-81.288061,36.640669],[-81.287365,36.640779],[-81.286517,36.641494],[-81.286255,36.641458],[-81.2872,36.640544],[-81.288067,36.640187],[-81.28822,36.640245],[-81.28874,36.639722],[-81.289235,36.639503]]]}},{"id":"220862","type":"Feature","properties":{"OBJECTID":3285,"max_category":0,"label":"cat 0","area_acres":7.786678578272259,"county":"Grayson County","watershed":""},"geometry":{"type":"Polygon","coordinates":[[[-81.512227,36.696882],[-81.514378,36.697964],[-81.515389,36.698001],[-81.515922,36.698235],[-81.516984,36.69814],[-81.517238,36.698302],[-81.517043,36.698612],[-81.517918,36.699039],[-81.517974,36.699289],[-81.517794,36.699435],[-81.517443,36.699434],[-81.516661,36.698596],[-81.516126,36.698374],[-81.515979,36.698377],[-81.516095,36.698862],[-81.515904,36.699165],[-81.515766,36.698339],[-81.515334,36.698143],[-81.514506,36.698199],[-81.514463,36.699096],[-81.514205,36.699202],[-81.514043,36.698867],[-81.514188,36.698069],[-81.513435,36.697758],[-81.513557,36.698451],[-81.513222,36.698641],[-81.513187,36.697678],[-81.51267,36.697317],[-81.512968,36.698119],[-81.51287,36.698538],[-81.51268,36.698599],[-81.512505,36.697689],[-81.512277,36.698001],[-81.512037,36.69796],[-81.512182,36.697176],[-81.512007,36.696999],[-81.512227,36.696882]],[[-81.512493,36.697307],[-81.512471,36.697496],[-81.512499,36.697525],[-81.512493,36.697307]]]}},{"id":"220898","type":"Feature","properties":{"OBJECTID":5008,"max_category":0,"label":"cat 0","area_acres":0.5489696049928308,"county":"Grayson County","watershed":""},"geometry":{"type":"Polygon","coordinates":[[[-81.525089,36.67967],[-81.525215,36.679808],[-81.52503,36.680009],[-81.524536,36.680191],[-81.524614,36.679704],[-81.525089,36.67967]]]}},{"id":"220910","type":"Feature","properties":{"OBJECTID":3325,"max_category":0,"label":"cat 0","area_acres":1.906453159600757,"county":"Grayson County","watershed":""},"geometry":{"type":"Polygon","coordinates":[[[-81.511956,36.699113],[-81.512125,36.69951],[-81.511989,36.699682],[-81.510617,36.699832],[-81.510107,36.700168],[-81.510756,36.699424],[-81.511956,36.699113]]]}},{"id":"220951","type":"Feature","properties":{"OBJECTID":3284,"max_category":0,"label":"cat 0","area_acres":0.8285435865105184,"county":"Grayson County","watershed":""},"geometry":{"type":"Polygon","coordinates":[[[-81.520292,36.695179],[-81.520442,36.696113],[-81.520295,36.696396],[-81.519976,36.696536],[-81.519905,36.69633],[-81.520262,36.695963],[-81.520172,36.695276],[-81.520292,36.695179]]]}},{"id":"220977","type":"Feature","properties":{"OBJECTID":503,"max_category":0,"label":"cat 0","area_acres":1.185399834448914,"county":"Grayson County","watershed":""},"geometry":{"type":"Polygon","coordinates":[[[-81.277294,36.611595],[-81.277384,36.611738],[-81.276969,36.612609],[-81.277018,36.613315],[-81.276571,36.613506],[-81.276474,36.613344],[-81.276702,36.613049],[-81.276919,36.612145],[-81.277294,36.611595]]]}},{"id":"220981","type":"Feature","properties":{"OBJECTID":418,"max_category":0,"label":"cat 0","area_acres":0.9743585932984091,"county":"Grayson County","watershed":""},"geometry":{"type":"Polygon","coordinates":[[[-81.276626,36.616854],[-81.277191,36.617556],[-81.277698,36.617195],[-81.278117,36.617158],[-81.278187,36.617277],[-81.27791,36.617488],[-81.277133,36.617698],[-81.276551,36.616986],[-81.276626,36.616854]]]}},{"id":"220999","type":"Feature","properties":{"OBJECTID":5977,"max_category":0,"label":"cat 0","area_acres":2.556479692503496,"county":"Grayson County","watershed":""},"geometry":{"type":"Polygon","coordinates":[[[-81.285825,36.638275],[-81.285955,36.638509],[-81.285851,36.63899],[-81.285379,36.639531],[-81.283602,36.640919],[-81.283366,36.640687],[-81.283629,36.640745],[-81.284858,36.639708],[-81.285254,36.638871],[-81.285825,36.638275]]]}},{"id":"221013","type":"Feature","properties":{"OBJECTID":3197,"max_category":0,"label":"cat 0","area_acres":2.1426197484284306,"county":"Grayson County","watershed":""},"geometry":{"type":"Polygon","coordinates":[[[-81.528354,36.695563],[-81.528476,36.695829],[-81.52752,36.696503],[-81.527618,36.696639],[-81.527293,36.69695],[-81.527249,36.69785],[-81.526891,36.697981],[-81.526834,36.697685],[-81.527119,36.696901],[-81.527409,36.696615],[-81.527243,36.696368],[-81.528354,36.695563]]]}},{"id":"221024","type":"Feature","properties":{"OBJECTID":3282,"max_category":0,"label":"cat 0","area_acres":2.311834748862189,"county":"Grayson County","watershed":""},"geometry":{"type":"Polygon","coordinates":[[[-81.523173,36.693527],[-81.524659,36.694046],[-81.525428,36.694072],[-81.525595,36.694326],[-81.525218,36.694393],[-81.52568,36.694779],[-81.52568,36.695074],[-81.525493,36.695093],[-81.524818,36.694659],[-81.524416,36.694084],[-81.523169,36.693715],[-81.523173,36.693527]]]}},{"id":"221034","type":"Feature","properties":{"OBJECTID":31,"max_category":0,"label":"cat 0","area_acres":3.0053620111839052,"county":"Grayson County","watershed":""},"geometry":{"type":"Polygon","coordinates":[[[-81.266736,36.639424],[-81.26664,36.640663],[-81.265423,36.641691],[-81.264934,36.64233],[-81.264586,36.642259],[-81.264924,36.64157],[-81.266537,36.640349],[-81.266585,36.639567],[-81.266736,36.639424]]]}},{"id":"221045","type":"Feature","properties":{"OBJECTID":2,"max_category":0,"label":"cat 0","area_acres":8.9452676682406,"county":"Grayson County","watershed":""},"geometry":{"type":"Polygon","coordinates":[[[-81.246321,36.627382],[-81.246345,36.627728],[-81.245888,36.628205],[-81.245905,36.628805],[-81.246298,36.629455],[-81.246029,36.629699],[-81.245889,36.629646],[-81.245806,36.628927],[-81.245842,36.630278],[-81.246103,36.631335],[-81.245544,36.631249],[-81.245422,36.631689],[-81.244879,36.632025],[-81.24479,36.631721],[-81.245151,36.631319],[-81.245582,36.629692],[-81.244913,36.630685],[-81.244558,36.630619],[-81.244267,36.631419],[-81.243894,36.631882],[-81.243615,36.631935],[-81.243691,36.631379],[-81.244019,36.630905],[-81.24337,36.631321],[-81.243347,36.631102],[-81.243653,36.630839],[-81.243605,36.630576],[-81.244694,36.630186],[-81.245474,36.629472],[-81.24553,36.629063],[-81.245281,36.629165],[-81.24516,36.629073],[-81.24569,36.628699],[-81.245716,36.628152],[-81.246321,36.627382]]]}},{"id":"221054","type":"Feature","properties":{"OBJECTID":3283,"max_category":0,"label":"cat 0","area_acres":4.249183514259578,"county":"Grayson County","watershed":""},"geometry":{"type":"Polygon","coordinates":[[[-81.517386,36.694991],[-81.51798,36.696946],[-81.517763,36.697018],[-81.517499,36.696818],[-81.517621,36.697484],[-81.51737,36.697716],[-81.517209,36.697575],[-81.517183,36.696772],[-81.516783,36.696492],[-81.51636,36.696472],[-81.51605,36.696654],[-81.51596,36.695835],[-81.515615,36.695703],[-81.51589,36.695443],[-81.516158,36.695443],[-81.516243,36.695935],[-81.517246,36.696596],[-81.517468,36.696075],[-81.517386,36.694991]]]}},{"id":"221062","type":"Feature","properties":{"OBJECTID":7,"max_category":0,"label":"cat 0","area_acres":2.4545920610259633,"county":"Grayson County","watershed":""},"geometry":{"type":"Polygon","coordinates":[[[-81.286612,36.631228],[-81.287155,36.631761],[-81.286947,36.632017],[-81.284717,36.632081],[-81.285002,36.631727],[-81.285521,36.631799],[-81.286616,36.631668],[-81.286186,36.631335],[-81.286612,36.631228]]]}},{"id":"221081","type":"Feature","properties":{"OBJECTID":6279,"max_category":0,"label":"cat 0","area_acres":109.59181908385342,"county":"Grayson County","watershed":""},"geometry":{"type":"Polygon","coordinates":[[[-81.26045,36.647369],[-81.260929,36.6492],[-81.261362,36.649385],[-81.26182,36.649378],[-81.262406,36.649014],[-81.262699,36.649088],[-81.262684,36.649259],[-81.262117,36.649646],[-81.261439,36.649605],[-81.261004,36.649342],[-81.261062,36.649637],[-81.261509,36.649766],[-81.262525,36.649693],[-81.263267,36.649328],[-81.263731,36.649261],[-81.264012,36.649516],[-81.262746,36.649854],[-81.26361,36.650004],[-81.264146,36.649883],[-81.264874,36.650091],[-81.265929,36.649825],[-81.266324,36.649957],[-81.266238,36.650167],[-81.265144,36.650419],[-81.263984,36.650331],[-81.264703,36.650614],[-81.265981,36.650675],[-81.26658,36.650552],[-81.266906,36.650746],[-81.266417,36.651022],[-81.266015,36.651035],[-81.266054,36.651254],[-81.265495,36.651045],[-81.264718,36.651],[-81.263882,36.650662],[-81.263943,36.65091],[-81.263768,36.650992],[-81.262704,36.650025],[-81.262143,36.649898],[-81.263013,36.650795],[-81.262889,36.651036],[-81.261301,36.649831],[-81.261049,36.64978],[-81.261091,36.650111],[-81.260795,36.650403],[-81.26074,36.650866],[-81.261448,36.651787],[-81.261811,36.652013],[-81.262523,36.652055],[-81.262954,36.651467],[-81.263245,36.651358],[-81.263341,36.651539],[-81.262823,36.652094],[-81.263172,36.652098],[-81.264159,36.651405],[-81.264189,36.651586],[-81.26355,36.652201],[-81.264582,36.651417],[-81.264815,36.651577],[-81.264126,36.652372],[-81.264347,36.652461],[-81.264819,36.652453],[-81.265747,36.651786],[-81.266204,36.651748],[-81.266232,36.651889],[-81.265386,36.652471],[-81.266479,36.652654],[-81.266577,36.653003],[-81.266925,36.65321],[-81.267192,36.653206],[-81.26764,36.65287],[-81.268161,36.652928],[-81.268013,36.65319],[-81.267004,36.653352],[-81.267798,36.653936],[-81.268402,36.654053],[-81.268857,36.654588],[-81.268615,36.654681],[-81.266197,36.652982],[-81.265501,36.653185],[-81.265137,36.652864],[-81.264744,36.652951],[-81.263936,36.652557],[-81.263456,36.652586],[-81.263041,36.652271],[-81.261887,36.652155],[-81.262072,36.652778],[-81.262766,36.652939],[-81.263626,36.653491],[-81.264942,36.653457],[-81.265342,36.654463],[-81.266196,36.655147],[-81.266476,36.655151],[-81.26725,36.655634],[-81.266852,36.6559],[-81.265629,36.654961],[-81.265748,36.655625],[-81.265628,36.655856],[-81.265448,36.655868],[-81.265302,36.655706],[-81.265341,36.654659],[-81.264637,36.653876],[-81.264394,36.653741],[-81.264146,36.653816],[-81.264071,36.654351],[-81.263851,36.654474],[-81.263697,36.654344],[-81.26368,36.653797],[-81.263435,36.653568],[-81.261958,36.652936],[-81.261735,36.653512],[-81.263183,36.654708],[-81.263767,36.654759],[-81.26399,36.655002],[-81.263305,36.654998],[-81.261741,36.653714],[-81.261491,36.654533],[-81.26238,36.655244],[-81.263113,36.655408],[-81.263558,36.655909],[-81.263963,36.656033],[-81.264626,36.656906],[-81.265495,36.657158],[-81.265552,36.657605],[-81.266645,36.658337],[-81.266623,36.658615],[-81.266343,36.658571],[-81.264381,36.65717],[-81.263908,36.656641],[-81.263659,36.656829],[-81.263471,36.656067],[-81.261394,36.654704],[-81.261311,36.655388],[-81.26164,36.656179],[-81.261937,36.656461],[-81.26271,36.656697],[-81.262624,36.656917],[-81.262002,36.656918],[-81.262018,36.65749],[-81.262341,36.658034],[-81.263358,36.658468],[-81.264688,36.658586],[-81.265127,36.658957],[-81.265608,36.659065],[-81.265502,36.659276],[-81.265224,36.659259],[-81.262414,36.658232],[-81.262734,36.659331],[-81.263266,36.659323],[-81.263763,36.659532],[-81.264758,36.659431],[-81.264939,36.659567],[-81.264851,36.659733],[-81.264171,36.659804],[-81.26321,36.659465],[-81.262745,36.659473],[-81.263109,36.659887],[-81.263335,36.660061],[-81.263772,36.659943],[-81.264943,36.660014],[-81.264883,36.66023],[-81.264148,36.660079],[-81.263516,36.660201],[-81.264136,36.660678],[-81.264935,36.660665],[-81.265215,36.660808],[-81.264731,36.661112],[-81.264188,36.660888],[-81.264766,36.661928],[-81.264789,36.662675],[-81.264548,36.662606],[-81.264207,36.661353],[-81.264229,36.662222],[-81.263964,36.662821],[-81.26381,36.66285],[-81.263721,36.662483],[-81.263972,36.661712],[-81.263947,36.660838],[-81.262553,36.659517],[-81.262221,36.661034],[-81.262333,36.661456],[-81.262007,36.661917],[-81.261901,36.662986],[-81.262938,36.663922],[-81.262911,36.66425],[-81.262256,36.663994],[-81.261733,36.663303],[-81.26171,36.662456],[-81.262439,36.65935],[-81.262274,36.658341],[-81.261843,36.657532],[-81.261851,36.656646],[-81.261568,36.656321],[-81.260236,36.65956],[-81.260498,36.660409],[-81.26019,36.661784],[-81.259424,36.662971],[-81.258859,36.663134],[-81.25849,36.663702],[-81.257888,36.664089],[-81.257603,36.663938],[-81.258698,36.662926],[-81.258159,36.663208],[-81.257287,36.663227],[-81.256967,36.663451],[-81.256657,36.663443],[-81.256624,36.66325],[-81.257224,36.662922],[-81.258432,36.662898],[-81.259389,36.6624],[-81.259815,36.661816],[-81.260035,36.661153],[-81.260101,36.659842],[-81.259527,36.660748],[-81.257721,36.661735],[-81.257002,36.662536],[-81.256817,36.662569],[-81.256696,36.66242],[-81.257055,36.661846],[-81.256596,36.662003],[-81.256447,36.661825],[-81.25818,36.661227],[-81.259435,36.660422],[-81.260027,36.659669],[-81.26047,36.658433],[-81.258124,36.659064],[-81.256273,36.659922],[-81.254628,36.661325],[-81.254778,36.660882],[-81.254493,36.660965],[-81.254448,36.660778],[-81.255783,36.659793],[-81.254941,36.659722],[-81.254814,36.659547],[-81.256425,36.659419],[-81.257037,36.659082],[-81.258387,36.658889],[-81.260483,36.658273],[-81.26113,36.657026],[-81.259411,36.658021],[-81.258472,36.658096],[-81.258045,36.65835],[-81.256636,36.658294],[-81.255384,36.658918],[-81.255199,36.65872],[-81.254696,36.65907],[-81.25387,36.658937],[-81.254204,36.658775],[-81.254701,36.658764],[-81.25514,36.658536],[-81.255191,36.65827],[-81.256139,36.658023],[-81.255903,36.657868],[-81.255173,36.657815],[-81.254994,36.657671],[-81.255186,36.65755],[-81.255768,36.657625],[-81.256285,36.657938],[-81.256502,36.657934],[-81.256474,36.657778],[-81.256684,36.657656],[-81.258058,36.657933],[-81.259347,36.657882],[-81.26114,36.65682],[-81.261424,36.656022],[-81.261092,36.6551],[-81.25993,36.655405],[-81.258986,36.656077],[-81.25753,36.656135],[-81.257048,36.656471],[-81.256074,36.656492],[-81.255554,36.656857],[-81.254662,36.656803],[-81.254697,36.656661],[-81.255595,36.656306],[-81.256727,36.656227],[-81.257455,36.655999],[-81.256622,36.656003],[-81.256303,36.655711],[-81.256528,36.655548],[-81.25718,36.655807],[-81.25905,36.655827],[-81.259845,36.655273],[-81.261086,36.654898],[-81.261471,36.654039],[-81.261804,36.652581],[-81.261654,36.65209],[-81.261291,36.651863],[-81.260761,36.651134],[-81.259866,36.652534],[-81.258152,36.6528],[-81.2578,36.652985],[-81.25783,36.654122],[-81.257662,36.654139],[-81.257534,36.654445],[-81.25739,36.654396],[-81.257426,36.653269],[-81.256869,36.65332],[-81.256323,36.653807],[-81.256247,36.654462],[-81.256077,36.654455],[-81.25588,36.654042],[-81.255441,36.654748],[-81.255097,36.654775],[-81.255219,36.654254],[-81.25632,36.653136],[-81.25424,36.65489],[-81.25377,36.655682],[-81.253602,36.655472],[-81.253862,36.654699],[-81.2548,36.653874],[-81.254445,36.654047],[-81.254073,36.653733],[-81.254761,36.653626],[-81.255088,36.653268],[-81.253749,36.653319],[-81.25352,36.653238],[-81.25349,36.653011],[-81.254051,36.65276],[-81.254979,36.652853],[-81.255142,36.65274],[-81.25725,36.652679],[-81.254623,36.652343],[-81.253438,36.652361],[-81.253428,36.652164],[-81.253808,36.651984],[-81.253224,36.651725],[-81.253296,36.651566],[-81.254048,36.651636],[-81.255439,36.652103],[-81.255456,36.651947],[-81.255761,36.651934],[-81.256917,36.652543],[-81.258652,36.652593],[-81.259772,36.652408],[-81.260636,36.651033],[-81.260588,36.650441],[-81.260915,36.650066],[-81.260834,36.649592],[-81.259739,36.650351],[-81.259035,36.650284],[-81.25673,36.650739],[-81.256494,36.65093],[-81.256121,36.650915],[-81.255496,36.651199],[-81.254641,36.651191],[-81.255468,36.650623],[-81.256631,36.650433],[-81.257413,36.650089],[-81.257956,36.65019],[-81.258501,36.649987],[-81.259941,36.64996],[-81.26083,36.649449],[-81.260434,36.648167],[-81.259797,36.648564],[-81.25954,36.648425],[-81.258893,36.64914],[-81.258494,36.649223],[-81.258104,36.649633],[-81.257358,36.649621],[-81.257553,36.649277],[-81.258675,36.648811],[-81.258863,36.648426],[-81.259215,36.64838],[-81.259595,36.648073],[-81.260364,36.648029],[-81.26045,36.647369]]]}},{"id":"221088","type":"Feature","properties":{"OBJECTID":2616,"max_category":0,"label":"cat 0","area_acres":5.583770384471472,"county":"Grayson County","watershed":""},"geometry":{"type":"Polygon","coordinates":[[[-81.248749,36.627668],[-81.249202,36.627907],[-81.249648,36.62793],[-81.249704,36.628262],[-81.249582,36.628396],[-81.249436,36.628338],[-81.249444,36.628631],[-81.250178,36.629297],[-81.250088,36.630938],[-81.249925,36.631181],[-81.249974,36.632913],[-81.249806,36.633312],[-81.249489,36.632885],[-81.24972,36.632609],[-81.249871,36.629506],[-81.249671,36.629789],[-81.249422,36.629724],[-81.249416,36.629075],[-81.249263,36.628957],[-81.248821,36.629916],[-81.248631,36.629915],[-81.248614,36.62939],[-81.249137,36.628856],[-81.249013,36.628065],[-81.248673,36.627772],[-81.248749,36.627668]],[[-81.249254,36.628171],[-81.249201,36.62847],[-81.249264,36.628519],[-81.249254,36.628171]]]}},{"id":"221112","type":"Feature","properties":{"OBJECTID":3195,"max_category":0,"label":"cat 0","area_acres":1.6099308280016085,"county":"Grayson County","watershed":""},"geometry":{"type":"Polygon","coordinates":[[[-81.533499,36.695375],[-81.533873,36.69581],[-81.533449,36.696747],[-81.533121,36.696898],[-81.533252,36.695712],[-81.533499,36.695375]]]}},{"id":"221121","type":"Feature","properties":{"OBJECTID":2626,"max_category":0,"label":"cat 0","area_acres":1.3353046437247138,"county":"Grayson County","watershed":""},"geometry":{"type":"Polygon","coordinates":[[[-81.255155,36.630023],[-81.255198,36.630157],[-81.254535,36.6303],[-81.253782,36.631244],[-81.253386,36.6313],[-81.253449,36.630841],[-81.253947,36.630787],[-81.2545,36.630127],[-81.255155,36.630023]]]}},{"id":"221136","type":"Feature","properties":{"OBJECTID":442,"max_category":0,"label":"cat 0","area_acres":0.7812504692827246,"county":"Grayson County","watershed":""},"geometry":{"type":"Polygon","coordinates":[[[-81.304163,36.618155],[-81.304512,36.618421],[-81.305121,36.618274],[-81.305278,36.618389],[-81.304635,36.618781],[-81.304056,36.618264],[-81.304163,36.618155]]]}},{"id":"221155","type":"Feature","properties":{"OBJECTID":449,"max_category":0,"label":"cat 0","area_acres":0.6215954839047663,"county":"Grayson County","watershed":""},"geometry":{"type":"Polygon","coordinates":[[[-81.305127,36.611407],[-81.305719,36.611753],[-81.30571,36.612018],[-81.305137,36.611796],[-81.304939,36.611482],[-81.305127,36.611407]]]}},{"id":"221164","type":"Feature","properties":{"OBJECTID":367,"max_category":0,"label":"cat 0","area_acres":6.48925246393061,"county":"Grayson County","watershed":""},"geometry":{"type":"Polygon","coordinates":[[[-81.243559,36.626087],[-81.243645,36.626179],[-81.243355,36.626599],[-81.243794,36.62891],[-81.243416,36.62998],[-81.243458,36.630441],[-81.243256,36.630901],[-81.243005,36.631046],[-81.24288,36.630567],[-81.242623,36.630579],[-81.24257,36.630457],[-81.243294,36.62954],[-81.243442,36.62874],[-81.243339,36.627261],[-81.24333,36.628209],[-81.243102,36.628503],[-81.24278,36.629842],[-81.242556,36.629914],[-81.242547,36.629618],[-81.242331,36.629708],[-81.242238,36.629524],[-81.242735,36.62861],[-81.243122,36.628252],[-81.243178,36.626536],[-81.243559,36.626087]]]}},{"id":"221204","type":"Feature","properties":{"OBJECTID":16,"max_category":0,"label":"cat 0","area_acres":2.6543070051539326,"county":"Grayson County","watershed":""},"geometry":{"type":"Polygon","coordinates":[[[-81.282747,36.635503],[-81.283034,36.635698],[-81.283028,36.635863],[-81.282156,36.636206],[-81.281107,36.637063],[-81.280656,36.637669],[-81.279882,36.638321],[-81.279634,36.63835],[-81.281911,36.636009],[-81.282455,36.635523],[-81.282747,36.635503]]]}},{"id":"221212","type":"Feature","properties":{"OBJECTID":594,"max_category":0,"label":"cat 0","area_acres":3.3861875735140328,"county":"Grayson County","watershed":""},"geometry":{"type":"Polygon","coordinates":[[[-81.289376,36.630133],[-81.290207,36.631315],[-81.290588,36.632487],[-81.291477,36.632752],[-81.291404,36.63293],[-81.290734,36.632805],[-81.291508,36.633823],[-81.291324,36.634082],[-81.290694,36.633884],[-81.29022,36.631757],[-81.289263,36.630234],[-81.289376,36.630133]]]}},{"id":"221220","type":"Feature","properties":{"OBJECTID":513,"max_category":0,"label":"cat 0","area_acres":1.128289474552619,"county":"Grayson County","watershed":""},"geometry":{"type":"Polygon","coordinates":[[[-81.29196,36.620416],[-81.292017,36.620646],[-81.291738,36.621033],[-81.29088,36.621613],[-81.290674,36.621581],[-81.29059,36.621317],[-81.291295,36.621087],[-81.29196,36.620416]]]}},{"id":"221223","type":"Feature","properties":{"OBJECTID":34,"max_category":0,"label":"cat 0","area_acres":1.7583891007443966,"county":"Grayson County","watershed":""},"geometry":{"type":"Polygon","coordinates":[[[-81.261473,36.638917],[-81.262498,36.639087],[-81.262421,36.639288],[-81.261696,36.639248],[-81.26279,36.639902],[-81.26286,36.640115],[-81.262519,36.64013],[-81.26163,36.639609],[-81.261473,36.638917]]]}},{"id":"221226","type":"Feature","properties":{"OBJECTID":362,"max_category":0,"label":"cat 0","area_acres":5.635254370212749,"county":"Grayson County","watershed":""},"geometry":{"type":"Polygon","coordinates":[[[-81.252632,36.628778],[-81.252635,36.630617],[-81.252373,36.630971],[-81.252345,36.631496],[-81.252029,36.631541],[-81.251654,36.631942],[-81.25151,36.631911],[-81.250956,36.6327],[-81.25081,36.632599],[-81.250421,36.632745],[-81.250316,36.632556],[-81.252426,36.630664],[-81.25243,36.629622],[-81.25194,36.630128],[-81.25186,36.630925],[-81.251527,36.630993],[-81.251571,36.63056],[-81.251221,36.63065],[-81.250876,36.631204],[-81.250606,36.631061],[-81.250597,36.63075],[-81.25216,36.629707],[-81.252632,36.628778]]]}},{"id":"221234","type":"Feature","properties":{"OBJECTID":597,"max_category":0,"label":"cat 0","area_acres":1.1959445078987772,"county":"Grayson County","watershed":""},"geometry":{"type":"Polygon","coordinates":[[[-81.274206,36.632419],[-81.274312,36.632591],[-81.273467,36.633303],[-81.273186,36.63336],[-81.27352,36.632968],[-81.273458,36.63243],[-81.274206,36.632419]]]}},{"id":"221259","type":"Feature","properties":{"OBJECTID":5007,"max_category":0,"label":"cat 0","area_acres":3.4148112891740707,"county":"Grayson County","watershed":""},"geometry":{"type":"Polygon","coordinates":[[[-81.524573,36.679161],[-81.526636,36.679148],[-81.527164,36.679408],[-81.528147,36.679388],[-81.528456,36.679193],[-81.528755,36.67921],[-81.529545,36.678544],[-81.529815,36.678591],[-81.529818,36.679107],[-81.529058,36.67951],[-81.527155,36.679578],[-81.526575,36.679288],[-81.525858,36.679248],[-81.524637,36.6793],[-81.524524,36.679507],[-81.524383,36.679472],[-81.524573,36.679161]]]}},{"id":"221301","type":"Feature","properties":{"OBJECTID":599,"max_category":0,"label":"cat 0","area_acres":4.435662134776578,"county":"Grayson County","watershed":""},"geometry":{"type":"Polygon","coordinates":[[[-81.279544,36.629574],[-81.279736,36.629774],[-81.279139,36.630177],[-81.279118,36.630654],[-81.279782,36.630339],[-81.279964,36.630452],[-81.279852,36.630727],[-81.279228,36.631279],[-81.27805,36.631447],[-81.277409,36.631884],[-81.277616,36.630159],[-81.277832,36.630073],[-81.278014,36.630191],[-81.277712,36.631539],[-81.277864,36.631271],[-81.278172,36.631179],[-81.27828,36.630841],[-81.27851,36.630937],[-81.278435,36.631297],[-81.278851,36.631084],[-81.278967,36.630123],[-81.279207,36.629632],[-81.279544,36.629574]]]}},{"id":"221304","type":"Feature","properties":{"OBJECTID":3294,"max_category":0,"label":"cat 0","area_acres":0.5979487645176584,"county":"Grayson County","watershed":""},"geometry":{"type":"Polygon","coordinates":[[[-81.523999,36.6959],[-81.524157,36.695963],[-81.524093,36.696535],[-81.52362,36.696423],[-81.523999,36.6959]]]}},{"id":"221321","type":"Feature","properties":{"OBJECTID":6172,"max_category":0,"label":"cat 0","area_acres":3.7701235513754314,"county":"Grayson County","watershed":""},"geometry":{"type":"Polygon","coordinates":[[[-81.259165,36.641706],[-81.259293,36.641885],[-81.259189,36.64305],[-81.258939,36.643535],[-81.258315,36.644],[-81.257802,36.644017],[-81.256335,36.645107],[-81.256217,36.644952],[-81.255546,36.644916],[-81.255628,36.644747],[-81.256123,36.644621],[-81.256858,36.644605],[-81.257018,36.64447],[-81.256843,36.644284],[-81.257483,36.644022],[-81.257365,36.643866],[-81.257498,36.643729],[-81.258784,36.643403],[-81.259011,36.643014],[-81.258986,36.642101],[-81.259165,36.641706]]]}},{"id":"221332","type":"Feature","properties":{"OBJECTID":5006,"max_category":0,"label":"cat 0","area_acres":3.549141359736163,"county":"Grayson County","watershed":""},"geometry":{"type":"Polygon","coordinates":[[[-81.504573,36.682314],[-81.505015,36.682825],[-81.505058,36.684076],[-81.505338,36.684315],[-81.505435,36.687427],[-81.505223,36.687635],[-81.505092,36.687567],[-81.505257,36.687396],[-81.505176,36.684792],[-81.505095,36.684409],[-81.504642,36.684046],[-81.504608,36.682991],[-81.504358,36.682637],[-81.504573,36.682314]]]}},{"id":"221340","type":"Feature","properties":{"OBJECTID":3310,"max_category":0,"label":"cat 0","area_acres":2.393530214835885,"county":"Grayson County","watershed":""},"geometry":{"type":"Polygon","coordinates":[[[-81.527406,36.691462],[-81.527508,36.691886],[-81.527952,36.692283],[-81.528081,36.692754],[-81.529001,36.694001],[-81.52886,36.694289],[-81.528487,36.694199],[-81.528182,36.69377],[-81.527789,36.692352],[-81.527335,36.691938],[-81.527218,36.691528],[-81.527406,36.691462]]]}},{"id":"221367","type":"Feature","properties":{"OBJECTID":32,"max_category":0,"label":"cat 0","area_acres":12.234600381569587,"county":"Grayson County","watershed":""},"geometry":{"type":"Polygon","coordinates":[[[-81.248481,36.627837],[-81.248717,36.628275],[-81.248168,36.62929],[-81.248209,36.62956],[-81.248489,36.629799],[-81.248288,36.631128],[-81.248439,36.632982],[-81.248014,36.633231],[-81.247881,36.631459],[-81.248175,36.631016],[-81.248277,36.629809],[-81.247523,36.63062],[-81.247369,36.631199],[-81.247255,36.631998],[-81.247398,36.633669],[-81.24711,36.633691],[-81.246983,36.633226],[-81.246943,36.633525],[-81.246481,36.633865],[-81.246417,36.633688],[-81.246902,36.633017],[-81.246893,36.632668],[-81.246677,36.632954],[-81.246458,36.632803],[-81.246502,36.632051],[-81.246999,36.631615],[-81.246993,36.631405],[-81.246616,36.631613],[-81.246451,36.631448],[-81.246914,36.631012],[-81.246908,36.630634],[-81.247362,36.629921],[-81.247344,36.629816],[-81.246945,36.629958],[-81.246749,36.629872],[-81.247412,36.629411],[-81.247214,36.629305],[-81.247247,36.629104],[-81.248139,36.628517],[-81.248298,36.627857],[-81.248481,36.627837]],[[-81.248246,36.628662],[-81.247786,36.62905],[-81.247804,36.629699],[-81.248185,36.628928],[-81.248246,36.628662]],[[-81.248488,36.628065],[-81.24831,36.628299],[-81.248316,36.628508],[-81.24854,36.628235],[-81.248488,36.628065]]]}},{"id":"221375","type":"Feature","properties":{"OBJECTID":37,"max_category":0,"label":"cat 0","area_acres":16.855650908273827,"county":"Grayson County","watershed":""},"geometry":{"type":"Polygon","coordinates":[[[-81.255573,36.631581],[-81.255573,36.632226],[-81.256138,36.63175],[-81.25628,36.63179],[-81.255736,36.632295],[-81.255844,36.632511],[-81.253163,36.63483],[-81.253172,36.635128],[-81.253584,36.635558],[-81.253584,36.635766],[-81.253429,36.635909],[-81.253129,36.635853],[-81.253173,36.635407],[-81.252991,36.635003],[-81.252765,36.635194],[-81.252539,36.636197],[-81.251755,36.636861],[-81.251311,36.637628],[-81.250792,36.637815],[-81.250879,36.637059],[-81.251525,36.636764],[-81.252406,36.636021],[-81.252604,36.635124],[-81.255677,36.632447],[-81.255543,36.632261],[-81.255363,36.632637],[-81.252097,36.635392],[-81.250955,36.636007],[-81.250084,36.635942],[-81.249983,36.635801],[-81.250427,36.635631],[-81.251272,36.635615],[-81.251441,36.635292],[-81.25206,36.635216],[-81.253918,36.633649],[-81.252663,36.634544],[-81.252116,36.634589],[-81.251757,36.634842],[-81.251384,36.634711],[-81.250658,36.634835],[-81.250338,36.635087],[-81.249863,36.635053],[-81.249874,36.634896],[-81.250422,36.63451],[-81.250056,36.634507],[-81.249918,36.634271],[-81.251526,36.634347],[-81.25302,36.634182],[-81.254549,36.633061],[-81.253948,36.633072],[-81.253357,36.633549],[-81.252096,36.63357],[-81.252011,36.633318],[-81.252853,36.633251],[-81.252853,36.633087],[-81.253234,36.632821],[-81.252898,36.63269],[-81.253181,36.632537],[-81.254304,36.632593],[-81.254707,36.632261],[-81.255317,36.632245],[-81.255573,36.631581]],[[-81.255238,36.632444],[-81.254783,36.632452],[-81.254369,36.632787],[-81.253872,36.632799],[-81.25328,36.633298],[-81.253884,36.632933],[-81.25479,36.632914],[-81.255238,36.632444]]]}},{"id":"221380","type":"Feature","properties":{"OBJECTID":601,"max_category":0,"label":"cat 0","area_acres":3.011682203448435,"county":"Grayson County","watershed":""},"geometry":{"type":"Polygon","coordinates":[[[-81.279878,36.635309],[-81.280037,36.6354],[-81.279908,36.635639],[-81.280315,36.635468],[-81.280319,36.635768],[-81.280989,36.635618],[-81.281061,36.635833],[-81.280414,36.636122],[-81.280413,36.636344],[-81.279919,36.636136],[-81.279332,36.636368],[-81.278638,36.637291],[-81.278353,36.637336],[-81.279599,36.635796],[-81.279671,36.635399],[-81.279878,36.635309]]]}},{"id":"221394","type":"Feature","properties":{"OBJECTID":581,"max_category":0,"label":"cat 0","area_acres":1.2260944348796596,"county":"Grayson County","watershed":""},"geometry":{"type":"Polygon","coordinates":[[[-81.309838,36.610522],[-81.310299,36.610851],[-81.310209,36.61103],[-81.309546,36.610917],[-81.308907,36.611336],[-81.30856,36.611289],[-81.309383,36.610807],[-81.309482,36.610513],[-81.309838,36.610522]]]}},{"id":"221397","type":"Feature","properties":{"OBJECTID":3327,"max_category":0,"label":"cat 0","area_acres":6.655628443184947,"county":"Grayson County","watershed":""},"geometry":{"type":"Polygon","coordinates":[[[-81.521618,36.696141],[-81.521744,36.696242],[-81.521581,36.69668],[-81.520998,36.697459],[-81.521308,36.697706],[-81.521691,36.698874],[-81.522142,36.699205],[-81.522104,36.700149],[-81.521895,36.700419],[-81.521671,36.700336],[-81.521696,36.699262],[-81.521026,36.698417],[-81.520821,36.69747],[-81.519862,36.697693],[-81.519483,36.698098],[-81.519476,36.698946],[-81.52021,36.70065],[-81.520005,36.700874],[-81.5198,36.700691],[-81.519448,36.699366],[-81.518957,36.69889],[-81.519121,36.698706],[-81.519171,36.698057],[-81.51971,36.69759],[-81.5208,36.697311],[-81.521376,36.696682],[-81.521618,36.696141]]]}},{"id":"221399","type":"Feature","properties":{"OBJECTID":572,"max_category":0,"label":"cat 0","area_acres":0.7639835282749998,"county":"Grayson County","watershed":""},"geometry":{"type":"Polygon","coordinates":[[[-81.302449,36.618984],[-81.303492,36.619624],[-81.303416,36.619918],[-81.303127,36.619835],[-81.302454,36.619156],[-81.302282,36.619184],[-81.302449,36.618984]]]}},{"id":"221422","type":"Feature","properties":{"OBJECTID":426,"max_category":0,"label":"cat 0","area_acres":0.3514115024874591,"county":"Grayson County","watershed":""},"geometry":{"type":"Polygon","coordinates":[[[-81.288686,36.631025],[-81.288979,36.631256],[-81.288902,36.631433],[-81.288509,36.631292],[-81.288686,36.631025]]]}},{"id":"221423","type":"Feature","properties":{"OBJECTID":423,"max_category":0,"label":"cat 0","area_acres":1.768274721340099,"county":"Grayson County","watershed":""},"geometry":{"type":"Polygon","coordinates":[[[-81.277293,36.627116],[-81.277859,36.627025],[-81.277928,36.627249],[-81.276917,36.627676],[-81.275168,36.627875],[-81.274534,36.627778],[-81.276621,36.62754],[-81.277293,36.627116]]]}},{"id":"221446","type":"Feature","properties":{"OBJECTID":568,"max_category":0,"label":"cat 0","area_acres":1.195693141735977,"county":"Grayson County","watershed":""},"geometry":{"type":"Polygon","coordinates":[[[-81.280141,36.609867],[-81.280204,36.610258],[-81.279882,36.610824],[-81.280063,36.611277],[-81.27956,36.611776],[-81.279487,36.611415],[-81.280141,36.609867]]]}},{"id":"221487","type":"Feature","properties":{"OBJECTID":3198,"max_category":0,"label":"cat 0","area_acres":3.645176000534241,"county":"Grayson County","watershed":""},"geometry":{"type":"Polygon","coordinates":[[[-81.532693,36.694678],[-81.532877,36.694769],[-81.533036,36.695218],[-81.532742,36.695602],[-81.532429,36.69705],[-81.530566,36.697102],[-81.53059,36.696909],[-81.530933,36.696844],[-81.531134,36.696275],[-81.531299,36.696343],[-81.531171,36.696961],[-81.532266,36.696939],[-81.532147,36.695268],[-81.532693,36.694678]]]}},{"id":"221516","type":"Feature","properties":{"OBJECTID":3306,"max_category":0,"label":"cat 0","area_acres":1.6667406360303159,"county":"Grayson County","watershed":""},"geometry":{"type":"Polygon","coordinates":[[[-81.541182,36.69728],[-81.541901,36.697238],[-81.541643,36.698034],[-81.541155,36.69859],[-81.540384,36.698718],[-81.54039,36.69859],[-81.541081,36.698447],[-81.541273,36.698059],[-81.541182,36.69728]]]}},{"id":"221530","type":"Feature","properties":{"OBJECTID":2649,"max_category":0,"label":"cat 0","area_acres":1.3864520080663998,"county":"Grayson County","watershed":""},"geometry":{"type":"Polygon","coordinates":[[[-81.268869,36.622079],[-81.270785,36.622264],[-81.271606,36.622057],[-81.271826,36.622325],[-81.270855,36.622433],[-81.270338,36.622305],[-81.269137,36.622327],[-81.268703,36.622201],[-81.268869,36.622079]]]}},{"id":"221551","type":"Feature","properties":{"OBJECTID":5975,"max_category":0,"label":"cat 0","area_acres":7.638084370993684,"county":"Grayson County","watershed":""},"geometry":{"type":"Polygon","coordinates":[[[-81.288037,36.638124],[-81.288016,36.6384],[-81.287265,36.639036],[-81.287382,36.639622],[-81.287074,36.6399],[-81.287705,36.639723],[-81.28822,36.639289],[-81.288266,36.639054],[-81.288683,36.638786],[-81.288843,36.638258],[-81.289382,36.638328],[-81.289529,36.63858],[-81.288735,36.639201],[-81.288444,36.639755],[-81.287943,36.639997],[-81.286801,36.64013],[-81.285816,36.640794],[-81.285494,36.641318],[-81.28471,36.641693],[-81.284698,36.641558],[-81.285395,36.641195],[-81.285658,36.64072],[-81.286903,36.639725],[-81.286842,36.638758],[-81.287132,36.638183],[-81.287102,36.637702],[-81.287659,36.637649],[-81.2875,36.638354],[-81.288037,36.638124]]]}},{"id":"221564","type":"Feature","properties":{"OBJECTID":3221,"max_category":0,"label":"cat 0","area_acres":2.59152512345932,"county":"Grayson County","watershed":""},"geometry":{"type":"Polygon","coordinates":[[[-81.52142,36.688755],[-81.522022,36.688933],[-81.521929,36.68905],[-81.520887,36.689074],[-81.520343,36.689675],[-81.520315,36.689877],[-81.52143,36.6898],[-81.521478,36.689981],[-81.52017,36.69016],[-81.519646,36.690601],[-81.519023,36.690705],[-81.519072,36.690491],[-81.519561,36.690469],[-81.519843,36.69023],[-81.520274,36.689387],[-81.520891,36.688863],[-81.52142,36.688755]]]}},{"id":"221569","type":"Feature","properties":{"OBJECTID":35,"max_category":0,"label":"cat 0","area_acres":18.4762129707746,"county":"Grayson County","watershed":""},"geometry":{"type":"Polygon","coordinates":[[[-81.257632,36.638108],[-81.257762,36.638379],[-81.257378,36.63923],[-81.257451,36.639579],[-81.256958,36.640062],[-81.256859,36.640505],[-81.256374,36.641117],[-81.256258,36.641692],[-81.255977,36.641662],[-81.256098,36.641209],[-81.255299,36.641853],[-81.25509,36.641747],[-81.255206,36.641305],[-81.256657,36.640503],[-81.256781,36.640025],[-81.255749,36.640126],[-81.25527,36.640642],[-81.255102,36.64126],[-81.2547,36.641539],[-81.254536,36.641349],[-81.254939,36.640745],[-81.254634,36.64064],[-81.254694,36.640502],[-81.254053,36.641021],[-81.253458,36.641859],[-81.253148,36.64176],[-81.253381,36.641363],[-81.252697,36.641823],[-81.252387,36.641811],[-81.252379,36.641666],[-81.252956,36.641178],[-81.254012,36.640625],[-81.253174,36.640695],[-81.25203,36.64132],[-81.251839,36.64112],[-81.252214,36.640823],[-81.25187,36.640819],[-81.251809,36.640656],[-81.253143,36.64028],[-81.254012,36.64029],[-81.253892,36.640116],[-81.254133,36.640041],[-81.251461,36.640065],[-81.251391,36.639814],[-81.251584,36.639638],[-81.25409,36.639629],[-81.254456,36.639326],[-81.254051,36.639305],[-81.254001,36.639153],[-81.254182,36.63905],[-81.255017,36.639037],[-81.255661,36.639435],[-81.256988,36.639521],[-81.257203,36.639339],[-81.257632,36.638108]],[[-81.256045,36.63995],[-81.255812,36.639933],[-81.255752,36.639983],[-81.256045,36.63995]],[[-81.255628,36.639881],[-81.254318,36.639905],[-81.254555,36.640087],[-81.2554,36.640045],[-81.255628,36.639881]],[[-81.257124,36.639744],[-81.256352,36.639758],[-81.256316,36.639781],[-81.256962,36.639824],[-81.257124,36.639744]],[[-81.255255,36.639635],[-81.254778,36.63954],[-81.254403,36.639651],[-81.255255,36.639635]]]}},{"id":"221582","type":"Feature","properties":{"OBJECTID":3219,"max_category":0,"label":"cat 0","area_acres":0.4221776211305975,"county":"Grayson County","watershed":""},"geometry":{"type":"Polygon","coordinates":[[[-81.517307,36.689224],[-81.517508,36.689548],[-81.517242,36.689697],[-81.516987,36.68943],[-81.517307,36.689224]]]}},{"id":"221585","type":"Feature","properties":{"OBJECTID":3295,"max_category":0,"label":"cat 0","area_acres":3.825120555283574,"county":"Grayson County","watershed":""},"geometry":{"type":"Polygon","coordinates":[[[-81.524686,36.696689],[-81.525066,36.696705],[-81.525118,36.69772],[-81.525471,36.698683],[-81.525372,36.699855],[-81.525865,36.700374],[-81.525596,36.700734],[-81.525393,36.700724],[-81.525077,36.700409],[-81.525159,36.698724],[-81.524692,36.697962],[-81.524686,36.696689]]]}},{"id":"221640","type":"Feature","properties":{"OBJECTID":5004,"max_category":0,"label":"cat 0","area_acres":3.598465720206144,"county":"Grayson County","watershed":""},"geometry":{"type":"Polygon","coordinates":[[[-81.523462,36.68196],[-81.525381,36.682091],[-81.525453,36.682269],[-81.523555,36.682284],[-81.523994,36.682714],[-81.52541,36.682727],[-81.52541,36.682871],[-81.525011,36.682957],[-81.525824,36.683419],[-81.525691,36.683613],[-81.524748,36.683006],[-81.522981,36.682527],[-81.523379,36.682329],[-81.523462,36.68196]]]}},{"id":"221675","type":"Feature","properties":{"OBJECTID":3289,"max_category":0,"label":"cat 0","area_acres":2.3426222550594202,"county":"Grayson County","watershed":""},"geometry":{"type":"Polygon","coordinates":[[[-81.522836,36.682848],[-81.52443,36.683825],[-81.524506,36.684062],[-81.524113,36.683993],[-81.52386,36.684116],[-81.522813,36.683266],[-81.52231,36.683283],[-81.522404,36.683015],[-81.522836,36.682848]]]}},{"id":"221686","type":"Feature","properties":{"OBJECTID":6163,"max_category":0,"label":"cat 0","area_acres":21.436054166482037,"county":"Grayson County","watershed":""},"geometry":{"type":"Polygon","coordinates":[[[-81.26756,36.640838],[-81.267683,36.642031],[-81.268834,36.642969],[-81.268741,36.643166],[-81.268566,36.643175],[-81.267554,36.642318],[-81.267909,36.642844],[-81.267829,36.643594],[-81.26867,36.644107],[-81.269467,36.644862],[-81.269131,36.644898],[-81.267947,36.644151],[-81.267962,36.644663],[-81.268345,36.645028],[-81.268255,36.645442],[-81.268438,36.645906],[-81.268283,36.646069],[-81.26782,36.645684],[-81.267788,36.644778],[-81.267375,36.645598],[-81.267501,36.647645],[-81.267308,36.64777],[-81.267012,36.647461],[-81.267203,36.645803],[-81.267089,36.645391],[-81.267646,36.644586],[-81.267563,36.642861],[-81.26743,36.642724],[-81.267439,36.643214],[-81.267114,36.643611],[-81.267007,36.644756],[-81.266778,36.64499],[-81.266759,36.64564],[-81.266456,36.645642],[-81.266476,36.646409],[-81.266182,36.646717],[-81.265864,36.646636],[-81.266256,36.646068],[-81.266247,36.645728],[-81.266005,36.645566],[-81.2663,36.645215],[-81.266229,36.644949],[-81.266458,36.644745],[-81.266869,36.643621],[-81.266073,36.644179],[-81.265698,36.644882],[-81.265503,36.644697],[-81.265559,36.644326],[-81.265115,36.644236],[-81.266712,36.64349],[-81.267261,36.643028],[-81.267246,36.642516],[-81.266734,36.643145],[-81.26595,36.643635],[-81.265699,36.643624],[-81.265312,36.643877],[-81.265067,36.643784],[-81.265259,36.64348],[-81.266013,36.643096],[-81.265717,36.643105],[-81.265822,36.64292],[-81.266823,36.642582],[-81.267173,36.642315],[-81.267199,36.64205],[-81.266482,36.642506],[-81.265886,36.642547],[-81.26609,36.642248],[-81.266976,36.641975],[-81.267258,36.641737],[-81.267286,36.641499],[-81.266786,36.641762],[-81.266563,36.641631],[-81.265246,36.642656],[-81.265033,36.642599],[-81.266561,36.641313],[-81.267227,36.641201],[-81.26756,36.640838]]]}},{"id":"221687","type":"Feature","properties":{"OBJECTID":3296,"max_category":0,"label":"cat 0","area_acres":3.6985990513727955,"county":"Grayson County","watershed":""},"geometry":{"type":"Polygon","coordinates":[[[-81.523235,36.696547],[-81.523596,36.696827],[-81.523758,36.697345],[-81.523672,36.698006],[-81.523345,36.698322],[-81.523377,36.699333],[-81.523902,36.699759],[-81.52368,36.700746],[-81.523411,36.700607],[-81.523521,36.699774],[-81.523067,36.699456],[-81.523032,36.698285],[-81.523389,36.697771],[-81.523324,36.696784],[-81.52291,36.696621],[-81.523235,36.696547]]]}},{"id":"221715","type":"Feature","properties":{"OBJECTID":6164,"max_category":0,"label":"cat 0","area_acres":2.2304494903655665,"county":"Grayson County","watershed":""},"geometry":{"type":"Polygon","coordinates":[[[-81.273351,36.639495],[-81.273587,36.640426],[-81.271599,36.641908],[-81.271443,36.642265],[-81.2712,36.642302],[-81.27109,36.64197],[-81.271607,36.641498],[-81.272874,36.640822],[-81.273423,36.640359],[-81.273351,36.639495]]]}},{"id":"221722","type":"Feature","properties":{"OBJECTID":6169,"max_category":0,"label":"cat 0","area_acres":0.7343195087851275,"county":"Grayson County","watershed":""},"geometry":{"type":"Polygon","coordinates":[[[-81.258067,36.640215],[-81.258189,36.640363],[-81.257813,36.640802],[-81.257419,36.640905],[-81.257324,36.640559],[-81.258067,36.640215]]]}},{"id":"221728","type":"Feature","properties":{"OBJECTID":422,"max_category":0,"label":"cat 0","area_acres":2.0666568981587377,"county":"Grayson County","watershed":""},"geometry":{"type":"Polygon","coordinates":[[[-81.272035,36.625565],[-81.272267,36.626071],[-81.271677,36.626661],[-81.271448,36.627499],[-81.271073,36.627697],[-81.271349,36.627322],[-81.271321,36.626116],[-81.271474,36.626015],[-81.27164,36.626121],[-81.271858,36.625631],[-81.272035,36.625565]]]}},{"id":"221736","type":"Feature","properties":{"OBJECTID":3199,"max_category":0,"label":"cat 0","area_acres":3.8843061682630378,"county":"Grayson County","watershed":""},"geometry":{"type":"Polygon","coordinates":[[[-81.531198,36.694873],[-81.531324,36.694969],[-81.531215,36.695231],[-81.530557,36.695604],[-81.530392,36.695872],[-81.530902,36.69576],[-81.531003,36.695973],[-81.530253,36.696189],[-81.530077,36.696812],[-81.529852,36.696874],[-81.530142,36.695529],[-81.530023,36.694982],[-81.530257,36.69488],[-81.530545,36.694129],[-81.53103,36.694311],[-81.53065,36.695251],[-81.531198,36.694873]]]}},{"id":"221754","type":"Feature","properties":{"OBJECTID":5918,"max_category":0,"label":"cat 0","area_acres":1.6705952911093918,"county":"Grayson County","watershed":""},"geometry":{"type":"Polygon","coordinates":[[[-81.271717,36.63958],[-81.271813,36.639851],[-81.271521,36.640371],[-81.271598,36.64083],[-81.270861,36.64163],[-81.270729,36.64151],[-81.270823,36.641046],[-81.271283,36.640619],[-81.271717,36.63958]]]}},{"id":"221787","type":"Feature","properties":{"OBJECTID":576,"max_category":0,"label":"cat 0","area_acres":2.2011081166557642,"county":"Grayson County","watershed":""},"geometry":{"type":"Polygon","coordinates":[[[-81.272389,36.614048],[-81.272618,36.614239],[-81.271955,36.614844],[-81.272142,36.615411],[-81.27204,36.615542],[-81.271602,36.614629],[-81.271672,36.613432],[-81.271958,36.613238],[-81.27222,36.61339],[-81.271765,36.614133],[-81.271806,36.614617],[-81.272389,36.614048]]]}},{"id":"221795","type":"Feature","properties":{"OBJECTID":6167,"max_category":0,"label":"cat 0","area_acres":2.270282399132771,"county":"Grayson County","watershed":""},"geometry":{"type":"Polygon","coordinates":[[[-81.261519,36.640564],[-81.261633,36.640864],[-81.262648,36.640904],[-81.262833,36.641172],[-81.263475,36.64137],[-81.26361,36.641494],[-81.263415,36.641699],[-81.263568,36.641964],[-81.263351,36.64198],[-81.262875,36.641588],[-81.261541,36.640991],[-81.261519,36.640564]]]}},{"id":"221814","type":"Feature","properties":{"OBJECTID":42,"max_category":0,"label":"cat 0","area_acres":8.365022593128222,"county":"Grayson County","watershed":""},"geometry":{"type":"Polygon","coordinates":[[[-81.25417,36.636194],[-81.255074,36.636727],[-81.258011,36.636646],[-81.258162,36.636952],[-81.255359,36.637194],[-81.255001,36.637667],[-81.254746,36.637582],[-81.254691,36.637252],[-81.253955,36.637823],[-81.253765,36.637768],[-81.25375,36.637596],[-81.254179,36.637216],[-81.253707,36.637267],[-81.252903,36.637814],[-81.25266,36.637758],[-81.252833,36.637378],[-81.252438,36.637627],[-81.2522,36.637612],[-81.2522,36.637459],[-81.252691,36.637182],[-81.252694,36.636856],[-81.254973,36.636866],[-81.253979,36.636646],[-81.253918,36.636274],[-81.25417,36.636194]],[[-81.25795,36.636811],[-81.256712,36.636812],[-81.256676,36.636835],[-81.25795,36.636811]]]}},{"id":"221817","type":"Feature","properties":{"OBJECTID":3348,"max_category":0,"label":"cat 0","area_acres":2.2926829081381457,"county":"Grayson County","watershed":""},"geometry":{"type":"Polygon","coordinates":[[[-81.529693,36.696909],[-81.529889,36.6971],[-81.529854,36.697512],[-81.527774,36.69922],[-81.527555,36.700133],[-81.52719,36.700223],[-81.527151,36.69974],[-81.528582,36.698272],[-81.52969,36.697446],[-81.529693,36.696909]]]}},{"id":"221819","type":"Feature","properties":{"OBJECTID":3194,"max_category":0,"label":"cat 0","area_acres":1.5796206776044348,"county":"Grayson County","watershed":""},"geometry":{"type":"Polygon","coordinates":[[[-81.531345,36.689816],[-81.532286,36.691974],[-81.531874,36.692172],[-81.53174,36.692118],[-81.531709,36.6912],[-81.531263,36.690008],[-81.531345,36.689816]]]}},{"id":"221825","type":"Feature","properties":{"OBJECTID":3308,"max_category":0,"label":"cat 0","area_acres":0.7632297224230148,"county":"Grayson County","watershed":""},"geometry":{"type":"Polygon","coordinates":[[[-81.535115,36.697924],[-81.535312,36.69812],[-81.535335,36.698916],[-81.534819,36.699005],[-81.534727,36.698874],[-81.535148,36.698515],[-81.535115,36.697924]]]}},{"id":"221843","type":"Feature","properties":{"OBJECTID":3290,"max_category":0,"label":"cat 0","area_acres":2.8778360795958844,"county":"Grayson County","watershed":""},"geometry":{"type":"Polygon","coordinates":[[[-81.527609,36.691403],[-81.528465,36.691815],[-81.530399,36.693375],[-81.530563,36.693575],[-81.53051,36.693914],[-81.530221,36.693865],[-81.528951,36.692813],[-81.528778,36.692332],[-81.527516,36.691527],[-81.527609,36.691403]]]}},{"id":"221853","type":"Feature","properties":{"OBJECTID":6173,"max_category":0,"label":"cat 0","area_acres":1.2494599482645712,"county":"Grayson County","watershed":""},"geometry":{"type":"Polygon","coordinates":[[[-81.259698,36.643674],[-81.259772,36.643788],[-81.258882,36.644591],[-81.257989,36.644617],[-81.257558,36.644948],[-81.25727,36.644897],[-81.257615,36.64454],[-81.258797,36.64446],[-81.259698,36.643674]]]}},{"id":"221860","type":"Feature","properties":{"OBJECTID":12,"max_category":0,"label":"cat 0","area_acres":5.114016248173432,"county":"Grayson County","watershed":""},"geometry":{"type":"Polygon","coordinates":[[[-81.287418,36.633164],[-81.287646,36.633377],[-81.287697,36.633887],[-81.288386,36.634192],[-81.288253,36.634388],[-81.287703,36.634089],[-81.288087,36.635583],[-81.288569,36.636173],[-81.289062,36.636377],[-81.288656,36.636469],[-81.28875,36.637367],[-81.288549,36.637542],[-81.288375,36.637435],[-81.2881,36.637549],[-81.287967,36.637423],[-81.288286,36.636843],[-81.288159,36.63597],[-81.287588,36.635074],[-81.287316,36.635036],[-81.287275,36.633645],[-81.287418,36.633164]],[[-81.28751,36.633538],[-81.287456,36.633782],[-81.28752,36.633892],[-81.28751,36.633538]]]}},{"id":"221888","type":"Feature","properties":{"OBJECTID":573,"max_category":0,"label":"cat 0","area_acres":1.467706470181423,"county":"Grayson County","watershed":""},"geometry":{"type":"Polygon","coordinates":[[[-81.298791,36.625672],[-81.299085,36.62588],[-81.299053,36.626214],[-81.29871,36.626339],[-81.297734,36.627226],[-81.297666,36.627044],[-81.298416,36.62638],[-81.298444,36.625769],[-81.298791,36.625672]]]}},{"id":"221891","type":"Feature","properties":{"OBJECTID":3200,"max_category":0,"label":"cat 0","area_acres":0.9770252007563246,"county":"Grayson County","watershed":""},"geometry":{"type":"Polygon","coordinates":[[[-81.528396,36.696881],[-81.528335,36.697691],[-81.527993,36.69799],[-81.52789,36.697695],[-81.528109,36.696935],[-81.528396,36.696881]]]}},{"id":"221892","type":"Feature","properties":{"OBJECTID":505,"max_category":0,"label":"cat 0","area_acres":0.5530957271812749,"county":"Grayson County","watershed":""},"geometry":{"type":"Polygon","coordinates":[[[-81.297959,36.621622],[-81.298288,36.62171],[-81.298052,36.622313],[-81.297783,36.622141],[-81.297959,36.621622]]]}},{"id":"221945","type":"Feature","properties":{"OBJECTID":575,"max_category":0,"label":"cat 0","area_acres":3.743082653154404,"county":"Grayson County","watershed":""},"geometry":{"type":"Polygon","coordinates":[[[-81.277861,36.612354],[-81.278371,36.612399],[-81.278869,36.612228],[-81.278942,36.612486],[-81.279212,36.612648],[-81.278889,36.612752],[-81.277991,36.612604],[-81.278261,36.613143],[-81.279195,36.613127],[-81.279503,36.613302],[-81.279404,36.613484],[-81.278423,36.61342],[-81.278814,36.614],[-81.279291,36.61429],[-81.27915,36.614555],[-81.278314,36.614367],[-81.278356,36.613709],[-81.277822,36.612774],[-81.277861,36.612354]]]}},{"id":"221954","type":"Feature","properties":{"OBJECTID":3222,"max_category":0,"label":"cat 0","area_acres":2.1786039710936853,"county":"Grayson County","watershed":""},"geometry":{"type":"Polygon","coordinates":[[[-81.521946,36.69031],[-81.522029,36.690585],[-81.520881,36.691587],[-81.520811,36.69221],[-81.520411,36.692143],[-81.520373,36.691905],[-81.520134,36.692011],[-81.521212,36.690789],[-81.521946,36.69031]],[[-81.520678,36.691675],[-81.520546,36.691786],[-81.520616,36.69205],[-81.520642,36.691773],[-81.520678,36.691675]]]}},{"id":"221963","type":"Feature","properties":{"OBJECTID":3286,"max_category":0,"label":"cat 0","area_acres":1.1223922792945782,"county":"Grayson County","watershed":""},"geometry":{"type":"Polygon","coordinates":[[[-81.511004,36.697044],[-81.511229,36.698127],[-81.511011,36.698341],[-81.510812,36.69809],[-81.510746,36.697093],[-81.511004,36.697044]]]}},{"id":"221965","type":"Feature","properties":{"OBJECTID":2614,"max_category":0,"label":"cat 0","area_acres":2.0307011404279476,"county":"Grayson County","watershed":""},"geometry":{"type":"Polygon","coordinates":[[[-81.26875,36.622686],[-81.269376,36.623059],[-81.270192,36.623077],[-81.270993,36.623606],[-81.27153,36.623572],[-81.272377,36.623926],[-81.271827,36.624008],[-81.271758,36.624224],[-81.270194,36.623242],[-81.269225,36.623165],[-81.268649,36.622803],[-81.26875,36.622686]]]}},{"id":"222013","type":"Feature","properties":{"OBJECTID":598,"max_category":0,"label":"cat 0","area_acres":9.708129724684934,"county":"Grayson County","watershed":""},"geometry":{"type":"Polygon","coordinates":[[[-81.28072,36.630156],[-81.280907,36.630452],[-81.279653,36.631458],[-81.279625,36.631696],[-81.28076,36.630742],[-81.281097,36.630619],[-81.281296,36.630853],[-81.280849,36.631011],[-81.279691,36.631988],[-81.27995,36.631956],[-81.280754,36.631364],[-81.281184,36.631399],[-81.281207,36.631631],[-81.281894,36.631545],[-81.281999,36.631923],[-81.281718,36.632091],[-81.281319,36.631991],[-81.280976,36.632162],[-81.280465,36.631897],[-81.27859,36.632435],[-81.279131,36.632905],[-81.279954,36.633082],[-81.280697,36.633041],[-81.2818,36.632369],[-81.282192,36.632418],[-81.282323,36.632662],[-81.28159,36.632975],[-81.281962,36.633152],[-81.281953,36.633283],[-81.281016,36.63315],[-81.281467,36.63347],[-81.281408,36.633582],[-81.280773,36.63332],[-81.279059,36.633042],[-81.278576,36.632728],[-81.278412,36.632402],[-81.278138,36.632345],[-81.278902,36.63225],[-81.27942,36.631925],[-81.279481,36.631117],[-81.280492,36.630206],[-81.28072,36.630156]]]}},{"id":"222057","type":"Feature","properties":{"OBJECTID":2615,"max_category":0,"label":"cat 0","area_acres":1.2461483380887113,"county":"Grayson County","watershed":""},"geometry":{"type":"Polygon","coordinates":[[[-81.268797,36.623152],[-81.269876,36.623846],[-81.27064,36.623927],[-81.270808,36.624187],[-81.270579,36.624305],[-81.270278,36.624244],[-81.26867,36.623276],[-81.268797,36.623152]]]}},{"id":"222082","type":"Feature","properties":{"OBJECTID":585,"max_category":0,"label":"cat 0","area_acres":0.8543469332033257,"county":"Grayson County","watershed":""},"geometry":{"type":"Polygon","coordinates":[[[-81.30002,36.62694],[-81.300199,36.627162],[-81.299658,36.62731],[-81.299042,36.627993],[-81.298917,36.627758],[-81.29969,36.626992],[-81.30002,36.62694]]]}},{"id":"222083","type":"Feature","properties":{"OBJECTID":3260,"max_category":0,"label":"cat 0","area_acres":4.495365883413361,"county":"Grayson County","watershed":""},"geometry":{"type":"Polygon","coordinates":[[[-81.519961,36.665216],[-81.520113,36.665257],[-81.520165,36.66561],[-81.525558,36.669713],[-81.526133,36.670266],[-81.52605,36.670463],[-81.525406,36.66982],[-81.519841,36.665666],[-81.519961,36.665216]]]}},{"id":"222090","type":"Feature","properties":{"OBJECTID":2607,"max_category":0,"label":"cat 0","area_acres":0.9913548141061188,"county":"Grayson County","watershed":""},"geometry":{"type":"Polygon","coordinates":[[[-81.259009,36.614432],[-81.259072,36.61491],[-81.258777,36.615141],[-81.258343,36.616011],[-81.258726,36.614623],[-81.259009,36.614432]]]}},{"id":"222120","type":"Feature","properties":{"OBJECTID":48,"max_category":0,"label":"cat 0","area_acres":3.5026029744027447,"county":"Grayson County","watershed":""},"geometry":{"type":"Polygon","coordinates":[[[-81.269926,36.638926],[-81.270275,36.639683],[-81.269916,36.640263],[-81.270011,36.641198],[-81.269844,36.641308],[-81.269819,36.641705],[-81.269807,36.642431],[-81.270162,36.642958],[-81.269833,36.643054],[-81.269629,36.642384],[-81.269472,36.642565],[-81.269253,36.642357],[-81.269365,36.641379],[-81.26969,36.64095],[-81.269744,36.64021],[-81.270067,36.639817],[-81.269926,36.638926]]]}},{"id":"222128","type":"Feature","properties":{"OBJECTID":3261,"max_category":0,"label":"cat 0","area_acres":8.258153934128089,"county":"Grayson County","watershed":""},"geometry":{"type":"Polygon","coordinates":[[[-81.519133,36.664903],[-81.519394,36.66501],[-81.519351,36.665764],[-81.520206,36.66642],[-81.52023,36.666598],[-81.523778,36.669368],[-81.524103,36.669404],[-81.525626,36.670492],[-81.525564,36.670761],[-81.525374,36.670812],[-81.525463,36.670561],[-81.523947,36.669507],[-81.523697,36.669501],[-81.523236,36.670002],[-81.523238,36.671151],[-81.523383,36.671423],[-81.524098,36.671971],[-81.524615,36.672153],[-81.524675,36.672697],[-81.524461,36.672242],[-81.524003,36.672095],[-81.523226,36.671499],[-81.523065,36.671203],[-81.523026,36.670018],[-81.523491,36.669533],[-81.519662,36.6666],[-81.519634,36.666312],[-81.518972,36.665788],[-81.518854,36.665296],[-81.519133,36.664903]],[[-81.523549,36.669336],[-81.520516,36.667032],[-81.523549,36.669354],[-81.523549,36.669336]],[[-81.519882,36.666368],[-81.519886,36.666523],[-81.52006,36.666655],[-81.520049,36.666496],[-81.519882,36.666368]]]}},{"id":"222136","type":"Feature","properties":{"OBJECTID":452,"max_category":0,"label":"cat 0","area_acres":0.6928346759390452,"county":"Grayson County","watershed":""},"geometry":{"type":"Polygon","coordinates":[[[-81.306592,36.612561],[-81.306811,36.612679],[-81.306776,36.612857],[-81.305837,36.612838],[-81.305877,36.612579],[-81.306592,36.612561]]]}},{"id":"222151","type":"Feature","properties":{"OBJECTID":3293,"max_category":0,"label":"cat 0","area_acres":1.4380426812298537,"county":"Grayson County","watershed":""},"geometry":{"type":"Polygon","coordinates":[[[-81.525487,36.696583],[-81.525775,36.696778],[-81.52604,36.697289],[-81.526139,36.698212],[-81.526003,36.698335],[-81.525801,36.698246],[-81.525679,36.697846],[-81.525487,36.696583]]]}},{"id":"222156","type":"Feature","properties":{"OBJECTID":587,"max_category":0,"label":"cat 0","area_acres":2.538143231464403,"county":"Grayson County","watershed":""},"geometry":{"type":"Polygon","coordinates":[[[-81.294749,36.628522],[-81.29486,36.628886],[-81.293576,36.629689],[-81.293547,36.631162],[-81.292919,36.631761],[-81.292972,36.632518],[-81.292621,36.632765],[-81.292423,36.632505],[-81.292654,36.632256],[-81.292651,36.631902],[-81.293371,36.631117],[-81.293404,36.629635],[-81.29462,36.628882],[-81.294749,36.628522]]]}},{"id":"222182","type":"Feature","properties":{"OBJECTID":17,"max_category":0,"label":"cat 0","area_acres":4.068731051107596,"county":"Grayson County","watershed":""},"geometry":{"type":"Polygon","coordinates":[[[-81.284776,36.636152],[-81.285078,36.636442],[-81.284744,36.636608],[-81.285539,36.636925],[-81.285549,36.637138],[-81.285318,36.637213],[-81.284382,36.636769],[-81.284053,36.636855],[-81.284191,36.637346],[-81.283607,36.637058],[-81.283374,36.63709],[-81.282439,36.637629],[-81.282436,36.637797],[-81.281955,36.638091],[-81.281668,36.639028],[-81.281524,36.639053],[-81.281858,36.6376],[-81.283905,36.636772],[-81.284776,36.636152]]]}},{"id":"222203","type":"Feature","properties":{"OBJECTID":3196,"max_category":0,"label":"cat 0","area_acres":1.8821845942906728,"county":"Grayson County","watershed":""},"geometry":{"type":"Polygon","coordinates":[[[-81.528363,36.694766],[-81.528445,36.695013],[-81.527761,36.695566],[-81.527104,36.696406],[-81.527054,36.695972],[-81.527454,36.695311],[-81.527808,36.694955],[-81.528363,36.694766]]]}},{"id":"222239","type":"Feature","properties":{"OBJECTID":424,"max_category":0,"label":"cat 0","area_acres":4.051760510760504,"county":"Grayson County","watershed":""},"geometry":{"type":"Polygon","coordinates":[[[-81.272378,36.624459],[-81.272448,36.624577],[-81.271106,36.625765],[-81.270715,36.625787],[-81.270013,36.626371],[-81.26923,36.626473],[-81.26961,36.626118],[-81.269586,36.6252],[-81.269974,36.624491],[-81.270179,36.624485],[-81.270325,36.62466],[-81.269766,36.62535],[-81.269787,36.6261],[-81.270416,36.625691],[-81.27103,36.624499],[-81.271313,36.624497],[-81.271379,36.624737],[-81.270818,36.625194],[-81.270621,36.62566],[-81.271012,36.625638],[-81.271627,36.625119],[-81.271743,36.624684],[-81.272378,36.624459]]]}},{"id":"222253","type":"Feature","properties":{"OBJECTID":5002,"max_category":0,"label":"cat 0","area_acres":6.545286470293328,"county":"Grayson County","watershed":""},"geometry":{"type":"Polygon","coordinates":[[[-81.501339,36.679675],[-81.50165,36.679844],[-81.501109,36.681057],[-81.501087,36.68258],[-81.500569,36.683403],[-81.500678,36.686898],[-81.500986,36.687156],[-81.500868,36.687257],[-81.500503,36.686973],[-81.50039,36.683377],[-81.50057,36.682574],[-81.500532,36.681364],[-81.500588,36.680763],[-81.501041,36.680189],[-81.501028,36.679486],[-81.501174,36.679421],[-81.501339,36.679675]]]}},{"id":"222255","type":"Feature","properties":{"OBJECTID":3311,"max_category":0,"label":"cat 0","area_acres":1.5859373032919686,"county":"Grayson County","watershed":""},"geometry":{"type":"Polygon","coordinates":[[[-81.52535,36.692246],[-81.526859,36.693401],[-81.527022,36.693767],[-81.526889,36.694048],[-81.526624,36.693975],[-81.52653,36.693532],[-81.525964,36.692884],[-81.525338,36.692405],[-81.524945,36.692558],[-81.52535,36.692246]]]}},{"id":"222306","type":"Feature","properties":{"OBJECTID":11,"max_category":0,"label":"cat 0","area_acres":5.4983728883513825,"county":"Grayson County","watershed":""},"geometry":{"type":"Polygon","coordinates":[[[-81.289142,36.632692],[-81.289352,36.633362],[-81.290074,36.633596],[-81.290461,36.633998],[-81.290302,36.634104],[-81.28987,36.633975],[-81.290398,36.634416],[-81.290185,36.634568],[-81.289278,36.633931],[-81.289222,36.633559],[-81.289315,36.634434],[-81.290115,36.634993],[-81.290065,36.635175],[-81.289777,36.635115],[-81.289819,36.635548],[-81.289448,36.636015],[-81.289249,36.635925],[-81.289287,36.634877],[-81.289182,36.634796],[-81.288912,36.635194],[-81.288748,36.63511],[-81.28894,36.63466],[-81.28876,36.634327],[-81.288956,36.634056],[-81.289142,36.632692]]]}},{"id":"222330","type":"Feature","properties":{"OBJECTID":2617,"max_category":0,"label":"cat 0","area_acres":1.0756778775763292,"county":"Grayson County","watershed":""},"geometry":{"type":"Polygon","coordinates":[[[-81.256012,36.630199],[-81.256101,36.630402],[-81.255717,36.630989],[-81.254577,36.631251],[-81.254623,36.630924],[-81.254869,36.630775],[-81.255619,36.630866],[-81.256012,36.630199]]]}},{"id":"222332","type":"Feature","properties":{"OBJECTID":595,"max_category":0,"label":"cat 0","area_acres":1.779129899615013,"county":"Grayson County","watershed":""},"geometry":{"type":"Polygon","coordinates":[[[-81.278525,36.634455],[-81.278635,36.634753],[-81.279038,36.634724],[-81.279183,36.634891],[-81.278867,36.635084],[-81.278136,36.635072],[-81.277199,36.635604],[-81.276582,36.635732],[-81.276667,36.635572],[-81.277857,36.635044],[-81.27826,36.634535],[-81.278525,36.634455]]]}},{"id":"222360","type":"Feature","properties":{"OBJECTID":3312,"max_category":0,"label":"cat 0","area_acres":1.8876662764107845,"county":"Grayson County","watershed":""},"geometry":{"type":"Polygon","coordinates":[[[-81.535457,36.695802],[-81.535565,36.696028],[-81.534208,36.696969],[-81.534603,36.695706],[-81.534781,36.695624],[-81.535051,36.695838],[-81.535457,36.695802]]]}},{"id":"222372","type":"Feature","properties":{"OBJECTID":497,"max_category":0,"label":"cat 0","area_acres":2.0548352254441773,"county":"Grayson County","watershed":""},"geometry":{"type":"Polygon","coordinates":[[[-81.272057,36.607159],[-81.272397,36.607627],[-81.272484,36.609475],[-81.272348,36.609985],[-81.272038,36.610077],[-81.271764,36.609544],[-81.272293,36.608982],[-81.272057,36.607159]]]}},{"id":"222382","type":"Feature","properties":{"OBJECTID":420,"max_category":0,"label":"cat 0","area_acres":1.6258841507987523,"county":"Grayson County","watershed":""},"geometry":{"type":"Polygon","coordinates":[[[-81.278511,36.616023],[-81.27859,36.616215],[-81.278139,36.616527],[-81.276227,36.616622],[-81.276468,36.616501],[-81.277329,36.616484],[-81.277872,36.615927],[-81.278105,36.616058],[-81.278511,36.616023]]]}},{"id":"222401","type":"Feature","properties":{"OBJECTID":604,"max_category":0,"label":"cat 0","area_acres":1.187968059621374,"county":"Grayson County","watershed":""},"geometry":{"type":"Polygon","coordinates":[[[-81.275101,36.613531],[-81.275377,36.613609],[-81.275474,36.613978],[-81.27589,36.614311],[-81.275934,36.61465],[-81.275677,36.615034],[-81.275562,36.614908],[-81.275718,36.61439],[-81.274852,36.61379],[-81.275101,36.613531]]]}},{"id":"222439","type":"Feature","properties":{"OBJECTID":3223,"max_category":0,"label":"cat 0","area_acres":0.8503245105881133,"county":"Grayson County","watershed":""},"geometry":{"type":"Polygon","coordinates":[[[-81.511716,36.693651],[-81.512021,36.694036],[-81.511828,36.694297],[-81.511928,36.694613],[-81.511398,36.69393],[-81.511415,36.693678],[-81.511716,36.693651]]]}},{"id":"222445","type":"Feature","properties":{"OBJECTID":439,"max_category":0,"label":"cat 0","area_acres":0.8821838684581438,"county":"Grayson County","watershed":""},"geometry":{"type":"Polygon","coordinates":[[[-81.2977,36.629292],[-81.298934,36.629466],[-81.299296,36.629745],[-81.298764,36.629579],[-81.297951,36.629671],[-81.297687,36.629455],[-81.2977,36.629292]]]}},{"id":"222447","type":"Feature","properties":{"OBJECTID":3220,"max_category":0,"label":"cat 0","area_acres":2.5510454336505655,"county":"Grayson County","watershed":""},"geometry":{"type":"Polygon","coordinates":[[[-81.521685,36.68419],[-81.522857,36.685006],[-81.522697,36.685108],[-81.52228,36.684998],[-81.521557,36.684447],[-81.521247,36.68471],[-81.521903,36.685195],[-81.52171,36.685359],[-81.52177,36.685814],[-81.520868,36.684882],[-81.521685,36.68419]]]}},{"id":"222480","type":"Feature","properties":{"OBJECTID":3287,"max_category":0,"label":"cat 0","area_acres":1.341561135333236,"county":"Grayson County","watershed":""},"geometry":{"type":"Polygon","coordinates":[[[-81.514546,36.695791],[-81.514662,36.696654],[-81.51527,36.697592],[-81.515137,36.697761],[-81.514885,36.697719],[-81.514681,36.697412],[-81.514486,36.696692],[-81.514546,36.695791]]]}},{"id":"222522","type":"Feature","properties":{"OBJECTID":3328,"max_category":0,"label":"cat 0","area_acres":9.028450125076125,"county":"Grayson County","watershed":""},"geometry":{"type":"Polygon","coordinates":[[[-81.517117,36.702039],[-81.516955,36.702228],[-81.516653,36.702204],[-81.515899,36.700933],[-81.51398,36.700643],[-81.512389,36.700657],[-81.512688,36.699561],[-81.513034,36.699393],[-81.513415,36.699479],[-81.513493,36.699629],[-81.512551,36.700561],[-81.514253,36.700574],[-81.51483,36.70003],[-81.515385,36.699867],[-81.515643,36.699929],[-81.515561,36.700153],[-81.514447,36.700589],[-81.515388,36.700773],[-81.516405,36.700752],[-81.516655,36.70057],[-81.516949,36.69989],[-81.517019,36.700603],[-81.518007,36.700608],[-81.518515,36.700178],[-81.51874,36.700231],[-81.51912,36.700732],[-81.518886,36.700898],[-81.518366,36.700883],[-81.519052,36.701354],[-81.519147,36.701651],[-81.518734,36.701575],[-81.517978,36.700863],[-81.516115,36.700901],[-81.516979,36.701589],[-81.517117,36.702039]]]}},{"id":"222539","type":"Feature","properties":{"OBJECTID":419,"max_category":0,"label":"cat 0","area_acres":1.3935669257773822,"county":"Grayson County","watershed":""},"geometry":{"type":"Polygon","coordinates":[[[-81.272167,36.619409],[-81.273691,36.620177],[-81.27454,36.619997],[-81.274691,36.62023],[-81.273934,36.620448],[-81.272082,36.619539],[-81.272167,36.619409]]]}},{"id":"222542","type":"Feature","properties":{"OBJECTID":226,"max_category":0,"label":"cat 0","area_acres":0.6194583279354607,"county":"Grayson County","watershed":""},"geometry":{"type":"Polygon","coordinates":[[[-81.261288,36.615516],[-81.261445,36.615749],[-81.260935,36.616292],[-81.260973,36.615703],[-81.261288,36.615516]]]}},{"id":"222545","type":"Feature","properties":{"OBJECTID":421,"max_category":0,"label":"cat 0","area_acres":6.7155350084559,"county":"Grayson County","watershed":""},"geometry":{"type":"Polygon","coordinates":[[[-81.275354,36.626025],[-81.275581,36.626115],[-81.275431,36.626558],[-81.274586,36.627269],[-81.27437,36.627285],[-81.273571,36.627869],[-81.27323,36.627862],[-81.273734,36.627306],[-81.273723,36.625717],[-81.273388,36.624714],[-81.273476,36.624374],[-81.273695,36.62437],[-81.273767,36.624641],[-81.274043,36.62477],[-81.27391,36.627289],[-81.274105,36.627161],[-81.274077,36.626134],[-81.27447,36.625644],[-81.274562,36.624729],[-81.275272,36.624857],[-81.274648,36.625663],[-81.275128,36.62548],[-81.275259,36.625613],[-81.275101,36.62588],[-81.274707,36.62596],[-81.274292,36.626311],[-81.274281,36.627153],[-81.274944,36.626706],[-81.27501,36.626319],[-81.275354,36.626025]]]}},{"id":"222563","type":"Feature","properties":{"OBJECTID":8,"max_category":0,"label":"cat 0","area_acres":5.4929570806506245,"county":"Grayson County","watershed":""},"geometry":{"type":"Polygon","coordinates":[[[-81.283355,36.628157],[-81.285907,36.628414],[-81.286443,36.628786],[-81.286902,36.628831],[-81.286379,36.628926],[-81.285198,36.629927],[-81.285202,36.630222],[-81.284681,36.630898],[-81.28453,36.63149],[-81.284074,36.631273],[-81.284996,36.630229],[-81.285021,36.629889],[-81.284227,36.629959],[-81.283218,36.630716],[-81.282926,36.63068],[-81.282868,36.630482],[-81.283465,36.629978],[-81.284898,36.629777],[-81.286337,36.628903],[-81.285852,36.628556],[-81.284963,36.628462],[-81.283373,36.628598],[-81.283034,36.628372],[-81.283355,36.628157]]]}},{"id":"222591","type":"Feature","properties":{"OBJECTID":596,"max_category":0,"label":"cat 0","area_acres":1.3999227153492424,"county":"Grayson County","watershed":""},"geometry":{"type":"Polygon","coordinates":[[[-81.278188,36.635467],[-81.278899,36.635441],[-81.278897,36.63561],[-81.278227,36.635894],[-81.277374,36.636612],[-81.276904,36.636381],[-81.276997,36.636271],[-81.277304,36.636467],[-81.278188,36.635467]]]}},{"id":"222593","type":"Feature","properties":{"OBJECTID":3305,"max_category":0,"label":"cat 0","area_acres":3.010985783268153,"county":"Grayson County","watershed":""},"geometry":{"type":"Polygon","coordinates":[[[-81.53504,36.697237],[-81.535977,36.69722],[-81.537382,36.696614],[-81.539229,36.696411],[-81.539697,36.696573],[-81.539393,36.696907],[-81.538656,36.696703],[-81.537164,36.696844],[-81.536278,36.697285],[-81.536822,36.697705],[-81.536763,36.697895],[-81.536315,36.697805],[-81.536051,36.697388],[-81.535205,36.697347],[-81.53504,36.697237]]]}},{"id":"222612","type":"Feature","properties":{"OBJECTID":6171,"max_category":0,"label":"cat 0","area_acres":44.02348168470057,"county":"Grayson County","watershed":""},"geometry":{"type":"Polygon","coordinates":[[[-81.261185,36.643207],[-81.261909,36.643311],[-81.262647,36.643723],[-81.26263,36.64388],[-81.26242,36.643904],[-81.261284,36.643568],[-81.261097,36.644185],[-81.261771,36.64457],[-81.262623,36.644445],[-81.263168,36.644652],[-81.264105,36.644418],[-81.264424,36.644491],[-81.264429,36.644667],[-81.264113,36.644792],[-81.264122,36.644997],[-81.263488,36.645093],[-81.262029,36.64501],[-81.263027,36.645618],[-81.263681,36.645826],[-81.264348,36.645761],[-81.264437,36.646032],[-81.265137,36.646061],[-81.265141,36.646202],[-81.264754,36.646303],[-81.265548,36.646754],[-81.26582,36.647328],[-81.265543,36.647348],[-81.263962,36.646293],[-81.263799,36.646294],[-81.263984,36.646669],[-81.263722,36.64667],[-81.263167,36.646134],[-81.26281,36.646104],[-81.262136,36.645585],[-81.262112,36.645379],[-81.261148,36.644764],[-81.2607,36.645844],[-81.261202,36.64671],[-81.261878,36.647123],[-81.262394,36.646976],[-81.263244,36.647262],[-81.264754,36.647299],[-81.264827,36.647446],[-81.264551,36.64765],[-81.265211,36.648078],[-81.265989,36.648139],[-81.266066,36.648318],[-81.265705,36.648431],[-81.266598,36.649038],[-81.266606,36.649183],[-81.266112,36.649301],[-81.265674,36.648954],[-81.265449,36.648995],[-81.265162,36.648345],[-81.264378,36.647741],[-81.263966,36.647612],[-81.263471,36.647701],[-81.261677,36.64721],[-81.26269,36.648124],[-81.264254,36.648415],[-81.264261,36.648796],[-81.264748,36.649215],[-81.264351,36.649273],[-81.263089,36.648547],[-81.263549,36.649109],[-81.262969,36.648964],[-81.262418,36.648538],[-81.262394,36.648121],[-81.261937,36.647607],[-81.261081,36.646946],[-81.260598,36.646091],[-81.260532,36.646689],[-81.259787,36.647317],[-81.259432,36.64742],[-81.258033,36.648677],[-81.257693,36.64871],[-81.257604,36.648541],[-81.258388,36.647784],[-81.25931,36.647179],[-81.259726,36.647162],[-81.260372,36.646617],[-81.259406,36.646514],[-81.257986,36.646925],[-81.257704,36.64719],[-81.257789,36.6478],[-81.257597,36.648138],[-81.257383,36.647959],[-81.257294,36.647396],[-81.256635,36.647952],[-81.256636,36.648311],[-81.255922,36.649242],[-81.256029,36.650092],[-81.255553,36.649998],[-81.255518,36.649681],[-81.255126,36.65004],[-81.254745,36.650754],[-81.254519,36.650803],[-81.254456,36.650689],[-81.25342,36.651416],[-81.253527,36.650957],[-81.255838,36.648951],[-81.256471,36.647885],[-81.257366,36.647129],[-81.254155,36.649648],[-81.253946,36.649537],[-81.254151,36.649055],[-81.253853,36.649061],[-81.25338,36.649207],[-81.25271,36.649713],[-81.25249,36.64956],[-81.253084,36.649026],[-81.254031,36.648887],[-81.254141,36.648645],[-81.254789,36.648544],[-81.255218,36.648186],[-81.255966,36.648028],[-81.256791,36.647304],[-81.255679,36.647324],[-81.25469,36.647617],[-81.254606,36.647446],[-81.254819,36.647203],[-81.253933,36.647356],[-81.253869,36.647192],[-81.252958,36.647841],[-81.252838,36.647712],[-81.252968,36.647496],[-81.25257,36.647239],[-81.253485,36.647029],[-81.253656,36.646783],[-81.253949,36.646829],[-81.25373,36.646643],[-81.25384,36.646474],[-81.254576,36.646872],[-81.25672,36.646943],[-81.260154,36.645424],[-81.260608,36.645043],[-81.260826,36.645027],[-81.261068,36.644625],[-81.260916,36.644048],[-81.261185,36.643207]],[[-81.260811,36.64517],[-81.260239,36.645555],[-81.257401,36.646716],[-81.256973,36.64702],[-81.259348,36.646374],[-81.260183,36.64644],[-81.260811,36.64517]],[[-81.26132,36.644446],[-81.261313,36.64469],[-81.261764,36.644735],[-81.261576,36.644644],[-81.26132,36.644446]]]}},{"id":"222658","type":"Feature","properties":{"OBJECTID":15,"max_category":0,"label":"cat 0","area_acres":5.742289301913013,"county":"Grayson County","watershed":""},"geometry":{"type":"Polygon","coordinates":[[[-81.285764,36.637315],[-81.286187,36.637402],[-81.286048,36.637785],[-81.285199,36.637715],[-81.284727,36.637916],[-81.284036,36.638696],[-81.283875,36.639113],[-81.282689,36.640112],[-81.28187,36.639613],[-81.281952,36.639501],[-81.282166,36.639645],[-81.283863,36.638131],[-81.285764,36.637315]]]}},{"id":"222661","type":"Feature","properties":{"OBJECTID":611,"max_category":0,"label":"cat 0","area_acres":3.9934188985625156,"county":"Grayson County","watershed":""},"geometry":{"type":"Polygon","coordinates":[[[-81.27472,36.628921],[-81.275207,36.629159],[-81.276675,36.629242],[-81.277691,36.629223],[-81.278304,36.628914],[-81.278786,36.628874],[-81.278959,36.629145],[-81.27963,36.628995],[-81.280115,36.629103],[-81.280206,36.629367],[-81.279842,36.629464],[-81.278181,36.62933],[-81.277835,36.629802],[-81.277462,36.629535],[-81.276879,36.629409],[-81.275037,36.629272],[-81.274582,36.629035],[-81.27472,36.628921]]]}},{"id":"222665","type":"Feature","properties":{"OBJECTID":6170,"max_category":0,"label":"cat 0","area_acres":14.165740622430866,"county":"Grayson County","watershed":""},"geometry":{"type":"Polygon","coordinates":[[[-81.258026,36.641178],[-81.258109,36.641307],[-81.257455,36.641976],[-81.257427,36.642441],[-81.256888,36.643212],[-81.256627,36.643232],[-81.256152,36.643834],[-81.255955,36.643831],[-81.254803,36.64462],[-81.254639,36.644884],[-81.254165,36.644947],[-81.253465,36.645538],[-81.253346,36.645863],[-81.252956,36.64601],[-81.252904,36.645663],[-81.254906,36.644256],[-81.257119,36.64239],[-81.257115,36.642262],[-81.256032,36.642923],[-81.255883,36.643216],[-81.254791,36.64366],[-81.254522,36.644056],[-81.254307,36.644052],[-81.25315,36.644977],[-81.252799,36.644948],[-81.252804,36.644794],[-81.253925,36.643922],[-81.253538,36.643902],[-81.25264,36.644431],[-81.252329,36.64447],[-81.252198,36.644355],[-81.252302,36.644234],[-81.253321,36.643878],[-81.252272,36.643838],[-81.252368,36.643558],[-81.254545,36.643466],[-81.253462,36.643352],[-81.253259,36.643186],[-81.254021,36.643009],[-81.25464,36.643188],[-81.255716,36.642896],[-81.255708,36.642684],[-81.255994,36.642467],[-81.255186,36.642379],[-81.255302,36.642152],[-81.256045,36.642066],[-81.256525,36.642276],[-81.25686,36.642243],[-81.258026,36.641178]]]}},{"id":"222683","type":"Feature","properties":{"OBJECTID":5978,"max_category":0,"label":"cat 0","area_acres":4.947284290324878,"county":"Grayson County","watershed":""},"geometry":{"type":"Polygon","coordinates":[[[-81.290184,36.63932],[-81.290619,36.639539],[-81.290622,36.63985],[-81.290362,36.640088],[-81.290752,36.640112],[-81.290792,36.64022],[-81.29049,36.640496],[-81.289476,36.640548],[-81.289324,36.640895],[-81.288951,36.640859],[-81.287221,36.64247],[-81.287053,36.642248],[-81.287909,36.641519],[-81.287949,36.641093],[-81.288213,36.640875],[-81.288605,36.640817],[-81.288948,36.640367],[-81.289427,36.640241],[-81.2897,36.640346],[-81.289849,36.64022],[-81.289872,36.639617],[-81.290184,36.63932]]]}},{"id":"222707","type":"Feature","properties":{"OBJECTID":45,"max_category":0,"label":"cat 0","area_acres":5.0489117906742935,"county":"Grayson County","watershed":""},"geometry":{"type":"Polygon","coordinates":[[[-81.265253,36.63882],[-81.265417,36.64039],[-81.264823,36.640961],[-81.26455,36.641585],[-81.264256,36.641726],[-81.264416,36.641247],[-81.264117,36.641427],[-81.263977,36.641314],[-81.264373,36.640938],[-81.264385,36.640732],[-81.265099,36.640128],[-81.265076,36.639314],[-81.264517,36.639786],[-81.264451,36.640174],[-81.264027,36.640704],[-81.263785,36.64064],[-81.264142,36.63999],[-81.263467,36.640554],[-81.263269,36.640365],[-81.26389,36.639687],[-81.264554,36.639492],[-81.265253,36.63882]]]}},{"id":"222725","type":"Feature","properties":{"OBJECTID":14,"max_category":0,"label":"cat 0","area_acres":11.00588606246239,"county":"Grayson County","watershed":""},"geometry":{"type":"Polygon","coordinates":[[[-81.283455,36.633265],[-81.285623,36.633499],[-81.285967,36.633391],[-81.285787,36.633732],[-81.286019,36.634797],[-81.286579,36.635531],[-81.286631,36.635939],[-81.287278,36.637152],[-81.287042,36.637534],[-81.286704,36.637415],[-81.285629,36.633808],[-81.28525,36.634129],[-81.285161,36.63457],[-81.285172,36.634978],[-81.285455,36.635354],[-81.285414,36.636296],[-81.2851,36.636153],[-81.285004,36.635039],[-81.284585,36.636094],[-81.284411,36.636015],[-81.284531,36.635411],[-81.284034,36.63569],[-81.283897,36.636027],[-81.283488,36.635899],[-81.284179,36.635192],[-81.284607,36.635084],[-81.284922,36.634817],[-81.285076,36.634247],[-81.284017,36.635113],[-81.283983,36.635308],[-81.283761,36.635217],[-81.283077,36.635439],[-81.283117,36.634992],[-81.284055,36.634847],[-81.285048,36.634065],[-81.283871,36.634306],[-81.283366,36.634312],[-81.283263,36.634137],[-81.284732,36.633818],[-81.285355,36.633834],[-81.285533,36.633627],[-81.283629,36.633568],[-81.283348,36.633375],[-81.283455,36.633265]]]}},{"id":"222727","type":"Feature","properties":{"OBJECTID":3218,"max_category":0,"label":"cat 0","area_acres":1.476449781514129,"county":"Grayson County","watershed":""},"geometry":{"type":"Polygon","coordinates":[[[-81.520563,36.687537],[-81.520947,36.687754],[-81.519125,36.687874],[-81.519053,36.688173],[-81.518897,36.688164],[-81.518955,36.687747],[-81.519268,36.687569],[-81.520563,36.687537]]]}},{"id":"222743","type":"Feature","properties":{"OBJECTID":5005,"max_category":0,"label":"cat 0","area_acres":15.436869447341618,"county":"Grayson County","watershed":""},"geometry":{"type":"Polygon","coordinates":[[[-81.502731,36.680126],[-81.503069,36.680583],[-81.50337,36.680178],[-81.503608,36.680303],[-81.50319,36.681069],[-81.503215,36.681856],[-81.503384,36.681831],[-81.503436,36.681978],[-81.504222,36.681635],[-81.504308,36.681928],[-81.504206,36.682095],[-81.50366,36.682274],[-81.502981,36.683106],[-81.502873,36.687319],[-81.502627,36.687549],[-81.502654,36.688019],[-81.502336,36.688408],[-81.502513,36.686907],[-81.50211,36.68491],[-81.501551,36.684461],[-81.501447,36.68118],[-81.501747,36.68048],[-81.502069,36.680347],[-81.502151,36.679953],[-81.502485,36.680345],[-81.502351,36.68079],[-81.501865,36.681234],[-81.501743,36.681703],[-81.501826,36.684334],[-81.502207,36.68464],[-81.50251,36.686145],[-81.502623,36.686049],[-81.502489,36.681764],[-81.50288,36.681142],[-81.502425,36.680803],[-81.502691,36.680609],[-81.502577,36.680223],[-81.502731,36.680126]]]}},{"id":"222746","type":"Feature","properties":{"OBJECTID":6168,"max_category":0,"label":"cat 0","area_acres":3.013407560514634,"county":"Grayson County","watershed":""},"geometry":{"type":"Polygon","coordinates":[[[-81.261052,36.642138],[-81.262441,36.642225],[-81.263575,36.642656],[-81.263575,36.642827],[-81.263181,36.642874],[-81.262301,36.642588],[-81.263501,36.64335],[-81.263757,36.643687],[-81.263319,36.643595],[-81.261843,36.642459],[-81.260973,36.642433],[-81.261052,36.642138]]]}},{"id":"222749","type":"Feature","properties":{"OBJECTID":33,"max_category":0,"label":"cat 0","area_acres":4.599480541513143,"county":"Grayson County","watershed":""},"geometry":{"type":"Polygon","coordinates":[[[-81.257652,36.637613],[-81.257757,36.637757],[-81.257192,36.638032],[-81.255026,36.638656],[-81.254673,36.638908],[-81.25204,36.638708],[-81.252657,36.638364],[-81.25318,36.638492],[-81.254607,36.638466],[-81.254774,36.638082],[-81.255198,36.638209],[-81.255506,36.638065],[-81.256741,36.638042],[-81.257652,36.637613]]]}},{"id":"222761","type":"Feature","properties":{"OBJECTID":38,"max_category":0,"label":"cat 0","area_acres":3.9660744747336225,"county":"Grayson County","watershed":""},"geometry":{"type":"Polygon","coordinates":[[[-81.256581,36.633458],[-81.256773,36.633745],[-81.256084,36.634474],[-81.256089,36.634797],[-81.255885,36.635032],[-81.255109,36.635131],[-81.255323,36.634741],[-81.256104,36.634195],[-81.256616,36.633595],[-81.255771,36.633643],[-81.254552,36.634557],[-81.253784,36.634907],[-81.253887,36.634575],[-81.255174,36.633493],[-81.256581,36.633458]],[[-81.255587,36.633591],[-81.255259,36.633625],[-81.254866,36.633956],[-81.255293,36.633811],[-81.255587,36.633591]]]}},{"id":"222765","type":"Feature","properties":{"OBJECTID":363,"max_category":0,"label":"cat 0","area_acres":2.049636508213925,"county":"Grayson County","watershed":""},"geometry":{"type":"Polygon","coordinates":[[[-81.254854,36.631457],[-81.25482,36.631651],[-81.254181,36.631667],[-81.253509,36.63228],[-81.253154,36.632159],[-81.253295,36.63182],[-81.252598,36.632238],[-81.252304,36.632229],[-81.252789,36.631745],[-81.254854,36.631457]]]}},{"id":"222791","type":"Feature","properties":{"OBJECTID":574,"max_category":0,"label":"cat 0","area_acres":3.9698947689117605,"county":"Grayson County","watershed":""},"geometry":{"type":"Polygon","coordinates":[[[-81.2766,36.61474],[-81.277323,36.614918],[-81.278573,36.614817],[-81.279007,36.615198],[-81.27902,36.615394],[-81.27878,36.615526],[-81.277808,36.615131],[-81.278409,36.615625],[-81.278283,36.615811],[-81.277184,36.615009],[-81.276568,36.614883],[-81.276153,36.614988],[-81.276579,36.614532],[-81.277015,36.614485],[-81.277089,36.614134],[-81.277565,36.614121],[-81.277664,36.614292],[-81.277942,36.614197],[-81.278073,36.614289],[-81.277961,36.614493],[-81.2766,36.61474]]]}},{"id":"222861","type":"Feature","properties":{"OBJECTID":3288,"max_category":0,"label":"cat 0","area_acres":1.1464388100270566,"county":"Grayson County","watershed":""},"geometry":{"type":"Polygon","coordinates":[[[-81.513127,36.696204],[-81.513572,36.696704],[-81.514287,36.697146],[-81.514206,36.697494],[-81.513808,36.697428],[-81.513749,36.697117],[-81.513015,36.69636],[-81.513127,36.696204]]]}},{"id":"222918","type":"Feature","properties":{"OBJECTID":515,"max_category":0,"label":"cat 0","area_acres":2.434164289575829,"county":"Grayson County","watershed":""},"geometry":{"type":"Polygon","coordinates":[[[-81.29098,36.62189],[-81.291267,36.622085],[-81.291237,36.622239],[-81.29048,36.622742],[-81.290408,36.623138],[-81.289858,36.623527],[-81.290244,36.623071],[-81.290229,36.622554],[-81.289879,36.62216],[-81.289871,36.621534],[-81.290117,36.621499],[-81.290304,36.621667],[-81.290362,36.622326],[-81.29098,36.62189]]]}},{"id":"222923","type":"Feature","properties":{"OBJECTID":577,"max_category":0,"label":"cat 0","area_acres":1.7356945724073802,"county":"Grayson County","watershed":""},"geometry":{"type":"Polygon","coordinates":[[[-81.273604,36.613583],[-81.274166,36.613652],[-81.274288,36.61419],[-81.274351,36.615214],[-81.274174,36.615504],[-81.274083,36.61442],[-81.273493,36.614022],[-81.273604,36.613583]]]}},{"id":"222945","type":"Feature","properties":{"OBJECTID":36,"max_category":0,"label":"cat 0","area_acres":2.2095498572836787,"county":"Grayson County","watershed":""},"geometry":{"type":"Polygon","coordinates":[[[-81.258058,36.635079],[-81.258145,36.635258],[-81.257735,36.635717],[-81.256716,36.635741],[-81.256191,36.636162],[-81.256018,36.635946],[-81.255753,36.636114],[-81.255515,36.636048],[-81.255648,36.635792],[-81.256113,36.635734],[-81.256023,36.635424],[-81.25776,36.635496],[-81.258058,36.635079]]]}},{"id":"222952","type":"Feature","properties":{"OBJECTID":600,"max_category":0,"label":"cat 0","area_acres":1.0388073750413735,"county":"Grayson County","watershed":""},"geometry":{"type":"Polygon","coordinates":[[[-81.278565,36.633492],[-81.279844,36.634314],[-81.280023,36.634604],[-81.279826,36.63465],[-81.279278,36.63437],[-81.278458,36.633602],[-81.278565,36.633492]]]}},{"id":"222958","type":"Feature","properties":{"OBJECTID":502,"max_category":0,"label":"cat 0","area_acres":1.6541220715254452,"county":"Grayson County","watershed":""},"geometry":{"type":"Polygon","coordinates":[[[-81.276328,36.611146],[-81.276352,36.611301],[-81.275236,36.611885],[-81.273502,36.611834],[-81.273015,36.61159],[-81.27306,36.611434],[-81.273417,36.61142],[-81.275183,36.611744],[-81.276328,36.611146]]]}},{"id":"223007","type":"Feature","properties":{"OBJECTID":5919,"max_category":0,"label":"cat 0","area_acres":1.4099208893373663,"county":"Grayson County","watershed":""},"geometry":{"type":"Polygon","coordinates":[[[-81.268357,36.640081],[-81.268444,36.640202],[-81.26809,36.64076],[-81.268784,36.641436],[-81.268728,36.641947],[-81.267883,36.640912],[-81.268357,36.640081]]]}},{"id":"223018","type":"Feature","properties":{"OBJECTID":3291,"max_category":0,"label":"cat 0","area_acres":1.6618101931431357,"county":"Grayson County","watershed":""},"geometry":{"type":"Polygon","coordinates":[[[-81.510084,36.69709],[-81.510412,36.698172],[-81.510425,36.698684],[-81.51021,36.698906],[-81.509982,36.698721],[-81.509814,36.697831],[-81.509966,36.697236],[-81.509725,36.697169],[-81.510084,36.69709]]]}},{"id":"223072","type":"Feature","properties":{"OBJECTID":13,"max_category":0,"label":"cat 0","area_acres":1.4658671467363085,"county":"Grayson County","watershed":""},"geometry":{"type":"Polygon","coordinates":[[[-81.284135,36.632785],[-81.284552,36.632969],[-81.285157,36.632962],[-81.285443,36.633145],[-81.286018,36.633135],[-81.28628,36.63289],[-81.286409,36.632961],[-81.28612,36.633272],[-81.285399,36.633288],[-81.285096,36.633102],[-81.283911,36.633093],[-81.283466,36.632754],[-81.284135,36.632785]]]}},{"id":"223076","type":"Feature","properties":{"OBJECTID":603,"max_category":0,"label":"cat 0","area_acres":0.9177915083957713,"county":"Grayson County","watershed":""},"geometry":{"type":"Polygon","coordinates":[[[-81.270337,36.613784],[-81.270536,36.614076],[-81.270298,36.614496],[-81.269805,36.614913],[-81.269576,36.61492],[-81.269996,36.614491],[-81.270127,36.613878],[-81.270337,36.613784]]]}},{"id":"223089","type":"Feature","properties":{"OBJECTID":3142,"max_category":0,"label":"cat 0","area_acres":3.680634673195283,"county":"Grayson County","watershed":""},"geometry":{"type":"Polygon","coordinates":[[[-81.231296,36.662953],[-81.231639,36.663538],[-81.23284,36.664436],[-81.234364,36.664832],[-81.234848,36.665208],[-81.234714,36.665372],[-81.235414,36.66564],[-81.235501,36.665852],[-81.234822,36.665834],[-81.234949,36.666223],[-81.234671,36.666258],[-81.233996,36.665148],[-81.233527,36.664813],[-81.232753,36.664566],[-81.231483,36.663614],[-81.231214,36.66315],[-81.231296,36.662953]]]}},{"id":"223091","type":"Feature","properties":{"OBJECTID":5095,"max_category":0,"label":"cat 0","area_acres":0.5806843031591506,"county":"Grayson County","watershed":""},"geometry":{"type":"Polygon","coordinates":[[[-81.222659,36.641711],[-81.222757,36.642039],[-81.223026,36.642161],[-81.223019,36.642419],[-81.222559,36.642279],[-81.222505,36.641771],[-81.222659,36.641711]]]}},{"id":"223150","type":"Feature","properties":{"OBJECTID":5092,"max_category":0,"label":"cat 0","area_acres":17.950920991761155,"county":"Grayson County","watershed":""},"geometry":{"type":"Polygon","coordinates":[[[-81.236205,36.648306],[-81.236292,36.648426],[-81.2359,36.648852],[-81.235908,36.649135],[-81.23649,36.649154],[-81.236937,36.649357],[-81.236086,36.649412],[-81.236091,36.649586],[-81.236532,36.649685],[-81.237371,36.650115],[-81.237422,36.650316],[-81.2379,36.650469],[-81.237902,36.650677],[-81.237622,36.650715],[-81.237654,36.650995],[-81.237064,36.650802],[-81.236006,36.649718],[-81.235693,36.649884],[-81.235026,36.649926],[-81.234083,36.650327],[-81.233544,36.651006],[-81.232877,36.651146],[-81.232775,36.651401],[-81.23197,36.651873],[-81.231785,36.65179],[-81.232248,36.651386],[-81.232224,36.651075],[-81.231786,36.651083],[-81.230686,36.651459],[-81.230216,36.651433],[-81.230305,36.651199],[-81.231209,36.650898],[-81.232662,36.65087],[-81.233664,36.650308],[-81.2313,36.650485],[-81.230357,36.650147],[-81.230371,36.649856],[-81.230552,36.649732],[-81.23119,36.649895],[-81.231593,36.650312],[-81.231929,36.650306],[-81.232178,36.649973],[-81.234443,36.650013],[-81.234962,36.649786],[-81.235731,36.649715],[-81.235912,36.649534],[-81.235731,36.649135],[-81.235041,36.649239],[-81.23476,36.649461],[-81.233509,36.649616],[-81.233427,36.649503],[-81.233647,36.649262],[-81.235636,36.649008],[-81.234946,36.648992],[-81.234239,36.648786],[-81.233625,36.649097],[-81.233061,36.649051],[-81.232992,36.648876],[-81.233622,36.648661],[-81.232723,36.648237],[-81.232013,36.64825],[-81.231386,36.648719],[-81.23066,36.648899],[-81.230506,36.648792],[-81.230604,36.648642],[-81.232006,36.64808],[-81.23152,36.647874],[-81.230464,36.647968],[-81.230273,36.647434],[-81.230624,36.647423],[-81.233002,36.648151],[-81.233899,36.648622],[-81.234996,36.648849],[-81.235673,36.648865],[-81.236205,36.648306]]]}},{"id":"223258","type":"Feature","properties":{"OBJECTID":5216,"max_category":0,"label":"cat 0","area_acres":2.1837350510645037,"county":"Grayson County","watershed":""},"geometry":{"type":"Polygon","coordinates":[[[-81.228669,36.667808],[-81.228976,36.668354],[-81.229077,36.669488],[-81.229117,36.670897],[-81.228936,36.67105],[-81.228901,36.669525],[-81.228505,36.668738],[-81.228517,36.667895],[-81.228669,36.667808]]]}},{"id":"223464","type":"Feature","properties":{"OBJECTID":5068,"max_category":0,"label":"cat 0","area_acres":2.436112701248466,"county":"Grayson County","watershed":""},"geometry":{"type":"Polygon","coordinates":[[[-81.225008,36.669797],[-81.225195,36.669892],[-81.225244,36.670193],[-81.225014,36.670502],[-81.225053,36.671898],[-81.225301,36.672294],[-81.224661,36.673159],[-81.224207,36.673496],[-81.224144,36.673364],[-81.225058,36.67231],[-81.22481,36.671991],[-81.224758,36.67012],[-81.225008,36.669797]]]}},{"id":"223489","type":"Feature","properties":{"OBJECTID":2742,"max_category":0,"label":"cat 0","area_acres":1.1605976326784269,"county":"Grayson County","watershed":""},"geometry":{"type":"Polygon","coordinates":[[[-81.228634,36.65064],[-81.228821,36.651047],[-81.227828,36.65099],[-81.22741,36.65115],[-81.228149,36.650547],[-81.228634,36.65064]]]}},{"id":"223500","type":"Feature","properties":{"OBJECTID":5214,"max_category":0,"label":"cat 0","area_acres":6.087709911130435,"county":"Grayson County","watershed":""},"geometry":{"type":"Polygon","coordinates":[[[-81.241224,36.665799],[-81.241557,36.665851],[-81.241505,36.666452],[-81.241175,36.666775],[-81.24103,36.667684],[-81.24112,36.670931],[-81.240612,36.672183],[-81.240529,36.671908],[-81.240753,36.671448],[-81.240622,36.666719],[-81.241224,36.665799]]]}},{"id":"223538","type":"Feature","properties":{"OBJECTID":3210,"max_category":0,"label":"cat 0","area_acres":14.305431028758932,"county":"Grayson County","watershed":""},"geometry":{"type":"Polygon","coordinates":[[[-81.235775,36.651198],[-81.235819,36.651472],[-81.238,36.65146],[-81.238004,36.651883],[-81.237468,36.651882],[-81.238168,36.652344],[-81.238008,36.652618],[-81.237737,36.652609],[-81.236675,36.651791],[-81.235793,36.651721],[-81.236132,36.652277],[-81.236812,36.652537],[-81.236725,36.652667],[-81.236244,36.652678],[-81.236646,36.653022],[-81.237019,36.653125],[-81.237578,36.652897],[-81.237977,36.652947],[-81.237845,36.653136],[-81.237196,36.653265],[-81.237949,36.653408],[-81.238046,36.653674],[-81.237521,36.653699],[-81.23812,36.654296],[-81.238996,36.654768],[-81.238355,36.654875],[-81.23889,36.655234],[-81.239701,36.655054],[-81.239992,36.655231],[-81.239975,36.655449],[-81.239644,36.655473],[-81.240096,36.656341],[-81.239758,36.656513],[-81.239256,36.65574],[-81.237835,36.654673],[-81.237935,36.655788],[-81.239011,36.656732],[-81.238924,36.656953],[-81.239135,36.657251],[-81.239003,36.657416],[-81.23931,36.658138],[-81.238915,36.657914],[-81.23857,36.656797],[-81.238078,36.656579],[-81.237775,36.656177],[-81.237647,36.654286],[-81.23608,36.652778],[-81.235844,36.651984],[-81.235565,36.651722],[-81.235775,36.651198]]]}},{"id":"223602","type":"Feature","properties":{"OBJECTID":5167,"max_category":0,"label":"cat 0","area_acres":21.45957601131101,"county":"Grayson County","watershed":""},"geometry":{"type":"Polygon","coordinates":[[[-81.237862,36.642947],[-81.239063,36.643144],[-81.239715,36.643032],[-81.239902,36.643415],[-81.241388,36.644613],[-81.242356,36.64509],[-81.242941,36.645034],[-81.243046,36.645379],[-81.243823,36.645039],[-81.244474,36.644978],[-81.244499,36.645228],[-81.243999,36.64534],[-81.24365,36.64563],[-81.244563,36.646011],[-81.245501,36.645609],[-81.24596,36.645226],[-81.24619,36.645224],[-81.246081,36.645495],[-81.246437,36.645522],[-81.246486,36.645717],[-81.245545,36.645751],[-81.24472,36.646149],[-81.244793,36.646268],[-81.245253,36.646465],[-81.245633,36.646159],[-81.245846,36.646248],[-81.246677,36.646115],[-81.246764,36.64623],[-81.246582,36.646359],[-81.245451,36.64656],[-81.246127,36.647081],[-81.247492,36.6469],[-81.247297,36.647193],[-81.246378,36.647274],[-81.246511,36.647376],[-81.248139,36.647182],[-81.248646,36.647383],[-81.248636,36.647526],[-81.248129,36.647626],[-81.246719,36.647598],[-81.247052,36.647686],[-81.247939,36.648449],[-81.248206,36.648444],[-81.248621,36.648164],[-81.250425,36.647921],[-81.250517,36.648163],[-81.249998,36.648359],[-81.250445,36.648473],[-81.250458,36.648625],[-81.249554,36.648424],[-81.248086,36.648589],[-81.248357,36.648799],[-81.249432,36.648918],[-81.250167,36.648793],[-81.250744,36.648925],[-81.250871,36.649044],[-81.250745,36.649141],[-81.249871,36.649161],[-81.250419,36.649393],[-81.251235,36.649411],[-81.251315,36.649625],[-81.250636,36.649669],[-81.250792,36.649874],[-81.250625,36.649943],[-81.249079,36.649175],[-81.248264,36.649135],[-81.248226,36.649421],[-81.247947,36.649376],[-81.247887,36.648634],[-81.247256,36.648041],[-81.246892,36.647787],[-81.24659,36.64782],[-81.246382,36.648466],[-81.246242,36.648495],[-81.246064,36.64806],[-81.24622,36.647565],[-81.245483,36.64681],[-81.244148,36.645969],[-81.244199,36.647005],[-81.243938,36.647444],[-81.243717,36.647036],[-81.243753,36.645907],[-81.243352,36.645544],[-81.242861,36.645462],[-81.242854,36.646457],[-81.24256,36.64692],[-81.242376,36.646644],[-81.242508,36.64527],[-81.241866,36.645095],[-81.241297,36.64474],[-81.239682,36.643443],[-81.239531,36.643443],[-81.239605,36.643692],[-81.239393,36.643854],[-81.239028,36.643288],[-81.237743,36.643077],[-81.237862,36.642947]]]}},{"id":"223670","type":"Feature","properties":{"OBJECTID":2779,"max_category":0,"label":"cat 0","area_acres":1.1086896843085836,"county":"Grayson County","watershed":""},"geometry":{"type":"Polygon","coordinates":[[[-81.222416,36.644023],[-81.222496,36.644129],[-81.222171,36.644333],[-81.221945,36.644737],[-81.222095,36.645387],[-81.221817,36.645546],[-81.221547,36.645213],[-81.222005,36.644258],[-81.222416,36.644023]]]}},{"id":"223681","type":"Feature","properties":{"OBJECTID":4959,"max_category":0,"label":"cat 0","area_acres":2.7642483980888812,"county":"Grayson County","watershed":""},"geometry":{"type":"Polygon","coordinates":[[[-81.240771,36.62633],[-81.24118,36.626975],[-81.241488,36.628064],[-81.241256,36.628316],[-81.241294,36.628872],[-81.240749,36.629192],[-81.240771,36.62633]]]}},{"id":"223695","type":"Feature","properties":{"OBJECTID":2780,"max_category":0,"label":"cat 0","area_acres":10.150255648848912,"county":"Grayson County","watershed":""},"geometry":{"type":"Polygon","coordinates":[[[-81.221156,36.644046],[-81.22116,36.64421],[-81.21991,36.644513],[-81.219129,36.6452],[-81.21862,36.645964],[-81.218004,36.646428],[-81.218025,36.647204],[-81.217836,36.647458],[-81.217684,36.64738],[-81.217666,36.64677],[-81.217572,36.646848],[-81.217404,36.648265],[-81.216877,36.647779],[-81.216859,36.64712],[-81.217067,36.646927],[-81.216423,36.647198],[-81.216374,36.647985],[-81.216167,36.648149],[-81.216056,36.647716],[-81.216321,36.64705],[-81.213368,36.647185],[-81.212987,36.647055],[-81.211973,36.647069],[-81.21128,36.646814],[-81.211387,36.646641],[-81.211851,36.646689],[-81.210445,36.645697],[-81.21099,36.645669],[-81.21237,36.646731],[-81.212632,36.646781],[-81.212134,36.646381],[-81.212212,36.646219],[-81.212466,36.646244],[-81.213572,36.647039],[-81.216699,36.6469],[-81.217511,36.646693],[-81.21846,36.645894],[-81.218968,36.645129],[-81.219816,36.644387],[-81.221156,36.644046]]]}},{"id":"223735","type":"Feature","properties":{"OBJECTID":3300,"max_category":0,"label":"cat 0","area_acres":20.520289953508627,"county":"Grayson County","watershed":""},"geometry":{"type":"Polygon","coordinates":[[[-81.243764,36.643625],[-81.24425,36.643545],[-81.245628,36.642383],[-81.246086,36.642165],[-81.246241,36.6417],[-81.246521,36.641588],[-81.2466,36.642219],[-81.245726,36.642507],[-81.244414,36.643613],[-81.245344,36.643662],[-81.24598,36.642957],[-81.246579,36.642705],[-81.247525,36.641851],[-81.247532,36.641284],[-81.247915,36.641262],[-81.248063,36.64145],[-81.247759,36.641832],[-81.248976,36.641979],[-81.249194,36.642196],[-81.248459,36.642208],[-81.247688,36.641977],[-81.246677,36.642829],[-81.245985,36.64316],[-81.246365,36.643067],[-81.246479,36.6432],[-81.245833,36.643653],[-81.246572,36.643694],[-81.247343,36.642932],[-81.24753,36.64291],[-81.247587,36.643236],[-81.248049,36.643175],[-81.248169,36.643341],[-81.247917,36.643509],[-81.247118,36.643525],[-81.246686,36.643805],[-81.247304,36.644066],[-81.247742,36.644058],[-81.248147,36.64394],[-81.249125,36.643267],[-81.249411,36.643311],[-81.249072,36.643676],[-81.249265,36.643673],[-81.250534,36.64317],[-81.250526,36.643376],[-81.249922,36.643936],[-81.248732,36.643935],[-81.247918,36.644164],[-81.248616,36.644153],[-81.249221,36.64436],[-81.250189,36.644125],[-81.250292,36.644289],[-81.250083,36.644617],[-81.249579,36.644659],[-81.248566,36.644295],[-81.247659,36.644312],[-81.248137,36.6446],[-81.248737,36.644619],[-81.249268,36.644826],[-81.250826,36.644747],[-81.250803,36.64513],[-81.250248,36.645116],[-81.249931,36.645256],[-81.248785,36.644786],[-81.248065,36.644737],[-81.247095,36.644102],[-81.246949,36.644141],[-81.247129,36.644468],[-81.248394,36.645282],[-81.248402,36.645529],[-81.248871,36.645524],[-81.249535,36.645838],[-81.250674,36.645722],[-81.250396,36.645987],[-81.250712,36.646167],[-81.250396,36.64624],[-81.251006,36.646461],[-81.251101,36.646741],[-81.250787,36.646777],[-81.250269,36.646489],[-81.250579,36.647191],[-81.250432,36.64731],[-81.250199,36.647217],[-81.249626,36.646239],[-81.248809,36.645664],[-81.248068,36.645684],[-81.247787,36.645092],[-81.246976,36.644547],[-81.246441,36.643867],[-81.244679,36.643817],[-81.245903,36.644588],[-81.245653,36.644843],[-81.245155,36.644604],[-81.245148,36.644875],[-81.244928,36.644874],[-81.244831,36.644239],[-81.244479,36.643834],[-81.243764,36.643625]]]}},{"id":"223822","type":"Feature","properties":{"OBJECTID":5080,"max_category":0,"label":"cat 0","area_acres":18.016074861149672,"county":"Grayson County","watershed":""},"geometry":{"type":"Polygon","coordinates":[[[-81.225544,36.652289],[-81.225628,36.652387],[-81.225048,36.653329],[-81.22611,36.654147],[-81.227005,36.654622],[-81.227542,36.655173],[-81.227595,36.655432],[-81.227435,36.655529],[-81.22714,36.655407],[-81.226722,36.654924],[-81.225364,36.653851],[-81.225847,36.654297],[-81.226847,36.655744],[-81.227075,36.65638],[-81.22675,36.656606],[-81.226008,36.655022],[-81.225903,36.656117],[-81.225535,36.656046],[-81.225537,36.655208],[-81.225765,36.654854],[-81.225683,36.654366],[-81.224829,36.653546],[-81.224251,36.654117],[-81.224247,36.655195],[-81.223957,36.655864],[-81.224486,36.656546],[-81.224151,36.656676],[-81.223674,36.656148],[-81.223395,36.656412],[-81.223406,36.65682],[-81.223777,36.657884],[-81.22443,36.658526],[-81.224908,36.659347],[-81.225598,36.659859],[-81.225521,36.6601],[-81.225246,36.660184],[-81.224267,36.658594],[-81.223608,36.657944],[-81.223218,36.656446],[-81.222293,36.656968],[-81.222078,36.656478],[-81.221409,36.656341],[-81.221501,36.656143],[-81.221741,36.656094],[-81.22239,36.656467],[-81.222726,36.656488],[-81.22358,36.655965],[-81.223933,36.655162],[-81.223981,36.654261],[-81.224344,36.653814],[-81.224153,36.653964],[-81.22326,36.654109],[-81.222463,36.654808],[-81.221607,36.655188],[-81.221271,36.65507],[-81.222359,36.654381],[-81.222036,36.654471],[-81.221967,36.654307],[-81.222539,36.654089],[-81.222464,36.653816],[-81.223396,36.653757],[-81.223427,36.653571],[-81.224141,36.653441],[-81.225179,36.652736],[-81.225544,36.652289]]]}},{"id":"223827","type":"Feature","properties":{"OBJECTID":5094,"max_category":0,"label":"cat 0","area_acres":8.3235894964456,"county":"Grayson County","watershed":""},"geometry":{"type":"Polygon","coordinates":[[[-81.222283,36.639218],[-81.223415,36.639315],[-81.223577,36.639719],[-81.223487,36.640339],[-81.222811,36.641243],[-81.222661,36.641197],[-81.222752,36.640833],[-81.222612,36.640639],[-81.222999,36.640551],[-81.223315,36.640285],[-81.22331,36.639452],[-81.222666,36.639436],[-81.221353,36.640599],[-81.221233,36.641108],[-81.22103,36.641051],[-81.220925,36.640704],[-81.220479,36.640602],[-81.218305,36.640724],[-81.217463,36.640959],[-81.217131,36.640834],[-81.218007,36.640312],[-81.218855,36.640461],[-81.219979,36.640139],[-81.221421,36.640195],[-81.222449,36.639413],[-81.220719,36.639581],[-81.219938,36.63948],[-81.219863,36.639317],[-81.222283,36.639218]]]}},{"id":"223872","type":"Feature","properties":{"OBJECTID":5088,"max_category":0,"label":"cat 0","area_acres":11.391515211947002,"county":"Grayson County","watershed":""},"geometry":{"type":"Polygon","coordinates":[[[-81.229241,36.641839],[-81.22941,36.642263],[-81.229786,36.64256],[-81.229662,36.641665],[-81.229962,36.641725],[-81.230005,36.642829],[-81.230433,36.643528],[-81.23035,36.644227],[-81.23,36.643875],[-81.230123,36.64585],[-81.229982,36.646006],[-81.229808,36.645806],[-81.229556,36.645983],[-81.229404,36.645928],[-81.229586,36.645171],[-81.229478,36.644887],[-81.229775,36.644618],[-81.22976,36.644073],[-81.229617,36.64262],[-81.229232,36.642243],[-81.2291,36.643394],[-81.229417,36.643753],[-81.229062,36.644162],[-81.228806,36.644043],[-81.228657,36.642423],[-81.228491,36.642843],[-81.227939,36.64331],[-81.228425,36.643848],[-81.228518,36.644438],[-81.227739,36.643476],[-81.227807,36.643189],[-81.22657,36.643238],[-81.226047,36.642912],[-81.226278,36.642745],[-81.226581,36.642931],[-81.227372,36.642863],[-81.227977,36.643043],[-81.228358,36.642656],[-81.227602,36.64275],[-81.226652,36.642429],[-81.226626,36.642244],[-81.226976,36.642101],[-81.227457,36.642397],[-81.228403,36.642431],[-81.229241,36.641839]],[[-81.229027,36.642224],[-81.228936,36.642301],[-81.229008,36.642539],[-81.229035,36.642517],[-81.229027,36.642224]]]}},{"id":"224020","type":"Feature","properties":{"OBJECTID":5077,"max_category":0,"label":"cat 0","area_acres":6.667604417895335,"county":"Grayson County","watershed":""},"geometry":{"type":"Polygon","coordinates":[[[-81.225855,36.645087],[-81.225917,36.645211],[-81.225541,36.645331],[-81.225655,36.645764],[-81.226066,36.646139],[-81.226401,36.646849],[-81.227541,36.647472],[-81.226885,36.647574],[-81.226914,36.648131],[-81.227666,36.648294],[-81.227557,36.648488],[-81.227149,36.648503],[-81.227415,36.648974],[-81.227884,36.649308],[-81.228845,36.649236],[-81.228913,36.649399],[-81.229341,36.649437],[-81.229216,36.649708],[-81.228906,36.6498],[-81.229374,36.650082],[-81.22931,36.650242],[-81.228883,36.650165],[-81.228566,36.649924],[-81.228782,36.650361],[-81.228496,36.65038],[-81.227252,36.649042],[-81.2267,36.648035],[-81.226301,36.648066],[-81.226545,36.647346],[-81.225899,36.646204],[-81.225489,36.645828],[-81.225366,36.645419],[-81.225495,36.645136],[-81.225855,36.645087]]]}},{"id":"224035","type":"Feature","properties":{"OBJECTID":5202,"max_category":0,"label":"cat 0","area_acres":54.858024325474645,"county":"Grayson County","watershed":""},"geometry":{"type":"Polygon","coordinates":[[[-81.240734,36.650558],[-81.241162,36.651155],[-81.241643,36.651181],[-81.242886,36.651838],[-81.243362,36.651889],[-81.244331,36.652306],[-81.244564,36.652301],[-81.24545,36.651528],[-81.246197,36.651283],[-81.246538,36.651417],[-81.246124,36.651669],[-81.247763,36.651584],[-81.248204,36.651851],[-81.248147,36.652104],[-81.24752,36.651951],[-81.24538,36.652045],[-81.244948,36.652347],[-81.244377,36.652475],[-81.245927,36.652772],[-81.246744,36.652324],[-81.247012,36.652329],[-81.247027,36.652567],[-81.246194,36.653096],[-81.246598,36.653088],[-81.247173,36.652639],[-81.247162,36.652997],[-81.247426,36.652973],[-81.24752,36.653154],[-81.248345,36.652462],[-81.248883,36.652482],[-81.248945,36.652607],[-81.248339,36.653194],[-81.249655,36.652599],[-81.25004,36.652559],[-81.250071,36.652783],[-81.249244,36.653397],[-81.250034,36.653329],[-81.250564,36.653406],[-81.250759,36.653571],[-81.251421,36.653385],[-81.251841,36.653554],[-81.251474,36.653828],[-81.249724,36.653861],[-81.250555,36.654197],[-81.251591,36.654218],[-81.251837,36.654497],[-81.250946,36.654525],[-81.251287,36.654788],[-81.252046,36.654811],[-81.252452,36.655015],[-81.252409,36.655155],[-81.251432,36.65517],[-81.250615,36.654495],[-81.250424,36.654665],[-81.249523,36.654057],[-81.24884,36.653877],[-81.249106,36.654226],[-81.248966,36.654367],[-81.248362,36.653996],[-81.247836,36.653911],[-81.247395,36.653574],[-81.246412,36.653427],[-81.248358,36.655556],[-81.249169,36.655578],[-81.249283,36.655807],[-81.248732,36.655829],[-81.249939,36.656254],[-81.249903,36.656377],[-81.249539,36.656351],[-81.249304,36.656504],[-81.248648,36.656096],[-81.248832,36.65655],[-81.249285,36.656924],[-81.249196,36.657108],[-81.248735,36.65709],[-81.248199,36.656099],[-81.247324,36.65505],[-81.247029,36.655907],[-81.246748,36.65626],[-81.246544,36.656246],[-81.246533,36.656018],[-81.246888,36.65557],[-81.246967,36.654748],[-81.245988,36.653242],[-81.245181,36.652818],[-81.245331,36.653334],[-81.245039,36.6535],[-81.244849,36.652741],[-81.244362,36.652658],[-81.24364,36.652159],[-81.242814,36.651974],[-81.24164,36.651344],[-81.241204,36.651297],[-81.242018,36.652168],[-81.242037,36.652622],[-81.243713,36.653096],[-81.244475,36.653681],[-81.244575,36.654293],[-81.245238,36.654952],[-81.245143,36.655107],[-81.24543,36.655667],[-81.245446,36.656212],[-81.245321,36.656269],[-81.24514,36.656102],[-81.244907,36.655417],[-81.24373,36.653585],[-81.242699,36.653027],[-81.244632,36.655444],[-81.24455,36.655738],[-81.244217,36.655585],[-81.243752,36.655037],[-81.242521,36.653016],[-81.242123,36.652763],[-81.242089,36.653185],[-81.242617,36.653759],[-81.242303,36.653682],[-81.242108,36.653844],[-81.24373,36.655095],[-81.244529,36.656462],[-81.244317,36.656565],[-81.243992,36.656324],[-81.243656,36.655704],[-81.243606,36.655222],[-81.243224,36.654901],[-81.243021,36.654861],[-81.243099,36.655247],[-81.24299,36.655576],[-81.242819,36.655556],[-81.242537,36.654801],[-81.242065,36.654277],[-81.241921,36.655044],[-81.24226,36.655633],[-81.242073,36.655753],[-81.241847,36.655499],[-81.241925,36.655852],[-81.242782,36.656647],[-81.243275,36.656473],[-81.243457,36.656549],[-81.243281,36.656793],[-81.243032,36.656812],[-81.243572,36.657443],[-81.2447,36.658177],[-81.245925,36.658378],[-81.247234,36.658866],[-81.247388,36.660296],[-81.247052,36.660092],[-81.246932,36.658911],[-81.245864,36.658519],[-81.245509,36.658551],[-81.244628,36.658314],[-81.243404,36.657503],[-81.243398,36.658518],[-81.243543,36.658817],[-81.243878,36.658946],[-81.244034,36.659492],[-81.243754,36.65976],[-81.243585,36.659348],[-81.242647,36.660617],[-81.242478,36.660661],[-81.242262,36.660467],[-81.243513,36.659202],[-81.243508,36.659042],[-81.243185,36.658423],[-81.243149,36.65718],[-81.241834,36.656083],[-81.241683,36.656232],[-81.241453,36.656106],[-81.241608,36.655721],[-81.241554,36.654987],[-81.240919,36.655752],[-81.240719,36.655528],[-81.241258,36.654752],[-81.240854,36.655035],[-81.240331,36.65505],[-81.240491,36.65478],[-81.241512,36.654316],[-81.241886,36.653548],[-81.241637,36.653486],[-81.241326,36.653629],[-81.241206,36.653533],[-81.241839,36.652997],[-81.24185,36.65266],[-81.240797,36.65349],[-81.240155,36.653625],[-81.24041,36.653246],[-81.241854,36.652338],[-81.241089,36.651479],[-81.24069,36.650814],[-81.240734,36.650558]]]}},{"id":"224048","type":"Feature","properties":{"OBJECTID":5240,"max_category":0,"label":"cat 0","area_acres":4.0149064612002245,"county":"Grayson County","watershed":""},"geometry":{"type":"Polygon","coordinates":[[[-81.230608,36.667635],[-81.230944,36.667948],[-81.230896,36.671112],[-81.23063,36.671362],[-81.230959,36.672146],[-81.230781,36.672609],[-81.230783,36.672183],[-81.230314,36.671255],[-81.23057,36.670672],[-81.230487,36.667709],[-81.230608,36.667635]]]}},{"id":"224069","type":"Feature","properties":{"OBJECTID":3529,"max_category":0,"label":"cat 0","area_acres":1.330386403554037,"county":"Grayson County","watershed":""},"geometry":{"type":"Polygon","coordinates":[[[-81.22001,36.628574],[-81.219944,36.629242],[-81.219702,36.629656],[-81.218519,36.630597],[-81.218105,36.630631],[-81.218164,36.630465],[-81.218692,36.630273],[-81.219541,36.629585],[-81.22001,36.628574]]]}},{"id":"224130","type":"Feature","properties":{"OBJECTID":5041,"max_category":0,"label":"cat 0","area_acres":17.864129963773003,"county":"Grayson County","watershed":""},"geometry":{"type":"Polygon","coordinates":[[[-81.223663,36.634908],[-81.223928,36.635181],[-81.223824,36.635479],[-81.223332,36.635757],[-81.223221,36.636102],[-81.222576,36.636619],[-81.221387,36.637474],[-81.219354,36.637985],[-81.218174,36.639036],[-81.218299,36.639577],[-81.218125,36.639619],[-81.217996,36.639438],[-81.217255,36.639726],[-81.216555,36.640393],[-81.215654,36.640549],[-81.215908,36.640205],[-81.216864,36.639568],[-81.215411,36.639595],[-81.214598,36.639884],[-81.21441,36.639647],[-81.21509,36.639237],[-81.214922,36.63907],[-81.215277,36.63896],[-81.217326,36.639335],[-81.21904,36.637909],[-81.216389,36.638011],[-81.215597,36.638602],[-81.215426,36.638534],[-81.215572,36.638138],[-81.214624,36.638263],[-81.214103,36.638628],[-81.213927,36.638523],[-81.213384,36.638724],[-81.213214,36.63859],[-81.212845,36.638635],[-81.212965,36.638372],[-81.213974,36.638351],[-81.214338,36.637883],[-81.216095,36.637572],[-81.21587,36.637317],[-81.216077,36.637106],[-81.217194,36.637524],[-81.217439,36.637454],[-81.217231,36.637238],[-81.217418,36.637108],[-81.217919,36.637438],[-81.218052,36.637208],[-81.219071,36.6376],[-81.220226,36.637662],[-81.220734,36.637543],[-81.221375,36.637312],[-81.22306,36.636032],[-81.223171,36.635687],[-81.223656,36.635417],[-81.223663,36.634908]],[[-81.219516,36.63779],[-81.218935,36.637718],[-81.219041,36.637766],[-81.219281,36.637816],[-81.219516,36.63779]]]}},{"id":"224163","type":"Feature","properties":{"OBJECTID":5037,"max_category":0,"label":"cat 0","area_acres":8.913108800074166,"county":"Grayson County","watershed":""},"geometry":{"type":"Polygon","coordinates":[[[-81.238321,36.626379],[-81.238612,36.626408],[-81.238605,36.627345],[-81.23895,36.627675],[-81.239293,36.628788],[-81.240081,36.629584],[-81.24051,36.629578],[-81.241101,36.629806],[-81.241548,36.630597],[-81.240596,36.629909],[-81.240059,36.629764],[-81.239121,36.629015],[-81.239111,36.630038],[-81.238865,36.630026],[-81.238772,36.629749],[-81.238687,36.630006],[-81.238453,36.63003],[-81.238361,36.629663],[-81.238689,36.629376],[-81.238977,36.628712],[-81.238852,36.627894],[-81.238568,36.627514],[-81.238249,36.628042],[-81.23829,36.628821],[-81.238034,36.628873],[-81.23779,36.629406],[-81.237331,36.629164],[-81.237549,36.628516],[-81.238392,36.627304],[-81.237287,36.62812],[-81.237015,36.628171],[-81.237017,36.62793],[-81.238148,36.627106],[-81.238176,36.626099],[-81.238325,36.626116],[-81.238321,36.626379]]]}},{"id":"224186","type":"Feature","properties":{"OBJECTID":5078,"max_category":0,"label":"cat 0","area_acres":15.00675140263072,"county":"Grayson County","watershed":""},"geometry":{"type":"Polygon","coordinates":[[[-81.224459,36.648848],[-81.224701,36.649435],[-81.22521,36.650016],[-81.226128,36.650109],[-81.226553,36.649746],[-81.226916,36.649934],[-81.226868,36.650138],[-81.227121,36.650225],[-81.227129,36.65037],[-81.226589,36.650408],[-81.226696,36.650622],[-81.226396,36.650656],[-81.225962,36.650255],[-81.225218,36.650182],[-81.224921,36.64999],[-81.224941,36.650721],[-81.2252,36.650867],[-81.225684,36.650841],[-81.225761,36.651097],[-81.225517,36.651138],[-81.224946,36.650904],[-81.223156,36.652736],[-81.223003,36.65323],[-81.222809,36.653199],[-81.222678,36.652942],[-81.221649,36.654013],[-81.221443,36.653881],[-81.221869,36.653277],[-81.221799,36.653132],[-81.221412,36.653166],[-81.220704,36.653752],[-81.220549,36.653632],[-81.220701,36.653428],[-81.219492,36.65376],[-81.219356,36.653525],[-81.219602,36.653391],[-81.219323,36.65325],[-81.219346,36.653073],[-81.220145,36.653129],[-81.220163,36.652909],[-81.222149,36.652873],[-81.221345,36.65272],[-81.221923,36.652465],[-81.222989,36.652473],[-81.224769,36.650917],[-81.224615,36.649567],[-81.22377,36.650307],[-81.223076,36.650499],[-81.222407,36.651232],[-81.221192,36.652169],[-81.220964,36.652177],[-81.221015,36.651936],[-81.220601,36.652109],[-81.219996,36.652012],[-81.22041,36.65173],[-81.221495,36.651401],[-81.222955,36.650286],[-81.223676,36.650181],[-81.224457,36.649494],[-81.224459,36.648848]]]}},{"id":"224205","type":"Feature","properties":{"OBJECTID":3182,"max_category":0,"label":"cat 0","area_acres":1.0110799023176749,"county":"Grayson County","watershed":""},"geometry":{"type":"Polygon","coordinates":[[[-81.228655,36.640367],[-81.228792,36.6409],[-81.229591,36.641301],[-81.229621,36.641469],[-81.228182,36.640733],[-81.228655,36.640367]]]}},{"id":"224239","type":"Feature","properties":{"OBJECTID":5221,"max_category":0,"label":"cat 0","area_acres":4.834934625701208,"county":"Grayson County","watershed":""},"geometry":{"type":"Polygon","coordinates":[[[-81.252075,36.66469],[-81.252134,36.665003],[-81.251839,36.665262],[-81.251844,36.665613],[-81.251521,36.666083],[-81.251984,36.66571],[-81.252159,36.665969],[-81.251656,36.666708],[-81.251007,36.667228],[-81.250912,36.667722],[-81.250095,36.66906],[-81.249572,36.669534],[-81.249421,36.670224],[-81.249533,36.67179],[-81.249351,36.671911],[-81.249243,36.670192],[-81.249398,36.669485],[-81.249925,36.669001],[-81.25074,36.667668],[-81.25073,36.667153],[-81.251353,36.666421],[-81.25134,36.665887],[-81.25167,36.665563],[-81.251758,36.664822],[-81.252075,36.66469]]]}},{"id":"224247","type":"Feature","properties":{"OBJECTID":3168,"max_category":0,"label":"cat 0","area_acres":2.258928482832125,"county":"Grayson County","watershed":""},"geometry":{"type":"Polygon","coordinates":[[[-81.22703,36.638336],[-81.227088,36.638463],[-81.225829,36.639075],[-81.226103,36.639958],[-81.225971,36.639997],[-81.225602,36.639688],[-81.225499,36.640298],[-81.225335,36.64042],[-81.225151,36.640099],[-81.225109,36.639309],[-81.22703,36.638336]],[[-81.225604,36.639246],[-81.225273,36.639375],[-81.225317,36.639722],[-81.22561,36.639475],[-81.225604,36.639246]]]}},{"id":"224263","type":"Feature","properties":{"OBJECTID":5219,"max_category":0,"label":"cat 0","area_acres":5.131434118652158,"county":"Grayson County","watershed":""},"geometry":{"type":"Polygon","coordinates":[[[-81.242981,36.666257],[-81.243126,36.66704],[-81.242989,36.668352],[-81.242752,36.668844],[-81.242071,36.669561],[-81.242256,36.671355],[-81.241568,36.672289],[-81.241533,36.672681],[-81.241372,36.672718],[-81.241396,36.672236],[-81.242079,36.671314],[-81.241893,36.66953],[-81.242521,36.668834],[-81.242434,36.666874],[-81.24267,36.666823],[-81.242675,36.666373],[-81.242981,36.666257]]]}},{"id":"224292","type":"Feature","properties":{"OBJECTID":5222,"max_category":0,"label":"cat 0","area_acres":9.52606784523999,"county":"Grayson County","watershed":""},"geometry":{"type":"Polygon","coordinates":[[[-81.245683,36.665329],[-81.245959,36.665944],[-81.245631,36.66642],[-81.245658,36.667479],[-81.245428,36.667687],[-81.244896,36.66953],[-81.244606,36.669954],[-81.244661,36.670881],[-81.243646,36.672224],[-81.243359,36.672916],[-81.243507,36.673323],[-81.243402,36.673559],[-81.243183,36.672871],[-81.243479,36.672162],[-81.244487,36.670831],[-81.244368,36.670162],[-81.244971,36.668625],[-81.244964,36.668382],[-81.244132,36.667731],[-81.244065,36.66662],[-81.24426,36.666358],[-81.244419,36.666396],[-81.244472,36.667618],[-81.244953,36.667988],[-81.244906,36.666323],[-81.24455,36.665677],[-81.244984,36.665408],[-81.245076,36.666055],[-81.245308,36.666066],[-81.245398,36.665405],[-81.245683,36.665329]]]}},{"id":"224307","type":"Feature","properties":{"OBJECTID":5017,"max_category":0,"label":"cat 0","area_acres":9.259886037295907,"county":"Grayson County","watershed":""},"geometry":{"type":"Polygon","coordinates":[[[-81.214984,36.629214],[-81.215845,36.631245],[-81.216734,36.63151],[-81.216592,36.631662],[-81.215751,36.631559],[-81.216486,36.632353],[-81.215856,36.632221],[-81.216564,36.632768],[-81.216417,36.632951],[-81.216126,36.632815],[-81.216105,36.632969],[-81.215921,36.632978],[-81.215573,36.632566],[-81.215557,36.632159],[-81.215417,36.633011],[-81.215938,36.633557],[-81.215939,36.634063],[-81.215597,36.634046],[-81.215389,36.633509],[-81.214923,36.63315],[-81.214109,36.633807],[-81.21389,36.63419],[-81.213597,36.634267],[-81.212545,36.635154],[-81.212487,36.635872],[-81.212103,36.636285],[-81.211914,36.636303],[-81.212378,36.635092],[-81.213514,36.634131],[-81.213506,36.633773],[-81.215193,36.632575],[-81.21551,36.631691],[-81.215491,36.631036],[-81.214943,36.629629],[-81.214984,36.629214]]]}},{"id":"224332","type":"Feature","properties":{"OBJECTID":5084,"max_category":0,"label":"cat 0","area_acres":19.95600072473444,"county":"Grayson County","watershed":""},"geometry":{"type":"Polygon","coordinates":[[[-81.221302,36.662804],[-81.221415,36.662996],[-81.220433,36.663853],[-81.220605,36.664147],[-81.220011,36.664686],[-81.219712,36.66564],[-81.218472,36.666404],[-81.217314,36.667436],[-81.219391,36.666519],[-81.220192,36.665901],[-81.221365,36.664575],[-81.221568,36.663985],[-81.222284,36.663268],[-81.222489,36.663262],[-81.222559,36.663402],[-81.221849,36.664111],[-81.222696,36.663398],[-81.223052,36.663295],[-81.223312,36.66294],[-81.223591,36.663034],[-81.223754,36.663317],[-81.221804,36.664604],[-81.221695,36.664897],[-81.221231,36.665091],[-81.219489,36.666643],[-81.218433,36.667192],[-81.217434,36.667574],[-81.21443,36.66818],[-81.212813,36.668954],[-81.213128,36.668622],[-81.214355,36.668044],[-81.216997,36.667496],[-81.21811,36.666474],[-81.218834,36.665527],[-81.218493,36.663086],[-81.218694,36.662935],[-81.218748,36.662207],[-81.219166,36.661679],[-81.219588,36.661748],[-81.219202,36.662652],[-81.219213,36.66298],[-81.219487,36.663041],[-81.21923,36.663517],[-81.219416,36.664182],[-81.219159,36.664729],[-81.219143,36.665519],[-81.218539,36.666205],[-81.219584,36.665514],[-81.220149,36.66376],[-81.220133,36.663098],[-81.22038,36.662744],[-81.220565,36.662807],[-81.22061,36.663189],[-81.220657,36.661862],[-81.220921,36.661907],[-81.220877,36.662746],[-81.221176,36.662151],[-81.221397,36.662128],[-81.221475,36.662405],[-81.221052,36.662892],[-81.221302,36.662804]]]}},{"id":"224402","type":"Feature","properties":{"OBJECTID":2778,"max_category":0,"label":"cat 0","area_acres":0.5495940324711399,"county":"Grayson County","watershed":""},"geometry":{"type":"Polygon","coordinates":[[[-81.223346,36.643127],[-81.223446,36.643415],[-81.222779,36.64353],[-81.222678,36.643267],[-81.223346,36.643127]]]}},{"id":"224414","type":"Feature","properties":{"OBJECTID":3538,"max_category":0,"label":"cat 0","area_acres":5.379701388112947,"county":"Grayson County","watershed":""},"geometry":{"type":"Polygon","coordinates":[[[-81.222223,36.630924],[-81.222613,36.631949],[-81.22229,36.632589],[-81.222217,36.63324],[-81.221966,36.633224],[-81.221946,36.632738],[-81.221061,36.633175],[-81.220518,36.633857],[-81.220107,36.633858],[-81.220184,36.633258],[-81.22149,36.63286],[-81.22204,36.632452],[-81.222128,36.63221],[-81.222306,36.6322],[-81.222429,36.631735],[-81.222208,36.631113],[-81.221826,36.631575],[-81.221381,36.631781],[-81.220668,36.632832],[-81.220339,36.632941],[-81.21929,36.633824],[-81.219109,36.633824],[-81.219757,36.632888],[-81.220359,36.632633],[-81.222223,36.630924]]]}},{"id":"224433","type":"Feature","properties":{"OBJECTID":5081,"max_category":0,"label":"cat 0","area_acres":27.916458462330194,"county":"Grayson County","watershed":""},"geometry":{"type":"Polygon","coordinates":[[[-81.213786,36.640085],[-81.213944,36.640172],[-81.213928,36.640785],[-81.21431,36.641072],[-81.214171,36.64218],[-81.215751,36.643264],[-81.217757,36.643255],[-81.218297,36.643032],[-81.217792,36.642858],[-81.216912,36.642153],[-81.216714,36.641904],[-81.216809,36.641764],[-81.217657,36.642234],[-81.217691,36.642502],[-81.21809,36.64281],[-81.219048,36.64293],[-81.219599,36.642827],[-81.218582,36.642284],[-81.218326,36.641547],[-81.218837,36.641746],[-81.219045,36.642175],[-81.219758,36.642725],[-81.2201,36.642774],[-81.221212,36.642479],[-81.221738,36.642035],[-81.221322,36.642234],[-81.220503,36.64222],[-81.220362,36.641957],[-81.220509,36.641812],[-81.221036,36.642097],[-81.222167,36.641804],[-81.22234,36.641889],[-81.220955,36.642846],[-81.220457,36.64349],[-81.219783,36.643907],[-81.218656,36.644068],[-81.217733,36.643646],[-81.216682,36.643665],[-81.215287,36.643745],[-81.214713,36.644052],[-81.214139,36.64415],[-81.216602,36.644128],[-81.217798,36.644573],[-81.218703,36.644669],[-81.218254,36.64479],[-81.218278,36.644951],[-81.217706,36.644937],[-81.216524,36.645933],[-81.215801,36.646228],[-81.214683,36.646253],[-81.213217,36.645778],[-81.21273,36.645359],[-81.214012,36.645637],[-81.214739,36.646111],[-81.215722,36.646094],[-81.21643,36.645806],[-81.217617,36.644808],[-81.218018,36.644778],[-81.216558,36.644271],[-81.213567,36.644407],[-81.212981,36.64469],[-81.212461,36.64466],[-81.212571,36.644427],[-81.21362,36.644181],[-81.213092,36.644072],[-81.213126,36.6439],[-81.216642,36.643523],[-81.217789,36.643504],[-81.218698,36.643923],[-81.219714,36.643769],[-81.2203,36.643416],[-81.22101,36.642649],[-81.220323,36.642911],[-81.218609,36.643081],[-81.217803,36.643397],[-81.215838,36.643431],[-81.214819,36.643141],[-81.214302,36.642828],[-81.213762,36.642838],[-81.213067,36.643308],[-81.212847,36.643314],[-81.212694,36.643184],[-81.212764,36.64297],[-81.213425,36.642676],[-81.214188,36.64266],[-81.213603,36.642209],[-81.211352,36.642242],[-81.211231,36.642121],[-81.211357,36.642028],[-81.212269,36.641953],[-81.211083,36.641588],[-81.211193,36.64143],[-81.211476,36.641418],[-81.212627,36.641672],[-81.21203,36.641205],[-81.212147,36.640694],[-81.21193,36.640295],[-81.212168,36.640116],[-81.212478,36.640373],[-81.21265,36.640108],[-81.213203,36.641703],[-81.213758,36.642104],[-81.213552,36.640987],[-81.213302,36.6406],[-81.213344,36.640231],[-81.213786,36.640085]]]}},{"id":"224436","type":"Feature","properties":{"OBJECTID":3911,"max_category":0,"label":"cat 0","area_acres":2.5755622165632888,"county":"Grayson County","watershed":""},"geometry":{"type":"Polygon","coordinates":[[[-81.242411,36.626492],[-81.242361,36.627769],[-81.241658,36.628595],[-81.241517,36.6269],[-81.241915,36.626543],[-81.241722,36.625863],[-81.242001,36.625939],[-81.242093,36.626569],[-81.241694,36.626936],[-81.241722,36.627914],[-81.242078,36.627474],[-81.242094,36.626597],[-81.242411,36.626492]]]}},{"id":"224439","type":"Feature","properties":{"OBJECTID":5215,"max_category":0,"label":"cat 0","area_acres":1.9294022000726103,"county":"Grayson County","watershed":""},"geometry":{"type":"Polygon","coordinates":[[[-81.239749,36.668446],[-81.240229,36.668471],[-81.240182,36.668651],[-81.239276,36.668994],[-81.238008,36.670455],[-81.237477,36.670538],[-81.236939,36.670825],[-81.237393,36.670406],[-81.23791,36.670332],[-81.238773,36.669211],[-81.239749,36.668446]]]}},{"id":"224454","type":"Feature","properties":{"OBJECTID":2840,"max_category":0,"label":"cat 0","area_acres":0.9090286357206514,"county":"Grayson County","watershed":""},"geometry":{"type":"Polygon","coordinates":[[[-81.224429,36.646541],[-81.225371,36.647211],[-81.225363,36.647531],[-81.224859,36.647362],[-81.224316,36.646642],[-81.224429,36.646541]]]}},{"id":"224531","type":"Feature","properties":{"OBJECTID":3537,"max_category":0,"label":"cat 0","area_acres":3.572667684750647,"county":"Grayson County","watershed":""},"geometry":{"type":"Polygon","coordinates":[[[-81.221184,36.631547],[-81.221241,36.631674],[-81.220783,36.631752],[-81.220132,36.632216],[-81.21999,36.632555],[-81.219505,36.632649],[-81.219928,36.632069],[-81.219599,36.632075],[-81.21799,36.632948],[-81.217565,36.632978],[-81.217996,36.632461],[-81.217846,36.632347],[-81.217959,36.632216],[-81.21871,36.632113],[-81.219022,36.631863],[-81.220337,36.631837],[-81.221184,36.631547]]]}},{"id":"224592","type":"Feature","properties":{"OBJECTID":3532,"max_category":0,"label":"cat 0","area_acres":9.865752974353136,"county":"Grayson County","watershed":""},"geometry":{"type":"Polygon","coordinates":[[[-81.213747,36.627615],[-81.213817,36.627732],[-81.212637,36.628643],[-81.212573,36.629113],[-81.211921,36.629864],[-81.211711,36.633364],[-81.211392,36.633455],[-81.211209,36.632699],[-81.211492,36.631849],[-81.211165,36.632103],[-81.211011,36.632542],[-81.210657,36.632758],[-81.210524,36.63257],[-81.210834,36.632036],[-81.211582,36.631404],[-81.211675,36.631055],[-81.21095,36.631749],[-81.210545,36.631962],[-81.210369,36.631854],[-81.211696,36.630578],[-81.211747,36.629815],[-81.212403,36.629055],[-81.212395,36.628744],[-81.211821,36.629499],[-81.210342,36.630689],[-81.21035,36.63109],[-81.210041,36.631701],[-81.209835,36.631749],[-81.209782,36.631611],[-81.209327,36.632093],[-81.209147,36.631921],[-81.209971,36.631048],[-81.209993,36.630599],[-81.20984,36.630457],[-81.21088,36.630029],[-81.211664,36.629425],[-81.212213,36.628625],[-81.213747,36.627615]]]}},{"id":"224597","type":"Feature","properties":{"OBJECTID":5066,"max_category":0,"label":"cat 0","area_acres":3.98968999925103,"county":"Grayson County","watershed":""},"geometry":{"type":"Polygon","coordinates":[[[-81.224384,36.668215],[-81.224524,36.668386],[-81.223209,36.669353],[-81.223322,36.669973],[-81.224087,36.669279],[-81.224401,36.66932],[-81.224257,36.669678],[-81.223609,36.670253],[-81.223887,36.671646],[-81.223619,36.671968],[-81.223699,36.671267],[-81.223542,36.670528],[-81.222848,36.669852],[-81.222828,36.669317],[-81.223988,36.668322],[-81.224384,36.668215]]]}},{"id":"224638","type":"Feature","properties":{"OBJECTID":2737,"max_category":0,"label":"cat 0","area_acres":1.8907211302088973,"county":"Grayson County","watershed":""},"geometry":{"type":"Polygon","coordinates":[[[-81.220514,36.645997],[-81.221382,36.64626],[-81.221442,36.646501],[-81.220854,36.646639],[-81.220666,36.647218],[-81.220224,36.647331],[-81.220195,36.646858],[-81.220653,36.646321],[-81.220514,36.645997]]]}},{"id":"224640","type":"Feature","properties":{"OBJECTID":5168,"max_category":0,"label":"cat 0","area_acres":30.676983378495017,"county":"Grayson County","watershed":""},"geometry":{"type":"Polygon","coordinates":[[[-81.239596,36.648876],[-81.24018,36.64914],[-81.240671,36.648674],[-81.241201,36.648609],[-81.240953,36.648976],[-81.240233,36.649364],[-81.24047,36.649547],[-81.241007,36.649454],[-81.242252,36.648855],[-81.242616,36.648323],[-81.243111,36.647992],[-81.243175,36.648301],[-81.24274,36.648846],[-81.243377,36.648785],[-81.24345,36.649053],[-81.244528,36.648489],[-81.244714,36.648752],[-81.244039,36.64918],[-81.244865,36.649467],[-81.245296,36.649349],[-81.245679,36.649422],[-81.246064,36.649171],[-81.246207,36.649298],[-81.246045,36.649489],[-81.246408,36.649503],[-81.246577,36.649738],[-81.247051,36.649811],[-81.247409,36.6496],[-81.247687,36.64988],[-81.247478,36.650029],[-81.24761,36.650103],[-81.248014,36.650123],[-81.248528,36.649929],[-81.24861,36.650101],[-81.248307,36.650398],[-81.248819,36.650658],[-81.250209,36.650547],[-81.250031,36.650877],[-81.249506,36.650953],[-81.24989,36.651188],[-81.25052,36.651233],[-81.250965,36.651088],[-81.250903,36.651404],[-81.251085,36.651413],[-81.25185,36.651139],[-81.251904,36.651293],[-81.251419,36.651631],[-81.251731,36.651908],[-81.251555,36.652069],[-81.251064,36.651961],[-81.250404,36.651459],[-81.249961,36.651542],[-81.248999,36.650958],[-81.249164,36.651382],[-81.24901,36.651479],[-81.248146,36.650525],[-81.247885,36.650872],[-81.24765,36.650412],[-81.247322,36.65067],[-81.247315,36.650127],[-81.247089,36.649953],[-81.245217,36.649631],[-81.245296,36.649946],[-81.244959,36.6501],[-81.244658,36.649558],[-81.243729,36.649246],[-81.242386,36.649241],[-81.24227,36.649348],[-81.242757,36.64967],[-81.242737,36.64984],[-81.241621,36.649449],[-81.240617,36.649687],[-81.241102,36.650222],[-81.24214,36.65078],[-81.24244,36.650719],[-81.242953,36.650148],[-81.243167,36.650147],[-81.243364,36.650425],[-81.242839,36.650925],[-81.242449,36.650945],[-81.24259,36.650991],[-81.243233,36.651035],[-81.243692,36.65034],[-81.244256,36.649917],[-81.244474,36.65],[-81.244487,36.650177],[-81.243861,36.65075],[-81.244163,36.650728],[-81.244161,36.650905],[-81.243443,36.651141],[-81.244293,36.651125],[-81.245761,36.650523],[-81.246132,36.65066],[-81.245359,36.651186],[-81.24471,36.65126],[-81.245055,36.651414],[-81.244999,36.651548],[-81.244178,36.651596],[-81.243273,36.651232],[-81.242129,36.651021],[-81.241006,36.650346],[-81.239856,36.649137],[-81.239484,36.649021],[-81.239568,36.649577],[-81.240409,36.650507],[-81.240698,36.652201],[-81.239653,36.653019],[-81.239378,36.653479],[-81.239118,36.653528],[-81.238786,36.653243],[-81.240312,36.652064],[-81.240421,36.651077],[-81.240286,36.650859],[-81.23947,36.651374],[-81.239191,36.65181],[-81.238814,36.651933],[-81.239048,36.651446],[-81.23863,36.651382],[-81.239201,36.65107],[-81.23849,36.651144],[-81.23866,36.650816],[-81.239081,36.650754],[-81.239753,36.650933],[-81.240132,36.650478],[-81.239625,36.649927],[-81.238661,36.650594],[-81.238404,36.65046],[-81.239424,36.649665],[-81.239354,36.649506],[-81.239037,36.649523],[-81.2384,36.649996],[-81.23814,36.650059],[-81.238072,36.649927],[-81.23891,36.649257],[-81.239279,36.649239],[-81.239323,36.648936],[-81.239596,36.648876]]]}},{"id":"224698","type":"Feature","properties":{"OBJECTID":5220,"max_category":0,"label":"cat 0","area_acres":13.48416037795119,"county":"Grayson County","watershed":""},"geometry":{"type":"Polygon","coordinates":[[[-81.233161,36.667479],[-81.234115,36.668455],[-81.234234,36.668795],[-81.234101,36.667602],[-81.23424,36.66746],[-81.234473,36.667554],[-81.234612,36.669857],[-81.234928,36.670907],[-81.234911,36.667377],[-81.235174,36.667337],[-81.235334,36.667644],[-81.235407,36.670234],[-81.235108,36.671101],[-81.236223,36.670995],[-81.23804,36.66952],[-81.2386,36.668823],[-81.238797,36.668241],[-81.239121,36.667962],[-81.239692,36.666196],[-81.239928,36.665965],[-81.240059,36.666006],[-81.239821,36.667375],[-81.238197,36.669594],[-81.236308,36.671126],[-81.234738,36.671329],[-81.234179,36.671797],[-81.233625,36.671789],[-81.233423,36.671985],[-81.233383,36.671421],[-81.23382,36.671348],[-81.233898,36.671668],[-81.234094,36.671665],[-81.234369,36.671321],[-81.234778,36.67116],[-81.234773,36.670984],[-81.23426,36.669453],[-81.23426,36.670015],[-81.233781,36.670505],[-81.23327,36.670703],[-81.233282,36.670523],[-81.233683,36.670381],[-81.234096,36.669949],[-81.234066,36.668855],[-81.233954,36.668527],[-81.233091,36.667803],[-81.233008,36.667539],[-81.233161,36.667479]]]}},{"id":"224735","type":"Feature","properties":{"OBJECTID":5111,"max_category":0,"label":"cat 0","area_acres":2.513692954299483,"county":"Grayson County","watershed":""},"geometry":{"type":"Polygon","coordinates":[[[-81.230273,36.66418],[-81.230284,36.665073],[-81.230511,36.665866],[-81.230914,36.666178],[-81.231217,36.666734],[-81.231076,36.666793],[-81.230551,36.666363],[-81.230247,36.666906],[-81.230055,36.666774],[-81.230041,36.666371],[-81.230203,36.666064],[-81.230092,36.664493],[-81.230273,36.66418]]]}},{"id":"224746","type":"Feature","properties":{"OBJECTID":2776,"max_category":0,"label":"cat 0","area_acres":4.50076606401941,"county":"Grayson County","watershed":""},"geometry":{"type":"Polygon","coordinates":[[[-81.223875,36.647458],[-81.22422,36.648861],[-81.223919,36.649028],[-81.223659,36.64887],[-81.223954,36.648584],[-81.22394,36.648057],[-81.222361,36.649585],[-81.22095,36.65066],[-81.220533,36.650747],[-81.220666,36.650432],[-81.220223,36.650461],[-81.220408,36.650209],[-81.221955,36.649607],[-81.223868,36.647912],[-81.223875,36.647458]]]}},{"id":"224781","type":"Feature","properties":{"OBJECTID":5110,"max_category":0,"label":"cat 0","area_acres":4.813152802922455,"county":"Grayson County","watershed":""},"geometry":{"type":"Polygon","coordinates":[[[-81.225404,36.662495],[-81.228198,36.662489],[-81.22925,36.662853],[-81.23022,36.662892],[-81.230724,36.663156],[-81.23115,36.663151],[-81.230674,36.663298],[-81.230307,36.663059],[-81.2292,36.662995],[-81.228526,36.662762],[-81.22785,36.662774],[-81.226744,36.66315],[-81.226542,36.663097],[-81.226685,36.662905],[-81.225159,36.663148],[-81.225474,36.662828],[-81.225303,36.66273],[-81.225404,36.662495]]]}},{"id":"224793","type":"Feature","properties":{"OBJECTID":5079,"max_category":0,"label":"cat 0","area_acres":8.814734048381617,"county":"Grayson County","watershed":""},"geometry":{"type":"Polygon","coordinates":[[[-81.22719,36.651408],[-81.228329,36.651725],[-81.229367,36.652279],[-81.229452,36.652446],[-81.229254,36.652637],[-81.229433,36.652936],[-81.229228,36.652996],[-81.227571,36.651736],[-81.226945,36.651594],[-81.228222,36.652662],[-81.228629,36.652838],[-81.22869,36.653126],[-81.229137,36.653505],[-81.229076,36.653702],[-81.228831,36.653674],[-81.227413,36.652581],[-81.227191,36.652677],[-81.226764,36.6526],[-81.227941,36.653703],[-81.226895,36.653255],[-81.226378,36.652375],[-81.225854,36.651879],[-81.22719,36.651408]],[[-81.22731,36.652395],[-81.226192,36.651954],[-81.226569,36.652298],[-81.22731,36.652395]],[[-81.226818,36.651854],[-81.226623,36.651781],[-81.22656,36.651834],[-81.226818,36.651854]]]}},{"id":"224813","type":"Feature","properties":{"OBJECTID":3211,"max_category":0,"label":"cat 0","area_acres":3.1981822713343644,"county":"Grayson County","watershed":""},"geometry":{"type":"Polygon","coordinates":[[[-81.24527,36.659128],[-81.245461,36.660348],[-81.246708,36.662275],[-81.247784,36.662276],[-81.248843,36.66271],[-81.248841,36.663122],[-81.247682,36.662551],[-81.246809,36.662537],[-81.246548,36.662348],[-81.245288,36.660399],[-81.245086,36.659395],[-81.24527,36.659128]]]}},{"id":"224823","type":"Feature","properties":{"OBJECTID":3530,"max_category":0,"label":"cat 0","area_acres":2.332735854279453,"county":"Grayson County","watershed":""},"geometry":{"type":"Polygon","coordinates":[[[-81.21436,36.628813],[-81.21445,36.628951],[-81.214135,36.62982],[-81.214462,36.630659],[-81.214177,36.631166],[-81.213688,36.631218],[-81.213629,36.630945],[-81.214036,36.630769],[-81.214282,36.630426],[-81.213955,36.629696],[-81.213593,36.630473],[-81.21341,36.630424],[-81.213387,36.630115],[-81.213217,36.630012],[-81.214015,36.62941],[-81.21436,36.628813]]]}},{"id":"224834","type":"Feature","properties":{"OBJECTID":5203,"max_category":0,"label":"cat 0","area_acres":64.87242657749748,"county":"Grayson County","watershed":""},"geometry":{"type":"Polygon","coordinates":[[[-81.235452,36.651835],[-81.235319,36.652349],[-81.236534,36.653402],[-81.236485,36.654168],[-81.236338,36.654269],[-81.236217,36.654168],[-81.236119,36.65327],[-81.235244,36.652489],[-81.234875,36.653001],[-81.235038,36.653368],[-81.235829,36.654062],[-81.235944,36.654429],[-81.23569,36.654439],[-81.235445,36.654254],[-81.234946,36.653651],[-81.234754,36.653105],[-81.234358,36.65344],[-81.23434,36.65404],[-81.235229,36.654614],[-81.235869,36.654788],[-81.236238,36.655157],[-81.236319,36.655485],[-81.236076,36.655548],[-81.235362,36.654836],[-81.23535,36.655127],[-81.235184,36.655155],[-81.23434,36.654291],[-81.234179,36.654909],[-81.234667,36.655287],[-81.234832,36.655789],[-81.235093,36.65599],[-81.23606,36.656146],[-81.236987,36.656804],[-81.236984,36.657057],[-81.2365,36.656912],[-81.23716,36.657589],[-81.236536,36.657486],[-81.236395,36.657056],[-81.235892,36.656614],[-81.23595,36.657066],[-81.235632,36.657032],[-81.23539,36.656456],[-81.234749,36.656268],[-81.234727,36.655932],[-81.234095,36.655043],[-81.233508,36.655955],[-81.23342,36.656474],[-81.233959,36.656889],[-81.23478,36.656909],[-81.236371,36.657514],[-81.237019,36.657957],[-81.236898,36.658132],[-81.237812,36.659029],[-81.23812,36.65996],[-81.238971,36.661153],[-81.240311,36.66213],[-81.241273,36.662176],[-81.24121,36.66233],[-81.240712,36.662443],[-81.240914,36.663003],[-81.240506,36.662908],[-81.240331,36.662478],[-81.239023,36.661468],[-81.238097,36.660268],[-81.237014,36.658446],[-81.236208,36.657718],[-81.235616,36.657711],[-81.234705,36.657364],[-81.234437,36.657106],[-81.233843,36.656998],[-81.233853,36.657345],[-81.234654,36.658056],[-81.234622,36.658189],[-81.234296,36.658255],[-81.233685,36.65751],[-81.233664,36.656913],[-81.233321,36.656622],[-81.232937,36.657503],[-81.232987,36.658075],[-81.233668,36.65868],[-81.234376,36.658554],[-81.234349,36.658954],[-81.233955,36.658927],[-81.234156,36.659056],[-81.235229,36.65912],[-81.235471,36.659253],[-81.236085,36.659049],[-81.236687,36.659128],[-81.236035,36.65949],[-81.235403,36.659506],[-81.235876,36.659763],[-81.237039,36.660982],[-81.237132,36.661341],[-81.236013,36.660737],[-81.235664,36.660172],[-81.235203,36.659979],[-81.235139,36.659688],[-81.234704,36.659353],[-81.233827,36.659027],[-81.233849,36.659625],[-81.234075,36.660417],[-81.234458,36.660806],[-81.234452,36.661137],[-81.235594,36.662535],[-81.235828,36.663352],[-81.236367,36.663768],[-81.237665,36.664122],[-81.238496,36.665119],[-81.238329,36.66533],[-81.237824,36.665029],[-81.237729,36.664531],[-81.237429,36.664138],[-81.236295,36.663904],[-81.235665,36.663421],[-81.235139,36.662106],[-81.234027,36.661135],[-81.233861,36.660319],[-81.233549,36.660081],[-81.233621,36.659029],[-81.232958,36.65825],[-81.23293,36.65865],[-81.23264,36.659074],[-81.232716,36.659593],[-81.232609,36.659693],[-81.232294,36.659618],[-81.231922,36.660214],[-81.231935,36.660676],[-81.232957,36.661303],[-81.232999,36.661686],[-81.232561,36.661517],[-81.231769,36.660854],[-81.231809,36.661166],[-81.2316,36.661415],[-81.231087,36.661393],[-81.229737,36.660899],[-81.228921,36.661126],[-81.228923,36.660933],[-81.229387,36.660683],[-81.229189,36.660371],[-81.228559,36.660364],[-81.228449,36.660126],[-81.22785,36.65991],[-81.227919,36.659664],[-81.228826,36.659791],[-81.230252,36.660884],[-81.231149,36.661253],[-81.231538,36.661273],[-81.231683,36.660275],[-81.232463,36.659037],[-81.231601,36.659135],[-81.230689,36.659946],[-81.230331,36.659535],[-81.231667,36.65894],[-81.232542,36.658838],[-81.232756,36.658601],[-81.232765,36.657674],[-81.231666,36.657788],[-81.231296,36.658064],[-81.230416,36.658195],[-81.22952,36.658567],[-81.229194,36.658409],[-81.228064,36.659116],[-81.227756,36.658986],[-81.22813,36.658484],[-81.227767,36.658486],[-81.227537,36.658318],[-81.228366,36.657956],[-81.229039,36.657885],[-81.228982,36.657613],[-81.229926,36.657896],[-81.231439,36.657512],[-81.232676,36.657517],[-81.233052,36.656975],[-81.233299,36.656055],[-81.232126,36.656459],[-81.231188,36.656533],[-81.230504,36.656982],[-81.230356,36.656766],[-81.229418,36.656949],[-81.229469,36.65668],[-81.230294,36.656433],[-81.229031,36.656482],[-81.229021,36.656288],[-81.228604,36.656151],[-81.228698,36.655875],[-81.229245,36.655823],[-81.230566,36.656237],[-81.23213,36.656291],[-81.233331,36.655912],[-81.233983,36.654889],[-81.2337,36.654922],[-81.233058,36.655451],[-81.231772,36.655479],[-81.231093,36.655683],[-81.230299,36.655395],[-81.229546,36.655402],[-81.229489,36.65512],[-81.229066,36.65511],[-81.229014,36.654963],[-81.229327,36.654699],[-81.229849,36.654684],[-81.230325,36.65495],[-81.231561,36.655257],[-81.232988,36.655286],[-81.23361,36.654792],[-81.234111,36.654621],[-81.234164,36.654062],[-81.232916,36.654846],[-81.232206,36.654864],[-81.231091,36.654447],[-81.229977,36.654449],[-81.22984,36.654284],[-81.229997,36.65393],[-81.230699,36.653929],[-81.230053,36.653648],[-81.229927,36.653317],[-81.230318,36.653165],[-81.230908,36.653413],[-81.232364,36.654721],[-81.232836,36.654712],[-81.234128,36.65392],[-81.234188,36.653695],[-81.232861,36.653672],[-81.232426,36.653434],[-81.231781,36.65344],[-81.231706,36.653277],[-81.232361,36.653073],[-81.233894,36.653484],[-81.234005,36.65325],[-81.234523,36.653094],[-81.232699,36.65296],[-81.232349,36.652838],[-81.232334,36.652693],[-81.23351,36.652695],[-81.234662,36.652948],[-81.235203,36.652211],[-81.233871,36.652197],[-81.233408,36.65196],[-81.232886,36.651905],[-81.232822,36.651746],[-81.2331,36.651658],[-81.233887,36.651864],[-81.235452,36.651835]]]}},{"id":"224851","type":"Feature","properties":{"OBJECTID":5089,"max_category":0,"label":"cat 0","area_acres":7.409012819286093,"county":"Grayson County","watershed":""},"geometry":{"type":"Polygon","coordinates":[[[-81.226185,36.644696],[-81.227178,36.645997],[-81.228283,36.64576],[-81.228288,36.646088],[-81.228883,36.646136],[-81.229375,36.646428],[-81.229336,36.646657],[-81.229058,36.646682],[-81.228102,36.646315],[-81.227597,36.646293],[-81.228312,36.646629],[-81.22854,36.647044],[-81.229392,36.64706],[-81.229301,36.647273],[-81.228889,36.647318],[-81.229832,36.64781],[-81.229702,36.647961],[-81.229327,36.647913],[-81.229441,36.648449],[-81.229012,36.648359],[-81.22838,36.647151],[-81.227511,36.646478],[-81.227412,36.646932],[-81.227104,36.646552],[-81.226912,36.646525],[-81.226918,36.646048],[-81.226073,36.644852],[-81.226185,36.644696]]]}},{"id":"224938","type":"Feature","properties":{"OBJECTID":5040,"max_category":0,"label":"cat 0","area_acres":9.305221684868691,"county":"Grayson County","watershed":""},"geometry":{"type":"Polygon","coordinates":[[[-81.221839,36.634282],[-81.221896,36.634409],[-81.22117,36.634733],[-81.219919,36.635008],[-81.219738,36.635549],[-81.219483,36.635756],[-81.219197,36.635568],[-81.219638,36.635041],[-81.217742,36.635158],[-81.217123,36.635539],[-81.216267,36.63682],[-81.216126,36.636716],[-81.215729,36.637033],[-81.214795,36.637051],[-81.214075,36.637419],[-81.213696,36.637356],[-81.2137,36.637066],[-81.214117,36.636895],[-81.215671,36.636865],[-81.216557,36.635536],[-81.214946,36.635619],[-81.214883,36.635401],[-81.216016,36.635183],[-81.216155,36.634989],[-81.217309,36.63505],[-81.217456,36.63494],[-81.217164,36.634653],[-81.217261,36.63453],[-81.218961,36.634883],[-81.219876,36.634867],[-81.221839,36.634282]]]}},{"id":"224947","type":"Feature","properties":{"OBJECTID":3143,"max_category":0,"label":"cat 0","area_acres":0.9119664154524986,"county":"Grayson County","watershed":""},"geometry":{"type":"Polygon","coordinates":[[[-81.23141,36.662154],[-81.231543,36.662537],[-81.2325,36.662522],[-81.232626,36.662765],[-81.232276,36.662858],[-81.231444,36.662697],[-81.23141,36.662154]]]}},{"id":"225005","type":"Feature","properties":{"OBJECTID":2777,"max_category":0,"label":"cat 0","area_acres":5.083668869806993,"county":"Grayson County","watershed":""},"geometry":{"type":"Polygon","coordinates":[[[-81.223865,36.647073],[-81.223951,36.647166],[-81.223779,36.647318],[-81.222923,36.647425],[-81.221109,36.648392],[-81.22053,36.64902],[-81.220258,36.649839],[-81.220031,36.64985],[-81.219878,36.649597],[-81.219487,36.650292],[-81.219102,36.650367],[-81.219197,36.650761],[-81.218608,36.6511],[-81.218495,36.650875],[-81.217936,36.651346],[-81.217972,36.65196],[-81.217593,36.651974],[-81.217529,36.651612],[-81.217775,36.651276],[-81.221006,36.648272],[-81.222174,36.647604],[-81.22204,36.647289],[-81.22244,36.647401],[-81.223865,36.647073]]]}},{"id":"225121","type":"Feature","properties":{"OBJECTID":5067,"max_category":0,"label":"cat 0","area_acres":4.249380775375754,"county":"Grayson County","watershed":""},"geometry":{"type":"Polygon","coordinates":[[[-81.247745,36.665923],[-81.24794,36.666073],[-81.247797,36.667039],[-81.247921,36.669017],[-81.24765,36.670469],[-81.246917,36.671574],[-81.245803,36.672515],[-81.245684,36.67284],[-81.244923,36.673283],[-81.244881,36.673169],[-81.24553,36.672762],[-81.245645,36.672441],[-81.246756,36.671504],[-81.247476,36.67042],[-81.247743,36.668986],[-81.247673,36.667728],[-81.247363,36.666381],[-81.247745,36.665923]]]}},{"id":"225133","type":"Feature","properties":{"OBJECTID":5196,"max_category":0,"label":"cat 0","area_acres":1.6921845888394824,"county":"Grayson County","watershed":""},"geometry":{"type":"Polygon","coordinates":[[[-81.223943,36.640095],[-81.223947,36.640713],[-81.224834,36.641398],[-81.224769,36.641591],[-81.224424,36.641439],[-81.224356,36.641638],[-81.224124,36.641685],[-81.223792,36.641267],[-81.223755,36.64016],[-81.223943,36.640095]]]}}],"meta":{"source":"MRMS","generated_at":"2026-10-03T10:02:52.574279+00:00","n_flagged":190,"n_debris":225300,"min_category_shipped":0}}