{"type":"FeatureCollection","features":[{"id":"198903","type":"Feature","properties":{"OBJECTID":15468,"max_category":0,"label":"0.01 to 0.10 inches","area_acres":14.205153608738202,"county":"Polk County","watershed":"Gee Creek-Hiwassee River"},"geometry":{"type":"Polygon","coordinates":[[[-84.518622,35.1516],[-84.519244,35.151733],[-84.51927,35.152177],[-84.518305,35.15206],[-84.519194,35.152871],[-84.519328,35.153162],[-84.519205,35.153282],[-84.518508,35.152841],[-84.517922,35.152023],[-84.517084,35.151951],[-84.516233,35.152471],[-84.516191,35.153335],[-84.51697,35.153299],[-84.517544,35.152838],[-84.51838,35.15295],[-84.518635,35.153381],[-84.517931,35.15315],[-84.517396,35.153296],[-84.518106,35.153687],[-84.518674,35.153713],[-84.518428,35.154171],[-84.517769,35.153969],[-84.51718,35.153432],[-84.517035,35.153509],[-84.517263,35.153871],[-84.517037,35.153934],[-84.516547,35.153489],[-84.514193,35.153245],[-84.514317,35.152967],[-84.514602,35.152939],[-84.516006,35.153178],[-84.516053,35.152396],[-84.515268,35.151924],[-84.514976,35.151992],[-84.51377,35.152983],[-84.513598,35.153453],[-84.513387,35.153432],[-84.513393,35.153181],[-84.513072,35.153385],[-84.512747,35.153004],[-84.512823,35.152804],[-84.513592,35.152903],[-84.514073,35.152577],[-84.513428,35.152344],[-84.513474,35.152116],[-84.514362,35.1524],[-84.514633,35.152133],[-84.514149,35.151852],[-84.514298,35.151661],[-84.514866,35.151879],[-84.515328,35.151783],[-84.516174,35.152293],[-84.516361,35.152226],[-84.516985,35.151799],[-84.517218,35.151351],[-84.51812,35.150757],[-84.517934,35.150382],[-84.518185,35.150274],[-84.518387,35.150325],[-84.518473,35.150699],[-84.518984,35.150762],[-84.51886,35.150983],[-84.519065,35.151081],[-84.519045,35.151228],[-84.518787,35.151319],[-84.518155,35.150939],[-84.51732,35.151472],[-84.517159,35.151804],[-84.518116,35.151926],[-84.518622,35.1516]]]}},{"id":"199116","type":"Feature","properties":{"OBJECTID":15270,"max_category":0,"label":"0.01 to 0.10 inches","area_acres":0.7942214718470849,"county":"Polk County","watershed":"Gee Creek-Hiwassee River"},"geometry":{"type":"Polygon","coordinates":[[[-84.523403,35.156225],[-84.523263,35.156999],[-84.522944,35.157012],[-84.523091,35.156192],[-84.523403,35.156225]]]}},{"id":"199228","type":"Feature","properties":{"OBJECTID":15259,"max_category":0,"label":"0.01 to 0.10 inches","area_acres":2.558116499950953,"county":"Polk County","watershed":"Gee Creek-Hiwassee River"},"geometry":{"type":"Polygon","coordinates":[[[-84.521912,35.153513],[-84.522546,35.153612],[-84.522644,35.153956],[-84.522503,35.153951],[-84.522461,35.153741],[-84.521886,35.153658],[-84.520318,35.154057],[-84.520094,35.153905],[-84.51957,35.153911],[-84.519469,35.153752],[-84.519675,35.153649],[-84.519303,35.153365],[-84.519572,35.153265],[-84.520751,35.153649],[-84.521912,35.153513]]]}},{"id":"199250","type":"Feature","properties":{"OBJECTID":15274,"max_category":0,"label":"0.01 to 0.10 inches","area_acres":0.979722619266396,"county":"Polk County","watershed":"Gee Creek-Hiwassee River"},"geometry":{"type":"Polygon","coordinates":[[[-84.520046,35.15514],[-84.520821,35.15558],[-84.520873,35.155779],[-84.520679,35.155932],[-84.519961,35.155499],[-84.519898,35.1552],[-84.520046,35.15514]]]}},{"id":"199701","type":"Feature","properties":{"OBJECTID":15470,"max_category":0,"label":"0.01 to 0.10 inches","area_acres":1.858289157268579,"county":"Polk County","watershed":"Gee Creek-Hiwassee River"},"geometry":{"type":"Polygon","coordinates":[[[-84.525759,35.161813],[-84.526045,35.162399],[-84.525771,35.162561],[-84.525314,35.162389],[-84.525333,35.16269],[-84.524716,35.162279],[-84.524158,35.162192],[-84.52524,35.162085],[-84.525759,35.161813]]]}},{"id":"199780","type":"Feature","properties":{"OBJECTID":15074,"max_category":0,"label":"0.01 to 0.10 inches","area_acres":3.4694459367286377,"county":"Polk County","watershed":"Gee Creek-Hiwassee River"},"geometry":{"type":"Polygon","coordinates":[[[-84.524233,35.150187],[-84.524911,35.150637],[-84.52498,35.151196],[-84.523891,35.152258],[-84.522598,35.1529],[-84.522767,35.15258],[-84.522501,35.152086],[-84.522585,35.151932],[-84.522958,35.151777],[-84.523096,35.152387],[-84.523307,35.152376],[-84.523793,35.152134],[-84.524465,35.151429],[-84.5242,35.151213],[-84.523506,35.15112],[-84.523485,35.150872],[-84.524257,35.150964],[-84.524644,35.151295],[-84.524814,35.151138],[-84.524755,35.15076],[-84.524004,35.150462],[-84.524003,35.150281],[-84.524233,35.150187]]]}},{"id":"200292","type":"Feature","properties":{"OBJECTID":15275,"max_category":0,"label":"0.01 to 0.10 inches","area_acres":1.4347763249767722,"county":"Polk County","watershed":"Gee Creek-Hiwassee River"},"geometry":{"type":"Polygon","coordinates":[[[-84.519376,35.155143],[-84.52061,35.155971],[-84.520472,35.15627],[-84.520266,35.156273],[-84.519153,35.155402],[-84.519376,35.155143]]]}},{"id":"201248","type":"Feature","properties":{"OBJECTID":15276,"max_category":0,"label":"0.01 to 0.10 inches","area_acres":1.2155497860776439,"county":"Polk County","watershed":"Gee Creek-Hiwassee River"},"geometry":{"type":"Polygon","coordinates":[[[-84.521399,35.159288],[-84.522306,35.160057],[-84.522723,35.159944],[-84.522794,35.160055],[-84.522181,35.160234],[-84.521004,35.159524],[-84.521053,35.159344],[-84.521399,35.159288]]]}},{"id":"202089","type":"Feature","properties":{"OBJECTID":15261,"max_category":0,"label":"0.01 to 0.10 inches","area_acres":0.01958961061008339,"county":"Polk County","watershed":"Gee Creek-Hiwassee River"},"geometry":{"type":"Polygon","coordinates":[[[-84.519328,35.150179],[-84.519192,35.150285],[-84.519024,35.150249],[-84.519169,35.150249],[-84.519328,35.150179]]]}},{"id":"203120","type":"Feature","properties":{"OBJECTID":15031,"max_category":0,"label":"0.01 to 0.10 inches","area_acres":1.266266083427174,"county":"Polk County","watershed":"Gee Creek-Hiwassee River"},"geometry":{"type":"Polygon","coordinates":[[[-84.523355,35.159474],[-84.523502,35.159882],[-84.524587,35.160429],[-84.52474,35.160833],[-84.524326,35.160793],[-84.523999,35.160372],[-84.523354,35.159975],[-84.523355,35.159474]]]}},{"id":"203837","type":"Feature","properties":{"OBJECTID":15032,"max_category":0,"label":"0.01 to 0.10 inches","area_acres":2.4324786530736566,"county":"Polk County","watershed":"Gee Creek-Hiwassee River"},"geometry":{"type":"Polygon","coordinates":[[[-84.524266,35.158084],[-84.524353,35.158179],[-84.523933,35.158802],[-84.524768,35.159469],[-84.524946,35.159911],[-84.525642,35.160308],[-84.525349,35.161451],[-84.525079,35.161366],[-84.525146,35.161005],[-84.525007,35.160901],[-84.525269,35.160313],[-84.523764,35.158853],[-84.523759,35.158638],[-84.524266,35.158084]]]}},{"id":"204128","type":"Feature","properties":{"OBJECTID":15260,"max_category":0,"label":"0.01 to 0.10 inches","area_acres":2.388012728517803,"county":"Polk County","watershed":"Gee Creek-Hiwassee River"},"geometry":{"type":"Polygon","coordinates":[[[-84.524742,35.152898],[-84.525366,35.153026],[-84.52551,35.153404],[-84.526388,35.153336],[-84.527132,35.152999],[-84.52727,35.153189],[-84.527194,35.153327],[-84.526164,35.153626],[-84.525424,35.153569],[-84.525215,35.153106],[-84.524831,35.153028],[-84.524144,35.153597],[-84.522859,35.154214],[-84.523127,35.153855],[-84.524051,35.153471],[-84.524742,35.152898]]]}},{"id":"204175","type":"Feature","properties":{"OBJECTID":15272,"max_category":0,"label":"0.01 to 0.10 inches","area_acres":0.5182444186820602,"county":"Polk County","watershed":"Gee Creek-Hiwassee River"},"geometry":{"type":"Polygon","coordinates":[[[-84.521254,35.156653],[-84.521474,35.156766],[-84.521494,35.15698],[-84.521102,35.157214],[-84.52101,35.156772],[-84.521254,35.156653]]]}},{"id":"204522","type":"Feature","properties":{"OBJECTID":15257,"max_category":0,"label":"0.01 to 0.10 inches","area_acres":5.665501818290323,"county":"Polk County","watershed":"Gee Creek-Hiwassee River"},"geometry":{"type":"Polygon","coordinates":[[[-84.521951,35.151311],[-84.522378,35.151706],[-84.522069,35.152066],[-84.522033,35.152535],[-84.521486,35.15263],[-84.520933,35.153066],[-84.520138,35.153077],[-84.520286,35.152825],[-84.521108,35.152651],[-84.520844,35.152377],[-84.521022,35.152239],[-84.521608,35.152454],[-84.521885,35.152414],[-84.52195,35.151902],[-84.521681,35.151135],[-84.52057,35.151267],[-84.520329,35.151003],[-84.521688,35.150992],[-84.521832,35.150151],[-84.521571,35.149734],[-84.521818,35.149751],[-84.521971,35.149603],[-84.522234,35.149663],[-84.52216,35.149982],[-84.52231,35.150191],[-84.521929,35.150504],[-84.521852,35.150847],[-84.522522,35.150679],[-84.522912,35.150262],[-84.522733,35.149612],[-84.522875,35.14951],[-84.523194,35.149657],[-84.523292,35.149912],[-84.52307,35.150026],[-84.523055,35.150395],[-84.522816,35.15068],[-84.521895,35.150988],[-84.521951,35.151311]]]}},{"id":"204642","type":"Feature","properties":{"OBJECTID":15471,"max_category":0,"label":"0.01 to 0.10 inches","area_acres":6.204787634944945,"county":"Polk County","watershed":"Gee Creek-Hiwassee River"},"geometry":{"type":"Polygon","coordinates":[[[-84.52418,35.162243],[-84.524349,35.162966],[-84.525194,35.163325],[-84.526243,35.163277],[-84.526545,35.162933],[-84.526806,35.163121],[-84.526656,35.163396],[-84.527362,35.163354],[-84.527405,35.16363],[-84.526778,35.163699],[-84.52716,35.164207],[-84.52687,35.164269],[-84.526615,35.164091],[-84.526602,35.163665],[-84.52637,35.163442],[-84.525357,35.163488],[-84.525393,35.164019],[-84.525676,35.164315],[-84.525699,35.164594],[-84.525279,35.164696],[-84.525028,35.164175],[-84.525148,35.163469],[-84.524307,35.163126],[-84.523883,35.163457],[-84.524169,35.163788],[-84.524111,35.164116],[-84.523925,35.164092],[-84.523715,35.163562],[-84.522528,35.164058],[-84.522281,35.164394],[-84.521846,35.164316],[-84.522062,35.163781],[-84.523001,35.163673],[-84.524038,35.163158],[-84.524179,35.163028],[-84.52418,35.162243]]]}},{"id":"205138","type":"Feature","properties":{"OBJECTID":15258,"max_category":0,"label":"0.01 to 0.10 inches","area_acres":2.569098534067395,"county":"Polk County","watershed":"Gee Creek-Hiwassee River"},"geometry":{"type":"Polygon","coordinates":[[[-84.521539,35.154109],[-84.522389,35.154491],[-84.522355,35.154803],[-84.52262,35.154641],[-84.523366,35.154893],[-84.523392,35.155047],[-84.523139,35.155139],[-84.522627,35.154916],[-84.522215,35.155013],[-84.522168,35.154621],[-84.521713,35.154546],[-84.520442,35.154522],[-84.519942,35.154682],[-84.51982,35.154571],[-84.519973,35.154403],[-84.521112,35.154348],[-84.521539,35.154109]]]}},{"id":"205336","type":"Feature","properties":{"OBJECTID":3386,"max_category":0,"label":"0.01 to 0.10 inches","area_acres":3.625750554227911,"county":"Polk County","watershed":"Rough Creek-Ocoee River"},"geometry":{"type":"Polygon","coordinates":[[[-84.48083,35.078514],[-84.480839,35.078209],[-84.481079,35.078223],[-84.481161,35.07807],[-84.481494,35.078278],[-84.481564,35.07798],[-84.481803,35.078027],[-84.481898,35.078436],[-84.482926,35.078827],[-84.483169,35.078797],[-84.483708,35.079196],[-84.484092,35.079728],[-84.483715,35.079729],[-84.482937,35.079012],[-84.481868,35.078813],[-84.481394,35.078932],[-84.481393,35.078724],[-84.48083,35.078514]]]}},{"id":"205371","type":"Feature","properties":{"OBJECTID":4388,"max_category":0,"label":"0.01 to 0.10 inches","area_acres":1.207984735113722,"county":"Polk County","watershed":"Rough Creek-Ocoee River"},"geometry":{"type":"Polygon","coordinates":[[[-84.511663,35.084907],[-84.511543,35.084623],[-84.512218,35.083851],[-84.512202,35.08356],[-84.512374,35.083517],[-84.512459,35.083984],[-84.512153,35.084271],[-84.512033,35.084789],[-84.511663,35.084907]]]}},{"id":"205381","type":"Feature","properties":{"OBJECTID":2976,"max_category":0,"label":"0.01 to 0.10 inches","area_acres":0.9540060657193804,"county":"Polk County","watershed":"Rough Creek-Ocoee River"},"geometry":{"type":"Polygon","coordinates":[[[-84.486839,35.049191],[-84.4869,35.04952],[-84.486214,35.050066],[-84.485972,35.049812],[-84.486839,35.049191]]]}},{"id":"205389","type":"Feature","properties":{"OBJECTID":4182,"max_category":0,"label":"0.01 to 0.10 inches","area_acres":1.0447777099964832,"county":"Polk County","watershed":"Rough Creek-Ocoee River"},"geometry":{"type":"Polygon","coordinates":[[[-84.519807,35.117504],[-84.519919,35.117878],[-84.519769,35.118621],[-84.519925,35.118955],[-84.519603,35.119114],[-84.519395,35.118631],[-84.519641,35.118324],[-84.519807,35.117504]]]}},{"id":"205401","type":"Feature","properties":{"OBJECTID":4985,"max_category":0,"label":"0.01 to 0.10 inches","area_acres":2.444327706459208,"county":"Polk County","watershed":"Rough Creek-Ocoee River"},"geometry":{"type":"Polygon","coordinates":[[[-84.511315,35.079762],[-84.51185,35.079509],[-84.512071,35.079594],[-84.511926,35.079933],[-84.51105,35.080098],[-84.509724,35.081403],[-84.509539,35.081415],[-84.509415,35.081182],[-84.510733,35.080204],[-84.51075,35.079784],[-84.511315,35.079762]]]}},{"id":"205416","type":"Feature","properties":{"OBJECTID":4376,"max_category":0,"label":"0.01 to 0.10 inches","area_acres":6.357416717979599,"county":"Polk County","watershed":"Rough Creek-Ocoee River"},"geometry":{"type":"Polygon","coordinates":[[[-84.494071,35.067134],[-84.49412,35.067556],[-84.494893,35.067486],[-84.495368,35.067871],[-84.494902,35.06812],[-84.494212,35.067766],[-84.493787,35.067841],[-84.492861,35.068749],[-84.492509,35.069451],[-84.493018,35.069801],[-84.493019,35.069974],[-84.492406,35.069749],[-84.492103,35.069882],[-84.492124,35.070114],[-84.49145,35.069958],[-84.491263,35.0701],[-84.491759,35.070491],[-84.491652,35.070646],[-84.492041,35.070981],[-84.491837,35.071146],[-84.491328,35.070833],[-84.491657,35.071247],[-84.4914,35.071352],[-84.49081,35.070701],[-84.490412,35.070584],[-84.490984,35.070522],[-84.491254,35.069895],[-84.491997,35.069678],[-84.492331,35.06943],[-84.492701,35.068683],[-84.493785,35.067657],[-84.49361,35.067325],[-84.494071,35.067134]]]}},{"id":"205422","type":"Feature","properties":{"OBJECTID":4921,"max_category":0,"label":"0.01 to 0.10 inches","area_acres":6.488247653359052,"county":"Polk County","watershed":"Rough Creek-Ocoee River"},"geometry":{"type":"Polygon","coordinates":[[[-84.519531,35.079319],[-84.519659,35.079522],[-84.519069,35.080073],[-84.519114,35.080303],[-84.519309,35.080483],[-84.519961,35.079887],[-84.520168,35.080031],[-84.519451,35.0808],[-84.51955,35.082293],[-84.519226,35.082393],[-84.519114,35.080871],[-84.518556,35.079981],[-84.518409,35.079362],[-84.517468,35.078589],[-84.516915,35.077788],[-84.517167,35.077611],[-84.517451,35.077736],[-84.517511,35.078353],[-84.518433,35.079161],[-84.51881,35.078407],[-84.519244,35.078507],[-84.519367,35.078836],[-84.518581,35.079326],[-84.518916,35.079824],[-84.519531,35.079319]]]}},{"id":"205432","type":"Feature","properties":{"OBJECTID":568,"max_category":0,"label":"0.01 to 0.10 inches","area_acres":1.814473736145007,"county":"Polk County","watershed":"Rough Creek-Ocoee River"},"geometry":{"type":"Polygon","coordinates":[[[-84.496404,35.112655],[-84.498489,35.113563],[-84.49852,35.113661],[-84.498212,35.113816],[-84.497562,35.113589],[-84.496377,35.1128],[-84.495593,35.112833],[-84.495819,35.112683],[-84.496404,35.112655]]]}},{"id":"205442","type":"Feature","properties":{"OBJECTID":4121,"max_category":0,"label":"0.01 to 0.10 inches","area_acres":1.5275093181953618,"county":"Polk County","watershed":"Parksville Lake-Ocoee River"},"geometry":{"type":"Polygon","coordinates":[[[-84.507319,35.13588],[-84.508079,35.136054],[-84.508293,35.136936],[-84.508074,35.136829],[-84.507938,35.136448],[-84.506944,35.136107],[-84.506758,35.135793],[-84.50702,35.13562],[-84.507319,35.13588]]]}},{"id":"205444","type":"Feature","properties":{"OBJECTID":4993,"max_category":0,"label":"0.01 to 0.10 inches","area_acres":3.698069524352419,"county":"Polk County","watershed":"Rough Creek-Ocoee River"},"geometry":{"type":"Polygon","coordinates":[[[-84.486813,35.071387],[-84.488184,35.072188],[-84.488157,35.0724],[-84.487245,35.072053],[-84.486229,35.071043],[-84.486019,35.070629],[-84.485552,35.07044],[-84.485525,35.069682],[-84.485816,35.069767],[-84.486086,35.070254],[-84.486707,35.069763],[-84.486928,35.069831],[-84.486876,35.070109],[-84.486265,35.070467],[-84.486196,35.070672],[-84.486455,35.071043],[-84.486859,35.070796],[-84.487026,35.07084],[-84.486813,35.071387]]]}},{"id":"205445","type":"Feature","properties":{"OBJECTID":4270,"max_category":0,"label":"0.01 to 0.10 inches","area_acres":1.7720270143640213,"county":"Polk County","watershed":"Rough Creek-Ocoee River"},"geometry":{"type":"Polygon","coordinates":[[[-84.515221,35.113586],[-84.515396,35.11439],[-84.516249,35.114627],[-84.516332,35.114923],[-84.515466,35.114708],[-84.515126,35.115284],[-84.514706,35.11529],[-84.514585,35.115101],[-84.515014,35.114999],[-84.515237,35.114617],[-84.515221,35.113586]]]}},{"id":"205450","type":"Feature","properties":{"OBJECTID":4244,"max_category":0,"label":"0.01 to 0.10 inches","area_acres":1.4114936409418937,"county":"Polk County","watershed":"Rough Creek-Ocoee River"},"geometry":{"type":"Polygon","coordinates":[[[-84.518585,35.107873],[-84.518789,35.10821],[-84.518289,35.108521],[-84.518076,35.108431],[-84.518527,35.108019],[-84.5176,35.108116],[-84.517113,35.108549],[-84.516868,35.108459],[-84.517063,35.108056],[-84.518585,35.107873]]]}},{"id":"205461","type":"Feature","properties":{"OBJECTID":4549,"max_category":0,"label":"0.01 to 0.10 inches","area_acres":4.242832992821014,"county":"Polk County","watershed":"Rough Creek-Ocoee River"},"geometry":{"type":"Polygon","coordinates":[[[-84.490036,35.039175],[-84.491927,35.039026],[-84.493128,35.039425],[-84.493026,35.039558],[-84.493173,35.039732],[-84.492922,35.03981],[-84.49186,35.039308],[-84.490176,35.039303],[-84.490954,35.039702],[-84.49249,35.040027],[-84.492872,35.040363],[-84.492451,35.040435],[-84.491178,35.040077],[-84.490403,35.03954],[-84.489957,35.039469],[-84.490036,35.039175]]]}},{"id":"205482","type":"Feature","properties":{"OBJECTID":561,"max_category":0,"label":"0.01 to 0.10 inches","area_acres":6.893120069168662,"county":"Polk County","watershed":"Rough Creek-Ocoee River"},"geometry":{"type":"Polygon","coordinates":[[[-84.482639,35.03898],[-84.483021,35.039501],[-84.483906,35.039989],[-84.484812,35.040866],[-84.485427,35.041839],[-84.486583,35.042378],[-84.486667,35.04286],[-84.486433,35.042458],[-84.485931,35.042193],[-84.483566,35.041859],[-84.483598,35.041635],[-84.484734,35.041572],[-84.484434,35.041039],[-84.482824,35.039825],[-84.482769,35.039448],[-84.481738,35.039253],[-84.481836,35.03891],[-84.482639,35.03898]]]}},{"id":"205485","type":"Feature","properties":{"OBJECTID":4255,"max_category":0,"label":"0.01 to 0.10 inches","area_acres":2.9260805305939934,"county":"Polk County","watershed":"Parksville Lake-Ocoee River"},"geometry":{"type":"Polygon","coordinates":[[[-84.521933,35.129598],[-84.521962,35.129952],[-84.521041,35.129988],[-84.520927,35.130238],[-84.5211,35.130513],[-84.520544,35.130357],[-84.520418,35.130443],[-84.519814,35.131115],[-84.520021,35.131507],[-84.519815,35.131537],[-84.519593,35.13135],[-84.519616,35.131907],[-84.519176,35.131907],[-84.519132,35.131354],[-84.519556,35.131138],[-84.520317,35.130323],[-84.520521,35.130186],[-84.520719,35.130259],[-84.52088,35.129863],[-84.521355,35.129549],[-84.521933,35.129598]]]}},{"id":"205489","type":"Feature","properties":{"OBJECTID":4285,"max_category":0,"label":"0.01 to 0.10 inches","area_acres":16.869094792964034,"county":"Polk County","watershed":"Parksville Lake-Ocoee River"},"geometry":{"type":"Polygon","coordinates":[[[-84.503974,35.130528],[-84.504713,35.131291],[-84.50485,35.131807],[-84.504641,35.132138],[-84.504828,35.132457],[-84.505231,35.132487],[-84.504976,35.133167],[-84.505394,35.133475],[-84.504867,35.133575],[-84.504798,35.133711],[-84.505473,35.133797],[-84.505568,35.133994],[-84.505422,35.134248],[-84.505232,35.134274],[-84.504697,35.133831],[-84.504364,35.134024],[-84.504159,35.135941],[-84.505109,35.135719],[-84.505242,35.135248],[-84.5049,35.135039],[-84.504976,35.134677],[-84.505226,35.134706],[-84.505458,35.13506],[-84.505727,35.134963],[-84.50583,35.134503],[-84.505686,35.133976],[-84.505987,35.134069],[-84.506258,35.133838],[-84.506545,35.134078],[-84.506101,35.134439],[-84.505901,35.134953],[-84.506302,35.134537],[-84.506724,35.134366],[-84.506867,35.134639],[-84.506176,35.135012],[-84.506543,35.135091],[-84.506924,35.134934],[-84.507044,35.135041],[-84.507098,35.135411],[-84.506839,35.135576],[-84.506057,35.135117],[-84.50542,35.135269],[-84.505283,35.135725],[-84.505783,35.13595],[-84.506234,35.135795],[-84.506642,35.136023],[-84.506609,35.136275],[-84.506288,35.136427],[-84.505777,35.136093],[-84.506041,35.136528],[-84.505852,35.136749],[-84.505476,35.136562],[-84.505599,35.136032],[-84.50527,35.135868],[-84.503952,35.136227],[-84.503971,35.135238],[-84.503418,35.135054],[-84.503059,35.134622],[-84.503376,35.134579],[-84.504048,35.134901],[-84.50419,35.134057],[-84.503162,35.13338],[-84.50268,35.133547],[-84.502655,35.1334],[-84.502961,35.13318],[-84.501737,35.132394],[-84.501905,35.132057],[-84.502345,35.132197],[-84.502589,35.132117],[-84.502622,35.132531],[-84.502882,35.132904],[-84.503559,35.133506],[-84.504253,35.133912],[-84.504524,35.13375],[-84.504804,35.133202],[-84.504504,35.132229],[-84.503772,35.132029],[-84.503176,35.132106],[-84.502456,35.131664],[-84.502502,35.131469],[-84.502713,35.13144],[-84.50349,35.131787],[-84.502904,35.131277],[-84.502914,35.13112],[-84.503128,35.131064],[-84.504461,35.132047],[-84.504354,35.131492],[-84.50367,35.130765],[-84.503974,35.130528]]]}},{"id":"205492","type":"Feature","properties":{"OBJECTID":4133,"max_category":0,"label":"0.01 to 0.10 inches","area_acres":1.0999804444404062,"county":"Polk County","watershed":"Parksville Lake-Ocoee River"},"geometry":{"type":"Polygon","coordinates":[[[-84.520783,35.131907],[-84.521508,35.132256],[-84.521838,35.132782],[-84.520564,35.132118],[-84.520783,35.131907]]]}},{"id":"205495","type":"Feature","properties":{"OBJECTID":4183,"max_category":0,"label":"0.01 to 0.10 inches","area_acres":1.9532940293768868,"county":"Polk County","watershed":"Rough Creek-Ocoee River"},"geometry":{"type":"Polygon","coordinates":[[[-84.521555,35.120561],[-84.521487,35.121239],[-84.521652,35.121465],[-84.522243,35.121694],[-84.522077,35.121999],[-84.521344,35.121531],[-84.521336,35.121072],[-84.520562,35.121077],[-84.520355,35.120899],[-84.520451,35.12075],[-84.521432,35.120759],[-84.521555,35.120561]]]}},{"id":"205496","type":"Feature","properties":{"OBJECTID":4384,"max_category":0,"label":"0.01 to 0.10 inches","area_acres":1.1785636561585717,"county":"Polk County","watershed":"Rough Creek-Ocoee River"},"geometry":{"type":"Polygon","coordinates":[[[-84.497073,35.086839],[-84.497154,35.087006],[-84.496316,35.087718],[-84.49649,35.088313],[-84.496387,35.088577],[-84.496145,35.087669],[-84.496646,35.08688],[-84.497073,35.086839]]]}},{"id":"205500","type":"Feature","properties":{"OBJECTID":4329,"max_category":0,"label":"0.01 to 0.10 inches","area_acres":2.802763762752288,"county":"Polk County","watershed":"Rough Creek-Ocoee River"},"geometry":{"type":"Polygon","coordinates":[[[-84.496516,35.067161],[-84.496958,35.067474],[-84.496469,35.068145],[-84.49619,35.068979],[-84.496467,35.069619],[-84.496518,35.070367],[-84.496827,35.070974],[-84.497127,35.071081],[-84.497061,35.071187],[-84.496674,35.071062],[-84.496353,35.070427],[-84.496297,35.069666],[-84.496019,35.069021],[-84.496297,35.068176],[-84.496064,35.067647],[-84.496516,35.067161]]]}},{"id":"205506","type":"Feature","properties":{"OBJECTID":4986,"max_category":0,"label":"0.01 to 0.10 inches","area_acres":0.8090608388146023,"county":"Polk County","watershed":"Rough Creek-Ocoee River"},"geometry":{"type":"Polygon","coordinates":[[[-84.51058,35.081104],[-84.510834,35.081108],[-84.510896,35.081288],[-84.509871,35.081868],[-84.509817,35.081686],[-84.51058,35.081104]]]}},{"id":"205510","type":"Feature","properties":{"OBJECTID":4352,"max_category":0,"label":"0.01 to 0.10 inches","area_acres":0.4547132829295491,"county":"Polk County","watershed":"Rough Creek-Ocoee River"},"geometry":{"type":"Polygon","coordinates":[[[-84.506121,35.07407],[-84.506356,35.074115],[-84.506549,35.073968],[-84.506674,35.074034],[-84.506184,35.074513],[-84.505986,35.074345],[-84.506121,35.07407]]]}},{"id":"205526","type":"Feature","properties":{"OBJECTID":4872,"max_category":0,"label":"0.01 to 0.10 inches","area_acres":33.08487107485994,"county":"Polk County","watershed":"Rough Creek-Ocoee River"},"geometry":{"type":"Polygon","coordinates":[[[-84.522991,35.035019],[-84.523201,35.035361],[-84.523003,35.036381],[-84.523668,35.036584],[-84.524021,35.036583],[-84.524299,35.0364],[-84.524709,35.037088],[-84.523893,35.036717],[-84.523576,35.036937],[-84.523331,35.03754],[-84.523071,35.037685],[-84.523098,35.037256],[-84.523564,35.036704],[-84.523131,35.036662],[-84.521653,35.036049],[-84.521089,35.036047],[-84.520528,35.036884],[-84.52021,35.037585],[-84.52025,35.037862],[-84.51979,35.038348],[-84.519715,35.039281],[-84.51908,35.040368],[-84.518939,35.04021],[-84.518778,35.040335],[-84.518609,35.040258],[-84.51925,35.03936],[-84.519373,35.038437],[-84.518051,35.038635],[-84.517739,35.03931],[-84.517466,35.039201],[-84.517612,35.038628],[-84.51709,35.038609],[-84.516223,35.039076],[-84.515954,35.038943],[-84.516075,35.038696],[-84.515861,35.038637],[-84.515829,35.038294],[-84.517912,35.038335],[-84.518473,35.038143],[-84.51945,35.038098],[-84.519805,35.037917],[-84.520306,35.036964],[-84.519481,35.037001],[-84.518308,35.037409],[-84.517963,35.037676],[-84.517585,35.037618],[-84.517511,35.037327],[-84.519076,35.036768],[-84.518705,35.036537],[-84.518751,35.036398],[-84.520454,35.036621],[-84.520973,35.03594],[-84.520415,35.035555],[-84.518772,35.035216],[-84.518135,35.035645],[-84.518095,35.036108],[-84.517872,35.03635],[-84.517579,35.036255],[-84.517621,35.036012],[-84.516956,35.036398],[-84.516284,35.036471],[-84.516462,35.036155],[-84.517046,35.035967],[-84.516535,35.035828],[-84.516489,35.035634],[-84.517906,35.035554],[-84.518336,35.035015],[-84.517176,35.034958],[-84.516563,35.034738],[-84.516833,35.034503],[-84.517998,35.034697],[-84.517635,35.033776],[-84.517667,35.032984],[-84.518028,35.033148],[-84.518237,35.034178],[-84.518574,35.034713],[-84.519627,35.035044],[-84.51957,35.034699],[-84.518779,35.034116],[-84.518642,35.033817],[-84.5188,35.033682],[-84.51964,35.034252],[-84.51977,35.033699],[-84.518633,35.032125],[-84.51868,35.031786],[-84.519168,35.031995],[-84.519581,35.032459],[-84.520023,35.033382],[-84.520066,35.032183],[-84.520389,35.032389],[-84.520452,35.03332],[-84.520971,35.0331],[-84.520907,35.033417],[-84.520131,35.033984],[-84.519942,35.035145],[-84.5207,35.035573],[-84.520774,35.034619],[-84.520902,35.034286],[-84.521173,35.034204],[-84.521266,35.034463],[-84.52097,35.03502],[-84.521018,35.035729],[-84.521246,35.035897],[-84.521761,35.035929],[-84.521763,35.034904],[-84.522231,35.034513],[-84.522389,35.034742],[-84.522043,35.035549],[-84.522076,35.036038],[-84.522688,35.036272],[-84.522781,35.035137],[-84.522991,35.035019]]]}},{"id":"205531","type":"Feature","properties":{"OBJECTID":977,"max_category":0,"label":"0.01 to 0.10 inches","area_acres":3.7909836570191797,"county":"Polk County","watershed":"Rough Creek-Ocoee River"},"geometry":{"type":"Polygon","coordinates":[[[-84.488363,35.055423],[-84.488988,35.055725],[-84.48951,35.055564],[-84.490095,35.055683],[-84.490027,35.055956],[-84.48914,35.055944],[-84.490034,35.05711],[-84.490749,35.057368],[-84.490314,35.057917],[-84.489959,35.057517],[-84.489896,35.05778],[-84.48972,35.057808],[-84.489637,35.057255],[-84.489211,35.056394],[-84.488948,35.055966],[-84.488298,35.055538],[-84.488363,35.055423]]]}},{"id":"205534","type":"Feature","properties":{"OBJECTID":4187,"max_category":0,"label":"0.01 to 0.10 inches","area_acres":1.032430688709298,"county":"Polk County","watershed":"Rough Creek-Ocoee River"},"geometry":{"type":"Polygon","coordinates":[[[-84.520929,35.112802],[-84.521604,35.113349],[-84.522091,35.113453],[-84.521936,35.113806],[-84.521644,35.11398],[-84.521489,35.113912],[-84.521416,35.113376],[-84.520857,35.112932],[-84.520929,35.112802]]]}},{"id":"205548","type":"Feature","properties":{"OBJECTID":4283,"max_category":0,"label":"0.01 to 0.10 inches","area_acres":1.2524254506004224,"county":"Polk County","watershed":"Parksville Lake-Ocoee River"},"geometry":{"type":"Polygon","coordinates":[[[-84.511347,35.129586],[-84.511832,35.130021],[-84.511451,35.131128],[-84.511315,35.130893],[-84.511434,35.130179],[-84.511001,35.129729],[-84.511347,35.129586]]]}},{"id":"205552","type":"Feature","properties":{"OBJECTID":4296,"max_category":0,"label":"0.01 to 0.10 inches","area_acres":3.1378812677296746,"county":"Polk County","watershed":"Parksville Lake-Ocoee River"},"geometry":{"type":"Polygon","coordinates":[[[-84.496545,35.124675],[-84.49726,35.125147],[-84.497216,35.124498],[-84.496671,35.123846],[-84.496889,35.123598],[-84.497843,35.124334],[-84.49738,35.125343],[-84.497244,35.126186],[-84.497081,35.125965],[-84.497154,35.125574],[-84.496339,35.124834],[-84.496545,35.124675]]]}},{"id":"205557","type":"Feature","properties":{"OBJECTID":4217,"max_category":0,"label":"0.01 to 0.10 inches","area_acres":1.827106166540403,"county":"Polk County","watershed":"Rough Creek-Ocoee River"},"geometry":{"type":"Polygon","coordinates":[[[-84.497216,35.096905],[-84.497377,35.097015],[-84.497435,35.097859],[-84.497778,35.097992],[-84.497542,35.09845],[-84.497568,35.098843],[-84.498255,35.098899],[-84.498362,35.099083],[-84.497406,35.098945],[-84.497351,35.098211],[-84.497133,35.097943],[-84.497077,35.097111],[-84.497216,35.096905]]]}},{"id":"205569","type":"Feature","properties":{"OBJECTID":4246,"max_category":0,"label":"0.01 to 0.10 inches","area_acres":0.8971243756260601,"county":"Polk County","watershed":"Rough Creek-Ocoee River"},"geometry":{"type":"Polygon","coordinates":[[[-84.517787,35.11933],[-84.518684,35.119674],[-84.519141,35.119549],[-84.519271,35.119774],[-84.518906,35.120022],[-84.517774,35.119483],[-84.517787,35.11933]]]}},{"id":"205584","type":"Feature","properties":{"OBJECTID":4392,"max_category":0,"label":"0.01 to 0.10 inches","area_acres":0.5574201950918669,"county":"Polk County","watershed":"Rough Creek-Ocoee River"},"geometry":{"type":"Polygon","coordinates":[[[-84.520486,35.092796],[-84.520315,35.093092],[-84.519902,35.092737],[-84.519795,35.092394],[-84.520486,35.092796]]]}},{"id":"205590","type":"Feature","properties":{"OBJECTID":4977,"max_category":0,"label":"0.01 to 0.10 inches","area_acres":2.9366913365728062,"county":"Polk County","watershed":"Rough Creek-Ocoee River"},"geometry":{"type":"Polygon","coordinates":[[[-84.486497,35.072956],[-84.486881,35.073431],[-84.486864,35.073908],[-84.488019,35.074699],[-84.488008,35.074864],[-84.487617,35.074907],[-84.487013,35.074359],[-84.486993,35.074687],[-84.486819,35.074757],[-84.486384,35.074389],[-84.4867,35.07413],[-84.486267,35.073317],[-84.486497,35.072956]]]}},{"id":"205609","type":"Feature","properties":{"OBJECTID":4991,"max_category":0,"label":"0.01 to 0.10 inches","area_acres":2.209836217041094,"county":"Polk County","watershed":"Rough Creek-Ocoee River"},"geometry":{"type":"Polygon","coordinates":[[[-84.51805,35.081671],[-84.518215,35.081836],[-84.51825,35.082449],[-84.517678,35.082596],[-84.517525,35.081129],[-84.517768,35.080722],[-84.517909,35.080799],[-84.51805,35.081671]]]}},{"id":"205610","type":"Feature","properties":{"OBJECTID":4381,"max_category":0,"label":"0.01 to 0.10 inches","area_acres":0.5326368727177281,"county":"Polk County","watershed":"Rough Creek-Ocoee River"},"geometry":{"type":"Polygon","coordinates":[[[-84.506361,35.094479],[-84.506686,35.095067],[-84.506634,35.095212],[-84.50637,35.095144],[-84.506198,35.094797],[-84.506361,35.094479]]]}},{"id":"205621","type":"Feature","properties":{"OBJECTID":5139,"max_category":0,"label":"0.01 to 0.10 inches","area_acres":4.151171736645848,"county":"Polk County","watershed":"Rough Creek-Ocoee River"},"geometry":{"type":"Polygon","coordinates":[[[-84.490855,35.098405],[-84.491265,35.098549],[-84.491438,35.098868],[-84.49154,35.099819],[-84.491714,35.099948],[-84.491754,35.099676],[-84.492152,35.099597],[-84.492192,35.100053],[-84.492851,35.101119],[-84.492471,35.101242],[-84.492488,35.101074],[-84.491413,35.100382],[-84.491372,35.100234],[-84.491534,35.100193],[-84.492134,35.100526],[-84.491386,35.099896],[-84.49057,35.098847],[-84.490855,35.098405]],[[-84.491075,35.098887],[-84.491097,35.099207],[-84.491346,35.099528],[-84.491315,35.099063],[-84.491075,35.098887]]]}},{"id":"205629","type":"Feature","properties":{"OBJECTID":4982,"max_category":0,"label":"0.01 to 0.10 inches","area_acres":1.8239108379357332,"county":"Polk County","watershed":"Rough Creek-Ocoee River"},"geometry":{"type":"Polygon","coordinates":[[[-84.510774,35.060703],[-84.511165,35.060914],[-84.511566,35.061727],[-84.512011,35.062008],[-84.511952,35.062132],[-84.510751,35.061472],[-84.510564,35.060862],[-84.510774,35.060703]]]}},{"id":"205631","type":"Feature","properties":{"OBJECTID":5143,"max_category":0,"label":"0.01 to 0.10 inches","area_acres":8.479463280858784,"county":"Polk County","watershed":"Rough Creek-Ocoee River"},"geometry":{"type":"Polygon","coordinates":[[[-84.506825,35.017595],[-84.508991,35.018432],[-84.51044,35.018586],[-84.511211,35.018469],[-84.512125,35.018656],[-84.512455,35.01901],[-84.511065,35.018866],[-84.511523,35.019279],[-84.512045,35.019258],[-84.512571,35.019476],[-84.512506,35.019693],[-84.51223,35.01972],[-84.512447,35.019977],[-84.511514,35.019879],[-84.511316,35.0195],[-84.510465,35.019031],[-84.50934,35.018916],[-84.509028,35.019008],[-84.506709,35.017856],[-84.50646,35.017985],[-84.506825,35.017595]]]}},{"id":"205664","type":"Feature","properties":{"OBJECTID":4318,"max_category":0,"label":"0.01 to 0.10 inches","area_acres":1.382896795443273,"county":"Polk County","watershed":"Rough Creek-Ocoee River"},"geometry":{"type":"Polygon","coordinates":[[[-84.497238,35.073898],[-84.497406,35.074117],[-84.49751,35.075149],[-84.497153,35.075282],[-84.496901,35.07414],[-84.497238,35.073898]]]}},{"id":"205670","type":"Feature","properties":{"OBJECTID":558,"max_category":0,"label":"0.01 to 0.10 inches","area_acres":22.72929102976076,"county":"Polk County","watershed":"Rough Creek-Ocoee River"},"geometry":{"type":"Polygon","coordinates":[[[-84.488975,35.062727],[-84.4896,35.062362],[-84.489813,35.062387],[-84.489219,35.063145],[-84.490723,35.062885],[-84.490806,35.063103],[-84.490608,35.063335],[-84.489406,35.063445],[-84.489117,35.063645],[-84.48895,35.062956],[-84.488361,35.062391],[-84.487708,35.062446],[-84.48583,35.062011],[-84.485274,35.06252],[-84.484928,35.06257],[-84.48491,35.062382],[-84.485398,35.061932],[-84.484861,35.061615],[-84.484354,35.062158],[-84.484222,35.061827],[-84.48351,35.062555],[-84.483484,35.062282],[-84.482833,35.062367],[-84.482612,35.062137],[-84.483614,35.061969],[-84.484076,35.061689],[-84.483583,35.061189],[-84.484423,35.061171],[-84.484357,35.060853],[-84.483932,35.060466],[-84.484129,35.060322],[-84.484332,35.060408],[-84.484384,35.060242],[-84.484699,35.060158],[-84.484769,35.061408],[-84.485242,35.061566],[-84.4853,35.060372],[-84.485672,35.060202],[-84.485759,35.060703],[-84.486072,35.060897],[-84.485442,35.061464],[-84.485422,35.061653],[-84.486195,35.061962],[-84.487324,35.062169],[-84.487154,35.060643],[-84.4863,35.059882],[-84.486671,35.059634],[-84.487167,35.059679],[-84.487437,35.060266],[-84.487501,35.062219],[-84.4884,35.062247],[-84.488602,35.061761],[-84.487978,35.061272],[-84.487956,35.060895],[-84.488153,35.060848],[-84.488806,35.06151],[-84.489132,35.061186],[-84.4883,35.060546],[-84.488032,35.060038],[-84.488265,35.060017],[-84.48934,35.060991],[-84.489755,35.060493],[-84.489446,35.059878],[-84.489147,35.059659],[-84.488069,35.059542],[-84.488026,35.059343],[-84.488302,35.059294],[-84.488194,35.059017],[-84.488458,35.058918],[-84.488828,35.059156],[-84.488819,35.058851],[-84.489081,35.058714],[-84.489211,35.05928],[-84.489424,35.059093],[-84.489569,35.059187],[-84.489569,35.059622],[-84.489915,35.060288],[-84.490089,35.059987],[-84.489799,35.059627],[-84.489831,35.059056],[-84.489997,35.059085],[-84.490259,35.059942],[-84.491032,35.059582],[-84.490788,35.057935],[-84.491195,35.057552],[-84.491427,35.057905],[-84.491344,35.059362],[-84.491087,35.059745],[-84.490273,35.060144],[-84.48884,35.061722],[-84.488578,35.062308],[-84.488975,35.062727]]]}},{"id":"205678","type":"Feature","properties":{"OBJECTID":4134,"max_category":0,"label":"0.01 to 0.10 inches","area_acres":1.8731116943139654,"county":"Polk County","watershed":"Parksville Lake-Ocoee River"},"geometry":{"type":"Polygon","coordinates":[[[-84.519918,35.132002],[-84.521029,35.132899],[-84.521285,35.133579],[-84.521122,35.133871],[-84.520775,35.133082],[-84.519595,35.13234],[-84.519593,35.132123],[-84.519918,35.132002]]]}},{"id":"205680","type":"Feature","properties":{"OBJECTID":5159,"max_category":0,"label":"0.01 to 0.10 inches","area_acres":40.20844452137399,"county":"Polk County","watershed":"Rough Creek-Ocoee River"},"geometry":{"type":"Polygon","coordinates":[[[-84.493723,35.014781],[-84.494055,35.014984],[-84.493853,35.015409],[-84.494519,35.016962],[-84.495224,35.015731],[-84.495408,35.015615],[-84.495516,35.015779],[-84.495115,35.016772],[-84.49539,35.016978],[-84.494809,35.017198],[-84.494569,35.017595],[-84.494569,35.0181],[-84.494821,35.018198],[-84.495598,35.017777],[-84.495799,35.018023],[-84.494768,35.018576],[-84.494618,35.019336],[-84.495761,35.018955],[-84.495939,35.019081],[-84.495647,35.019425],[-84.494621,35.019644],[-84.494238,35.01991],[-84.494162,35.02021],[-84.494797,35.020216],[-84.495336,35.020425],[-84.495307,35.020616],[-84.494565,35.020362],[-84.494002,35.020387],[-84.493001,35.021134],[-84.492867,35.021636],[-84.49295,35.022371],[-84.493726,35.023464],[-84.494784,35.024034],[-84.495099,35.022959],[-84.495337,35.022929],[-84.495359,35.023442],[-84.494973,35.024095],[-84.495999,35.02472],[-84.496419,35.024304],[-84.496815,35.022706],[-84.495662,35.021794],[-84.495337,35.021022],[-84.495571,35.020937],[-84.497002,35.022225],[-84.497209,35.02163],[-84.496338,35.0203],[-84.496593,35.020282],[-84.497776,35.021284],[-84.497846,35.021622],[-84.497314,35.022588],[-84.496903,35.024036],[-84.496587,35.024538],[-84.496127,35.024844],[-84.496222,35.025249],[-84.496508,35.025554],[-84.496412,35.025726],[-84.495921,35.024854],[-84.494548,35.024078],[-84.493706,35.024737],[-84.493335,35.024828],[-84.493347,35.024623],[-84.493958,35.02406],[-84.493938,35.023759],[-84.493647,35.023623],[-84.493138,35.02383],[-84.492381,35.024807],[-84.492238,35.024763],[-84.492251,35.024484],[-84.490759,35.024911],[-84.490019,35.024635],[-84.490242,35.024435],[-84.490893,35.024431],[-84.492308,35.024092],[-84.492747,35.02372],[-84.490757,35.023725],[-84.48993,35.023442],[-84.489944,35.023157],[-84.491462,35.023387],[-84.492062,35.023305],[-84.493497,35.023432],[-84.492758,35.022563],[-84.491423,35.022677],[-84.490322,35.022185],[-84.490639,35.022049],[-84.491924,35.022293],[-84.492768,35.022255],[-84.492563,35.021912],[-84.490834,35.021545],[-84.490532,35.021291],[-84.490648,35.021115],[-84.491162,35.021119],[-84.492695,35.021664],[-84.492766,35.021227],[-84.492355,35.020921],[-84.490773,35.020399],[-84.490881,35.020254],[-84.491214,35.020234],[-84.491936,35.020355],[-84.491551,35.019576],[-84.490957,35.019175],[-84.491413,35.018506],[-84.491723,35.018659],[-84.491726,35.019097],[-84.491925,35.019374],[-84.492095,35.019217],[-84.492053,35.018447],[-84.492244,35.018316],[-84.492474,35.018377],[-84.492399,35.019229],[-84.49206,35.019552],[-84.492526,35.020547],[-84.492936,35.020979],[-84.494322,35.019501],[-84.49451,35.018805],[-84.494401,35.018181],[-84.493283,35.017824],[-84.493023,35.017586],[-84.493392,35.017468],[-84.494376,35.017817],[-84.494243,35.017335],[-84.49373,35.01665],[-84.49361,35.01488],[-84.493723,35.014781]]]}},{"id":"205686","type":"Feature","properties":{"OBJECTID":4387,"max_category":0,"label":"0.01 to 0.10 inches","area_acres":1.8011255052629724,"county":"Polk County","watershed":"Rough Creek-Ocoee River"},"geometry":{"type":"Polygon","coordinates":[[[-84.512757,35.083592],[-84.512982,35.083671],[-84.513013,35.084661],[-84.51267,35.085311],[-84.512319,35.085376],[-84.51218,35.085212],[-84.512493,35.084939],[-84.512353,35.084824],[-84.51268,35.084243],[-84.512757,35.083592]]]}},{"id":"205698","type":"Feature","properties":{"OBJECTID":4383,"max_category":0,"label":"0.01 to 0.10 inches","area_acres":2.425208944703285,"county":"Polk County","watershed":"Rough Creek-Ocoee River"},"geometry":{"type":"Polygon","coordinates":[[[-84.504032,35.087265],[-84.504015,35.087581],[-84.503641,35.087646],[-84.503369,35.087998],[-84.503015,35.088142],[-84.502369,35.087215],[-84.502547,35.08688],[-84.502774,35.086938],[-84.503092,35.087925],[-84.503466,35.087608],[-84.503211,35.086794],[-84.503752,35.086956],[-84.503679,35.087345],[-84.504032,35.087265]]]}},{"id":"205720","type":"Feature","properties":{"OBJECTID":569,"max_category":0,"label":"0.01 to 0.10 inches","area_acres":3.257616788034115,"county":"Polk County","watershed":"Rough Creek-Ocoee River"},"geometry":{"type":"Polygon","coordinates":[[[-84.495057,35.113542],[-84.49549,35.113963],[-84.496239,35.114149],[-84.49683,35.114098],[-84.496984,35.11428],[-84.497482,35.114385],[-84.497587,35.114526],[-84.497457,35.11462],[-84.496779,35.114528],[-84.497643,35.115103],[-84.497872,35.115093],[-84.498275,35.114745],[-84.498488,35.114786],[-84.498509,35.114951],[-84.497934,35.115232],[-84.497237,35.115228],[-84.496552,35.114831],[-84.496071,35.114217],[-84.49533,35.114037],[-84.494983,35.113645],[-84.495057,35.113542]]]}},{"id":"205727","type":"Feature","properties":{"OBJECTID":3408,"max_category":0,"label":"0.01 to 0.10 inches","area_acres":1.3374084850053147,"county":"Polk County","watershed":"Rough Creek-Ocoee River"},"geometry":{"type":"Polygon","coordinates":[[[-84.480011,35.074076],[-84.480101,35.07426],[-84.479729,35.074314],[-84.478667,35.07499],[-84.478358,35.075001],[-84.478429,35.074799],[-84.479438,35.074167],[-84.480011,35.074076]]]}},{"id":"205729","type":"Feature","properties":{"OBJECTID":4339,"max_category":0,"label":"0.01 to 0.10 inches","area_acres":1.5617053820690778,"county":"Polk County","watershed":"Rough Creek-Ocoee River"},"geometry":{"type":"Polygon","coordinates":[[[-84.510046,35.061315],[-84.510538,35.061548],[-84.510447,35.061999],[-84.510925,35.062403],[-84.511372,35.062575],[-84.511633,35.062481],[-84.511497,35.062698],[-84.510845,35.062535],[-84.509907,35.061766],[-84.509742,35.061515],[-84.510046,35.061315]]]}},{"id":"205731","type":"Feature","properties":{"OBJECTID":3403,"max_category":0,"label":"0.01 to 0.10 inches","area_acres":3.5908809226603604,"county":"Polk County","watershed":"Rough Creek-Ocoee River"},"geometry":{"type":"Polygon","coordinates":[[[-84.481092,35.09662],[-84.481587,35.096932],[-84.482121,35.097683],[-84.482628,35.097363],[-84.48226,35.096595],[-84.482419,35.096578],[-84.482683,35.096876],[-84.482894,35.096784],[-84.482858,35.097363],[-84.482168,35.097883],[-84.482012,35.098551],[-84.482085,35.09911],[-84.481845,35.098666],[-84.481948,35.097701],[-84.481379,35.097386],[-84.480863,35.096746],[-84.48013,35.097185],[-84.479938,35.097148],[-84.480191,35.096751],[-84.481092,35.09662]]]}},{"id":"205735","type":"Feature","properties":{"OBJECTID":2980,"max_category":0,"label":"0.01 to 0.10 inches","area_acres":1.4688687867262986,"county":"Polk County","watershed":"Rough Creek-Ocoee River"},"geometry":{"type":"Polygon","coordinates":[[[-84.485349,35.049919],[-84.48543,35.050136],[-84.484279,35.050358],[-84.483734,35.050376],[-84.483569,35.050131],[-84.483675,35.049995],[-84.485349,35.049919]]]}},{"id":"205744","type":"Feature","properties":{"OBJECTID":3411,"max_category":0,"label":"0.01 to 0.10 inches","area_acres":1.1332016952478785,"county":"Polk County","watershed":"Rough Creek-Ocoee River"},"geometry":{"type":"Polygon","coordinates":[[[-84.480591,35.075233],[-84.480812,35.075503],[-84.479911,35.076273],[-84.479673,35.076311],[-84.479736,35.075988],[-84.480591,35.075233]]]}},{"id":"205755","type":"Feature","properties":{"OBJECTID":4292,"max_category":0,"label":"0.01 to 0.10 inches","area_acres":1.5106038523398455,"county":"Polk County","watershed":"Parksville Lake-Ocoee River"},"geometry":{"type":"Polygon","coordinates":[[[-84.509065,35.12903],[-84.509591,35.129619],[-84.50874,35.130506],[-84.508636,35.130369],[-84.508849,35.1301],[-84.508893,35.129233],[-84.509065,35.12903]]]}},{"id":"205763","type":"Feature","properties":{"OBJECTID":3381,"max_category":0,"label":"0.01 to 0.10 inches","area_acres":3.0433859182914555,"county":"Polk County","watershed":"Rough Creek-Ocoee River"},"geometry":{"type":"Polygon","coordinates":[[[-84.480463,35.079505],[-84.480866,35.079525],[-84.480985,35.0803],[-84.480853,35.080826],[-84.480354,35.080835],[-84.479968,35.080704],[-84.480047,35.079292],[-84.480184,35.079218],[-84.480463,35.079505]],[[-84.480472,35.080133],[-84.480509,35.080685],[-84.480636,35.08068],[-84.480613,35.080342],[-84.480472,35.080133]]]}},{"id":"205771","type":"Feature","properties":{"OBJECTID":4440,"max_category":0,"label":"0.01 to 0.10 inches","area_acres":1.564536058917579,"county":"Polk County","watershed":"Rough Creek-Ocoee River"},"geometry":{"type":"Polygon","coordinates":[[[-84.490537,35.046463],[-84.491273,35.046925],[-84.491977,35.046811],[-84.492056,35.046993],[-84.490417,35.047237],[-84.490239,35.046782],[-84.490466,35.046688],[-84.490537,35.046463]]]}},{"id":"205772","type":"Feature","properties":{"OBJECTID":5014,"max_category":0,"label":"0.01 to 0.10 inches","area_acres":0.3217116157541472,"county":"Polk County","watershed":"Parksville Lake-Ocoee River"},"geometry":{"type":"Polygon","coordinates":[[[-84.519741,35.138284],[-84.519935,35.138516],[-84.519558,35.138621],[-84.519467,35.138364],[-84.519741,35.138284]]]}},{"id":"205779","type":"Feature","properties":{"OBJECTID":4256,"max_category":0,"label":"0.01 to 0.10 inches","area_acres":1.6649601673811483,"county":"Polk County","watershed":"Parksville Lake-Ocoee River"},"geometry":{"type":"Polygon","coordinates":[[[-84.519567,35.129789],[-84.519658,35.129938],[-84.519388,35.130194],[-84.518416,35.130796],[-84.518548,35.131301],[-84.518249,35.131381],[-84.517954,35.130989],[-84.518111,35.130862],[-84.517784,35.130882],[-84.51768,35.130646],[-84.51787,35.130527],[-84.518413,35.130585],[-84.519567,35.129789]]]}},{"id":"205795","type":"Feature","properties":{"OBJECTID":4390,"max_category":0,"label":"0.01 to 0.10 inches","area_acres":1.0074189471405743,"county":"Polk County","watershed":"Rough Creek-Ocoee River"},"geometry":{"type":"Polygon","coordinates":[[[-84.508256,35.086357],[-84.509278,35.087081],[-84.509458,35.087503],[-84.508723,35.086864],[-84.508227,35.086941],[-84.508141,35.086429],[-84.508256,35.086357]]]}},{"id":"205805","type":"Feature","properties":{"OBJECTID":4341,"max_category":0,"label":"0.01 to 0.10 inches","area_acres":2.734100954066342,"county":"Polk County","watershed":"Rough Creek-Ocoee River"},"geometry":{"type":"Polygon","coordinates":[[[-84.509399,35.064124],[-84.509669,35.064426],[-84.509073,35.064722],[-84.50884,35.065008],[-84.508825,35.065238],[-84.509036,35.06539],[-84.508898,35.065471],[-84.508181,35.065154],[-84.508278,35.064953],[-84.508696,35.064913],[-84.508206,35.064114],[-84.507949,35.064003],[-84.507147,35.06406],[-84.507042,35.063679],[-84.508164,35.063892],[-84.508716,35.064632],[-84.509399,35.064124]]]}},{"id":"205806","type":"Feature","properties":{"OBJECTID":3400,"max_category":0,"label":"0.01 to 0.10 inches","area_acres":9.441047742227553,"county":"Polk County","watershed":"Rough Creek-Ocoee River"},"geometry":{"type":"Polygon","coordinates":[[[-84.480458,35.094874],[-84.481304,35.095002],[-84.482079,35.095707],[-84.482046,35.095839],[-84.481765,35.095895],[-84.480656,35.095022],[-84.480887,35.095811],[-84.480729,35.095925],[-84.480753,35.09621],[-84.480353,35.096237],[-84.480214,35.095819],[-84.480397,35.095047],[-84.480089,35.094854],[-84.479944,35.095749],[-84.479589,35.095881],[-84.479601,35.096276],[-84.479394,35.096338],[-84.479254,35.096159],[-84.478942,35.096375],[-84.478911,35.096177],[-84.479625,35.095518],[-84.479892,35.09501],[-84.479266,35.093673],[-84.478933,35.093806],[-84.478734,35.093721],[-84.47891,35.093349],[-84.479303,35.093454],[-84.479564,35.093126],[-84.479596,35.092606],[-84.479402,35.092208],[-84.479026,35.092495],[-84.478763,35.093142],[-84.478404,35.092787],[-84.478504,35.092352],[-84.478928,35.09237],[-84.479389,35.092006],[-84.479491,35.090994],[-84.479668,35.090878],[-84.479661,35.091471],[-84.480332,35.092002],[-84.48017,35.092207],[-84.479736,35.091901],[-84.479577,35.092218],[-84.479828,35.092495],[-84.480184,35.092513],[-84.480482,35.092734],[-84.480368,35.092833],[-84.479914,35.092771],[-84.480167,35.093192],[-84.479809,35.093215],[-84.479445,35.093737],[-84.479834,35.094545],[-84.480458,35.094874]]]}},{"id":"205812","type":"Feature","properties":{"OBJECTID":4271,"max_category":0,"label":"0.01 to 0.10 inches","area_acres":1.2454754360088,"county":"Polk County","watershed":"Parksville Lake-Ocoee River"},"geometry":{"type":"Polygon","coordinates":[[[-84.503272,35.117164],[-84.503498,35.117452],[-84.503064,35.117822],[-84.502472,35.117916],[-84.501927,35.118549],[-84.5019,35.118334],[-84.502353,35.117796],[-84.502607,35.117766],[-84.503272,35.117164]]]}},{"id":"205826","type":"Feature","properties":{"OBJECTID":3374,"max_category":0,"label":"0.01 to 0.10 inches","area_acres":7.961559066666294,"county":"Polk County","watershed":"Rough Creek-Ocoee River"},"geometry":{"type":"Polygon","coordinates":[[[-84.482762,35.094769],[-84.482695,35.094984],[-84.482137,35.094761],[-84.481942,35.093916],[-84.483585,35.092902],[-84.484479,35.091644],[-84.484694,35.091576],[-84.485356,35.092122],[-84.485422,35.092678],[-84.48514,35.092667],[-84.484585,35.091818],[-84.48411,35.092372],[-84.485288,35.093265],[-84.485384,35.093647],[-84.485014,35.093619],[-84.483989,35.092605],[-84.483812,35.092961],[-84.484482,35.093566],[-84.484275,35.093891],[-84.484627,35.094342],[-84.484357,35.094548],[-84.483691,35.094573],[-84.483947,35.094044],[-84.483633,35.093043],[-84.482974,35.093444],[-84.483204,35.093889],[-84.483115,35.094127],[-84.482895,35.094094],[-84.482703,35.093718],[-84.482138,35.093949],[-84.482762,35.094769]]]}},{"id":"205844","type":"Feature","properties":{"OBJECTID":3794,"max_category":0,"label":"0.01 to 0.10 inches","area_acres":1.8659708619988513,"county":"Polk County","watershed":"Parksville Lake-Ocoee River"},"geometry":{"type":"Polygon","coordinates":[[[-84.518842,35.148755],[-84.519196,35.148987],[-84.52022,35.14903],[-84.520213,35.149224],[-84.519884,35.149373],[-84.518981,35.149021],[-84.518754,35.149627],[-84.519342,35.150038],[-84.519169,35.150249],[-84.518906,35.150164],[-84.518589,35.149756],[-84.518842,35.148755]]]}},{"id":"205845","type":"Feature","properties":{"OBJECTID":4874,"max_category":0,"label":"0.01 to 0.10 inches","area_acres":18.589567247147684,"county":"Polk County","watershed":"Rough Creek-Ocoee River"},"geometry":{"type":"Polygon","coordinates":[[[-84.524655,35.042786],[-84.524857,35.043009],[-84.52474,35.04328],[-84.524937,35.044686],[-84.525258,35.044792],[-84.525219,35.044938],[-84.524686,35.044771],[-84.523207,35.044674],[-84.522033,35.044836],[-84.52191,35.044541],[-84.521616,35.044691],[-84.519911,35.04488],[-84.518406,35.044645],[-84.517592,35.044903],[-84.516418,35.044459],[-84.51658,35.044284],[-84.518398,35.044201],[-84.519515,35.044425],[-84.521844,35.044401],[-84.520929,35.04365],[-84.519974,35.043831],[-84.518784,35.043802],[-84.517744,35.043596],[-84.517121,35.043246],[-84.517182,35.042981],[-84.517483,35.04295],[-84.519315,35.043443],[-84.5208,35.043458],[-84.519006,35.041922],[-84.518002,35.041912],[-84.518037,35.0417],[-84.518496,35.041569],[-84.51847,35.041144],[-84.518961,35.041255],[-84.52054,35.042808],[-84.52069,35.042466],[-84.520889,35.042491],[-84.520895,35.043303],[-84.522038,35.044352],[-84.522329,35.04427],[-84.52344,35.044575],[-84.524726,35.044627],[-84.524653,35.044043],[-84.523807,35.043235],[-84.523774,35.042925],[-84.524069,35.042703],[-84.524468,35.042985],[-84.524655,35.042786]]]}},{"id":"205853","type":"Feature","properties":{"OBJECTID":4278,"max_category":0,"label":"0.01 to 0.10 inches","area_acres":3.7996251553825107,"county":"Polk County","watershed":"Parksville Lake-Ocoee River"},"geometry":{"type":"Polygon","coordinates":[[[-84.517315,35.130662],[-84.517671,35.130847],[-84.517772,35.131227],[-84.517023,35.131696],[-84.517602,35.132174],[-84.518185,35.131665],[-84.518161,35.132071],[-84.517874,35.132401],[-84.518316,35.132777],[-84.519195,35.132205],[-84.519455,35.132324],[-84.519409,35.132536],[-84.518552,35.133082],[-84.518531,35.133444],[-84.518252,35.132922],[-84.516762,35.131658],[-84.517315,35.130662]]]}},{"id":"205859","type":"Feature","properties":{"OBJECTID":4295,"max_category":0,"label":"0.01 to 0.10 inches","area_acres":1.489148284359466,"county":"Polk County","watershed":"Parksville Lake-Ocoee River"},"geometry":{"type":"Polygon","coordinates":[[[-84.51008,35.129672],[-84.510684,35.129991],[-84.510998,35.130577],[-84.510883,35.131149],[-84.510504,35.130304],[-84.509787,35.130004],[-84.509781,35.129741],[-84.51008,35.129672]]]}},{"id":"205861","type":"Feature","properties":{"OBJECTID":5008,"max_category":0,"label":"0.01 to 0.10 inches","area_acres":1.1177254561325534,"county":"Polk County","watershed":"Rough Creek-Ocoee River"},"geometry":{"type":"Polygon","coordinates":[[[-84.504136,35.09425],[-84.504209,35.095112],[-84.504024,35.095349],[-84.503718,35.095427],[-84.503617,35.095267],[-84.503885,35.094799],[-84.503923,35.094308],[-84.504136,35.09425]]]}},{"id":"205884","type":"Feature","properties":{"OBJECTID":3782,"max_category":0,"label":"0.01 to 0.10 inches","area_acres":0.5485852643639798,"county":"Polk County","watershed":"Parksville Lake-Ocoee River"},"geometry":{"type":"Polygon","coordinates":[[[-84.513184,35.144391],[-84.51361,35.144433],[-84.513515,35.144766],[-84.512995,35.14483],[-84.513184,35.144391]]]}},{"id":"205885","type":"Feature","properties":{"OBJECTID":3789,"max_category":0,"label":"0.01 to 0.10 inches","area_acres":0.8789886485214871,"county":"Polk County","watershed":"Parksville Lake-Ocoee River"},"geometry":{"type":"Polygon","coordinates":[[[-84.510575,35.140224],[-84.511698,35.140012],[-84.511847,35.140166],[-84.511787,35.140465],[-84.511527,35.140506],[-84.510575,35.140224]]]}},{"id":"205889","type":"Feature","properties":{"OBJECTID":4941,"max_category":0,"label":"0.01 to 0.10 inches","area_acres":3.2470946219277694,"county":"Polk County","watershed":"Rough Creek-Ocoee River"},"geometry":{"type":"Polygon","coordinates":[[[-84.505933,35.083188],[-84.505995,35.083313],[-84.50523,35.083638],[-84.504655,35.084225],[-84.5043,35.084365],[-84.504016,35.084339],[-84.50399,35.084185],[-84.504917,35.083653],[-84.503622,35.083629],[-84.503035,35.084167],[-84.502802,35.084141],[-84.502883,35.083717],[-84.503301,35.08351],[-84.503251,35.083295],[-84.503462,35.083194],[-84.503772,35.083369],[-84.504428,35.083288],[-84.50482,35.083514],[-84.505933,35.083188]]]}},{"id":"205898","type":"Feature","properties":{"OBJECTID":4442,"max_category":0,"label":"0.01 to 0.10 inches","area_acres":1.9524557398561027,"county":"Polk County","watershed":"Rough Creek-Ocoee River"},"geometry":{"type":"Polygon","coordinates":[[[-84.488418,35.05161],[-84.488623,35.051705],[-84.488643,35.051932],[-84.488188,35.052078],[-84.487173,35.052126],[-84.486935,35.052274],[-84.486638,35.051955],[-84.487257,35.051677],[-84.48793,35.051729],[-84.488418,35.05161]]]}},{"id":"205910","type":"Feature","properties":{"OBJECTID":5161,"max_category":0,"label":"0.01 to 0.10 inches","area_acres":0.9944137558270116,"county":"Polk County","watershed":"Rough Creek-Ocoee River"},"geometry":{"type":"Polygon","coordinates":[[[-84.4977,35.023653],[-84.498459,35.024204],[-84.497915,35.024694],[-84.497819,35.024596],[-84.498076,35.024354],[-84.497606,35.023972],[-84.4977,35.023653]]]}},{"id":"205914","type":"Feature","properties":{"OBJECTID":4241,"max_category":0,"label":"0.01 to 0.10 inches","area_acres":6.181072166370867,"county":"Polk County","watershed":"Rough Creek-Ocoee River"},"geometry":{"type":"Polygon","coordinates":[[[-84.519851,35.112218],[-84.519893,35.112354],[-84.518796,35.11267],[-84.518541,35.113914],[-84.518173,35.11435],[-84.518061,35.115688],[-84.517919,35.115865],[-84.517412,35.116188],[-84.5163,35.116028],[-84.516182,35.115695],[-84.516369,35.115461],[-84.516578,35.115468],[-84.517333,35.116048],[-84.517886,35.115652],[-84.517889,35.115203],[-84.516993,35.11527],[-84.516677,35.115058],[-84.516878,35.114886],[-84.517903,35.114908],[-84.517998,35.114317],[-84.517484,35.114161],[-84.517411,35.114002],[-84.517735,35.113857],[-84.518135,35.114083],[-84.518368,35.113869],[-84.518608,35.11295],[-84.518472,35.112672],[-84.517126,35.11295],[-84.517066,35.112618],[-84.517256,35.112474],[-84.517639,35.11265],[-84.518698,35.112546],[-84.518794,35.112465],[-84.518313,35.112021],[-84.518406,35.111817],[-84.51909,35.112361],[-84.519851,35.112218]]]}},{"id":"205921","type":"Feature","properties":{"OBJECTID":5026,"max_category":0,"label":"0.01 to 0.10 inches","area_acres":1.8487074324385824,"county":"Polk County","watershed":"Parksville Lake-Ocoee River"},"geometry":{"type":"Polygon","coordinates":[[[-84.509898,35.136395],[-84.510196,35.136553],[-84.510179,35.136727],[-84.509897,35.136786],[-84.510234,35.137148],[-84.510139,35.137343],[-84.509967,35.137339],[-84.509317,35.136757],[-84.508919,35.136748],[-84.508466,35.137145],[-84.50839,35.136963],[-84.508957,35.136502],[-84.509898,35.136395]]]}},{"id":"205926","type":"Feature","properties":{"OBJECTID":3394,"max_category":0,"label":"0.01 to 0.10 inches","area_acres":5.151676797433392,"county":"Polk County","watershed":"Rough Creek-Ocoee River"},"geometry":{"type":"Polygon","coordinates":[[[-84.482022,35.089038],[-84.48257,35.08926],[-84.483383,35.088871],[-84.483569,35.08911],[-84.482848,35.089336],[-84.48311,35.089514],[-84.482797,35.089613],[-84.483457,35.089936],[-84.484343,35.08962],[-84.484929,35.089924],[-84.485283,35.08995],[-84.485309,35.090127],[-84.484849,35.090125],[-84.484963,35.090368],[-84.484152,35.089882],[-84.483673,35.090068],[-84.484245,35.090932],[-84.484681,35.091201],[-84.485234,35.091038],[-84.485365,35.090541],[-84.48565,35.090429],[-84.48584,35.090757],[-84.485652,35.091217],[-84.484649,35.091345],[-84.484358,35.091206],[-84.483428,35.09008],[-84.482409,35.089851],[-84.482399,35.089479],[-84.481961,35.089207],[-84.482022,35.089038]]]}},{"id":"205936","type":"Feature","properties":{"OBJECTID":4966,"max_category":0,"label":"0.01 to 0.10 inches","area_acres":6.341193300170325,"county":"Polk County","watershed":"Rough Creek-Ocoee River"},"geometry":{"type":"Polygon","coordinates":[[[-84.491556,35.082963],[-84.493109,35.084524],[-84.492973,35.084811],[-84.493293,35.085115],[-84.493055,35.085263],[-84.492589,35.084953],[-84.492501,35.084368],[-84.491619,35.083535],[-84.491479,35.08312],[-84.491138,35.083413],[-84.491165,35.08382],[-84.492472,35.08537],[-84.493027,35.085555],[-84.493382,35.085937],[-84.493338,35.086141],[-84.493117,35.086168],[-84.492499,35.085731],[-84.492672,35.086313],[-84.492544,35.086444],[-84.492127,35.086265],[-84.492341,35.085477],[-84.491833,35.084895],[-84.491398,35.084677],[-84.490898,35.083904],[-84.490931,35.083215],[-84.491168,35.0832],[-84.491352,35.082922],[-84.491556,35.082963]]]}},{"id":"205957","type":"Feature","properties":{"OBJECTID":4569,"max_category":0,"label":"0.01 to 0.10 inches","area_acres":3.15653853602755,"county":"Polk County","watershed":"Rough Creek-Ocoee River"},"geometry":{"type":"Polygon","coordinates":[[[-84.498393,35.04982],[-84.498749,35.050005],[-84.498803,35.050322],[-84.498131,35.050361],[-84.497837,35.050728],[-84.498731,35.051006],[-84.498693,35.051293],[-84.497369,35.051056],[-84.4964,35.051291],[-84.495513,35.050986],[-84.495607,35.050858],[-84.496505,35.051145],[-84.497458,35.050881],[-84.498002,35.050004],[-84.498393,35.04982]]]}},{"id":"205973","type":"Feature","properties":{"OBJECTID":4127,"max_category":0,"label":"0.01 to 0.10 inches","area_acres":4.361877981421873,"county":"Polk County","watershed":"Parksville Lake-Ocoee River"},"geometry":{"type":"Polygon","coordinates":[[[-84.497775,35.12305],[-84.498049,35.12337],[-84.498092,35.123986],[-84.498667,35.124565],[-84.499062,35.12478],[-84.499218,35.124172],[-84.499356,35.124383],[-84.499548,35.124381],[-84.499757,35.124838],[-84.499209,35.12515],[-84.498476,35.126325],[-84.498376,35.126204],[-84.498737,35.125694],[-84.498127,35.125323],[-84.498029,35.125037],[-84.498261,35.124945],[-84.498826,35.125516],[-84.499032,35.125103],[-84.498355,35.124684],[-84.498348,35.124391],[-84.497263,35.123613],[-84.497318,35.123485],[-84.497553,35.123543],[-84.497536,35.123188],[-84.497775,35.12305]]]}},{"id":"205974","type":"Feature","properties":{"OBJECTID":4899,"max_category":0,"label":"0.01 to 0.10 inches","area_acres":1.3108775300099231,"county":"Polk County","watershed":"Rough Creek-Ocoee River"},"geometry":{"type":"Polygon","coordinates":[[[-84.517997,35.067949],[-84.519146,35.068557],[-84.519099,35.068822],[-84.518834,35.068569],[-84.517974,35.068535],[-84.517803,35.068393],[-84.517783,35.067991],[-84.517997,35.067949]]]}},{"id":"205980","type":"Feature","properties":{"OBJECTID":4929,"max_category":0,"label":"0.01 to 0.10 inches","area_acres":1.594654292816971,"county":"Polk County","watershed":"Rough Creek-Ocoee River"},"geometry":{"type":"Polygon","coordinates":[[[-84.508216,35.033882],[-84.508237,35.033713],[-84.509912,35.033748],[-84.510248,35.033936],[-84.510264,35.034163],[-84.509899,35.034217],[-84.508655,35.033836],[-84.508216,35.033882]]]}},{"id":"205989","type":"Feature","properties":{"OBJECTID":5047,"max_category":0,"label":"0.01 to 0.10 inches","area_acres":1.1598657906958896,"county":"Polk County","watershed":"Parksville Lake-Ocoee River"},"geometry":{"type":"Polygon","coordinates":[[[-84.517717,35.146],[-84.51842,35.146123],[-84.518781,35.146571],[-84.519562,35.146989],[-84.519606,35.147188],[-84.519183,35.147214],[-84.518352,35.146265],[-84.517606,35.146133],[-84.517717,35.146]]]}},{"id":"205995","type":"Feature","properties":{"OBJECTID":576,"max_category":0,"label":"0.01 to 0.10 inches","area_acres":3.386315272019154,"county":"Polk County","watershed":"Rough Creek-Ocoee River"},"geometry":{"type":"Polygon","coordinates":[[[-84.498315,35.105248],[-84.499223,35.105757],[-84.500037,35.105694],[-84.500449,35.105878],[-84.500665,35.106075],[-84.500641,35.106382],[-84.499712,35.106071],[-84.500129,35.106567],[-84.499992,35.106768],[-84.499219,35.105947],[-84.499533,35.106631],[-84.499389,35.106768],[-84.499087,35.106514],[-84.49904,35.105867],[-84.498563,35.10549],[-84.498289,35.105392],[-84.49724,35.105465],[-84.498315,35.105248]]]}},{"id":"206001","type":"Feature","properties":{"OBJECTID":5156,"max_category":0,"label":"0.01 to 0.10 inches","area_acres":7.483274817923085,"county":"Polk County","watershed":"Rough Creek-Ocoee River"},"geometry":{"type":"Polygon","coordinates":[[[-84.499099,35.022081],[-84.5006,35.022971],[-84.503039,35.023309],[-84.50318,35.023541],[-84.504882,35.024141],[-84.505142,35.024742],[-84.504554,35.02466],[-84.502543,35.023794],[-84.502644,35.024742],[-84.502518,35.024805],[-84.502227,35.024578],[-84.502106,35.023641],[-84.500536,35.02319],[-84.500016,35.02281],[-84.499678,35.022871],[-84.49879,35.022162],[-84.499099,35.022081]]]}},{"id":"206007","type":"Feature","properties":{"OBJECTID":4974,"max_category":0,"label":"0.01 to 0.10 inches","area_acres":0.801240317613459,"county":"Polk County","watershed":"Rough Creek-Ocoee River"},"geometry":{"type":"Polygon","coordinates":[[[-84.49792,35.092937],[-84.498038,35.093435],[-84.497632,35.093972],[-84.497458,35.093782],[-84.497756,35.09329],[-84.497745,35.092985],[-84.49792,35.092937]]]}},{"id":"206020","type":"Feature","properties":{"OBJECTID":4137,"max_category":0,"label":"0.01 to 0.10 inches","area_acres":1.4587954836860137,"county":"Polk County","watershed":"Parksville Lake-Ocoee River"},"geometry":{"type":"Polygon","coordinates":[[[-84.513336,35.132247],[-84.513205,35.133219],[-84.513416,35.133641],[-84.513265,35.13377],[-84.512737,35.133586],[-84.512623,35.133393],[-84.513336,35.132247]]]}},{"id":"206027","type":"Feature","properties":{"OBJECTID":4504,"max_category":0,"label":"0.01 to 0.10 inches","area_acres":2.8503645692088293,"county":"Polk County","watershed":"Rough Creek-Ocoee River"},"geometry":{"type":"Polygon","coordinates":[[[-84.50106,35.087373],[-84.50167,35.088224],[-84.501431,35.088609],[-84.501857,35.089059],[-84.501922,35.089401],[-84.501213,35.088692],[-84.500127,35.088689],[-84.500446,35.088518],[-84.500058,35.088188],[-84.500281,35.087821],[-84.500749,35.08842],[-84.501253,35.088548],[-84.500852,35.087569],[-84.50106,35.087373]]]}},{"id":"206032","type":"Feature","properties":{"OBJECTID":5035,"max_category":0,"label":"0.01 to 0.10 inches","area_acres":0.4618440207661238,"county":"Polk County","watershed":"Parksville Lake-Ocoee River"},"geometry":{"type":"Polygon","coordinates":[[[-84.51687,35.143366],[-84.517359,35.143386],[-84.517291,35.143689],[-84.516867,35.143687],[-84.51687,35.143366]]]}},{"id":"206034","type":"Feature","properties":{"OBJECTID":4998,"max_category":0,"label":"0.01 to 0.10 inches","area_acres":18.396825374972178,"county":"Polk County","watershed":"Rough Creek-Ocoee River"},"geometry":{"type":"Polygon","coordinates":[[[-84.488496,35.083267],[-84.488345,35.084692],[-84.488634,35.085504],[-84.489411,35.086214],[-84.489368,35.086542],[-84.488815,35.086976],[-84.48879,35.086757],[-84.489248,35.086278],[-84.488476,35.085577],[-84.488302,35.085101],[-84.487647,35.086269],[-84.48825,35.086904],[-84.487966,35.086975],[-84.487464,35.086582],[-84.487282,35.086808],[-84.487501,35.087181],[-84.487105,35.087377],[-84.486875,35.087237],[-84.486898,35.08704],[-84.488108,35.085253],[-84.488042,35.084764],[-84.487658,35.084817],[-84.487596,35.084618],[-84.487977,35.084296],[-84.48801,35.08379],[-84.487107,35.084429],[-84.486939,35.084423],[-84.486907,35.084273],[-84.488048,35.083278],[-84.486933,35.083151],[-84.486724,35.084121],[-84.486522,35.084002],[-84.486457,35.083604],[-84.486275,35.083756],[-84.486137,35.083698],[-84.48629,35.08311],[-84.485894,35.082868],[-84.485367,35.083439],[-84.485978,35.083733],[-84.4861,35.08399],[-84.485799,35.084048],[-84.485156,35.083633],[-84.484879,35.083945],[-84.485148,35.084217],[-84.486078,35.084641],[-84.486575,35.084483],[-84.487095,35.084664],[-84.487022,35.084989],[-84.486212,35.084835],[-84.487026,35.085492],[-84.486967,35.085736],[-84.48646,35.085565],[-84.486619,35.085942],[-84.486362,35.086029],[-84.486176,35.08588],[-84.486102,35.085293],[-84.485831,35.08523],[-84.486035,35.084801],[-84.484679,35.08404],[-84.485137,35.083436],[-84.48456,35.083096],[-84.484781,35.082943],[-84.485348,35.083243],[-84.485607,35.082859],[-84.485698,35.082284],[-84.48447,35.082059],[-84.48445,35.081419],[-84.4849,35.081271],[-84.484839,35.081851],[-84.485598,35.082078],[-84.485207,35.08131],[-84.48603,35.081217],[-84.486211,35.08136],[-84.485908,35.082312],[-84.486108,35.082578],[-84.486386,35.082628],[-84.486348,35.082884],[-84.486952,35.083007],[-84.486854,35.082028],[-84.487086,35.081875],[-84.487395,35.082054],[-84.487393,35.082989],[-84.488496,35.083267]]]}},{"id":"206040","type":"Feature","properties":{"OBJECTID":4342,"max_category":0,"label":"0.01 to 0.10 inches","area_acres":3.322458366150173,"county":"Polk County","watershed":"Rough Creek-Ocoee River"},"geometry":{"type":"Polygon","coordinates":[[[-84.507864,35.065184],[-84.508023,35.06539],[-84.507561,35.06582],[-84.507894,35.066091],[-84.508315,35.065993],[-84.508714,35.066357],[-84.509311,35.06643],[-84.509566,35.066797],[-84.509406,35.066979],[-84.509037,35.066913],[-84.508751,35.066677],[-84.508401,35.067047],[-84.508223,35.066831],[-84.508399,35.066471],[-84.50815,35.066221],[-84.507959,35.066678],[-84.507658,35.066681],[-84.507654,35.066132],[-84.507117,35.065799],[-84.507864,35.065184]]]}},{"id":"206042","type":"Feature","properties":{"OBJECTID":5193,"max_category":0,"label":"0.01 to 0.10 inches","area_acres":1.9566312428791093,"county":"Polk County","watershed":"Parksville Lake-Ocoee River"},"geometry":{"type":"Polygon","coordinates":[[[-84.52069,35.142892],[-84.520851,35.143002],[-84.52081,35.143382],[-84.521113,35.143448],[-84.521183,35.144009],[-84.520789,35.144144],[-84.52088,35.143521],[-84.520282,35.143494],[-84.52043,35.144227],[-84.520098,35.144462],[-84.520041,35.143438],[-84.520466,35.143342],[-84.520453,35.143025],[-84.52069,35.142892]]]}},{"id":"206052","type":"Feature","properties":{"OBJECTID":4144,"max_category":0,"label":"0.01 to 0.10 inches","area_acres":1.7489018006447068,"county":"Polk County","watershed":"Parksville Lake-Ocoee River"},"geometry":{"type":"Polygon","coordinates":[[[-84.523444,35.135088],[-84.523636,35.135414],[-84.522686,35.135967],[-84.52298,35.136377],[-84.522834,35.136464],[-84.522475,35.135901],[-84.522561,35.135117],[-84.522767,35.134981],[-84.523028,35.135091],[-84.522625,35.135557],[-84.522641,35.135796],[-84.523444,35.135088]]]}},{"id":"206054","type":"Feature","properties":{"OBJECTID":4363,"max_category":0,"label":"0.01 to 0.10 inches","area_acres":1.8097889955937905,"county":"Polk County","watershed":"Rough Creek-Ocoee River"},"geometry":{"type":"Polygon","coordinates":[[[-84.505505,35.07685],[-84.506604,35.077634],[-84.506806,35.077968],[-84.506577,35.078201],[-84.506443,35.07815],[-84.506549,35.078016],[-84.506253,35.077929],[-84.505282,35.077133],[-84.505505,35.07685]]]}},{"id":"206057","type":"Feature","properties":{"OBJECTID":4226,"max_category":0,"label":"0.01 to 0.10 inches","area_acres":0.5134654758619388,"county":"Polk County","watershed":"Rough Creek-Ocoee River"},"geometry":{"type":"Polygon","coordinates":[[[-84.490922,35.08101],[-84.491553,35.081013],[-84.491686,35.08118],[-84.491555,35.081289],[-84.490913,35.081287],[-84.490922,35.08101]]]}},{"id":"206066","type":"Feature","properties":{"OBJECTID":3786,"max_category":0,"label":"0.01 to 0.10 inches","area_acres":2.5802385099326233,"county":"Polk County","watershed":"Parksville Lake-Ocoee River"},"geometry":{"type":"Polygon","coordinates":[[[-84.510382,35.137611],[-84.510652,35.137881],[-84.51009,35.138933],[-84.510649,35.13859],[-84.510787,35.138893],[-84.509909,35.139369],[-84.50982,35.139003],[-84.509367,35.138701],[-84.50973,35.138674],[-84.510157,35.138049],[-84.510179,35.137711],[-84.510382,35.137611]]]}},{"id":"206075","type":"Feature","properties":{"OBJECTID":5028,"max_category":0,"label":"0.01 to 0.10 inches","area_acres":1.398891745981185,"county":"Polk County","watershed":"Parksville Lake-Ocoee River"},"geometry":{"type":"Polygon","coordinates":[[[-84.512479,35.137901],[-84.5125,35.13818],[-84.511989,35.138286],[-84.512005,35.138595],[-84.511872,35.138634],[-84.511692,35.137944],[-84.512027,35.137156],[-84.512345,35.137616],[-84.512116,35.137949],[-84.512479,35.137901]]]}},{"id":"206077","type":"Feature","properties":{"OBJECTID":3390,"max_category":0,"label":"0.01 to 0.10 inches","area_acres":5.008182733432233,"county":"Polk County","watershed":"Rough Creek-Ocoee River"},"geometry":{"type":"Polygon","coordinates":[[[-84.478846,35.078358],[-84.478955,35.078984],[-84.478777,35.079113],[-84.478455,35.078983],[-84.478486,35.078553],[-84.477664,35.078673],[-84.477536,35.078378],[-84.47785,35.078308],[-84.477781,35.077902],[-84.47832,35.078253],[-84.478733,35.07822],[-84.479785,35.077515],[-84.478936,35.077173],[-84.47911,35.076826],[-84.478618,35.07649],[-84.478686,35.075992],[-84.478946,35.076082],[-84.47901,35.076518],[-84.479595,35.07682],[-84.479967,35.077406],[-84.48148,35.076146],[-84.481504,35.076325],[-84.480552,35.077228],[-84.478846,35.078358]]]}},{"id":"206094","type":"Feature","properties":{"OBJECTID":4480,"max_category":0,"label":"0.01 to 0.10 inches","area_acres":8.14040514931027,"county":"Polk County","watershed":"Rough Creek-Ocoee River"},"geometry":{"type":"Polygon","coordinates":[[[-84.512188,35.092659],[-84.513316,35.091671],[-84.513223,35.090719],[-84.513786,35.090191],[-84.513286,35.089638],[-84.513426,35.089533],[-84.513955,35.090129],[-84.514929,35.09061],[-84.515479,35.091146],[-84.515649,35.091895],[-84.515973,35.092286],[-84.515638,35.092229],[-84.515575,35.092725],[-84.51521,35.092676],[-84.515173,35.092341],[-84.515473,35.091875],[-84.515438,35.091358],[-84.514741,35.090689],[-84.514246,35.090739],[-84.514066,35.090922],[-84.513897,35.090303],[-84.513396,35.090764],[-84.51352,35.091607],[-84.514899,35.09286],[-84.515314,35.092986],[-84.515181,35.093167],[-84.515312,35.093422],[-84.515082,35.093561],[-84.514945,35.093419],[-84.514792,35.09363],[-84.514492,35.093527],[-84.514655,35.092946],[-84.514377,35.09333],[-84.514211,35.093296],[-84.514145,35.092441],[-84.51393,35.0931],[-84.513521,35.092997],[-84.513864,35.092323],[-84.513444,35.091769],[-84.512838,35.092413],[-84.512913,35.093042],[-84.512612,35.093003],[-84.512593,35.092576],[-84.512188,35.092659]]]}},{"id":"206095","type":"Feature","properties":{"OBJECTID":565,"max_category":0,"label":"0.01 to 0.10 inches","area_acres":4.400060614049632,"county":"Polk County","watershed":"Rough Creek-Ocoee River"},"geometry":{"type":"Polygon","coordinates":[[[-84.482855,35.06459],[-84.482979,35.064651],[-84.482876,35.065599],[-84.483048,35.066178],[-84.483582,35.065988],[-84.484276,35.065118],[-84.483378,35.06461],[-84.483457,35.064428],[-84.4838,35.064493],[-84.483563,35.063967],[-84.484099,35.0642],[-84.484328,35.064578],[-84.484716,35.064472],[-84.484835,35.064879],[-84.484451,35.065129],[-84.483684,35.066109],[-84.48281,35.066496],[-84.482869,35.066094],[-84.482357,35.064955],[-84.482855,35.06459]]]}},{"id":"206102","type":"Feature","properties":{"OBJECTID":4507,"max_category":0,"label":"0.01 to 0.10 inches","area_acres":0.9618917906332453,"county":"Polk County","watershed":"Rough Creek-Ocoee River"},"geometry":{"type":"Polygon","coordinates":[[[-84.508271,35.093016],[-84.508831,35.093644],[-84.508967,35.094101],[-84.508852,35.094257],[-84.508605,35.094149],[-84.508445,35.093412],[-84.50813,35.093144],[-84.508271,35.093016]]]}},{"id":"206104","type":"Feature","properties":{"OBJECTID":1042,"max_category":0,"label":"0.01 to 0.10 inches","area_acres":5.76829906241416,"county":"Polk County","watershed":"Rough Creek-Ocoee River"},"geometry":{"type":"Polygon","coordinates":[[[-84.504176,35.11021],[-84.504315,35.111484],[-84.504743,35.112037],[-84.505224,35.112258],[-84.505206,35.112412],[-84.504847,35.11244],[-84.504903,35.112766],[-84.504772,35.112818],[-84.504385,35.112007],[-84.504173,35.112347],[-84.504124,35.112945],[-84.503573,35.11335],[-84.503204,35.113204],[-84.503278,35.113015],[-84.50397,35.112698],[-84.503935,35.112595],[-84.503511,35.112691],[-84.503411,35.112568],[-84.504268,35.111871],[-84.504085,35.111154],[-84.503943,35.111189],[-84.503133,35.111633],[-84.502884,35.111607],[-84.502505,35.111956],[-84.502357,35.112238],[-84.502568,35.112896],[-84.502349,35.113483],[-84.502226,35.11337],[-84.502245,35.112044],[-84.502895,35.111298],[-84.504072,35.110957],[-84.504176,35.11021]]]}},{"id":"206123","type":"Feature","properties":{"OBJECTID":4975,"max_category":0,"label":"0.01 to 0.10 inches","area_acres":1.939068877571275,"county":"Polk County","watershed":"Rough Creek-Ocoee River"},"geometry":{"type":"Polygon","coordinates":[[[-84.496041,35.094371],[-84.496299,35.094924],[-84.496933,35.09543],[-84.496663,35.095805],[-84.496315,35.095618],[-84.496276,35.095177],[-84.495925,35.094657],[-84.494767,35.094848],[-84.494573,35.094716],[-84.494622,35.094437],[-84.495356,35.094678],[-84.496041,35.094371]]]}},{"id":"206128","type":"Feature","properties":{"OBJECTID":3387,"max_category":0,"label":"0.01 to 0.10 inches","area_acres":0.6791026323708464,"county":"Polk County","watershed":"Rough Creek-Ocoee River"},"geometry":{"type":"Polygon","coordinates":[[[-84.483386,35.084435],[-84.483749,35.084655],[-84.483653,35.084918],[-84.483375,35.084927],[-84.483055,35.084687],[-84.483094,35.084438],[-84.483386,35.084435]]]}},{"id":"206137","type":"Feature","properties":{"OBJECTID":3043,"max_category":0,"label":"0.01 to 0.10 inches","area_acres":2.1955737121773784,"county":"Polk County","watershed":"Rough Creek-Ocoee River"},"geometry":{"type":"Polygon","coordinates":[[[-84.482294,35.055754],[-84.482439,35.055911],[-84.482921,35.055865],[-84.48366,35.056085],[-84.484144,35.056358],[-84.484677,35.056286],[-84.484671,35.056603],[-84.48415,35.056549],[-84.482877,35.056009],[-84.482532,35.056024],[-84.482639,35.056647],[-84.483219,35.056652],[-84.483559,35.056846],[-84.483378,35.057031],[-84.482563,35.056841],[-84.482294,35.055754]]]}},{"id":"206150","type":"Feature","properties":{"OBJECTID":4359,"max_category":0,"label":"0.01 to 0.10 inches","area_acres":3.965970846816888,"county":"Polk County","watershed":"Rough Creek-Ocoee River"},"geometry":{"type":"Polygon","coordinates":[[[-84.509625,35.07647],[-84.511812,35.076638],[-84.512548,35.077375],[-84.512294,35.077389],[-84.51153,35.076883],[-84.511193,35.076844],[-84.510728,35.076865],[-84.511328,35.077198],[-84.511254,35.077489],[-84.510542,35.077121],[-84.510601,35.07733],[-84.510389,35.077369],[-84.509422,35.076656],[-84.509625,35.07647]]]}},{"id":"206163","type":"Feature","properties":{"OBJECTID":4554,"max_category":0,"label":"0.01 to 0.10 inches","area_acres":1.5812160081192665,"county":"Polk County","watershed":"Rough Creek-Ocoee River"},"geometry":{"type":"Polygon","coordinates":[[[-84.4876,35.039453],[-84.487637,35.03917],[-84.488614,35.039094],[-84.489692,35.039788],[-84.489541,35.039842],[-84.488958,35.039441],[-84.487857,35.039546],[-84.4876,35.039453]]]}},{"id":"206171","type":"Feature","properties":{"OBJECTID":4518,"max_category":0,"label":"0.01 to 0.10 inches","area_acres":3.4721062106092826,"county":"Polk County","watershed":"Rough Creek-Ocoee River"},"geometry":{"type":"Polygon","coordinates":[[[-84.489175,35.046112],[-84.489248,35.046228],[-84.488822,35.046503],[-84.489099,35.046719],[-84.488995,35.046919],[-84.48804,35.046692],[-84.487076,35.046942],[-84.487595,35.04745],[-84.488215,35.047725],[-84.488936,35.047179],[-84.489312,35.047176],[-84.489082,35.04769],[-84.488559,35.04788],[-84.48851,35.048095],[-84.486924,35.047144],[-84.486905,35.046893],[-84.487104,35.046737],[-84.489175,35.046112]]]}},{"id":"206180","type":"Feature","properties":{"OBJECTID":4546,"max_category":0,"label":"0.01 to 0.10 inches","area_acres":4.537254061373617,"county":"Polk County","watershed":"Rough Creek-Ocoee River"},"geometry":{"type":"Polygon","coordinates":[[[-84.496929,35.039348],[-84.497614,35.039553],[-84.497944,35.040404],[-84.498043,35.040863],[-84.497885,35.041041],[-84.496943,35.040508],[-84.495965,35.0404],[-84.496185,35.040197],[-84.495521,35.039767],[-84.495889,35.039402],[-84.496677,35.040111],[-84.497646,35.040526],[-84.496635,35.039423],[-84.496929,35.039348]]]}},{"id":"206181","type":"Feature","properties":{"OBJECTID":3368,"max_category":0,"label":"0.01 to 0.10 inches","area_acres":0.9564804952436686,"county":"Polk County","watershed":"Rough Creek-Ocoee River"},"geometry":{"type":"Polygon","coordinates":[[[-84.488589,35.099554],[-84.488753,35.099747],[-84.48829,35.100563],[-84.488114,35.100708],[-84.487643,35.100716],[-84.487649,35.100595],[-84.48813,35.100497],[-84.488259,35.099802],[-84.488589,35.099554]]]}},{"id":"206197","type":"Feature","properties":{"OBJECTID":4530,"max_category":0,"label":"0.01 to 0.10 inches","area_acres":0.8952805664949671,"county":"Polk County","watershed":"Rough Creek-Ocoee River"},"geometry":{"type":"Polygon","coordinates":[[[-84.505822,35.04783],[-84.506041,35.048068],[-84.506272,35.048082],[-84.506697,35.048549],[-84.506333,35.048637],[-84.506035,35.04849],[-84.505644,35.047951],[-84.505822,35.04783]]]}},{"id":"206199","type":"Feature","properties":{"OBJECTID":4324,"max_category":0,"label":"0.01 to 0.10 inches","area_acres":0.43315698578053063,"county":"Polk County","watershed":"Rough Creek-Ocoee River"},"geometry":{"type":"Polygon","coordinates":[[[-84.490126,35.070176],[-84.490301,35.070565],[-84.489964,35.070681],[-84.48988,35.070236],[-84.490126,35.070176]]]}},{"id":"206208","type":"Feature","properties":{"OBJECTID":4328,"max_category":0,"label":"0.01 to 0.10 inches","area_acres":1.4598130411311248,"county":"Polk County","watershed":"Rough Creek-Ocoee River"},"geometry":{"type":"Polygon","coordinates":[[[-84.4989,35.07173],[-84.498973,35.071846],[-84.498033,35.072681],[-84.498946,35.073278],[-84.498987,35.073493],[-84.498711,35.07356],[-84.497808,35.072695],[-84.4989,35.07173]]]}},{"id":"206214","type":"Feature","properties":{"OBJECTID":4976,"max_category":0,"label":"0.01 to 0.10 inches","area_acres":7.881945433968277,"county":"Polk County","watershed":"Rough Creek-Ocoee River"},"geometry":{"type":"Polygon","coordinates":[[[-84.493128,35.095357],[-84.493947,35.095887],[-84.494143,35.096962],[-84.494732,35.097109],[-84.494778,35.096291],[-84.494481,35.095863],[-84.494665,35.095647],[-84.495439,35.096085],[-84.494935,35.096532],[-84.495017,35.097262],[-84.495791,35.096407],[-84.496097,35.096454],[-84.495904,35.096836],[-84.495194,35.097401],[-84.494972,35.098963],[-84.494801,35.098623],[-84.494982,35.097331],[-84.493917,35.097088],[-84.493705,35.097166],[-84.493626,35.097457],[-84.493374,35.097322],[-84.492328,35.097654],[-84.491659,35.097638],[-84.491796,35.09746],[-84.492956,35.097086],[-84.492543,35.09678],[-84.492582,35.096502],[-84.492126,35.096056],[-84.492165,35.0959],[-84.492484,35.095952],[-84.492957,35.096325],[-84.493,35.096643],[-84.493368,35.096915],[-84.493951,35.096943],[-84.493787,35.096006],[-84.492977,35.095644],[-84.493128,35.095357]]]}},{"id":"206219","type":"Feature","properties":{"OBJECTID":4533,"max_category":0,"label":"0.01 to 0.10 inches","area_acres":2.049404183700619,"county":"Polk County","watershed":"Rough Creek-Ocoee River"},"geometry":{"type":"Polygon","coordinates":[[[-84.506342,35.03244],[-84.508593,35.033116],[-84.508458,35.033513],[-84.508314,35.033247],[-84.50731,35.033124],[-84.506671,35.032869],[-84.506342,35.03244]]]}},{"id":"206228","type":"Feature","properties":{"OBJECTID":4350,"max_category":0,"label":"0.01 to 0.10 inches","area_acres":3.8863206297457538,"county":"Polk County","watershed":"Rough Creek-Ocoee River"},"geometry":{"type":"Polygon","coordinates":[[[-84.502393,35.064966],[-84.502754,35.065544],[-84.502448,35.065973],[-84.502519,35.066547],[-84.502031,35.066502],[-84.501066,35.066711],[-84.500183,35.066476],[-84.500128,35.065898],[-84.500304,35.06575],[-84.500762,35.065957],[-84.500929,35.066547],[-84.501715,35.066456],[-84.50129,35.066138],[-84.501383,35.065948],[-84.502021,35.066359],[-84.502302,35.066375],[-84.50225,35.065624],[-84.501844,35.065054],[-84.502393,35.064966]]]}},{"id":"206240","type":"Feature","properties":{"OBJECTID":3396,"max_category":0,"label":"0.01 to 0.10 inches","area_acres":8.619142304430733,"county":"Polk County","watershed":"Rough Creek-Ocoee River"},"geometry":{"type":"Polygon","coordinates":[[[-84.484652,35.095097],[-84.484532,35.094572],[-84.484817,35.094592],[-84.485471,35.095981],[-84.486427,35.095717],[-84.486787,35.095958],[-84.48716,35.095739],[-84.487292,35.095919],[-84.487142,35.096167],[-84.487628,35.096681],[-84.487886,35.096614],[-84.488225,35.096136],[-84.488354,35.096291],[-84.488879,35.096157],[-84.488976,35.096322],[-84.488544,35.096573],[-84.489424,35.096549],[-84.48962,35.096894],[-84.489181,35.097001],[-84.488231,35.096769],[-84.487564,35.096847],[-84.486395,35.095862],[-84.485481,35.096123],[-84.484366,35.096937],[-84.483604,35.096989],[-84.48286,35.096442],[-84.482603,35.095981],[-84.482739,35.095887],[-84.483073,35.096122],[-84.483689,35.09686],[-84.484086,35.096869],[-84.484831,35.096505],[-84.485286,35.096088],[-84.48424,35.096097],[-84.483687,35.09637],[-84.48335,35.096149],[-84.483668,35.095844],[-84.484944,35.095785],[-84.484408,35.095445],[-84.484356,35.095153],[-84.484652,35.095097]]]}},{"id":"206243","type":"Feature","properties":{"OBJECTID":4551,"max_category":0,"label":"0.01 to 0.10 inches","area_acres":3.6084101356739553,"county":"Polk County","watershed":"Rough Creek-Ocoee River"},"geometry":{"type":"Polygon","coordinates":[[[-84.492931,35.04296],[-84.49242,35.045526],[-84.492355,35.044929],[-84.492583,35.044348],[-84.492719,35.042887],[-84.492268,35.041558],[-84.492831,35.041273],[-84.4931,35.041501],[-84.492559,35.041904],[-84.492852,35.04279],[-84.493099,35.042563],[-84.493115,35.042175],[-84.493338,35.041912],[-84.493576,35.041919],[-84.493654,35.04227],[-84.493505,35.042661],[-84.492931,35.04296]]]}},{"id":"206245","type":"Feature","properties":{"OBJECTID":4531,"max_category":0,"label":"0.01 to 0.10 inches","area_acres":3.8313887396223807,"county":"Polk County","watershed":"Rough Creek-Ocoee River"},"geometry":{"type":"Polygon","coordinates":[[[-84.501349,35.050979],[-84.502073,35.051249],[-84.503392,35.051163],[-84.503519,35.051375],[-84.504169,35.051347],[-84.505394,35.051567],[-84.505414,35.051702],[-84.505748,35.051692],[-84.505874,35.051826],[-84.505251,35.051934],[-84.502506,35.05159],[-84.501151,35.051099],[-84.501349,35.050979]]]}},{"id":"206246","type":"Feature","properties":{"OBJECTID":3824,"max_category":0,"label":"0.01 to 0.10 inches","area_acres":0.931200365346099,"county":"Polk County","watershed":"Parksville Lake-Ocoee River"},"geometry":{"type":"Polygon","coordinates":[[[-84.512917,35.145861],[-84.513005,35.146018],[-84.512532,35.146077],[-84.511806,35.146438],[-84.511089,35.146337],[-84.511206,35.146162],[-84.511962,35.146152],[-84.512917,35.145861]]]}},{"id":"206254","type":"Feature","properties":{"OBJECTID":4259,"max_category":0,"label":"0.01 to 0.10 inches","area_acres":2.029199949269643,"county":"Polk County","watershed":"Parksville Lake-Ocoee River"},"geometry":{"type":"Polygon","coordinates":[[[-84.518259,35.128775],[-84.518379,35.1289],[-84.517984,35.129327],[-84.518516,35.129561],[-84.519219,35.12959],[-84.519247,35.129711],[-84.518603,35.129726],[-84.517941,35.129513],[-84.517209,35.129764],[-84.516491,35.129537],[-84.516688,35.129232],[-84.517637,35.129519],[-84.517826,35.129401],[-84.517747,35.129157],[-84.518259,35.128775]]]}},{"id":"206265","type":"Feature","properties":{"OBJECTID":3406,"max_category":0,"label":"0.01 to 0.10 inches","area_acres":2.3049311037953175,"county":"Polk County","watershed":"Rough Creek-Ocoee River"},"geometry":{"type":"Polygon","coordinates":[[[-84.484702,35.098438],[-84.485884,35.098814],[-84.486261,35.099173],[-84.486191,35.099604],[-84.486033,35.099428],[-84.485027,35.099599],[-84.484979,35.099373],[-84.485977,35.09915],[-84.485922,35.099034],[-84.485006,35.098976],[-84.484358,35.098685],[-84.484702,35.098438]]]}},{"id":"206269","type":"Feature","properties":{"OBJECTID":4355,"max_category":0,"label":"0.01 to 0.10 inches","area_acres":4.473076391294087,"county":"Polk County","watershed":"Rough Creek-Ocoee River"},"geometry":{"type":"Polygon","coordinates":[[[-84.499333,35.073692],[-84.499635,35.073965],[-84.498793,35.074808],[-84.498795,35.075215],[-84.497762,35.075124],[-84.497534,35.07374],[-84.497882,35.073779],[-84.498122,35.075017],[-84.498137,35.073798],[-84.498329,35.073683],[-84.498424,35.0738],[-84.49872,35.073773],[-84.498454,35.074246],[-84.498485,35.07471],[-84.498851,35.074279],[-84.499031,35.073706],[-84.499333,35.073692]]]}},{"id":"206278","type":"Feature","properties":{"OBJECTID":4273,"max_category":0,"label":"0.01 to 0.10 inches","area_acres":0.8687233210421708,"county":"Polk County","watershed":"Parksville Lake-Ocoee River"},"geometry":{"type":"Polygon","coordinates":[[[-84.500098,35.119257],[-84.501291,35.12008],[-84.501326,35.120234],[-84.499918,35.119549],[-84.500098,35.119257]]]}},{"id":"206284","type":"Feature","properties":{"OBJECTID":4284,"max_category":0,"label":"0.01 to 0.10 inches","area_acres":2.422361577959501,"county":"Polk County","watershed":"Parksville Lake-Ocoee River"},"geometry":{"type":"Polygon","coordinates":[[[-84.508417,35.130353],[-84.508656,35.13055],[-84.508412,35.130511],[-84.507538,35.130975],[-84.505586,35.131175],[-84.505125,35.130974],[-84.505595,35.130729],[-84.507113,35.130716],[-84.507476,35.130836],[-84.508417,35.130353]]]}},{"id":"206290","type":"Feature","properties":{"OBJECTID":4139,"max_category":0,"label":"0.01 to 0.10 inches","area_acres":1.3232981118295295,"county":"Polk County","watershed":"Rough Creek-Ocoee River"},"geometry":{"type":"Polygon","coordinates":[[[-84.505904,35.10903],[-84.505911,35.109399],[-84.505382,35.110421],[-84.505577,35.110869],[-84.505314,35.111041],[-84.505077,35.110919],[-84.505043,35.110416],[-84.505295,35.110228],[-84.505904,35.10903]]]}},{"id":"206295","type":"Feature","properties":{"OBJECTID":4293,"max_category":0,"label":"0.01 to 0.10 inches","area_acres":0.7237306190456695,"county":"Polk County","watershed":"Parksville Lake-Ocoee River"},"geometry":{"type":"Polygon","coordinates":[[[-84.508441,35.129224],[-84.50859,35.12966],[-84.508313,35.130059],[-84.508026,35.129795],[-84.508441,35.129224]]]}},{"id":"206304","type":"Feature","properties":{"OBJECTID":4564,"max_category":0,"label":"0.01 to 0.10 inches","area_acres":1.2052992537782465,"county":"Polk County","watershed":"Rough Creek-Ocoee River"},"geometry":{"type":"Polygon","coordinates":[[[-84.497795,35.047398],[-84.499006,35.048444],[-84.499402,35.048371],[-84.499504,35.04864],[-84.499348,35.048804],[-84.498992,35.048807],[-84.498855,35.048525],[-84.49791,35.047748],[-84.497795,35.047398]]]}},{"id":"206321","type":"Feature","properties":{"OBJECTID":3398,"max_category":0,"label":"0.01 to 0.10 inches","area_acres":3.2117358292386955,"county":"Polk County","watershed":"Rough Creek-Ocoee River"},"geometry":{"type":"Polygon","coordinates":[[[-84.481458,35.089614],[-84.481992,35.089932],[-84.482055,35.090729],[-84.48241,35.091036],[-84.482331,35.091349],[-84.482779,35.091588],[-84.482496,35.091784],[-84.482898,35.09233],[-84.482716,35.092559],[-84.482202,35.092305],[-84.482048,35.091724],[-84.481843,35.091613],[-84.481998,35.090984],[-84.481671,35.090547],[-84.481632,35.09001],[-84.481352,35.089791],[-84.481458,35.089614]]]}},{"id":"206324","type":"Feature","properties":{"OBJECTID":4503,"max_category":0,"label":"0.01 to 0.10 inches","area_acres":2.6116040037000947,"county":"Polk County","watershed":"Rough Creek-Ocoee River"},"geometry":{"type":"Polygon","coordinates":[[[-84.499369,35.087615],[-84.499467,35.087806],[-84.499155,35.088781],[-84.499812,35.088648],[-84.499947,35.089068],[-84.49968,35.089171],[-84.499253,35.088919],[-84.498561,35.089109],[-84.498478,35.08861],[-84.498184,35.088195],[-84.4982,35.087818],[-84.498487,35.087778],[-84.498701,35.08883],[-84.498845,35.088822],[-84.499103,35.08844],[-84.498993,35.087704],[-84.499369,35.087615]]]}},{"id":"206328","type":"Feature","properties":{"OBJECTID":4207,"max_category":0,"label":"0.01 to 0.10 inches","area_acres":1.4286917994147987,"county":"Polk County","watershed":"Rough Creek-Ocoee River"},"geometry":{"type":"Polygon","coordinates":[[[-84.500365,35.096431],[-84.500385,35.096148],[-84.500771,35.096076],[-84.500639,35.096708],[-84.501121,35.097402],[-84.501385,35.097521],[-84.501364,35.097675],[-84.50097,35.097482],[-84.500564,35.096923],[-84.499914,35.096807],[-84.500365,35.096431]]]}},{"id":"206329","type":"Feature","properties":{"OBJECTID":3783,"max_category":0,"label":"0.01 to 0.10 inches","area_acres":1.3044401166300867,"county":"Polk County","watershed":"Parksville Lake-Ocoee River"},"geometry":{"type":"Polygon","coordinates":[[[-84.515763,35.138906],[-84.515925,35.139284],[-84.517617,35.13957],[-84.517977,35.139821],[-84.515788,35.139424],[-84.51538,35.138995],[-84.515763,35.138906]]]}},{"id":"206334","type":"Feature","properties":{"OBJECTID":4320,"max_category":0,"label":"0.01 to 0.10 inches","area_acres":3.290104185661579,"county":"Polk County","watershed":"Rough Creek-Ocoee River"},"geometry":{"type":"Polygon","coordinates":[[[-84.491426,35.074575],[-84.492012,35.075238],[-84.491173,35.075748],[-84.490227,35.076791],[-84.48951,35.07716],[-84.489409,35.07701],[-84.489625,35.076955],[-84.490088,35.076385],[-84.489808,35.075479],[-84.490139,35.075641],[-84.490288,35.076262],[-84.490553,35.076132],[-84.491427,35.075387],[-84.491116,35.074739],[-84.491426,35.074575]]]}},{"id":"206340","type":"Feature","properties":{"OBJECTID":4351,"max_category":0,"label":"0.01 to 0.10 inches","area_acres":2.40940942918291,"county":"Polk County","watershed":"Rough Creek-Ocoee River"},"geometry":{"type":"Polygon","coordinates":[[[-84.512654,35.074653],[-84.51277,35.074845],[-84.512299,35.075086],[-84.510546,35.07514],[-84.509989,35.07533],[-84.509859,35.075168],[-84.510706,35.074798],[-84.512654,35.074653]]]}},{"id":"206358","type":"Feature","properties":{"OBJECTID":3401,"max_category":0,"label":"0.01 to 0.10 inches","area_acres":2.356391586502768,"county":"Polk County","watershed":"Rough Creek-Ocoee River"},"geometry":{"type":"Polygon","coordinates":[[[-84.478797,35.089377],[-84.478958,35.089491],[-84.478857,35.089737],[-84.478287,35.089969],[-84.478645,35.090822],[-84.478514,35.090907],[-84.478206,35.090317],[-84.477635,35.090193],[-84.478035,35.090017],[-84.478103,35.089812],[-84.477632,35.089698],[-84.477584,35.089544],[-84.478066,35.089135],[-84.478437,35.089476],[-84.478797,35.089377]]]}},{"id":"206374","type":"Feature","properties":{"OBJECTID":3784,"max_category":0,"label":"0.01 to 0.10 inches","area_acres":0.9513049560605475,"county":"Polk County","watershed":"Parksville Lake-Ocoee River"},"geometry":{"type":"Polygon","coordinates":[[[-84.510312,35.141027],[-84.51076,35.141171],[-84.511256,35.141127],[-84.511419,35.14135],[-84.511217,35.141536],[-84.510933,35.141553],[-84.510525,35.141243],[-84.5097,35.141168],[-84.510312,35.141027]]]}},{"id":"206387","type":"Feature","properties":{"OBJECTID":4926,"max_category":0,"label":"0.01 to 0.10 inches","area_acres":2.7427168099387735,"county":"Polk County","watershed":"Rough Creek-Ocoee River"},"geometry":{"type":"Polygon","coordinates":[[[-84.498711,35.024763],[-84.499881,35.025388],[-84.50123,35.026418],[-84.500263,35.026304],[-84.498672,35.024924],[-84.498315,35.024971],[-84.498711,35.024763]]]}},{"id":"206390","type":"Feature","properties":{"OBJECTID":3380,"max_category":0,"label":"0.01 to 0.10 inches","area_acres":4.55644707800619,"county":"Polk County","watershed":"Rough Creek-Ocoee River"},"geometry":{"type":"Polygon","coordinates":[[[-84.482228,35.080662],[-84.482394,35.080846],[-84.482062,35.081165],[-84.482159,35.081354],[-84.483006,35.081315],[-84.483493,35.081132],[-84.483614,35.08132],[-84.483081,35.081602],[-84.48383,35.081667],[-84.483964,35.081788],[-84.483487,35.082042],[-84.482676,35.081748],[-84.483223,35.08228],[-84.482977,35.082335],[-84.482477,35.082086],[-84.482399,35.082946],[-84.482185,35.083091],[-84.481951,35.082815],[-84.482136,35.082084],[-84.481862,35.080994],[-84.481968,35.080695],[-84.482228,35.080662]]]}},{"id":"206400","type":"Feature","properties":{"OBJECTID":4568,"max_category":0,"label":"0.01 to 0.10 inches","area_acres":1.2198826975810406,"county":"Polk County","watershed":"Rough Creek-Ocoee River"},"geometry":{"type":"Polygon","coordinates":[[[-84.496226,35.049451],[-84.496676,35.049623],[-84.497107,35.049521],[-84.497671,35.049609],[-84.497909,35.049854],[-84.4976,35.049972],[-84.496864,35.049892],[-84.496244,35.049628],[-84.496226,35.049451]]]}},{"id":"206422","type":"Feature","properties":{"OBJECTID":570,"max_category":0,"label":"0.01 to 0.10 inches","area_acres":4.618748234927117,"county":"Polk County","watershed":"Rough Creek-Ocoee River"},"geometry":{"type":"Polygon","coordinates":[[[-84.497844,35.115644],[-84.4981,35.115882],[-84.497178,35.116555],[-84.497777,35.116666],[-84.498472,35.116277],[-84.499006,35.115714],[-84.499275,35.115765],[-84.499227,35.115985],[-84.498786,35.116128],[-84.498551,35.116685],[-84.499071,35.116609],[-84.499138,35.116789],[-84.498516,35.117023],[-84.498561,35.117176],[-84.498212,35.117194],[-84.497209,35.116697],[-84.495797,35.116698],[-84.495835,35.116481],[-84.496163,35.116574],[-84.49669,35.11644],[-84.497331,35.115765],[-84.497844,35.115644]]]}},{"id":"206430","type":"Feature","properties":{"OBJECTID":4356,"max_category":0,"label":"0.01 to 0.10 inches","area_acres":0.9936594653526626,"county":"Polk County","watershed":"Rough Creek-Ocoee River"},"geometry":{"type":"Polygon","coordinates":[[[-84.502797,35.072433],[-84.503007,35.072768],[-84.503965,35.073582],[-84.50379,35.073614],[-84.502721,35.072827],[-84.502615,35.072499],[-84.502797,35.072433]]]}},{"id":"206447","type":"Feature","properties":{"OBJECTID":4321,"max_category":0,"label":"0.01 to 0.10 inches","area_acres":4.457294248482481,"county":"Polk County","watershed":"Rough Creek-Ocoee River"},"geometry":{"type":"Polygon","coordinates":[[[-84.491466,35.076665],[-84.49162,35.077154],[-84.492089,35.076994],[-84.491905,35.076446],[-84.492384,35.07622],[-84.492637,35.076848],[-84.492442,35.077143],[-84.492704,35.077186],[-84.492847,35.077084],[-84.492823,35.076588],[-84.493117,35.076401],[-84.493074,35.076882],[-84.493383,35.076874],[-84.493457,35.077164],[-84.4931,35.077283],[-84.493122,35.077639],[-84.49224,35.077215],[-84.490288,35.077917],[-84.490672,35.077511],[-84.491222,35.07731],[-84.491191,35.076781],[-84.491466,35.076665]]]}},{"id":"206454","type":"Feature","properties":{"OBJECTID":4413,"max_category":0,"label":"0.01 to 0.10 inches","area_acres":9.09064368638153,"county":"Polk County","watershed":"Rough Creek-Ocoee River"},"geometry":{"type":"Polygon","coordinates":[[[-84.51762,35.083232],[-84.518394,35.084972],[-84.519284,35.085522],[-84.51976,35.085336],[-84.520231,35.085453],[-84.520551,35.085336],[-84.520545,35.08559],[-84.521553,35.086233],[-84.521504,35.086574],[-84.521331,35.086612],[-84.520229,35.085705],[-84.519412,35.08566],[-84.519484,35.086243],[-84.519713,35.086411],[-84.520059,35.086369],[-84.520364,35.086504],[-84.519967,35.086729],[-84.520234,35.086938],[-84.521372,35.086966],[-84.521257,35.087169],[-84.52052,35.087205],[-84.52105,35.087609],[-84.520681,35.087767],[-84.520498,35.088164],[-84.520307,35.088088],[-84.520337,35.087556],[-84.519336,35.086325],[-84.519196,35.086426],[-84.519295,35.08746],[-84.51913,35.087569],[-84.518927,35.087399],[-84.518844,35.086724],[-84.519298,35.086059],[-84.519239,35.085681],[-84.518955,35.085446],[-84.518473,35.085194],[-84.517828,35.085538],[-84.517698,35.085786],[-84.517437,35.085678],[-84.517442,35.085521],[-84.51805,35.085166],[-84.518167,35.084943],[-84.517535,35.084229],[-84.517371,35.083305],[-84.51762,35.083232]]]}},{"id":"206455","type":"Feature","properties":{"OBJECTID":3790,"max_category":0,"label":"0.01 to 0.10 inches","area_acres":0.5265350165159712,"county":"Polk County","watershed":"Parksville Lake-Ocoee River"},"geometry":{"type":"Polygon","coordinates":[[[-84.509007,35.139077],[-84.509236,35.13923],[-84.509279,35.139783],[-84.508838,35.139313],[-84.509007,35.139077]]]}},{"id":"206462","type":"Feature","properties":{"OBJECTID":4212,"max_category":0,"label":"0.01 to 0.10 inches","area_acres":0.428259618666228,"county":"Polk County","watershed":"Rough Creek-Ocoee River"},"geometry":{"type":"Polygon","coordinates":[[[-84.496758,35.09954],[-84.497092,35.09977],[-84.496946,35.100002],[-84.496565,35.099914],[-84.496758,35.09954]]]}},{"id":"206465","type":"Feature","properties":{"OBJECTID":4539,"max_category":0,"label":"0.01 to 0.10 inches","area_acres":7.903790293355135,"county":"Polk County","watershed":"Rough Creek-Ocoee River"},"geometry":{"type":"Polygon","coordinates":[[[-84.49884,35.032132],[-84.49907,35.032271],[-84.498921,35.032672],[-84.498407,35.032899],[-84.497981,35.032602],[-84.49716,35.032847],[-84.495127,35.032995],[-84.496758,35.033906],[-84.49723,35.034022],[-84.498231,35.033664],[-84.4983,35.033916],[-84.497789,35.034268],[-84.497669,35.03453],[-84.497235,35.034165],[-84.49686,35.034072],[-84.496435,35.034088],[-84.495864,35.033869],[-84.495636,35.03403],[-84.495008,35.033151],[-84.494206,35.032668],[-84.494324,35.032566],[-84.494876,35.032889],[-84.495901,35.03246],[-84.496774,35.032503],[-84.49768,35.032295],[-84.498205,35.032383],[-84.49884,35.032132]]]}},{"id":"206467","type":"Feature","properties":{"OBJECTID":1120,"max_category":0,"label":"0.01 to 0.10 inches","area_acres":0.4726801095074415,"county":"Polk County","watershed":"Rough Creek-Ocoee River"},"geometry":{"type":"Polygon","coordinates":[[[-84.489597,35.103086],[-84.489834,35.103422],[-84.489393,35.103535],[-84.489286,35.103144],[-84.489597,35.103086]]]}},{"id":"206473","type":"Feature","properties":{"OBJECTID":5144,"max_category":0,"label":"0.01 to 0.10 inches","area_acres":13.825912155296775,"county":"Polk County","watershed":"Rough Creek-Ocoee River"},"geometry":{"type":"Polygon","coordinates":[[[-84.505897,35.018216],[-84.506353,35.018498],[-84.506891,35.019259],[-84.507366,35.019635],[-84.508109,35.019738],[-84.508867,35.019599],[-84.508773,35.019862],[-84.509373,35.020121],[-84.510553,35.020292],[-84.511671,35.020731],[-84.512154,35.020715],[-84.512177,35.020926],[-84.511835,35.021114],[-84.511047,35.02071],[-84.50978,35.020713],[-84.510116,35.021447],[-84.509882,35.021587],[-84.509121,35.020514],[-84.508503,35.020193],[-84.507559,35.020017],[-84.507672,35.020433],[-84.509736,35.021785],[-84.50952,35.022061],[-84.507663,35.020809],[-84.507611,35.021509],[-84.508459,35.022345],[-84.508417,35.022546],[-84.508689,35.022654],[-84.508369,35.022777],[-84.5076,35.021901],[-84.506854,35.021683],[-84.507195,35.020895],[-84.507066,35.019969],[-84.506539,35.019473],[-84.506143,35.018691],[-84.505777,35.018421],[-84.505236,35.018607],[-84.505897,35.018216]]]}},{"id":"206474","type":"Feature","properties":{"OBJECTID":4290,"max_category":0,"label":"0.01 to 0.10 inches","area_acres":8.487784591662296,"county":"Polk County","watershed":"Parksville Lake-Ocoee River"},"geometry":{"type":"Polygon","coordinates":[[[-84.505243,35.128489],[-84.50537,35.128587],[-84.505112,35.128734],[-84.505316,35.129273],[-84.50521,35.129736],[-84.504717,35.130361],[-84.504499,35.130154],[-84.504934,35.129441],[-84.504913,35.128866],[-84.504156,35.128957],[-84.503994,35.129635],[-84.503618,35.130137],[-84.503487,35.129993],[-84.503998,35.129193],[-84.50398,35.128937],[-84.502655,35.129053],[-84.502634,35.129372],[-84.50245,35.129459],[-84.502429,35.130173],[-84.502837,35.130265],[-84.503021,35.130515],[-84.502647,35.130585],[-84.502453,35.131069],[-84.502165,35.130824],[-84.502234,35.130335],[-84.502063,35.129802],[-84.502116,35.129469],[-84.502288,35.129394],[-84.502128,35.129285],[-84.502228,35.129072],[-84.501545,35.129241],[-84.501219,35.129584],[-84.500934,35.129431],[-84.50102,35.129104],[-84.501383,35.129175],[-84.501625,35.129067],[-84.501454,35.128655],[-84.501783,35.128648],[-84.501858,35.128456],[-84.502432,35.128821],[-84.502362,35.128281],[-84.502005,35.127947],[-84.502158,35.127695],[-84.502754,35.128101],[-84.502777,35.128877],[-84.504593,35.128821],[-84.505243,35.128489]]]}},{"id":"206480","type":"Feature","properties":{"OBJECTID":2979,"max_category":0,"label":"0.01 to 0.10 inches","area_acres":2.36680133875564,"county":"Polk County","watershed":"Rough Creek-Ocoee River"},"geometry":{"type":"Polygon","coordinates":[[[-84.483705,35.048701],[-84.485141,35.049028],[-84.485151,35.049613],[-84.484083,35.049679],[-84.483709,35.049503],[-84.484726,35.049397],[-84.484748,35.049249],[-84.483381,35.049018],[-84.483315,35.048835],[-84.483705,35.048701]]]}},{"id":"206483","type":"Feature","properties":{"OBJECTID":4374,"max_category":0,"label":"0.01 to 0.10 inches","area_acres":6.342064386575095,"county":"Polk County","watershed":"Rough Creek-Ocoee River"},"geometry":{"type":"Polygon","coordinates":[[[-84.489356,35.070378],[-84.491173,35.07178],[-84.491983,35.071984],[-84.492169,35.072327],[-84.491306,35.071999],[-84.4914,35.072565],[-84.491218,35.072717],[-84.490876,35.072664],[-84.491059,35.071913],[-84.489996,35.071026],[-84.489752,35.070847],[-84.48963,35.071037],[-84.490332,35.071583],[-84.49018,35.071802],[-84.489597,35.071306],[-84.48939,35.071308],[-84.4895,35.070896],[-84.488984,35.070397],[-84.487112,35.069814],[-84.486931,35.069438],[-84.487234,35.069318],[-84.487715,35.069625],[-84.4882,35.069687],[-84.488409,35.069544],[-84.48896,35.070022],[-84.489339,35.069781],[-84.489356,35.070378]]]}},{"id":"206498","type":"Feature","properties":{"OBJECTID":4331,"max_category":0,"label":"0.01 to 0.10 inches","area_acres":2.1204989158637884,"county":"Polk County","watershed":"Rough Creek-Ocoee River"},"geometry":{"type":"Polygon","coordinates":[[[-84.515642,35.068847],[-84.515827,35.068905],[-84.515899,35.068703],[-84.51573,35.068242],[-84.516238,35.068034],[-84.516279,35.069052],[-84.516867,35.069276],[-84.517592,35.069919],[-84.517371,35.069942],[-84.516782,35.069406],[-84.516369,35.069232],[-84.515717,35.069247],[-84.515504,35.069067],[-84.515642,35.068847]]]}},{"id":"206513","type":"Feature","properties":{"OBJECTID":4973,"max_category":0,"label":"0.01 to 0.10 inches","area_acres":4.003036898471717,"county":"Polk County","watershed":"Rough Creek-Ocoee River"},"geometry":{"type":"Polygon","coordinates":[[[-84.503431,35.093391],[-84.503651,35.094211],[-84.503535,35.094278],[-84.503256,35.093426],[-84.503444,35.092728],[-84.503359,35.091965],[-84.503158,35.091713],[-84.502851,35.091668],[-84.50261,35.091268],[-84.502805,35.091186],[-84.503088,35.09142],[-84.503051,35.090933],[-84.503323,35.090914],[-84.503408,35.091108],[-84.503525,35.090878],[-84.503739,35.090856],[-84.5039,35.091026],[-84.503573,35.09157],[-84.503747,35.092165],[-84.50361,35.092607],[-84.504308,35.092343],[-84.50454,35.092597],[-84.504348,35.092842],[-84.50356,35.092906],[-84.503431,35.093391]]]}},{"id":"206536","type":"Feature","properties":{"OBJECTID":580,"max_category":0,"label":"0.01 to 0.10 inches","area_acres":4.5521363032307205,"county":"Polk County","watershed":"Rough Creek-Ocoee River"},"geometry":{"type":"Polygon","coordinates":[[[-84.502236,35.108757],[-84.502479,35.109093],[-84.502283,35.11012],[-84.502467,35.110405],[-84.502419,35.110806],[-84.502203,35.110875],[-84.502039,35.11034],[-84.501577,35.110764],[-84.501227,35.110755],[-84.5007,35.110397],[-84.50065,35.110155],[-84.500835,35.110088],[-84.501416,35.110254],[-84.501955,35.110091],[-84.502218,35.10979],[-84.502314,35.109218],[-84.501672,35.109687],[-84.501186,35.109827],[-84.501053,35.109668],[-84.50153,35.109318],[-84.501154,35.109323],[-84.501007,35.109073],[-84.501779,35.10897],[-84.502236,35.108757]]]}},{"id":"206538","type":"Feature","properties":{"OBJECTID":4338,"max_category":0,"label":"0.01 to 0.10 inches","area_acres":1.0547711532991901,"county":"Polk County","watershed":"Rough Creek-Ocoee River"},"geometry":{"type":"Polygon","coordinates":[[[-84.492015,35.078346],[-84.492118,35.078522],[-84.491581,35.078701],[-84.490687,35.078768],[-84.490573,35.078603],[-84.490639,35.078464],[-84.492015,35.078346]]]}},{"id":"206549","type":"Feature","properties":{"OBJECTID":4492,"max_category":0,"label":"0.01 to 0.10 inches","area_acres":4.655408070800257,"county":"Polk County","watershed":"Rough Creek-Ocoee River"},"geometry":{"type":"Polygon","coordinates":[[[-84.512811,35.101873],[-84.51254,35.101896],[-84.512395,35.101674],[-84.512981,35.101072],[-84.513153,35.100641],[-84.512257,35.100875],[-84.512003,35.100748],[-84.513228,35.100495],[-84.513801,35.100028],[-84.513923,35.100298],[-84.514548,35.100447],[-84.515327,35.101011],[-84.515368,35.101243],[-84.515164,35.101265],[-84.515255,35.101642],[-84.514822,35.101672],[-84.514768,35.101476],[-84.514478,35.101417],[-84.514888,35.101039],[-84.514773,35.100828],[-84.514293,35.100562],[-84.514282,35.100986],[-84.514086,35.101052],[-84.513946,35.100481],[-84.513731,35.100276],[-84.513328,35.100646],[-84.513597,35.101387],[-84.513274,35.101342],[-84.513337,35.101541],[-84.513039,35.10161],[-84.512811,35.101873]]]}},{"id":"206551","type":"Feature","properties":{"OBJECTID":4481,"max_category":0,"label":"0.01 to 0.10 inches","area_acres":1.5249389787434502,"county":"Polk County","watershed":"Rough Creek-Ocoee River"},"geometry":{"type":"Polygon","coordinates":[[[-84.517856,35.089688],[-84.518176,35.089741],[-84.518209,35.089866],[-84.516593,35.090819],[-84.516069,35.0909],[-84.515628,35.090604],[-84.515752,35.090501],[-84.516156,35.090757],[-84.516515,35.090685],[-84.517856,35.089688]]]}},{"id":"206555","type":"Feature","properties":{"OBJECTID":4150,"max_category":0,"label":"0.01 to 0.10 inches","area_acres":1.376064009498674,"county":"Polk County","watershed":"Rough Creek-Ocoee River"},"geometry":{"type":"Polygon","coordinates":[[[-84.512394,35.109763],[-84.51234,35.10995],[-84.511494,35.109028],[-84.51064,35.109065],[-84.510376,35.108826],[-84.511659,35.108724],[-84.512394,35.109763]]]}},{"id":"206557","type":"Feature","properties":{"OBJECTID":3430,"max_category":0,"label":"0.01 to 0.10 inches","area_acres":2.859288542627142,"county":"Polk County","watershed":"Rough Creek-Ocoee River"},"geometry":{"type":"Polygon","coordinates":[[[-84.478128,35.094572],[-84.478411,35.095509],[-84.478111,35.095313],[-84.47797,35.094802],[-84.477957,35.094523],[-84.478409,35.093867],[-84.47785,35.093],[-84.4779,35.092271],[-84.477079,35.092008],[-84.477152,35.091382],[-84.477836,35.091016],[-84.477874,35.091164],[-84.477317,35.091467],[-84.477471,35.091763],[-84.478063,35.092206],[-84.478019,35.092949],[-84.478565,35.093628],[-84.478496,35.094168],[-84.478128,35.094572]]]}},{"id":"206571","type":"Feature","properties":{"OBJECTID":3414,"max_category":0,"label":"0.01 to 0.10 inches","area_acres":4.512615771846021,"county":"Polk County","watershed":"Rough Creek-Ocoee River"},"geometry":{"type":"Polygon","coordinates":[[[-84.477276,35.08119],[-84.477355,35.081298],[-84.476682,35.081977],[-84.477908,35.083088],[-84.47829,35.083291],[-84.479277,35.08342],[-84.479835,35.08383],[-84.479817,35.084107],[-84.479542,35.084202],[-84.478876,35.083777],[-84.479284,35.084676],[-84.478938,35.08466],[-84.478481,35.084348],[-84.478635,35.083785],[-84.478535,35.083532],[-84.478422,35.083499],[-84.478421,35.083757],[-84.477938,35.08411],[-84.477811,35.083879],[-84.478209,35.083423],[-84.477498,35.082977],[-84.477249,35.082586],[-84.476516,35.082039],[-84.477276,35.08119]]]}},{"id":"206595","type":"Feature","properties":{"OBJECTID":4382,"max_category":0,"label":"0.01 to 0.10 inches","area_acres":0.6764344781405295,"county":"Polk County","watershed":"Rough Creek-Ocoee River"},"geometry":{"type":"Polygon","coordinates":[[[-84.508045,35.101557],[-84.508138,35.101666],[-84.507967,35.101975],[-84.506851,35.101954],[-84.506947,35.101828],[-84.507627,35.101851],[-84.507795,35.101611],[-84.508045,35.101557]]]}},{"id":"206596","type":"Feature","properties":{"OBJECTID":4895,"max_category":0,"label":"0.01 to 0.10 inches","area_acres":14.968237069898423,"county":"Polk County","watershed":"Rough Creek-Ocoee River"},"geometry":{"type":"Polygon","coordinates":[[[-84.515209,35.05666],[-84.515777,35.05685],[-84.516155,35.057621],[-84.516441,35.056746],[-84.515427,35.056234],[-84.515316,35.055838],[-84.515579,35.055817],[-84.516568,35.056491],[-84.516902,35.055598],[-84.516258,35.05541],[-84.516145,35.055255],[-84.516949,35.055303],[-84.516939,35.055156],[-84.516324,35.05488],[-84.516223,35.053978],[-84.515484,35.053669],[-84.515054,35.05364],[-84.515172,35.053283],[-84.514648,35.052888],[-84.515118,35.052484],[-84.515012,35.051908],[-84.515152,35.051755],[-84.514103,35.050294],[-84.514134,35.050157],[-84.514428,35.0502],[-84.514424,35.050109],[-84.513943,35.049421],[-84.513999,35.04908],[-84.514734,35.049779],[-84.515238,35.051185],[-84.515713,35.051316],[-84.515497,35.052058],[-84.515581,35.052377],[-84.515246,35.052795],[-84.515706,35.053433],[-84.516564,35.053701],[-84.516479,35.054198],[-84.516673,35.054587],[-84.517237,35.055021],[-84.517005,35.05611],[-84.516498,35.057228],[-84.516903,35.057573],[-84.516262,35.057912],[-84.516369,35.059506],[-84.516189,35.059938],[-84.516142,35.05822],[-84.515986,35.057896],[-84.5145,35.056702],[-84.5147,35.056564],[-84.515249,35.056824],[-84.515209,35.05666]]]}},{"id":"206600","type":"Feature","properties":{"OBJECTID":3392,"max_category":0,"label":"0.01 to 0.10 inches","area_acres":5.036789191984628,"county":"Polk County","watershed":"Rough Creek-Ocoee River"},"geometry":{"type":"Polygon","coordinates":[[[-84.483949,35.085345],[-84.484619,35.085759],[-84.485244,35.086869],[-84.485844,35.087337],[-84.486037,35.087479],[-84.486644,35.087354],[-84.48686,35.087671],[-84.487564,35.088114],[-84.48737,35.088409],[-84.487042,35.088123],[-84.486408,35.08797],[-84.486311,35.087637],[-84.485984,35.087621],[-84.485501,35.08821],[-84.485521,35.088508],[-84.486041,35.088946],[-84.486121,35.089264],[-84.485812,35.089173],[-84.48535,35.08855],[-84.485331,35.088161],[-84.485816,35.087508],[-84.485314,35.087242],[-84.485089,35.087525],[-84.484854,35.087373],[-84.485011,35.08699],[-84.484921,35.086643],[-84.484346,35.086842],[-84.484655,35.086185],[-84.484464,35.085836],[-84.483883,35.085483],[-84.483949,35.085345]]]}},{"id":"206617","type":"Feature","properties":{"OBJECTID":4362,"max_category":0,"label":"0.01 to 0.10 inches","area_acres":1.6234243452631558,"county":"Polk County","watershed":"Rough Creek-Ocoee River"},"geometry":{"type":"Polygon","coordinates":[[[-84.506263,35.076311],[-84.507607,35.077509],[-84.50735,35.077651],[-84.505966,35.076433],[-84.506263,35.076311]]]}},{"id":"206619","type":"Feature","properties":{"OBJECTID":4360,"max_category":0,"label":"0.01 to 0.10 inches","area_acres":1.968208099552734,"county":"Polk County","watershed":"Rough Creek-Ocoee River"},"geometry":{"type":"Polygon","coordinates":[[[-84.509191,35.076902],[-84.509658,35.07753],[-84.510274,35.077985],[-84.510296,35.078166],[-84.509551,35.07806],[-84.508667,35.077199],[-84.509191,35.076902]]]}},{"id":"206620","type":"Feature","properties":{"OBJECTID":4357,"max_category":0,"label":"0.01 to 0.10 inches","area_acres":1.9254563143739047,"county":"Polk County","watershed":"Rough Creek-Ocoee River"},"geometry":{"type":"Polygon","coordinates":[[[-84.502066,35.072522],[-84.502259,35.072648],[-84.502493,35.07359],[-84.503123,35.074063],[-84.502914,35.074246],[-84.502282,35.073806],[-84.501672,35.072854],[-84.50178,35.072607],[-84.502066,35.072522]]]}},{"id":"206622","type":"Feature","properties":{"OBJECTID":4361,"max_category":0,"label":"0.01 to 0.10 inches","area_acres":3.8392723024196,"county":"Polk County","watershed":"Rough Creek-Ocoee River"},"geometry":{"type":"Polygon","coordinates":[[[-84.510225,35.078726],[-84.511516,35.07878],[-84.511616,35.078931],[-84.511214,35.079099],[-84.509239,35.07908],[-84.508102,35.079572],[-84.507704,35.080021],[-84.507552,35.079978],[-84.507541,35.079816],[-84.50822,35.079105],[-84.509635,35.078511],[-84.510163,35.078399],[-84.510225,35.078726]]]}},{"id":"206624","type":"Feature","properties":{"OBJECTID":1006,"max_category":0,"label":"0.01 to 0.10 inches","area_acres":2.6732878932080726,"county":"Polk County","watershed":"Rough Creek-Ocoee River"},"geometry":{"type":"Polygon","coordinates":[[[-84.494512,35.029468],[-84.494518,35.029968],[-84.494413,35.02978],[-84.492529,35.029921],[-84.491466,35.029738],[-84.491727,35.02943],[-84.49322,35.029558],[-84.494512,35.029468]]]}},{"id":"206625","type":"Feature","properties":{"OBJECTID":4136,"max_category":0,"label":"0.01 to 0.10 inches","area_acres":0.9783960845270478,"county":"Polk County","watershed":"Parksville Lake-Ocoee River"},"geometry":{"type":"Polygon","coordinates":[[[-84.514017,35.132409],[-84.513803,35.133476],[-84.513599,35.133586],[-84.513494,35.132839],[-84.514017,35.132409]]]}},{"id":"206627","type":"Feature","properties":{"OBJECTID":4215,"max_category":0,"label":"0.01 to 0.10 inches","area_acres":4.617897589148731,"county":"Polk County","watershed":"Rough Creek-Ocoee River"},"geometry":{"type":"Polygon","coordinates":[[[-84.49992,35.100249],[-84.501867,35.101028],[-84.502126,35.101422],[-84.501836,35.101506],[-84.501028,35.101149],[-84.500372,35.100537],[-84.49999,35.100498],[-84.499703,35.101209],[-84.500057,35.10158],[-84.500156,35.101959],[-84.500859,35.102035],[-84.501471,35.102635],[-84.501246,35.102779],[-84.500821,35.102765],[-84.500646,35.102381],[-84.500203,35.102167],[-84.499674,35.103076],[-84.499194,35.10323],[-84.499159,35.102989],[-84.499408,35.102861],[-84.499315,35.102726],[-84.499676,35.102627],[-84.500032,35.102212],[-84.499517,35.101027],[-84.49992,35.100249]]]}},{"id":"206656","type":"Feature","properties":{"OBJECTID":4340,"max_category":0,"label":"0.01 to 0.10 inches","area_acres":5.156129799890053,"county":"Polk County","watershed":"Rough Creek-Ocoee River"},"geometry":{"type":"Polygon","coordinates":[[[-84.512139,35.064054],[-84.512795,35.064576],[-84.512677,35.064748],[-84.512434,35.064677],[-84.512582,35.064875],[-84.512446,35.065056],[-84.512168,35.064969],[-84.511674,35.064383],[-84.510972,35.064601],[-84.512465,35.065832],[-84.512413,35.066133],[-84.512081,35.066156],[-84.511569,35.065696],[-84.511575,35.065419],[-84.511041,35.065131],[-84.510745,35.06473],[-84.509985,35.065137],[-84.510139,35.065368],[-84.510068,35.065607],[-84.509837,35.065574],[-84.509626,35.065302],[-84.509262,35.065275],[-84.509888,35.065012],[-84.509761,35.064525],[-84.509966,35.064566],[-84.51015,35.064887],[-84.510992,35.064414],[-84.512139,35.064054]]]}},{"id":"206670","type":"Feature","properties":{"OBJECTID":4923,"max_category":0,"label":"0.01 to 0.10 inches","area_acres":19.143468606768586,"county":"Polk County","watershed":"Rough Creek-Ocoee River"},"geometry":{"type":"Polygon","coordinates":[[[-84.516279,35.075534],[-84.516822,35.075812],[-84.516379,35.076192],[-84.516618,35.076497],[-84.518019,35.076618],[-84.518071,35.077055],[-84.517892,35.077076],[-84.517447,35.076751],[-84.516681,35.076699],[-84.516109,35.076445],[-84.515947,35.07661],[-84.51605,35.077005],[-84.515371,35.076735],[-84.515042,35.076751],[-84.514715,35.077109],[-84.514259,35.078285],[-84.514307,35.078995],[-84.514754,35.079773],[-84.515631,35.079204],[-84.516038,35.078575],[-84.516524,35.078615],[-84.516108,35.07915],[-84.516884,35.079025],[-84.516627,35.079368],[-84.515734,35.079581],[-84.514896,35.080003],[-84.515682,35.081505],[-84.515956,35.081437],[-84.517242,35.080344],[-84.517412,35.080382],[-84.517337,35.080673],[-84.516989,35.080789],[-84.516118,35.081588],[-84.515762,35.081641],[-84.515974,35.081865],[-84.515827,35.083126],[-84.515588,35.081692],[-84.51454,35.081837],[-84.514385,35.081681],[-84.514464,35.081452],[-84.515434,35.081405],[-84.515361,35.081277],[-84.514756,35.081201],[-84.514776,35.081065],[-84.515135,35.080925],[-84.514985,35.080441],[-84.514148,35.0806],[-84.514351,35.080231],[-84.514783,35.080169],[-84.514558,35.0798],[-84.513637,35.080447],[-84.513421,35.080317],[-84.513524,35.080116],[-84.512732,35.079981],[-84.512537,35.079646],[-84.513952,35.079741],[-84.514397,35.079461],[-84.513422,35.079354],[-84.51365,35.07913],[-84.5141,35.079005],[-84.513912,35.078689],[-84.514023,35.078338],[-84.512975,35.078209],[-84.513085,35.078045],[-84.51393,35.078007],[-84.514129,35.078133],[-84.514247,35.077704],[-84.513454,35.077098],[-84.513303,35.076794],[-84.513696,35.076904],[-84.514381,35.077406],[-84.514525,35.077129],[-84.514437,35.076491],[-84.514704,35.076471],[-84.514567,35.07578],[-84.513818,35.075385],[-84.513645,35.075147],[-84.513659,35.074573],[-84.514042,35.074712],[-84.514264,35.075391],[-84.514875,35.075688],[-84.515126,35.076521],[-84.516154,35.076213],[-84.516371,35.075985],[-84.516056,35.075607],[-84.516279,35.075534]]]}},{"id":"206675","type":"Feature","properties":{"OBJECTID":5165,"max_category":0,"label":"0.01 to 0.10 inches","area_acres":1.8221372494395662,"county":"Polk County","watershed":"Rough Creek-Ocoee River"},"geometry":{"type":"Polygon","coordinates":[[[-84.49638,35.02641],[-84.49697,35.026686],[-84.497522,35.026756],[-84.498328,35.027165],[-84.498529,35.027442],[-84.498305,35.027509],[-84.497323,35.027214],[-84.496941,35.026831],[-84.49626,35.02659],[-84.49638,35.02641]]]}},{"id":"206676","type":"Feature","properties":{"OBJECTID":4291,"max_category":0,"label":"0.01 to 0.10 inches","area_acres":7.52986931565808,"county":"Polk County","watershed":"Parksville Lake-Ocoee River"},"geometry":{"type":"Polygon","coordinates":[[[-84.50479,35.126453],[-84.504922,35.126144],[-84.505877,35.126763],[-84.50538,35.125811],[-84.505514,35.125767],[-84.506076,35.126179],[-84.506202,35.125629],[-84.505551,35.125411],[-84.505407,35.1252],[-84.50554,35.12512],[-84.506217,35.125346],[-84.506211,35.125096],[-84.506558,35.124948],[-84.506637,35.124615],[-84.506838,35.124811],[-84.507599,35.124616],[-84.50769,35.124775],[-84.507421,35.124951],[-84.50743,35.125169],[-84.507006,35.125083],[-84.506548,35.125201],[-84.506544,35.125638],[-84.506853,35.125777],[-84.506327,35.126393],[-84.506254,35.126803],[-84.508147,35.126372],[-84.507884,35.126711],[-84.507384,35.12696],[-84.506238,35.127073],[-84.505969,35.127911],[-84.505796,35.127051],[-84.505178,35.126883],[-84.50479,35.126453]]]}},{"id":"206690","type":"Feature","properties":{"OBJECTID":3395,"max_category":0,"label":"0.01 to 0.10 inches","area_acres":6.260608258218133,"county":"Polk County","watershed":"Rough Creek-Ocoee River"},"geometry":{"type":"Polygon","coordinates":[[[-84.476657,35.084933],[-84.477107,35.085188],[-84.478363,35.084746],[-84.478885,35.085088],[-84.478832,35.085252],[-84.477406,35.085343],[-84.4776,35.085496],[-84.478576,35.085595],[-84.478735,35.085764],[-84.478496,35.085901],[-84.477707,35.085812],[-84.477727,35.08611],[-84.478317,35.08642],[-84.478051,35.086498],[-84.477708,35.086338],[-84.477717,35.086468],[-84.478503,35.086918],[-84.478427,35.087215],[-84.478077,35.087206],[-84.47738,35.086852],[-84.477289,35.085665],[-84.476654,35.085095],[-84.476651,35.085638],[-84.476463,35.086051],[-84.476286,35.086021],[-84.476376,35.085034],[-84.475899,35.084851],[-84.476657,35.084933]]]}},{"id":"206697","type":"Feature","properties":{"OBJECTID":5138,"max_category":0,"label":"0.01 to 0.10 inches","area_acres":3.14845803644815,"county":"Polk County","watershed":"Rough Creek-Ocoee River"},"geometry":{"type":"Polygon","coordinates":[[[-84.491609,35.08574],[-84.491702,35.085848],[-84.491508,35.086248],[-84.490972,35.08639],[-84.491926,35.086988],[-84.49199,35.087225],[-84.49165,35.087253],[-84.491273,35.087064],[-84.490752,35.086472],[-84.490299,35.086575],[-84.490295,35.0873],[-84.491158,35.087717],[-84.49111,35.087855],[-84.490747,35.087843],[-84.490068,35.087422],[-84.490153,35.086582],[-84.490004,35.086462],[-84.49097,35.086236],[-84.491609,35.08574]]]}},{"id":"206700","type":"Feature","properties":{"OBJECTID":4967,"max_category":0,"label":"0.01 to 0.10 inches","area_acres":2.750902970793853,"county":"Polk County","watershed":"Rough Creek-Ocoee River"},"geometry":{"type":"Polygon","coordinates":[[[-84.492091,35.091825],[-84.490555,35.089212],[-84.490705,35.088872],[-84.490937,35.088895],[-84.491252,35.089185],[-84.491539,35.089878],[-84.491505,35.090354],[-84.491953,35.091049],[-84.49232,35.090826],[-84.492478,35.090885],[-84.492115,35.091459],[-84.492091,35.091825]]]}},{"id":"206703","type":"Feature","properties":{"OBJECTID":4262,"max_category":0,"label":"0.01 to 0.10 inches","area_acres":1.6213507117153727,"county":"Polk County","watershed":"Parksville Lake-Ocoee River"},"geometry":{"type":"Polygon","coordinates":[[[-84.514844,35.130119],[-84.514641,35.129916],[-84.514867,35.129624],[-84.515387,35.129895],[-84.515782,35.12955],[-84.516302,35.129757],[-84.515696,35.130204],[-84.515888,35.130638],[-84.515121,35.129917],[-84.514844,35.130119]]]}},{"id":"206704","type":"Feature","properties":{"OBJECTID":4267,"max_category":0,"label":"0.01 to 0.10 inches","area_acres":1.1448894999211057,"county":"Polk County","watershed":"Parksville Lake-Ocoee River"},"geometry":{"type":"Polygon","coordinates":[[[-84.519565,35.126789],[-84.520547,35.127092],[-84.520577,35.127412],[-84.520248,35.127473],[-84.519447,35.127022],[-84.519254,35.127063],[-84.519565,35.126789]]]}},{"id":"206705","type":"Feature","properties":{"OBJECTID":4965,"max_category":0,"label":"0.01 to 0.10 inches","area_acres":4.8863537066117075,"county":"Polk County","watershed":"Rough Creek-Ocoee River"},"geometry":{"type":"Polygon","coordinates":[[[-84.508477,35.080705],[-84.508909,35.081072],[-84.50863,35.080981],[-84.507462,35.081904],[-84.507323,35.08238],[-84.507089,35.082377],[-84.507014,35.082142],[-84.504694,35.082644],[-84.504391,35.082905],[-84.504281,35.0828],[-84.503658,35.082872],[-84.503858,35.082356],[-84.504472,35.082457],[-84.504238,35.082163],[-84.504375,35.082],[-84.504624,35.082069],[-84.504816,35.082468],[-84.505834,35.082257],[-84.507076,35.081787],[-84.508477,35.080705]]]}},{"id":"206707","type":"Feature","properties":{"OBJECTID":4330,"max_category":0,"label":"0.01 to 0.10 inches","area_acres":3.262836553481596,"county":"Polk County","watershed":"Rough Creek-Ocoee River"},"geometry":{"type":"Polygon","coordinates":[[[-84.512401,35.076183],[-84.509902,35.075894],[-84.509928,35.075619],[-84.512042,35.075534],[-84.513288,35.075319],[-84.512826,35.075634],[-84.511891,35.075739],[-84.512506,35.07595],[-84.512401,35.076183]]]}},{"id":"206715","type":"Feature","properties":{"OBJECTID":4567,"max_category":0,"label":"0.01 to 0.10 inches","area_acres":0.9166812702131103,"county":"Polk County","watershed":"Rough Creek-Ocoee River"},"geometry":{"type":"Polygon","coordinates":[[[-84.496031,35.052515],[-84.496489,35.052825],[-84.49652,35.053009],[-84.496228,35.053824],[-84.496016,35.053869],[-84.495856,35.053617],[-84.496344,35.052983],[-84.49596,35.052621],[-84.496031,35.052515]]]}},{"id":"206724","type":"Feature","properties":{"OBJECTID":4962,"max_category":0,"label":"0.01 to 0.10 inches","area_acres":2.788268278496209,"county":"Polk County","watershed":"Rough Creek-Ocoee River"},"geometry":{"type":"Polygon","coordinates":[[[-84.510446,35.082597],[-84.510803,35.082888],[-84.509518,35.083924],[-84.509053,35.084846],[-84.508548,35.085013],[-84.508508,35.084667],[-84.508985,35.084112],[-84.509283,35.084012],[-84.50993,35.083214],[-84.509936,35.083006],[-84.510446,35.082597]]]}},{"id":"206727","type":"Feature","properties":{"OBJECTID":3785,"max_category":0,"label":"0.01 to 0.10 inches","area_acres":1.2604082509368786,"county":"Polk County","watershed":"Parksville Lake-Ocoee River"},"geometry":{"type":"Polygon","coordinates":[[[-84.515032,35.141664],[-84.515864,35.141761],[-84.51491,35.141803],[-84.514385,35.141091],[-84.51438,35.140877],[-84.514884,35.140557],[-84.515212,35.140638],[-84.515238,35.140846],[-84.514562,35.140921],[-84.514554,35.14104],[-84.515032,35.141664]]]}},{"id":"206759","type":"Feature","properties":{"OBJECTID":4934,"max_category":0,"label":"0.01 to 0.10 inches","area_acres":3.4428654872870394,"county":"Polk County","watershed":"Rough Creek-Ocoee River"},"geometry":{"type":"Polygon","coordinates":[[[-84.492824,35.054092],[-84.493286,35.055186],[-84.493833,35.055354],[-84.4945,35.05583],[-84.494255,35.056034],[-84.493214,35.055403],[-84.492647,35.056128],[-84.4927,35.05693],[-84.49254,35.056999],[-84.492372,35.056817],[-84.492188,35.056903],[-84.491845,35.056731],[-84.49216,35.056187],[-84.492533,35.056018],[-84.493133,35.055263],[-84.492775,35.054643],[-84.492824,35.054092]]]}},{"id":"206762","type":"Feature","properties":{"OBJECTID":4911,"max_category":0,"label":"0.01 to 0.10 inches","area_acres":0.43779592623548635,"county":"Polk County","watershed":"Rough Creek-Ocoee River"},"geometry":{"type":"Polygon","coordinates":[[[-84.51432,35.059688],[-84.514524,35.059938],[-84.514439,35.060376],[-84.514179,35.059881],[-84.51432,35.059688]]]}},{"id":"206771","type":"Feature","properties":{"OBJECTID":3787,"max_category":0,"label":"0.01 to 0.10 inches","area_acres":1.9884404026378775,"county":"Polk County","watershed":"Parksville Lake-Ocoee River"},"geometry":{"type":"Polygon","coordinates":[[[-84.509696,35.137367],[-84.50992,35.137465],[-84.509831,35.137742],[-84.50888,35.137658],[-84.508799,35.138255],[-84.507945,35.138225],[-84.507675,35.138556],[-84.507485,35.138483],[-84.507705,35.138067],[-84.508619,35.138077],[-84.508651,35.137424],[-84.509696,35.137367]]]}},{"id":"206801","type":"Feature","properties":{"OBJECTID":4560,"max_category":0,"label":"0.01 to 0.10 inches","area_acres":1.7490177122293233,"county":"Polk County","watershed":"Rough Creek-Ocoee River"},"geometry":{"type":"Polygon","coordinates":[[[-84.49956,35.039833],[-84.500295,35.040447],[-84.500038,35.040552],[-84.499463,35.040134],[-84.498483,35.040716],[-84.498783,35.040311],[-84.498455,35.039681],[-84.498636,35.039672],[-84.499166,35.040142],[-84.49956,35.039833]]]}},{"id":"206803","type":"Feature","properties":{"OBJECTID":4386,"max_category":0,"label":"0.01 to 0.10 inches","area_acres":2.6999236589259383,"county":"Polk County","watershed":"Rough Creek-Ocoee River"},"geometry":{"type":"Polygon","coordinates":[[[-84.494962,35.085807],[-84.495152,35.085884],[-84.495161,35.086521],[-84.494903,35.086627],[-84.49455,35.087354],[-84.49498,35.08827],[-84.495284,35.088572],[-84.495649,35.088631],[-84.495607,35.088755],[-84.495204,35.088704],[-84.494826,35.088346],[-84.494373,35.087311],[-84.493694,35.087097],[-84.493405,35.086839],[-84.493671,35.086532],[-84.494395,35.087136],[-84.494787,35.08649],[-84.494755,35.085916],[-84.494962,35.085807]]]}},{"id":"206805","type":"Feature","properties":{"OBJECTID":3059,"max_category":0,"label":"0.01 to 0.10 inches","area_acres":1.9504237114661647,"county":"Polk County","watershed":"Rough Creek-Ocoee River"},"geometry":{"type":"Polygon","coordinates":[[[-84.485443,35.054813],[-84.485818,35.05612],[-84.485288,35.057178],[-84.485376,35.057585],[-84.484996,35.057865],[-84.484761,35.057731],[-84.484704,35.057482],[-84.485142,35.057098],[-84.485643,35.056084],[-84.485384,35.055222],[-84.485443,35.054813]]]}},{"id":"206808","type":"Feature","properties":{"OBJECTID":5163,"max_category":0,"label":"0.01 to 0.10 inches","area_acres":7.1096787945555615,"county":"Polk County","watershed":"Rough Creek-Ocoee River"},"geometry":{"type":"Polygon","coordinates":[[[-84.501825,35.020823],[-84.502817,35.021291],[-84.50382,35.022108],[-84.50468,35.022073],[-84.50496,35.022386],[-84.506039,35.022337],[-84.506366,35.022185],[-84.506717,35.022288],[-84.506726,35.022531],[-84.506432,35.022649],[-84.506763,35.022989],[-84.505861,35.022681],[-84.505041,35.022716],[-84.504608,35.02241],[-84.504107,35.022403],[-84.505229,35.023515],[-84.505407,35.024034],[-84.505282,35.024129],[-84.504463,35.023033],[-84.503902,35.022777],[-84.501675,35.021085],[-84.501474,35.02112],[-84.501825,35.020823]]]}},{"id":"206815","type":"Feature","properties":{"OBJECTID":4252,"max_category":0,"label":"0.01 to 0.10 inches","area_acres":4.319441072933394,"county":"Polk County","watershed":"Parksville Lake-Ocoee River"},"geometry":{"type":"Polygon","coordinates":[[[-84.521822,35.128453],[-84.522728,35.128571],[-84.522378,35.12829],[-84.521925,35.128335],[-84.521621,35.12817],[-84.521662,35.12799],[-84.522046,35.128036],[-84.521719,35.127666],[-84.521751,35.12741],[-84.522325,35.127616],[-84.522545,35.127961],[-84.522946,35.128152],[-84.522996,35.128683],[-84.523469,35.129239],[-84.523803,35.129485],[-84.524427,35.129486],[-84.524484,35.129592],[-84.523744,35.129625],[-84.523246,35.129241],[-84.522251,35.129577],[-84.522241,35.129346],[-84.52313,35.129103],[-84.522902,35.128844],[-84.522439,35.128918],[-84.521828,35.128738],[-84.521822,35.128453]]]}},{"id":"206820","type":"Feature","properties":{"OBJECTID":4375,"max_category":0,"label":"0.01 to 0.10 inches","area_acres":5.870360549215172,"county":"Polk County","watershed":"Rough Creek-Ocoee River"},"geometry":{"type":"Polygon","coordinates":[[[-84.489561,35.073451],[-84.490111,35.073651],[-84.490006,35.073953],[-84.489428,35.073891],[-84.489049,35.073615],[-84.488438,35.073671],[-84.488849,35.074059],[-84.489203,35.074147],[-84.488916,35.074307],[-84.488968,35.074564],[-84.489427,35.075013],[-84.488994,35.075155],[-84.48865,35.074892],[-84.488545,35.074339],[-84.488102,35.073727],[-84.487225,35.073419],[-84.48726,35.073185],[-84.486986,35.072738],[-84.487243,35.072747],[-84.487717,35.073097],[-84.487743,35.073273],[-84.488005,35.072706],[-84.488696,35.072825],[-84.488666,35.073068],[-84.488221,35.073185],[-84.488062,35.073409],[-84.487634,35.07335],[-84.48791,35.073524],[-84.488209,35.073566],[-84.489502,35.073095],[-84.489682,35.073235],[-84.489561,35.073451]]]}},{"id":"206828","type":"Feature","properties":{"OBJECTID":4571,"max_category":0,"label":"0.01 to 0.10 inches","area_acres":1.545717252786991,"county":"Polk County","watershed":"Rough Creek-Ocoee River"},"geometry":{"type":"Polygon","coordinates":[[[-84.496222,35.040948],[-84.496584,35.041056],[-84.497033,35.041517],[-84.49752,35.041616],[-84.497828,35.041898],[-84.497206,35.041679],[-84.496152,35.041685],[-84.496022,35.041305],[-84.496499,35.04142],[-84.496117,35.041079],[-84.496222,35.040948]]]}},{"id":"206829","type":"Feature","properties":{"OBJECTID":4540,"max_category":0,"label":"0.01 to 0.10 inches","area_acres":1.882741541550093,"county":"Polk County","watershed":"Rough Creek-Ocoee River"},"geometry":{"type":"Polygon","coordinates":[[[-84.500987,35.036685],[-84.501152,35.03685],[-84.501244,35.037786],[-84.500513,35.038002],[-84.500369,35.037175],[-84.500585,35.037144],[-84.500794,35.037591],[-84.500745,35.036837],[-84.500987,35.036685]]]}},{"id":"206836","type":"Feature","properties":{"OBJECTID":4353,"max_category":0,"label":"0.01 to 0.10 inches","area_acres":1.3407556457868983,"county":"Polk County","watershed":"Rough Creek-Ocoee River"},"geometry":{"type":"Polygon","coordinates":[[[-84.507341,35.075776],[-84.507921,35.075915],[-84.508648,35.077],[-84.507289,35.076031],[-84.507341,35.075776]]]}},{"id":"206839","type":"Feature","properties":{"OBJECTID":4298,"max_category":0,"label":"0.01 to 0.10 inches","area_acres":1.6840558812529953,"county":"Polk County","watershed":"Parksville Lake-Ocoee River"},"geometry":{"type":"Polygon","coordinates":[[[-84.501303,35.12421],[-84.501915,35.124841],[-84.502141,35.124255],[-84.502303,35.124137],[-84.502425,35.124235],[-84.501958,35.125558],[-84.501842,35.125058],[-84.501112,35.124589],[-84.501303,35.12421]]]}},{"id":"206862","type":"Feature","properties":{"OBJECTID":4300,"max_category":0,"label":"0.01 to 0.10 inches","area_acres":8.61599324437929,"county":"Polk County","watershed":"Parksville Lake-Ocoee River"},"geometry":{"type":"Polygon","coordinates":[[[-84.501734,35.133079],[-84.501989,35.133218],[-84.502008,35.1335],[-84.501187,35.134057],[-84.50196,35.134939],[-84.502427,35.134486],[-84.502849,35.134504],[-84.502677,35.134843],[-84.502056,35.135079],[-84.502569,35.135268],[-84.502418,35.135927],[-84.502601,35.13632],[-84.502186,35.135969],[-84.501886,35.135128],[-84.501085,35.134174],[-84.500222,35.133664],[-84.500025,35.132667],[-84.499344,35.132551],[-84.499057,35.132286],[-84.499202,35.13204],[-84.500108,35.132414],[-84.500377,35.131907],[-84.499251,35.131443],[-84.499265,35.131091],[-84.499573,35.131046],[-84.50049,35.131772],[-84.500827,35.131346],[-84.500887,35.130865],[-84.501101,35.130974],[-84.501143,35.131235],[-84.501573,35.131106],[-84.502011,35.131247],[-84.501981,35.131364],[-84.500838,35.131667],[-84.501226,35.131924],[-84.501237,35.132085],[-84.500585,35.131899],[-84.500212,35.132562],[-84.500308,35.133489],[-84.500885,35.133861],[-84.501734,35.133079]]]}},{"id":"206865","type":"Feature","properties":{"OBJECTID":4970,"max_category":0,"label":"0.01 to 0.10 inches","area_acres":1.7459837770815836,"county":"Polk County","watershed":"Rough Creek-Ocoee River"},"geometry":{"type":"Polygon","coordinates":[[[-84.506589,35.095872],[-84.506814,35.096107],[-84.506295,35.096194],[-84.506257,35.096382],[-84.50716,35.096604],[-84.507086,35.096869],[-84.506334,35.096705],[-84.505731,35.096281],[-84.505817,35.095915],[-84.506589,35.095872]]]}},{"id":"206877","type":"Feature","properties":{"OBJECTID":4992,"max_category":0,"label":"0.01 to 0.10 inches","area_acres":2.4856767724162006,"county":"Polk County","watershed":"Rough Creek-Ocoee River"},"geometry":{"type":"Polygon","coordinates":[[[-84.511534,35.082997],[-84.512441,35.081869],[-84.512885,35.081865],[-84.51279,35.082102],[-84.513764,35.081307],[-84.513776,35.081635],[-84.51344,35.081952],[-84.512546,35.082423],[-84.511865,35.083133],[-84.511534,35.082997]]]}},{"id":"206878","type":"Feature","properties":{"OBJECTID":4132,"max_category":0,"label":"0.01 to 0.10 inches","area_acres":0.5278322102001766,"county":"Polk County","watershed":"Parksville Lake-Ocoee River"},"geometry":{"type":"Polygon","coordinates":[[[-84.50371,35.12337],[-84.504302,35.123572],[-84.504415,35.12375],[-84.503537,35.123642],[-84.50371,35.12337]]]}},{"id":"206886","type":"Feature","properties":{"OBJECTID":4547,"max_category":0,"label":"0.01 to 0.10 inches","area_acres":0.6747265758578362,"county":"Polk County","watershed":"Rough Creek-Ocoee River"},"geometry":{"type":"Polygon","coordinates":[[[-84.49105,35.037442],[-84.492161,35.037488],[-84.492289,35.037665],[-84.490992,35.037584],[-84.49105,35.037442]]]}},{"id":"206889","type":"Feature","properties":{"OBJECTID":4478,"max_category":0,"label":"0.01 to 0.10 inches","area_acres":4.2864319038116,"county":"Polk County","watershed":"Rough Creek-Ocoee River"},"geometry":{"type":"Polygon","coordinates":[[[-84.521544,35.088776],[-84.521646,35.088992],[-84.522995,35.08935],[-84.523141,35.08953],[-84.5225,35.089531],[-84.521622,35.089136],[-84.521665,35.08978],[-84.520867,35.090106],[-84.520397,35.090618],[-84.519569,35.090668],[-84.519419,35.090317],[-84.519558,35.090168],[-84.520082,35.090384],[-84.520624,35.090145],[-84.520046,35.089923],[-84.520157,35.089703],[-84.520406,35.089689],[-84.520856,35.089936],[-84.521518,35.089673],[-84.521467,35.088912],[-84.520381,35.088863],[-84.519907,35.089076],[-84.519762,35.088957],[-84.519873,35.088736],[-84.520391,35.088472],[-84.520742,35.088758],[-84.521544,35.088776]]]}},{"id":"206913","type":"Feature","properties":{"OBJECTID":4349,"max_category":0,"label":"0.01 to 0.10 inches","area_acres":0.6531522637001791,"county":"Polk County","watershed":"Rough Creek-Ocoee River"},"geometry":{"type":"Polygon","coordinates":[[[-84.505928,35.067254],[-84.506635,35.067722],[-84.506556,35.067907],[-84.505767,35.067428],[-84.505928,35.067254]]]}},{"id":"206919","type":"Feature","properties":{"OBJECTID":4369,"max_category":0,"label":"0.01 to 0.10 inches","area_acres":1.5655294600356233,"county":"Polk County","watershed":"Rough Creek-Ocoee River"},"geometry":{"type":"Polygon","coordinates":[[[-84.503004,35.075011],[-84.503994,35.07532],[-84.503982,35.075457],[-84.503715,35.075479],[-84.504265,35.075807],[-84.504305,35.076067],[-84.502825,35.075303],[-84.503004,35.075011]]]}},{"id":"206926","type":"Feature","properties":{"OBJECTID":4302,"max_category":0,"label":"0.01 to 0.10 inches","area_acres":3.7972740112637737,"county":"Polk County","watershed":"Parksville Lake-Ocoee River"},"geometry":{"type":"Polygon","coordinates":[[[-84.511842,35.134229],[-84.51228,35.134266],[-84.512498,35.134914],[-84.512837,35.134998],[-84.512086,35.135268],[-84.512048,35.135758],[-84.511863,35.135938],[-84.511957,35.136395],[-84.511603,35.136596],[-84.511481,35.136317],[-84.511289,35.136418],[-84.511085,35.136279],[-84.511436,35.136],[-84.511139,35.136006],[-84.511085,35.135871],[-84.511592,35.135712],[-84.511912,35.135263],[-84.511273,35.135343],[-84.511132,35.135103],[-84.511328,35.134844],[-84.512039,35.135099],[-84.512328,35.134965],[-84.511724,35.134443],[-84.511842,35.134229]]]}},{"id":"206930","type":"Feature","properties":{"OBJECTID":4572,"max_category":0,"label":"0.01 to 0.10 inches","area_acres":1.6512553727531738,"county":"Polk County","watershed":"Rough Creek-Ocoee River"},"geometry":{"type":"Polygon","coordinates":[[[-84.489721,35.041795],[-84.490952,35.042647],[-84.491685,35.042476],[-84.491799,35.042715],[-84.491244,35.043046],[-84.489865,35.041986],[-84.489113,35.041967],[-84.489165,35.041822],[-84.489721,35.041795]]]}},{"id":"206938","type":"Feature","properties":{"OBJECTID":3377,"max_category":0,"label":"0.01 to 0.10 inches","area_acres":0.5046683782944476,"county":"Polk County","watershed":"Rough Creek-Ocoee River"},"geometry":{"type":"Polygon","coordinates":[[[-84.483013,35.077902],[-84.483316,35.078185],[-84.48336,35.078659],[-84.482912,35.078112],[-84.483013,35.077902]]]}},{"id":"206940","type":"Feature","properties":{"OBJECTID":4521,"max_category":0,"label":"0.01 to 0.10 inches","area_acres":2.554587860023835,"county":"Polk County","watershed":"Rough Creek-Ocoee River"},"geometry":{"type":"Polygon","coordinates":[[[-84.495059,35.029635],[-84.496791,35.029615],[-84.49745,35.030144],[-84.497089,35.030235],[-84.496187,35.029975],[-84.496261,35.030327],[-84.49612,35.030414],[-84.495369,35.029819],[-84.494785,35.029747],[-84.495059,35.029635]]]}},{"id":"206950","type":"Feature","properties":{"OBJECTID":566,"max_category":0,"label":"0.01 to 0.10 inches","area_acres":3.2947582702911773,"county":"Polk County","watershed":"Rough Creek-Ocoee River"},"geometry":{"type":"Polygon","coordinates":[[[-84.483184,35.070987],[-84.483225,35.071317],[-84.483529,35.071344],[-84.483643,35.071551],[-84.483622,35.071729],[-84.483249,35.071815],[-84.483489,35.072114],[-84.482475,35.071851],[-84.482154,35.07229],[-84.482418,35.072406],[-84.482376,35.072553],[-84.481082,35.072994],[-84.481038,35.072839],[-84.482001,35.072101],[-84.482127,35.071607],[-84.48282,35.071582],[-84.483184,35.070987]]]}},{"id":"206970","type":"Feature","properties":{"OBJECTID":4534,"max_category":0,"label":"0.01 to 0.10 inches","area_acres":1.137548190153738,"county":"Polk County","watershed":"Rough Creek-Ocoee River"},"geometry":{"type":"Polygon","coordinates":[[[-84.507166,35.033541],[-84.508133,35.034068],[-84.508114,35.034281],[-84.506653,35.03365],[-84.506713,35.033536],[-84.507166,35.033541]]]}},{"id":"207001","type":"Feature","properties":{"OBJECTID":2850,"max_category":0,"label":"0.01 to 0.10 inches","area_acres":1.7218284298248183,"county":"Polk County","watershed":"Rough Creek-Ocoee River"},"geometry":{"type":"Polygon","coordinates":[[[-84.501178,35.10798],[-84.502396,35.108612],[-84.502572,35.108561],[-84.502603,35.108659],[-84.502347,35.108755],[-84.50195,35.108528],[-84.501267,35.108558],[-84.501071,35.108403],[-84.500383,35.108307],[-84.50071,35.107979],[-84.501178,35.10798]]]}},{"id":"207002","type":"Feature","properties":{"OBJECTID":4562,"max_category":0,"label":"0.01 to 0.10 inches","area_acres":3.5231399216743577,"county":"Polk County","watershed":"Rough Creek-Ocoee River"},"geometry":{"type":"Polygon","coordinates":[[[-84.50192,35.044789],[-84.502604,35.045008],[-84.502505,35.045125],[-84.501843,35.045037],[-84.501403,35.044143],[-84.50006,35.043258],[-84.500058,35.043044],[-84.501591,35.044116],[-84.502507,35.043912],[-84.502686,35.044215],[-84.502577,35.044373],[-84.503561,35.044248],[-84.50373,35.044369],[-84.503596,35.044607],[-84.50241,35.044633],[-84.501968,35.044324],[-84.501689,35.044309],[-84.50192,35.044789]]]}},{"id":"207011","type":"Feature","properties":{"OBJECTID":3393,"max_category":0,"label":"0.01 to 0.10 inches","area_acres":1.3004979645942902,"county":"Polk County","watershed":"Rough Creek-Ocoee River"},"geometry":{"type":"Polygon","coordinates":[[[-84.486891,35.089257],[-84.487369,35.089424],[-84.487744,35.090195],[-84.488085,35.090169],[-84.488123,35.090289],[-84.487761,35.090396],[-84.486719,35.089658],[-84.4869,35.089531],[-84.486891,35.089257]]]}},{"id":"207017","type":"Feature","properties":{"OBJECTID":4396,"max_category":0,"label":"0.01 to 0.10 inches","area_acres":3.9741278004153524,"county":"Polk County","watershed":"Rough Creek-Ocoee River"},"geometry":{"type":"Polygon","coordinates":[[[-84.516132,35.090923],[-84.516851,35.091358],[-84.517995,35.091278],[-84.518675,35.091057],[-84.518898,35.091418],[-84.518719,35.091553],[-84.516894,35.091499],[-84.517167,35.092075],[-84.516862,35.092504],[-84.517055,35.09342],[-84.516928,35.093634],[-84.516643,35.093649],[-84.516685,35.092958],[-84.516234,35.093923],[-84.516005,35.093697],[-84.516993,35.092111],[-84.516679,35.091384],[-84.516041,35.091046],[-84.516132,35.090923]]]}},{"id":"207056","type":"Feature","properties":{"OBJECTID":4289,"max_category":0,"label":"0.01 to 0.10 inches","area_acres":8.036774439321553,"county":"Polk County","watershed":"Parksville Lake-Ocoee River"},"geometry":{"type":"Polygon","coordinates":[[[-84.507981,35.133813],[-84.508453,35.134002],[-84.509351,35.134713],[-84.510197,35.134527],[-84.511101,35.135196],[-84.510951,35.13564],[-84.510555,35.135788],[-84.510234,35.135199],[-84.510272,35.134826],[-84.510018,35.134661],[-84.509493,35.134823],[-84.509392,35.13506],[-84.510372,35.135784],[-84.510362,35.135991],[-84.510015,35.135871],[-84.510101,35.136214],[-84.50967,35.136127],[-84.509586,35.135547],[-84.509284,35.135247],[-84.509019,35.13549],[-84.509105,35.135989],[-84.508829,35.135981],[-84.50872,35.135628],[-84.50839,35.13597],[-84.507995,35.135864],[-84.507931,35.135401],[-84.508661,35.135488],[-84.509187,35.135093],[-84.509275,35.134848],[-84.509019,35.134762],[-84.508338,35.135123],[-84.507122,35.134961],[-84.507018,35.134717],[-84.50715,35.134567],[-84.507725,35.134734],[-84.508919,35.13464],[-84.50845,35.134347],[-84.507323,35.134457],[-84.507332,35.134265],[-84.507869,35.134154],[-84.507704,35.133902],[-84.507981,35.133813]]]}},{"id":"207067","type":"Feature","properties":{"OBJECTID":4208,"max_category":0,"label":"0.01 to 0.10 inches","area_acres":1.1411091778206028,"county":"Polk County","watershed":"Rough Creek-Ocoee River"},"geometry":{"type":"Polygon","coordinates":[[[-84.503097,35.096719],[-84.503618,35.097693],[-84.503363,35.098005],[-84.503127,35.097909],[-84.503125,35.097424],[-84.502887,35.09736],[-84.502885,35.096777],[-84.503097,35.096719]]]}},{"id":"207069","type":"Feature","properties":{"OBJECTID":4365,"max_category":0,"label":"0.01 to 0.10 inches","area_acres":2.1198148229298672,"county":"Polk County","watershed":"Rough Creek-Ocoee River"},"geometry":{"type":"Polygon","coordinates":[[[-84.508911,35.079842],[-84.510596,35.07937],[-84.510725,35.079491],[-84.510452,35.079791],[-84.509107,35.080076],[-84.508635,35.08056],[-84.508348,35.080405],[-84.508911,35.079842]]]}},{"id":"207091","type":"Feature","properties":{"OBJECTID":5023,"max_category":0,"label":"0.01 to 0.10 inches","area_acres":1.7852398093448845,"county":"Polk County","watershed":"Parksville Lake-Ocoee River"},"geometry":{"type":"Polygon","coordinates":[[[-84.522755,35.142306],[-84.524253,35.142809],[-84.524218,35.143069],[-84.523939,35.143132],[-84.523485,35.142972],[-84.523173,35.142664],[-84.523208,35.143176],[-84.523689,35.143385],[-84.523615,35.143697],[-84.523325,35.143636],[-84.523047,35.143268],[-84.522755,35.142306]]]}},{"id":"207096","type":"Feature","properties":{"OBJECTID":1008,"max_category":0,"label":"0.01 to 0.10 inches","area_acres":11.51698033914841,"county":"Polk County","watershed":"Rough Creek-Ocoee River"},"geometry":{"type":"Polygon","coordinates":[[[-84.48764,35.040047],[-84.487826,35.040186],[-84.487811,35.040469],[-84.486968,35.040632],[-84.486833,35.040844],[-84.486847,35.041056],[-84.4878,35.040919],[-84.487924,35.04115],[-84.487796,35.041281],[-84.486868,35.041365],[-84.486915,35.042781],[-84.486636,35.041005],[-84.485941,35.040891],[-84.485369,35.040578],[-84.485565,35.040444],[-84.486716,35.040704],[-84.486652,35.040247],[-84.485841,35.039806],[-84.485298,35.039014],[-84.484292,35.038323],[-84.483462,35.038211],[-84.483507,35.038039],[-84.483973,35.038011],[-84.483657,35.037728],[-84.482784,35.037412],[-84.482742,35.037198],[-84.482966,35.03696],[-84.483193,35.036908],[-84.483643,35.037294],[-84.48363,35.036997],[-84.483871,35.036991],[-84.483961,35.037449],[-84.484321,35.037818],[-84.484561,35.037463],[-84.484752,35.037535],[-84.484782,35.038209],[-84.485426,35.038606],[-84.486009,35.039322],[-84.485997,35.038444],[-84.486239,35.038369],[-84.486455,35.038708],[-84.486308,35.039516],[-84.486924,35.039843],[-84.486899,35.040336],[-84.48764,35.040047]]]}},{"id":"207099","type":"Feature","properties":{"OBJECTID":4378,"max_category":0,"label":"0.01 to 0.10 inches","area_acres":2.9009541371552716,"county":"Polk County","watershed":"Rough Creek-Ocoee River"},"geometry":{"type":"Polygon","coordinates":[[[-84.494708,35.080562],[-84.495775,35.08145],[-84.496294,35.081702],[-84.49639,35.081892],[-84.496236,35.08208],[-84.495487,35.081629],[-84.495694,35.08197],[-84.495489,35.082004],[-84.494267,35.081],[-84.494708,35.080562]]]}},{"id":"207102","type":"Feature","properties":{"OBJECTID":4498,"max_category":0,"label":"0.01 to 0.10 inches","area_acres":2.7575522543487105,"county":"Polk County","watershed":"Rough Creek-Ocoee River"},"geometry":{"type":"Polygon","coordinates":[[[-84.511629,35.089396],[-84.512271,35.090566],[-84.512379,35.091097],[-84.512226,35.09137],[-84.511912,35.091472],[-84.512038,35.090807],[-84.511346,35.089247],[-84.510987,35.0889],[-84.511289,35.088618],[-84.511722,35.088838],[-84.511629,35.089396]]]}},{"id":"207107","type":"Feature","properties":{"OBJECTID":2931,"max_category":0,"label":"0.01 to 0.10 inches","area_acres":0.8734090661586439,"county":"Polk County","watershed":"Rough Creek-Ocoee River"},"geometry":{"type":"Polygon","coordinates":[[[-84.480617,35.070431],[-84.481469,35.070142],[-84.48154,35.070348],[-84.480194,35.070853],[-84.480617,35.070431]]]}},{"id":"207109","type":"Feature","properties":{"OBJECTID":4522,"max_category":0,"label":"0.01 to 0.10 inches","area_acres":4.317869726797615,"county":"Polk County","watershed":"Rough Creek-Ocoee River"},"geometry":{"type":"Polygon","coordinates":[[[-84.507048,35.030507],[-84.508977,35.032453],[-84.508835,35.032913],[-84.506678,35.030942],[-84.506502,35.030441],[-84.506675,35.030028],[-84.506943,35.03012],[-84.507048,35.030507]]]}},{"id":"207115","type":"Feature","properties":{"OBJECTID":4334,"max_category":0,"label":"0.01 to 0.10 inches","area_acres":2.3835726987333015,"county":"Polk County","watershed":"Rough Creek-Ocoee River"},"geometry":{"type":"Polygon","coordinates":[[[-84.496098,35.074362],[-84.496724,35.075396],[-84.496553,35.075578],[-84.496152,35.075659],[-84.495067,35.074756],[-84.495294,35.074675],[-84.495521,35.074779],[-84.495507,35.074555],[-84.495749,35.074498],[-84.495926,35.07499],[-84.496418,35.075352],[-84.496283,35.074923],[-84.495889,35.074512],[-84.496098,35.074362]]]}},{"id":"207116","type":"Feature","properties":{"OBJECTID":4989,"max_category":0,"label":"0.01 to 0.10 inches","area_acres":0.8883466758926851,"county":"Polk County","watershed":"Rough Creek-Ocoee River"},"geometry":{"type":"Polygon","coordinates":[[[-84.486787,35.075281],[-84.486958,35.075547],[-84.486863,35.076171],[-84.486705,35.076226],[-84.486493,35.076151],[-84.486479,35.075468],[-84.486787,35.075281]]]}},{"id":"207118","type":"Feature","properties":{"OBJECTID":3375,"max_category":0,"label":"0.01 to 0.10 inches","area_acres":1.3479085063094363,"county":"Polk County","watershed":"Rough Creek-Ocoee River"},"geometry":{"type":"Polygon","coordinates":[[[-84.484233,35.080103],[-84.48456,35.080446],[-84.485414,35.080711],[-84.48529,35.081092],[-84.485091,35.081169],[-84.484904,35.081048],[-84.483945,35.080059],[-84.484233,35.080103]]]}},{"id":"207132","type":"Feature","properties":{"OBJECTID":4477,"max_category":0,"label":"0.01 to 0.10 inches","area_acres":15.650952625485424,"county":"Polk County","watershed":"Rough Creek-Ocoee River"},"geometry":{"type":"Polygon","coordinates":[[[-84.514785,35.083884],[-84.514826,35.084681],[-84.515711,35.084701],[-84.516019,35.08501],[-84.515787,35.085081],[-84.514972,35.0849],[-84.5149,35.085009],[-84.515324,35.085373],[-84.515729,35.08539],[-84.515921,35.085574],[-84.515778,35.085688],[-84.514624,35.085658],[-84.514593,35.086192],[-84.51486,35.08644],[-84.515597,35.086334],[-84.515593,35.086615],[-84.515798,35.0867],[-84.516588,35.08661],[-84.516776,35.086787],[-84.516662,35.086886],[-84.515757,35.086845],[-84.515295,35.086949],[-84.515095,35.087148],[-84.514814,35.087093],[-84.514842,35.087391],[-84.516537,35.087517],[-84.516701,35.087251],[-84.517291,35.087018],[-84.517887,35.087107],[-84.518452,35.087389],[-84.518716,35.087744],[-84.518561,35.08781],[-84.517597,35.087366],[-84.516998,35.087396],[-84.516884,35.087469],[-84.517116,35.087862],[-84.517013,35.088273],[-84.516471,35.087791],[-84.515598,35.087704],[-84.515717,35.088005],[-84.51552,35.088065],[-84.515219,35.087626],[-84.514887,35.087573],[-84.514845,35.088437],[-84.515958,35.089307],[-84.517049,35.089175],[-84.517449,35.088937],[-84.518153,35.089149],[-84.518075,35.089458],[-84.517462,35.089301],[-84.516097,35.089499],[-84.515475,35.089334],[-84.515441,35.089464],[-84.515239,35.089465],[-84.515117,35.089088],[-84.514347,35.088581],[-84.514628,35.088297],[-84.514615,35.087087],[-84.514859,35.086757],[-84.51466,35.086485],[-84.514239,35.086402],[-84.514402,35.085944],[-84.51333,35.085963],[-84.512862,35.085684],[-84.512104,35.085829],[-84.511882,35.085712],[-84.512023,35.085528],[-84.512846,35.085404],[-84.513271,35.085715],[-84.514448,35.085633],[-84.514432,35.085392],[-84.513456,35.085352],[-84.513282,35.085194],[-84.513513,35.085044],[-84.514458,35.085028],[-84.514629,35.084842],[-84.514785,35.083884]],[[-84.51462,35.085099],[-84.514609,35.085433],[-84.515113,35.08541],[-84.514874,35.085234],[-84.51462,35.085099]]]}},{"id":"207134","type":"Feature","properties":{"OBJECTID":578,"max_category":0,"label":"0.01 to 0.10 inches","area_acres":5.52440383705721,"county":"Polk County","watershed":"Rough Creek-Ocoee River"},"geometry":{"type":"Polygon","coordinates":[[[-84.499036,35.109481],[-84.499232,35.109644],[-84.498738,35.109996],[-84.498863,35.110161],[-84.499156,35.110271],[-84.499442,35.110123],[-84.499708,35.110205],[-84.499547,35.111263],[-84.499841,35.111685],[-84.499854,35.113861],[-84.500553,35.114794],[-84.500095,35.115162],[-84.499928,35.115029],[-84.49977,35.114199],[-84.499416,35.113915],[-84.499705,35.112739],[-84.49967,35.111727],[-84.499373,35.111303],[-84.49947,35.110749],[-84.499283,35.110737],[-84.499164,35.110416],[-84.498544,35.110169],[-84.497372,35.109935],[-84.498242,35.10971],[-84.498472,35.109822],[-84.499036,35.109481]]]}},{"id":"207136","type":"Feature","properties":{"OBJECTID":4994,"max_category":0,"label":"0.01 to 0.10 inches","area_acres":1.687114807535649,"county":"Polk County","watershed":"Rough Creek-Ocoee River"},"geometry":{"type":"Polygon","coordinates":[[[-84.493266,35.081509],[-84.493348,35.081612],[-84.493,35.081963],[-84.494617,35.083154],[-84.494428,35.083355],[-84.49269,35.082102],[-84.493266,35.081509]]]}},{"id":"207141","type":"Feature","properties":{"OBJECTID":5022,"max_category":0,"label":"0.01 to 0.10 inches","area_acres":0.7879191599194495,"county":"Polk County","watershed":"Parksville Lake-Ocoee River"},"geometry":{"type":"Polygon","coordinates":[[[-84.52313,35.141817],[-84.524229,35.141999],[-84.524276,35.142344],[-84.523125,35.141976],[-84.52313,35.141817]]]}},{"id":"207156","type":"Feature","properties":{"OBJECTID":5000,"max_category":0,"label":"0.01 to 0.10 inches","area_acres":2.1017002643710794,"county":"Polk County","watershed":"Parksville Lake-Ocoee River"},"geometry":{"type":"Polygon","coordinates":[[[-84.517751,35.133642],[-84.517838,35.133769],[-84.517299,35.134589],[-84.516241,35.135037],[-84.515744,35.13566],[-84.515474,35.135698],[-84.515391,35.135489],[-84.515158,35.135444],[-84.515301,35.135194],[-84.51581,35.135189],[-84.516387,35.134805],[-84.516387,35.134345],[-84.517202,35.134465],[-84.517751,35.133642]]]}},{"id":"207162","type":"Feature","properties":{"OBJECTID":3042,"max_category":0,"label":"0.01 to 0.10 inches","area_acres":0.7598276067620194,"county":"Polk County","watershed":"Rough Creek-Ocoee River"},"geometry":{"type":"Polygon","coordinates":[[[-84.483838,35.054831],[-84.484292,35.055382],[-84.484261,35.055722],[-84.483872,35.055557],[-84.483723,35.054908],[-84.483838,35.054831]]]}},{"id":"207166","type":"Feature","properties":{"OBJECTID":4180,"max_category":0,"label":"0.01 to 0.10 inches","area_acres":0.6844820331161238,"county":"Polk County","watershed":"Parksville Lake-Ocoee River"},"geometry":{"type":"Polygon","coordinates":[[[-84.519571,35.128357],[-84.519656,35.128629],[-84.519322,35.128595],[-84.518903,35.128806],[-84.518612,35.128748],[-84.518876,35.128477],[-84.519571,35.128357]]]}},{"id":"207170","type":"Feature","properties":{"OBJECTID":4199,"max_category":0,"label":"0.01 to 0.10 inches","area_acres":0.8751694554449909,"county":"Polk County","watershed":"Rough Creek-Ocoee River"},"geometry":{"type":"Polygon","coordinates":[[[-84.522322,35.118049],[-84.522375,35.11849],[-84.521239,35.118544],[-84.521091,35.118416],[-84.521289,35.11829],[-84.522249,35.118245],[-84.522322,35.118049]]]}},{"id":"207172","type":"Feature","properties":{"OBJECTID":4479,"max_category":0,"label":"0.01 to 0.10 inches","area_acres":0.7185581363106861,"county":"Polk County","watershed":"Rough Creek-Ocoee River"},"geometry":{"type":"Polygon","coordinates":[[[-84.513664,35.089082],[-84.514302,35.089113],[-84.514394,35.089285],[-84.51356,35.089527],[-84.513664,35.089082]]]}},{"id":"207180","type":"Feature","properties":{"OBJECTID":562,"max_category":0,"label":"0.01 to 0.10 inches","area_acres":1.307766461135232,"county":"Polk County","watershed":"Rough Creek-Ocoee River"},"geometry":{"type":"Polygon","coordinates":[[[-84.485485,35.045482],[-84.485776,35.045577],[-84.485676,35.045916],[-84.485351,35.045742],[-84.484938,35.04576],[-84.484205,35.046095],[-84.483767,35.04604],[-84.483936,35.045749],[-84.485485,35.045482]]]}},{"id":"207181","type":"Feature","properties":{"OBJECTID":4371,"max_category":0,"label":"0.01 to 0.10 inches","area_acres":2.7072540249750796,"county":"Polk County","watershed":"Rough Creek-Ocoee River"},"geometry":{"type":"Polygon","coordinates":[[[-84.500179,35.073819],[-84.500405,35.07399],[-84.500584,35.074557],[-84.502149,35.075608],[-84.501903,35.07591],[-84.500194,35.074668],[-84.499902,35.073981],[-84.500179,35.073819]]]}},{"id":"207183","type":"Feature","properties":{"OBJECTID":4380,"max_category":0,"label":"0.01 to 0.10 inches","area_acres":0.9885874771977188,"county":"Polk County","watershed":"Rough Creek-Ocoee River"},"geometry":{"type":"Polygon","coordinates":[[[-84.492167,35.0801],[-84.492259,35.080246],[-84.492074,35.080383],[-84.490934,35.080439],[-84.491043,35.080154],[-84.492167,35.0801]]]}},{"id":"207184","type":"Feature","properties":{"OBJECTID":4209,"max_category":0,"label":"0.01 to 0.10 inches","area_acres":2.5968142354820625,"county":"Polk County","watershed":"Rough Creek-Ocoee River"},"geometry":{"type":"Polygon","coordinates":[[[-84.502541,35.095424],[-84.502746,35.095697],[-84.502794,35.096403],[-84.503291,35.096424],[-84.503304,35.096011],[-84.503572,35.095822],[-84.503889,35.095972],[-84.503603,35.096552],[-84.5033,35.096451],[-84.502382,35.096616],[-84.502311,35.096278],[-84.501709,35.095767],[-84.502079,35.095533],[-84.502494,35.096015],[-84.502541,35.095424]]]}},{"id":"207189","type":"Feature","properties":{"OBJECTID":4983,"max_category":0,"label":"0.01 to 0.10 inches","area_acres":26.594690320767803,"county":"Polk County","watershed":"Rough Creek-Ocoee River"},"geometry":{"type":"Polygon","coordinates":[[[-84.498586,35.058645],[-84.498919,35.05883],[-84.49871,35.059266],[-84.498033,35.059336],[-84.497209,35.060057],[-84.494876,35.060664],[-84.494535,35.061298],[-84.494275,35.061915],[-84.494227,35.062697],[-84.494601,35.062725],[-84.494678,35.062991],[-84.494097,35.063011],[-84.493837,35.063362],[-84.493978,35.063577],[-84.494624,35.063422],[-84.494719,35.063558],[-84.49407,35.063838],[-84.493947,35.064499],[-84.494559,35.06447],[-84.495089,35.064158],[-84.495411,35.063747],[-84.495042,35.063364],[-84.495314,35.06315],[-84.495619,35.063584],[-84.495698,35.062797],[-84.496261,35.063171],[-84.49604,35.063467],[-84.496448,35.063539],[-84.496347,35.063857],[-84.495715,35.06371],[-84.495041,35.064414],[-84.494621,35.064609],[-84.494006,35.064639],[-84.493619,35.065068],[-84.493771,35.064468],[-84.493625,35.064566],[-84.491258,35.063663],[-84.491394,35.063487],[-84.492267,35.0637],[-84.492484,35.063904],[-84.492787,35.063898],[-84.493764,35.064358],[-84.493899,35.063882],[-84.493777,35.063561],[-84.492789,35.063042],[-84.492269,35.062445],[-84.492053,35.061824],[-84.49098,35.061292],[-84.491193,35.060311],[-84.492387,35.059327],[-84.492308,35.058967],[-84.492749,35.058733],[-84.493016,35.058054],[-84.493499,35.057433],[-84.493817,35.057609],[-84.493645,35.058239],[-84.493015,35.058615],[-84.49242,35.05954],[-84.49164,35.060054],[-84.491374,35.060589],[-84.49145,35.061214],[-84.492006,35.061623],[-84.492206,35.060955],[-84.492447,35.060931],[-84.492485,35.061189],[-84.492652,35.061062],[-84.492906,35.061141],[-84.492287,35.061936],[-84.492314,35.06211],[-84.49294,35.062962],[-84.49348,35.063281],[-84.493659,35.063301],[-84.494059,35.062774],[-84.494101,35.061875],[-84.49459,35.06077],[-84.494154,35.060449],[-84.493271,35.060138],[-84.493189,35.059738],[-84.493479,35.059686],[-84.494873,35.060455],[-84.494869,35.059907],[-84.494002,35.058917],[-84.494182,35.058771],[-84.495079,35.059537],[-84.495047,35.060458],[-84.495206,35.060437],[-84.495396,35.059768],[-84.495392,35.058727],[-84.494644,35.058034],[-84.494803,35.057974],[-84.49547,35.05839],[-84.495607,35.056573],[-84.49607,35.056586],[-84.496472,35.056403],[-84.496628,35.056614],[-84.496552,35.056851],[-84.496029,35.057157],[-84.495878,35.058414],[-84.496002,35.058766],[-84.495564,35.059187],[-84.495376,35.060372],[-84.496241,35.060128],[-84.496464,35.059763],[-84.496621,35.059974],[-84.49713,35.059923],[-84.497807,35.059301],[-84.49728,35.058423],[-84.497504,35.05827],[-84.497315,35.057454],[-84.497398,35.057058],[-84.497936,35.057659],[-84.498007,35.059178],[-84.498586,35.058645]]]}},{"id":"207195","type":"Feature","properties":{"OBJECTID":557,"max_category":0,"label":"0.01 to 0.10 inches","area_acres":0.5578210107905031,"county":"Polk County","watershed":"Rough Creek-Ocoee River"},"geometry":{"type":"Polygon","coordinates":[[[-84.485749,35.050892],[-84.485806,35.05102],[-84.485161,35.051279],[-84.484779,35.051163],[-84.484864,35.051017],[-84.485749,35.050892]]]}},{"id":"207196","type":"Feature","properties":{"OBJECTID":3379,"max_category":0,"label":"0.01 to 0.10 inches","area_acres":2.0481649106714053,"county":"Polk County","watershed":"Rough Creek-Ocoee River"},"geometry":{"type":"Polygon","coordinates":[[[-84.481613,35.080966],[-84.481777,35.08264],[-84.481243,35.083188],[-84.481173,35.083062],[-84.481595,35.082494],[-84.481573,35.082175],[-84.481298,35.08207],[-84.481483,35.081326],[-84.480905,35.081718],[-84.480717,35.081668],[-84.480656,35.081452],[-84.48136,35.081225],[-84.481613,35.080966]]]}},{"id":"207199","type":"Feature","properties":{"OBJECTID":1011,"max_category":0,"label":"0.01 to 0.10 inches","area_acres":3.230841618226014,"county":"Polk County","watershed":"Rough Creek-Ocoee River"},"geometry":{"type":"Polygon","coordinates":[[[-84.487729,35.052508],[-84.488851,35.052242],[-84.488882,35.052531],[-84.48812,35.052792],[-84.488918,35.052936],[-84.488958,35.053106],[-84.488352,35.053115],[-84.48792,35.052862],[-84.487522,35.052853],[-84.487555,35.053165],[-84.487261,35.05347],[-84.486818,35.05316],[-84.485927,35.053165],[-84.485983,35.053056],[-84.486992,35.052982],[-84.487162,35.052506],[-84.487729,35.052508]]]}},{"id":"207201","type":"Feature","properties":{"OBJECTID":4348,"max_category":0,"label":"0.01 to 0.10 inches","area_acres":0.9693314410766023,"county":"Polk County","watershed":"Rough Creek-Ocoee River"},"geometry":{"type":"Polygon","coordinates":[[[-84.505396,35.067306],[-84.506351,35.067982],[-84.506241,35.068197],[-84.505309,35.067586],[-84.505252,35.067389],[-84.505396,35.067306]]]}},{"id":"207204","type":"Feature","properties":{"OBJECTID":1029,"max_category":0,"label":"0.01 to 0.10 inches","area_acres":0.9853784566088748,"county":"Polk County","watershed":"Rough Creek-Ocoee River"},"geometry":{"type":"Polygon","coordinates":[[[-84.485118,35.065891],[-84.485687,35.066235],[-84.485961,35.066708],[-84.485936,35.067035],[-84.485714,35.066598],[-84.484926,35.066195],[-84.485118,35.065891]]]}},{"id":"207225","type":"Feature","properties":{"OBJECTID":4981,"max_category":0,"label":"0.01 to 0.10 inches","area_acres":8.452685651926972,"county":"Polk County","watershed":"Rough Creek-Ocoee River"},"geometry":{"type":"Polygon","coordinates":[[[-84.506805,35.063884],[-84.50708,35.0642],[-84.50675,35.064754],[-84.50756,35.064857],[-84.507186,35.065262],[-84.506992,35.065933],[-84.506523,35.06545],[-84.506664,35.065349],[-84.506976,35.065416],[-84.507007,35.065187],[-84.506122,35.064666],[-84.504402,35.06543],[-84.503842,35.066027],[-84.503589,35.065904],[-84.503685,35.065613],[-84.504704,35.065005],[-84.50385,35.064585],[-84.503739,35.064369],[-84.504234,35.064394],[-84.505028,35.064817],[-84.505685,35.064475],[-84.505392,35.063817],[-84.503196,35.063321],[-84.503299,35.063137],[-84.503109,35.062932],[-84.503167,35.062769],[-84.503637,35.063038],[-84.505198,35.063305],[-84.505339,35.063482],[-84.505814,35.063232],[-84.505678,35.063773],[-84.50601,35.064497],[-84.506479,35.064532],[-84.506805,35.063884]]]}},{"id":"207233","type":"Feature","properties":{"OBJECTID":4303,"max_category":0,"label":"0.01 to 0.10 inches","area_acres":3.485117054430375,"county":"Polk County","watershed":"Parksville Lake-Ocoee River"},"geometry":{"type":"Polygon","coordinates":[[[-84.513178,35.134869],[-84.51304,35.135495],[-84.513292,35.135797],[-84.513283,35.136118],[-84.513886,35.136614],[-84.513777,35.136863],[-84.513394,35.137066],[-84.513206,35.136999],[-84.513174,35.136592],[-84.512976,35.136916],[-84.512685,35.136766],[-84.512946,35.136187],[-84.512867,35.135513],[-84.512652,35.13571],[-84.512466,35.136375],[-84.512228,35.136392],[-84.512074,35.136174],[-84.512261,35.135709],[-84.513178,35.134869]]]}},{"id":"207265","type":"Feature","properties":{"OBJECTID":4945,"max_category":0,"label":"0.01 to 0.10 inches","area_acres":13.119368551366277,"county":"Polk County","watershed":"Rough Creek-Ocoee River"},"geometry":{"type":"Polygon","coordinates":[[[-84.500212,35.092172],[-84.500308,35.092405],[-84.499792,35.093091],[-84.499988,35.093518],[-84.501883,35.093913],[-84.501857,35.092529],[-84.501076,35.092162],[-84.501128,35.092021],[-84.501539,35.092085],[-84.501413,35.09171],[-84.500811,35.091472],[-84.500704,35.091231],[-84.50108,35.091148],[-84.501679,35.091504],[-84.501843,35.092223],[-84.502053,35.092247],[-84.502194,35.092475],[-84.502161,35.09397],[-84.503413,35.094176],[-84.502983,35.094242],[-84.502911,35.095235],[-84.502572,35.095191],[-84.502808,35.094219],[-84.502358,35.094172],[-84.501954,35.094747],[-84.501736,35.094748],[-84.501726,35.094427],[-84.502041,35.094104],[-84.501435,35.093966],[-84.501398,35.094603],[-84.501064,35.095241],[-84.500602,35.095335],[-84.500533,35.095178],[-84.500759,35.094905],[-84.500425,35.095002],[-84.500348,35.09488],[-84.501031,35.094511],[-84.501246,35.09393],[-84.500683,35.093725],[-84.500084,35.093725],[-84.499944,35.093854],[-84.499635,35.09424],[-84.499647,35.095053],[-84.499255,35.095151],[-84.499002,35.094808],[-84.49975,35.093498],[-84.499332,35.093225],[-84.498886,35.094825],[-84.4986,35.094817],[-84.498581,35.094203],[-84.498401,35.09463],[-84.497977,35.094862],[-84.498172,35.094485],[-84.497872,35.094499],[-84.497842,35.09429],[-84.498767,35.093862],[-84.499168,35.093101],[-84.499417,35.093089],[-84.499568,35.092588],[-84.500212,35.092172]]]}},{"id":"207266","type":"Feature","properties":{"OBJECTID":4557,"max_category":0,"label":"0.01 to 0.10 inches","area_acres":1.5278298817463707,"county":"Polk County","watershed":"Rough Creek-Ocoee River"},"geometry":{"type":"Polygon","coordinates":[[[-84.494913,35.04387],[-84.495307,35.044464],[-84.495264,35.045427],[-84.494829,35.045385],[-84.495021,35.045268],[-84.494985,35.044503],[-84.494641,35.044082],[-84.494913,35.04387]]]}},{"id":"207272","type":"Feature","properties":{"OBJECTID":4281,"max_category":0,"label":"0.01 to 0.10 inches","area_acres":4.041485807892977,"county":"Polk County","watershed":"Parksville Lake-Ocoee River"},"geometry":{"type":"Polygon","coordinates":[[[-84.510621,35.132729],[-84.510878,35.132708],[-84.51133,35.133173],[-84.511216,35.133441],[-84.510965,35.133379],[-84.510646,35.132889],[-84.51022,35.133243],[-84.50923,35.133459],[-84.507795,35.133001],[-84.507435,35.133361],[-84.507221,35.13411],[-84.506933,35.134163],[-84.506634,35.133941],[-84.507523,35.133037],[-84.506933,35.133526],[-84.506722,35.133494],[-84.507249,35.132804],[-84.508032,35.132658],[-84.508193,35.13295],[-84.509257,35.133314],[-84.51011,35.13311],[-84.510621,35.132729]]]}},{"id":"207283","type":"Feature","properties":{"OBJECTID":4545,"max_category":0,"label":"0.01 to 0.10 inches","area_acres":1.0154031946093915,"county":"Polk County","watershed":"Rough Creek-Ocoee River"},"geometry":{"type":"Polygon","coordinates":[[[-84.490953,35.035739],[-84.491777,35.036282],[-84.491276,35.036802],[-84.491174,35.036705],[-84.491446,35.036449],[-84.490858,35.035984],[-84.490953,35.035739]]]}},{"id":"207290","type":"Feature","properties":{"OBJECTID":560,"max_category":0,"label":"0.01 to 0.10 inches","area_acres":3.539900333787976,"county":"Polk County","watershed":"Rough Creek-Ocoee River"},"geometry":{"type":"Polygon","coordinates":[[[-84.487955,35.044735],[-84.488208,35.044893],[-84.488067,35.045068],[-84.486082,35.045075],[-84.485826,35.044839],[-84.484123,35.044636],[-84.48334,35.044012],[-84.483177,35.043583],[-84.483334,35.043519],[-84.483727,35.043691],[-84.48385,35.04425],[-84.484196,35.044495],[-84.484702,35.044447],[-84.485403,35.044715],[-84.485934,35.044697],[-84.485995,35.04481],[-84.487955,35.044735]]]}},{"id":"207312","type":"Feature","properties":{"OBJECTID":4940,"max_category":0,"label":"0.01 to 0.10 inches","area_acres":6.211072689495842,"county":"Polk County","watershed":"Rough Creek-Ocoee River"},"geometry":{"type":"Polygon","coordinates":[[[-84.505902,35.084703],[-84.505932,35.084857],[-84.505536,35.084945],[-84.505615,35.085659],[-84.505403,35.086158],[-84.505153,35.086338],[-84.504973,35.086096],[-84.505334,35.085514],[-84.505332,35.085001],[-84.504215,35.085473],[-84.503889,35.086152],[-84.503247,35.086453],[-84.502601,35.086395],[-84.502405,35.086204],[-84.503733,35.086069],[-84.50387,35.085692],[-84.503623,35.085444],[-84.503054,35.085171],[-84.502622,35.085462],[-84.501961,35.08552],[-84.501779,35.085412],[-84.501861,35.085276],[-84.502521,35.085242],[-84.502898,35.085071],[-84.502567,35.084668],[-84.501931,35.084574],[-84.502312,35.084262],[-84.502529,35.084307],[-84.503063,35.085012],[-84.503668,35.0853],[-84.504425,35.085212],[-84.504311,35.084974],[-84.50369,35.08475],[-84.503753,35.084446],[-84.50498,35.08491],[-84.505902,35.084703]]]}},{"id":"207322","type":"Feature","properties":{"OBJECTID":583,"max_category":0,"label":"0.01 to 0.10 inches","area_acres":3.2981774442662766,"county":"Polk County","watershed":"Parksville Lake-Ocoee River"},"geometry":{"type":"Polygon","coordinates":[[[-84.493408,35.122368],[-84.494661,35.123522],[-84.494969,35.123467],[-84.495094,35.122887],[-84.495473,35.122843],[-84.495147,35.123489],[-84.495331,35.123572],[-84.496111,35.123416],[-84.496184,35.123575],[-84.495982,35.123771],[-84.496167,35.124068],[-84.495812,35.12424],[-84.495305,35.123718],[-84.494688,35.123664],[-84.494569,35.124478],[-84.494333,35.124516],[-84.4942,35.123959],[-84.494509,35.123603],[-84.493564,35.122775],[-84.493332,35.122489],[-84.493408,35.122368]]]}},{"id":"207331","type":"Feature","properties":{"OBJECTID":4377,"max_category":0,"label":"0.01 to 0.10 inches","area_acres":2.454085144640549,"county":"Polk County","watershed":"Rough Creek-Ocoee River"},"geometry":{"type":"Polygon","coordinates":[[[-84.495105,35.079994],[-84.496607,35.080394],[-84.496552,35.080594],[-84.495745,35.08041],[-84.496414,35.080906],[-84.496416,35.081273],[-84.494926,35.080337],[-84.495105,35.079994]]]}},{"id":"207332","type":"Feature","properties":{"OBJECTID":4441,"max_category":0,"label":"0.01 to 0.10 inches","area_acres":1.7081607337198443,"county":"Polk County","watershed":"Rough Creek-Ocoee River"},"geometry":{"type":"Polygon","coordinates":[[[-84.493316,35.053932],[-84.495248,35.054572],[-84.495432,35.054965],[-84.49512,35.055109],[-84.494743,35.054781],[-84.493337,35.054111],[-84.493316,35.053932]]]}},{"id":"207372","type":"Feature","properties":{"OBJECTID":4397,"max_category":0,"label":"0.01 to 0.10 inches","area_acres":0.8440108053372319,"county":"Polk County","watershed":"Rough Creek-Ocoee River"},"geometry":{"type":"Polygon","coordinates":[[[-84.514866,35.096457],[-84.515169,35.096526],[-84.51578,35.096362],[-84.516032,35.096599],[-84.515578,35.096842],[-84.514929,35.096693],[-84.514866,35.096457]]]}},{"id":"207382","type":"Feature","properties":{"OBJECTID":4308,"max_category":0,"label":"0.01 to 0.10 inches","area_acres":1.740622923188516,"county":"Polk County","watershed":"Parksville Lake-Ocoee River"},"geometry":{"type":"Polygon","coordinates":[[[-84.49982,35.117123],[-84.501024,35.117746],[-84.501713,35.118394],[-84.501436,35.118394],[-84.499929,35.117601],[-84.499678,35.117293],[-84.49982,35.117123]]]}},{"id":"207396","type":"Feature","properties":{"OBJECTID":4254,"max_category":0,"label":"0.01 to 0.10 inches","area_acres":0.7044146366809385,"county":"Polk County","watershed":"Parksville Lake-Ocoee River"},"geometry":{"type":"Polygon","coordinates":[[[-84.522137,35.130139],[-84.522272,35.130452],[-84.521757,35.130954],[-84.521663,35.130755],[-84.521905,35.130264],[-84.522137,35.130139]]]}},{"id":"207399","type":"Feature","properties":{"OBJECTID":1026,"max_category":0,"label":"0.01 to 0.10 inches","area_acres":2.0980401418745878,"county":"Polk County","watershed":"Rough Creek-Ocoee River"},"geometry":{"type":"Polygon","coordinates":[[[-84.484674,35.062941],[-84.485672,35.063315],[-84.485675,35.062969],[-84.48583,35.062896],[-84.485986,35.063581],[-84.486867,35.06391],[-84.485371,35.063678],[-84.484243,35.063094],[-84.484674,35.062941]]]}},{"id":"207417","type":"Feature","properties":{"OBJECTID":4508,"max_category":0,"label":"0.01 to 0.10 inches","area_acres":5.671685443686393,"county":"Polk County","watershed":"Rough Creek-Ocoee River"},"geometry":{"type":"Polygon","coordinates":[[[-84.508169,35.094728],[-84.50882,35.094541],[-84.508907,35.094792],[-84.507879,35.095048],[-84.508033,35.095628],[-84.508302,35.095931],[-84.509071,35.096079],[-84.509188,35.096421],[-84.50898,35.09648],[-84.508355,35.09621],[-84.507999,35.09662],[-84.508217,35.096878],[-84.508229,35.097545],[-84.509139,35.097703],[-84.509021,35.097912],[-84.508366,35.097854],[-84.508859,35.098167],[-84.508947,35.098467],[-84.508145,35.098118],[-84.508112,35.098297],[-84.507947,35.098256],[-84.507868,35.097747],[-84.50808,35.097414],[-84.508047,35.096925],[-84.507537,35.096813],[-84.507891,35.09609],[-84.507671,35.095798],[-84.507767,35.095259],[-84.507465,35.094665],[-84.508169,35.094728]]]}},{"id":"207423","type":"Feature","properties":{"OBJECTID":4370,"max_category":0,"label":"0.01 to 0.10 inches","area_acres":1.471132583571719,"county":"Polk County","watershed":"Rough Creek-Ocoee River"},"geometry":{"type":"Polygon","coordinates":[[[-84.502824,35.075322],[-84.504059,35.076229],[-84.504061,35.076494],[-84.502574,35.075613],[-84.502824,35.075322]]]}},{"id":"207438","type":"Feature","properties":{"OBJECTID":1035,"max_category":0,"label":"0.01 to 0.10 inches","area_acres":1.7601922547721476,"county":"Polk County","watershed":"Rough Creek-Ocoee River"},"geometry":{"type":"Polygon","coordinates":[[[-84.501748,35.106],[-84.50248,35.106199],[-84.502691,35.106535],[-84.503274,35.106628],[-84.503417,35.106833],[-84.50124,35.106389],[-84.501327,35.106064],[-84.501748,35.106]]]}},{"id":"207447","type":"Feature","properties":{"OBJECTID":3017,"max_category":0,"label":"0.01 to 0.10 inches","area_acres":2.108217147252692,"county":"Polk County","watershed":"Rough Creek-Ocoee River"},"geometry":{"type":"Polygon","coordinates":[[[-84.483954,35.046598],[-84.484629,35.047145],[-84.48552,35.047202],[-84.486026,35.047522],[-84.486037,35.047691],[-84.485874,35.047776],[-84.485347,35.047448],[-84.484496,35.047239],[-84.484212,35.047362],[-84.483383,35.047357],[-84.483386,35.047181],[-84.484,35.047079],[-84.483805,35.046676],[-84.483954,35.046598]]]}},{"id":"207450","type":"Feature","properties":{"OBJECTID":4509,"max_category":0,"label":"0.01 to 0.10 inches","area_acres":1.4499449909877324,"county":"Polk County","watershed":"Rough Creek-Ocoee River"},"geometry":{"type":"Polygon","coordinates":[[[-84.497121,35.091167],[-84.497585,35.091412],[-84.498126,35.091549],[-84.498136,35.091815],[-84.496587,35.091572],[-84.496574,35.091353],[-84.496991,35.091357],[-84.497121,35.091167]]]}},{"id":"207455","type":"Feature","properties":{"OBJECTID":4548,"max_category":0,"label":"0.01 to 0.10 inches","area_acres":1.1500830049904711,"county":"Polk County","watershed":"Rough Creek-Ocoee River"},"geometry":{"type":"Polygon","coordinates":[[[-84.491049,35.037994],[-84.492457,35.038208],[-84.492585,35.038406],[-84.491957,35.038477],[-84.490902,35.038226],[-84.491049,35.037994]]]}},{"id":"207464","type":"Feature","properties":{"OBJECTID":4335,"max_category":0,"label":"0.01 to 0.10 inches","area_acres":1.2098837114151935,"county":"Polk County","watershed":"Rough Creek-Ocoee River"},"geometry":{"type":"Polygon","coordinates":[[[-84.492547,35.07879],[-84.492683,35.078964],[-84.491991,35.079232],[-84.490897,35.07931],[-84.490743,35.079122],[-84.492547,35.07879]]]}},{"id":"207485","type":"Feature","properties":{"OBJECTID":4253,"max_category":0,"label":"0.01 to 0.10 inches","area_acres":0.9020890070462578,"county":"Polk County","watershed":"Parksville Lake-Ocoee River"},"geometry":{"type":"Polygon","coordinates":[[[-84.522226,35.129723],[-84.523643,35.129654],[-84.523646,35.12981],[-84.522759,35.129896],[-84.522471,35.130046],[-84.522139,35.129949],[-84.522226,35.129723]]]}},{"id":"207502","type":"Feature","properties":{"OBJECTID":4511,"max_category":0,"label":"0.01 to 0.10 inches","area_acres":1.1876058011513022,"county":"Polk County","watershed":"Rough Creek-Ocoee River"},"geometry":{"type":"Polygon","coordinates":[[[-84.500244,35.089171],[-84.500953,35.089717],[-84.501822,35.08965],[-84.501901,35.089749],[-84.500448,35.089793],[-84.500044,35.089459],[-84.500244,35.089171]]]}},{"id":"207516","type":"Feature","properties":{"OBJECTID":2852,"max_category":0,"label":"0.01 to 0.10 inches","area_acres":0.9667188468872534,"county":"Polk County","watershed":"Rough Creek-Ocoee River"},"geometry":{"type":"Polygon","coordinates":[[[-84.49413,35.110227],[-84.494303,35.110549],[-84.495157,35.110642],[-84.495214,35.110988],[-84.495022,35.11104],[-84.494201,35.110704],[-84.49413,35.110227]]]}},{"id":"207518","type":"Feature","properties":{"OBJECTID":4552,"max_category":0,"label":"0.01 to 0.10 inches","area_acres":3.5514230553807833,"county":"Polk County","watershed":"Rough Creek-Ocoee River"},"geometry":{"type":"Polygon","coordinates":[[[-84.496601,35.038211],[-84.498219,35.038765],[-84.499677,35.038756],[-84.499767,35.039135],[-84.500622,35.039042],[-84.500974,35.03923],[-84.500739,35.039371],[-84.499736,35.039386],[-84.499578,35.038902],[-84.496973,35.039099],[-84.496925,35.03899],[-84.49718,35.038843],[-84.496545,35.038588],[-84.496601,35.038211]]]}},{"id":"207527","type":"Feature","properties":{"OBJECTID":4512,"max_category":0,"label":"0.01 to 0.10 inches","area_acres":2.3518013192302285,"county":"Polk County","watershed":"Rough Creek-Ocoee River"},"geometry":{"type":"Polygon","coordinates":[[[-84.500203,35.091045],[-84.500529,35.091334],[-84.499796,35.09166],[-84.499745,35.092112],[-84.498784,35.093057],[-84.499043,35.092344],[-84.499588,35.091651],[-84.499378,35.091307],[-84.500203,35.091045]]]}},{"id":"207535","type":"Feature","properties":{"OBJECTID":4315,"max_category":0,"label":"0.01 to 0.10 inches","area_acres":0.9969621187902594,"county":"Polk County","watershed":"Parksville Lake-Ocoee River"},"geometry":{"type":"Polygon","coordinates":[[[-84.500702,35.126715],[-84.501755,35.127149],[-84.501921,35.127379],[-84.501301,35.127448],[-84.500678,35.126861],[-84.500472,35.126915],[-84.500702,35.126715]]]}},{"id":"207537","type":"Feature","properties":{"OBJECTID":4497,"max_category":0,"label":"0.01 to 0.10 inches","area_acres":0.5948678292957968,"county":"Polk County","watershed":"Rough Creek-Ocoee River"},"geometry":{"type":"Polygon","coordinates":[[[-84.509707,35.090969],[-84.510309,35.091437],[-84.5103,35.091538],[-84.510075,35.091608],[-84.509486,35.091204],[-84.509707,35.090969]]]}},{"id":"207539","type":"Feature","properties":{"OBJECTID":4153,"max_category":0,"label":"0.01 to 0.10 inches","area_acres":0.8204151181545599,"county":"Polk County","watershed":"Rough Creek-Ocoee River"},"geometry":{"type":"Polygon","coordinates":[[[-84.505928,35.117312],[-84.506008,35.11742],[-84.505637,35.117715],[-84.504928,35.117719],[-84.504621,35.117567],[-84.505132,35.117349],[-84.505542,35.117578],[-84.505928,35.117312]]]}},{"id":"207545","type":"Feature","properties":{"OBJECTID":1028,"max_category":0,"label":"0.01 to 0.10 inches","area_acres":0.976756934061565,"county":"Polk County","watershed":"Rough Creek-Ocoee River"},"geometry":{"type":"Polygon","coordinates":[[[-84.485509,35.064745],[-84.486572,35.065264],[-84.486835,35.065574],[-84.486004,35.065168],[-84.485282,35.065211],[-84.48521,35.064936],[-84.485509,35.064745]]]}},{"id":"207557","type":"Feature","properties":{"OBJECTID":3399,"max_category":0,"label":"0.01 to 0.10 inches","area_acres":1.0269550328836508,"county":"Polk County","watershed":"Rough Creek-Ocoee River"},"geometry":{"type":"Polygon","coordinates":[[[-84.480254,35.090631],[-84.480827,35.091452],[-84.480786,35.091655],[-84.480159,35.091446],[-84.480044,35.090786],[-84.480254,35.090631]]]}},{"id":"207565","type":"Feature","properties":{"OBJECTID":4525,"max_category":0,"label":"0.01 to 0.10 inches","area_acres":2.6836766019352205,"county":"Polk County","watershed":"Rough Creek-Ocoee River"},"geometry":{"type":"Polygon","coordinates":[[[-84.508426,35.037006],[-84.508824,35.036328],[-84.509254,35.036198],[-84.50927,35.036539],[-84.508681,35.03716],[-84.507758,35.037058],[-84.507794,35.037616],[-84.507648,35.037872],[-84.507427,35.037688],[-84.507379,35.037002],[-84.506491,35.036467],[-84.506208,35.03644],[-84.506517,35.036323],[-84.507357,35.036835],[-84.508426,35.037006]]]}},{"id":"207570","type":"Feature","properties":{"OBJECTID":4538,"max_category":0,"label":"0.01 to 0.10 inches","area_acres":25.201976838332655,"county":"Polk County","watershed":"Rough Creek-Ocoee River"},"geometry":{"type":"Polygon","coordinates":[[[-84.5057,35.030168],[-84.505823,35.030529],[-84.50465,35.031607],[-84.503976,35.031849],[-84.503683,35.032205],[-84.503929,35.032878],[-84.504444,35.033136],[-84.504488,35.033749],[-84.504055,35.034252],[-84.504021,35.034798],[-84.503737,35.035213],[-84.502921,35.03579],[-84.502751,35.036238],[-84.503023,35.03682],[-84.502922,35.037092],[-84.502559,35.036467],[-84.502119,35.036144],[-84.50132,35.035893],[-84.500528,35.035363],[-84.499936,35.035213],[-84.499658,35.03488],[-84.499231,35.034879],[-84.499292,35.034662],[-84.49869,35.034082],[-84.498931,35.033764],[-84.499523,35.034201],[-84.499667,35.034668],[-84.50049,35.035068],[-84.500202,35.034262],[-84.499297,35.03321],[-84.499484,35.032826],[-84.499861,35.03296],[-84.500388,35.034058],[-84.500652,35.033324],[-84.500869,35.033238],[-84.501035,35.032851],[-84.501178,35.032866],[-84.501311,35.032364],[-84.500801,35.031679],[-84.501016,35.031385],[-84.501318,35.031374],[-84.501739,35.0322],[-84.501483,35.032333],[-84.501402,35.033247],[-84.50054,35.03422],[-84.50056,35.034518],[-84.501525,35.034263],[-84.501405,35.034532],[-84.500723,35.034955],[-84.50074,35.035197],[-84.501464,35.035783],[-84.502091,35.035959],[-84.50258,35.036291],[-84.502712,35.035772],[-84.501818,35.034371],[-84.501891,35.033877],[-84.502148,35.033718],[-84.502354,35.033966],[-84.502791,35.035352],[-84.502995,35.035508],[-84.503405,35.035131],[-84.503625,35.034394],[-84.502943,35.033609],[-84.503168,35.033571],[-84.503769,35.034012],[-84.504089,35.03337],[-84.503482,35.032297],[-84.501856,35.031332],[-84.501691,35.030419],[-84.5021,35.030333],[-84.502184,35.030812],[-84.502704,35.031585],[-84.503525,35.032137],[-84.503813,35.031755],[-84.503458,35.030952],[-84.503484,35.029836],[-84.503557,35.029639],[-84.503711,35.029751],[-84.503688,35.028887],[-84.503871,35.028701],[-84.504262,35.028698],[-84.504496,35.028891],[-84.503865,35.029445],[-84.504007,35.031052],[-84.504415,35.030385],[-84.504698,35.030396],[-84.504068,35.031462],[-84.504991,35.030791],[-84.505186,35.030785],[-84.5057,35.030168]]]}},{"id":"207575","type":"Feature","properties":{"OBJECTID":2933,"max_category":0,"label":"0.01 to 0.10 inches","area_acres":13.833282446763926,"county":"Polk County","watershed":"Rough Creek-Ocoee River"},"geometry":{"type":"Polygon","coordinates":[[[-84.48216,35.062723],[-84.482733,35.063273],[-84.482869,35.062798],[-84.483137,35.06284],[-84.483313,35.063169],[-84.483007,35.063594],[-84.483291,35.063532],[-84.483342,35.063708],[-84.482889,35.06398],[-84.482707,35.064413],[-84.481962,35.064952],[-84.481739,35.065506],[-84.480866,35.066046],[-84.480723,35.06641],[-84.480844,35.06662],[-84.480121,35.066701],[-84.479766,35.067143],[-84.479921,35.067573],[-84.480525,35.066935],[-84.48125,35.06684],[-84.480978,35.067253],[-84.479989,35.067725],[-84.479954,35.067942],[-84.48043,35.067893],[-84.481667,35.067178],[-84.481923,35.067189],[-84.481954,35.067427],[-84.481027,35.067733],[-84.48074,35.068073],[-84.479914,35.068114],[-84.479734,35.06883],[-84.479083,35.069431],[-84.478982,35.06972],[-84.478996,35.06913],[-84.479671,35.068313],[-84.479802,35.06777],[-84.47965,35.067466],[-84.479068,35.067251],[-84.479133,35.066958],[-84.479446,35.066958],[-84.479468,35.066825],[-84.478917,35.065969],[-84.479298,35.066091],[-84.479933,35.066633],[-84.480566,35.066195],[-84.480033,35.065643],[-84.479775,35.064866],[-84.479718,35.064483],[-84.480069,35.063811],[-84.480384,35.063907],[-84.480293,35.065024],[-84.480754,35.065911],[-84.481478,35.065328],[-84.482573,35.063682],[-84.482021,35.062902],[-84.48216,35.062723]]]}},{"id":"207576","type":"Feature","properties":{"OBJECTID":4570,"max_category":0,"label":"0.01 to 0.10 inches","area_acres":0.9773778050939634,"county":"Polk County","watershed":"Rough Creek-Ocoee River"},"geometry":{"type":"Polygon","coordinates":[[[-84.488346,35.050549],[-84.489023,35.05114],[-84.488902,35.051434],[-84.488,35.0507],[-84.488346,35.050549]]]}},{"id":"207577","type":"Feature","properties":{"OBJECTID":4313,"max_category":0,"label":"0.01 to 0.10 inches","area_acres":3.0624107572867945,"county":"Polk County","watershed":"Parksville Lake-Ocoee River"},"geometry":{"type":"Polygon","coordinates":[[[-84.514631,35.128776],[-84.514668,35.128916],[-84.514132,35.128822],[-84.513428,35.128203],[-84.512837,35.128118],[-84.512955,35.12778],[-84.513498,35.128016],[-84.51361,35.127685],[-84.513186,35.127331],[-84.513376,35.127238],[-84.513654,35.12735],[-84.513362,35.126965],[-84.513654,35.126854],[-84.513762,35.126506],[-84.514046,35.126677],[-84.514154,35.127227],[-84.513616,35.128176],[-84.514099,35.128635],[-84.514631,35.128776]]]}},{"id":"207587","type":"Feature","properties":{"OBJECTID":4197,"max_category":0,"label":"0.01 to 0.10 inches","area_acres":1.3011992351470674,"county":"Polk County","watershed":"Rough Creek-Ocoee River"},"geometry":{"type":"Polygon","coordinates":[[[-84.521447,35.116725],[-84.522538,35.117156],[-84.522271,35.117287],[-84.521596,35.11718],[-84.521175,35.11771],[-84.520787,35.117708],[-84.520847,35.11745],[-84.521374,35.11714],[-84.521447,35.116725]]]}},{"id":"207589","type":"Feature","properties":{"OBJECTID":556,"max_category":0,"label":"0.01 to 0.10 inches","area_acres":2.5250069299674625,"county":"Polk County","watershed":"Rough Creek-Ocoee River"},"geometry":{"type":"Polygon","coordinates":[[[-84.484255,35.051565],[-84.484735,35.05176],[-84.484807,35.052038],[-84.48462,35.052489],[-84.484094,35.052857],[-84.484104,35.053529],[-84.483974,35.053618],[-84.483903,35.053113],[-84.483353,35.052942],[-84.482926,35.052481],[-84.483383,35.052465],[-84.48392,35.052855],[-84.48432,35.052347],[-84.484117,35.051808],[-84.484255,35.051565]]]}},{"id":"207590","type":"Feature","properties":{"OBJECTID":4323,"max_category":0,"label":"0.01 to 0.10 inches","area_acres":1.3015822995581705,"county":"Polk County","watershed":"Rough Creek-Ocoee River"},"geometry":{"type":"Polygon","coordinates":[[[-84.48927,35.075361],[-84.489377,35.075758],[-84.488698,35.076818],[-84.488673,35.076148],[-84.48927,35.075361]]]}},{"id":"207591","type":"Feature","properties":{"OBJECTID":4131,"max_category":0,"label":"0.01 to 0.10 inches","area_acres":0.7895479812452086,"county":"Polk County","watershed":"Parksville Lake-Ocoee River"},"geometry":{"type":"Polygon","coordinates":[[[-84.509994,35.131382],[-84.510024,35.132044],[-84.509779,35.132414],[-84.509522,35.132094],[-84.509994,35.131382]]]}},{"id":"207612","type":"Feature","properties":{"OBJECTID":4553,"max_category":0,"label":"0.01 to 0.10 inches","area_acres":1.107892529032224,"county":"Polk County","watershed":"Rough Creek-Ocoee River"},"geometry":{"type":"Polygon","coordinates":[[[-84.49668,35.042276],[-84.497513,35.042529],[-84.496248,35.042656],[-84.495788,35.042241],[-84.49668,35.042276]]]}},{"id":"207614","type":"Feature","properties":{"OBJECTID":4277,"max_category":0,"label":"0.01 to 0.10 inches","area_acres":0.6366493429738395,"county":"Polk County","watershed":"Parksville Lake-Ocoee River"},"geometry":{"type":"Polygon","coordinates":[[[-84.516208,35.132116],[-84.516434,35.132219],[-84.516407,35.132827],[-84.516026,35.132678],[-84.516003,35.132284],[-84.516208,35.132116]]]}},{"id":"207624","type":"Feature","properties":{"OBJECTID":5140,"max_category":0,"label":"0.01 to 0.10 inches","area_acres":1.1831316546347799,"county":"Polk County","watershed":"Rough Creek-Ocoee River"},"geometry":{"type":"Polygon","coordinates":[[[-84.492721,35.09777],[-84.493289,35.098087],[-84.493171,35.098408],[-84.492986,35.098259],[-84.491995,35.098099],[-84.492027,35.097974],[-84.492721,35.09777]]]}},{"id":"207641","type":"Feature","properties":{"OBJECTID":3037,"max_category":0,"label":"0.01 to 0.10 inches","area_acres":3.755712197749305,"county":"Polk County","watershed":"Rough Creek-Ocoee River"},"geometry":{"type":"Polygon","coordinates":[[[-84.482419,35.048649],[-84.482636,35.048981],[-84.48195,35.049492],[-84.481348,35.049611],[-84.481062,35.049845],[-84.48225,35.049869],[-84.482676,35.049739],[-84.482823,35.049881],[-84.482724,35.050062],[-84.481929,35.050328],[-84.480898,35.049962],[-84.479498,35.050127],[-84.47974,35.049873],[-84.480788,35.049824],[-84.48124,35.049323],[-84.482419,35.048649]]]}},{"id":"207644","type":"Feature","properties":{"OBJECTID":3416,"max_category":0,"label":"0.01 to 0.10 inches","area_acres":22.969389000455557,"county":"Polk County","watershed":"Rough Creek-Ocoee River"},"geometry":{"type":"Polygon","coordinates":[[[-84.476059,35.082511],[-84.476141,35.082615],[-84.47591,35.082765],[-84.476421,35.08335],[-84.476961,35.083564],[-84.477611,35.084211],[-84.477365,35.084234],[-84.476201,35.083483],[-84.475677,35.082916],[-84.474987,35.083707],[-84.474647,35.084573],[-84.474824,35.084776],[-84.474759,35.085111],[-84.474505,35.085156],[-84.47418,35.084748],[-84.473728,35.084888],[-84.474398,35.085889],[-84.475142,35.085886],[-84.475885,35.086196],[-84.475862,35.086339],[-84.475597,35.086361],[-84.474407,35.086032],[-84.474398,35.086399],[-84.474699,35.086646],[-84.475557,35.087047],[-84.475867,35.086925],[-84.47597,35.086523],[-84.476319,35.086466],[-84.476348,35.086791],[-84.47664,35.086754],[-84.477206,35.086982],[-84.47777,35.087423],[-84.477707,35.08761],[-84.477305,35.087601],[-84.476224,35.086995],[-84.475621,35.087186],[-84.476647,35.08847],[-84.477335,35.08859],[-84.477403,35.088151],[-84.477852,35.087855],[-84.477829,35.088402],[-84.478155,35.088391],[-84.478461,35.088127],[-84.47889,35.088193],[-84.478885,35.088342],[-84.478571,35.088454],[-84.478964,35.088647],[-84.478788,35.088912],[-84.477831,35.088709],[-84.477147,35.088897],[-84.476496,35.088551],[-84.475328,35.087118],[-84.474375,35.086599],[-84.473814,35.086891],[-84.473884,35.086661],[-84.47374,35.086568],[-84.474217,35.086284],[-84.474223,35.085888],[-84.473555,35.084914],[-84.473058,35.08539],[-84.472984,35.085775],[-84.473173,35.086108],[-84.473011,35.086231],[-84.472649,35.086029],[-84.472358,35.086313],[-84.471696,35.086342],[-84.470864,35.085841],[-84.470654,35.085543],[-84.470971,35.085366],[-84.471855,35.086013],[-84.471465,35.085598],[-84.471502,35.085448],[-84.471989,35.085721],[-84.472291,35.085581],[-84.472557,35.085901],[-84.472836,35.085671],[-84.472856,35.085467],[-84.471575,35.085007],[-84.47122,35.084537],[-84.470744,35.084286],[-84.470922,35.084039],[-84.471506,35.0844],[-84.471891,35.084397],[-84.472447,35.085042],[-84.472961,35.085236],[-84.473101,35.085062],[-84.4725,35.084583],[-84.472552,35.084461],[-84.472857,35.084488],[-84.472904,35.084187],[-84.472605,35.083967],[-84.471675,35.083569],[-84.470819,35.08374],[-84.470527,35.083553],[-84.470585,35.083402],[-84.471998,35.083383],[-84.472079,35.083046],[-84.472388,35.082965],[-84.472336,35.083603],[-84.473061,35.084114],[-84.473177,35.084666],[-84.473369,35.084833],[-84.473642,35.084714],[-84.473749,35.084268],[-84.473915,35.084327],[-84.473977,35.084615],[-84.474426,35.08462],[-84.474786,35.083794],[-84.47377,35.083544],[-84.473707,35.083299],[-84.473991,35.083214],[-84.474877,35.083543],[-84.475522,35.082827],[-84.47497,35.082416],[-84.474998,35.082085],[-84.475849,35.082616],[-84.476059,35.082511]]]}},{"id":"207649","type":"Feature","properties":{"OBJECTID":4373,"max_category":0,"label":"0.01 to 0.10 inches","area_acres":6.126789335234615,"county":"Polk County","watershed":"Rough Creek-Ocoee River"},"geometry":{"type":"Polygon","coordinates":[[[-84.489616,35.069417],[-84.488945,35.068783],[-84.488999,35.068646],[-84.489493,35.068591],[-84.490648,35.06949],[-84.490878,35.069221],[-84.490846,35.068678],[-84.490098,35.068492],[-84.489961,35.068258],[-84.490286,35.068164],[-84.490949,35.068486],[-84.491447,35.067651],[-84.492405,35.067758],[-84.492336,35.06792],[-84.491994,35.068005],[-84.492432,35.068169],[-84.492329,35.068448],[-84.491414,35.068185],[-84.491046,35.068639],[-84.491045,35.069116],[-84.491586,35.069237],[-84.490681,35.069674],[-84.490845,35.070007],[-84.490372,35.070076],[-84.490051,35.069848],[-84.490224,35.069649],[-84.489616,35.069417]]]}},{"id":"207652","type":"Feature","properties":{"OBJECTID":4143,"max_category":0,"label":"0.01 to 0.10 inches","area_acres":0.8070312541002573,"county":"Polk County","watershed":"Parksville Lake-Ocoee River"},"geometry":{"type":"Polygon","coordinates":[[[-84.520393,35.142465],[-84.520531,35.142727],[-84.520397,35.142855],[-84.51918,35.142656],[-84.519313,35.142515],[-84.520393,35.142465]]]}},{"id":"207653","type":"Feature","properties":{"OBJECTID":4250,"max_category":0,"label":"0.01 to 0.10 inches","area_acres":10.07518447699127,"county":"Polk County","watershed":"Parksville Lake-Ocoee River"},"geometry":{"type":"Polygon","coordinates":[[[-84.52301,35.124237],[-84.523292,35.124417],[-84.523547,35.124396],[-84.52387,35.124783],[-84.523196,35.125706],[-84.523625,35.12659],[-84.525404,35.127635],[-84.525233,35.127716],[-84.524746,35.127517],[-84.524192,35.128054],[-84.523721,35.128228],[-84.523529,35.128138],[-84.523556,35.127932],[-84.524245,35.127676],[-84.524542,35.127404],[-84.524386,35.127289],[-84.5238,35.126959],[-84.523051,35.127732],[-84.522821,35.127502],[-84.52361,35.126802],[-84.523091,35.126881],[-84.522365,35.127244],[-84.522252,35.127096],[-84.522517,35.126852],[-84.521311,35.126648],[-84.521333,35.126304],[-84.521545,35.126258],[-84.521906,35.126474],[-84.522866,35.126561],[-84.523081,35.126738],[-84.523475,35.126671],[-84.522978,35.125785],[-84.522253,35.125461],[-84.521456,35.125325],[-84.521567,35.124967],[-84.521379,35.12464],[-84.521535,35.12425],[-84.521754,35.12416],[-84.522085,35.12512],[-84.523033,35.125644],[-84.523095,35.125298],[-84.522047,35.124146],[-84.522397,35.124176],[-84.523194,35.12497],[-84.522868,35.124407],[-84.52301,35.124237]]]}},{"id":"207654","type":"Feature","properties":{"OBJECTID":5027,"max_category":0,"label":"0.01 to 0.10 inches","area_acres":3.176835914441233,"county":"Polk County","watershed":"Parksville Lake-Ocoee River"},"geometry":{"type":"Polygon","coordinates":[[[-84.515108,35.135661],[-84.515666,35.135966],[-84.516356,35.136004],[-84.516518,35.136409],[-84.517029,35.136785],[-84.517915,35.1368],[-84.518863,35.137024],[-84.518578,35.137104],[-84.516969,35.136925],[-84.516226,35.136386],[-84.515677,35.136191],[-84.51535,35.136234],[-84.514935,35.136578],[-84.514559,35.136618],[-84.514486,35.136496],[-84.514731,35.136356],[-84.514322,35.136291],[-84.514324,35.136091],[-84.515221,35.136124],[-84.514832,35.135838],[-84.514893,35.135683],[-84.515108,35.135661]]]}},{"id":"207659","type":"Feature","properties":{"OBJECTID":4336,"max_category":0,"label":"0.01 to 0.10 inches","area_acres":1.2588107067542924,"county":"Polk County","watershed":"Rough Creek-Ocoee River"},"geometry":{"type":"Polygon","coordinates":[[[-84.494931,35.077415],[-84.494934,35.077778],[-84.494038,35.077818],[-84.49342,35.07762],[-84.493485,35.077482],[-84.494931,35.077415]]]}},{"id":"207669","type":"Feature","properties":{"OBJECTID":3415,"max_category":0,"label":"0.01 to 0.10 inches","area_acres":2.400302420730794,"county":"Polk County","watershed":"Rough Creek-Ocoee River"},"geometry":{"type":"Polygon","coordinates":[[[-84.478403,35.079708],[-84.478832,35.080141],[-84.478726,35.080354],[-84.478199,35.080407],[-84.477908,35.080176],[-84.477664,35.079295],[-84.477748,35.079037],[-84.478087,35.078982],[-84.47848,35.079154],[-84.478225,35.07957],[-84.478217,35.079952],[-84.478403,35.079708]]]}},{"id":"207671","type":"Feature","properties":{"OBJECTID":5002,"max_category":0,"label":"0.01 to 0.10 inches","area_acres":1.110774325346403,"county":"Polk County","watershed":"Parksville Lake-Ocoee River"},"geometry":{"type":"Polygon","coordinates":[[[-84.505104,35.136811],[-84.505523,35.136863],[-84.505467,35.137031],[-84.504562,35.137412],[-84.504361,35.137337],[-84.504806,35.136612],[-84.50508,35.136632],[-84.505104,35.136811]]]}},{"id":"207675","type":"Feature","properties":{"OBJECTID":4312,"max_category":0,"label":"0.01 to 0.10 inches","area_acres":0.8539888423447455,"county":"Polk County","watershed":"Parksville Lake-Ocoee River"},"geometry":{"type":"Polygon","coordinates":[[[-84.514487,35.126994],[-84.515449,35.127752],[-84.515339,35.127966],[-84.514332,35.12725],[-84.514316,35.127065],[-84.514487,35.126994]]]}},{"id":"207678","type":"Feature","properties":{"OBJECTID":4142,"max_category":0,"label":"0.01 to 0.10 inches","area_acres":1.205983837468324,"county":"Polk County","watershed":"Rough Creek-Ocoee River"},"geometry":{"type":"Polygon","coordinates":[[[-84.516628,35.117539],[-84.516633,35.117945],[-84.516275,35.118271],[-84.515829,35.118434],[-84.514684,35.118514],[-84.514395,35.118401],[-84.514648,35.118153],[-84.514891,35.118307],[-84.51551,35.118306],[-84.516196,35.118137],[-84.516628,35.117539]]]}},{"id":"207681","type":"Feature","properties":{"OBJECTID":4264,"max_category":0,"label":"0.01 to 0.10 inches","area_acres":4.896188729538064,"county":"Polk County","watershed":"Parksville Lake-Ocoee River"},"geometry":{"type":"Polygon","coordinates":[[[-84.510397,35.127923],[-84.510963,35.128338],[-84.511818,35.128341],[-84.51215,35.128846],[-84.511802,35.128856],[-84.509811,35.129576],[-84.509436,35.129277],[-84.509503,35.129071],[-84.510582,35.129208],[-84.511884,35.128709],[-84.511601,35.128424],[-84.510943,35.128537],[-84.510501,35.128804],[-84.509677,35.128753],[-84.509359,35.128546],[-84.50938,35.128392],[-84.510733,35.128458],[-84.509047,35.127926],[-84.508959,35.127712],[-84.509193,35.127623],[-84.510397,35.127923]]]}},{"id":"207698","type":"Feature","properties":{"OBJECTID":1010,"max_category":0,"label":"0.01 to 0.10 inches","area_acres":0.5961698276193397,"county":"Polk County","watershed":"Rough Creek-Ocoee River"},"geometry":{"type":"Polygon","coordinates":[[[-84.485675,35.042832],[-84.486011,35.043048],[-84.485748,35.043329],[-84.485273,35.043119],[-84.485675,35.042832]]]}},{"id":"207706","type":"Feature","properties":{"OBJECTID":3389,"max_category":0,"label":"0.01 to 0.10 inches","area_acres":0.9350873033709358,"county":"Polk County","watershed":"Rough Creek-Ocoee River"},"geometry":{"type":"Polygon","coordinates":[[[-84.483305,35.076761],[-84.483488,35.076919],[-84.482555,35.077779],[-84.482502,35.077352],[-84.483305,35.076761]]]}},{"id":"207707","type":"Feature","properties":{"OBJECTID":5060,"max_category":0,"label":"0.01 to 0.10 inches","area_acres":0.6851685656078291,"county":"Polk County","watershed":"Parksville Lake-Ocoee River"},"geometry":{"type":"Polygon","coordinates":[[[-84.517833,35.137326],[-84.51847,35.137532],[-84.518843,35.137862],[-84.518184,35.13759],[-84.5176,35.13763],[-84.517539,35.137509],[-84.517833,35.137326]]]}},{"id":"207716","type":"Feature","properties":{"OBJECTID":4393,"max_category":0,"label":"0.01 to 0.10 inches","area_acres":1.0562115520218325,"county":"Polk County","watershed":"Rough Creek-Ocoee River"},"geometry":{"type":"Polygon","coordinates":[[[-84.518623,35.093588],[-84.51959,35.094331],[-84.519309,35.094823],[-84.518986,35.094763],[-84.519127,35.094405],[-84.518997,35.093975],[-84.518382,35.093698],[-84.518623,35.093588]]]}},{"id":"207727","type":"Feature","properties":{"OBJECTID":4322,"max_category":0,"label":"0.01 to 0.10 inches","area_acres":1.9831264860417361,"county":"Polk County","watershed":"Rough Creek-Ocoee River"},"geometry":{"type":"Polygon","coordinates":[[[-84.488272,35.074966],[-84.48849,35.075051],[-84.488463,35.075234],[-84.48739,35.076367],[-84.487213,35.076356],[-84.487177,35.075681],[-84.487361,35.075625],[-84.487491,35.075827],[-84.487678,35.075073],[-84.488272,35.074966]]]}},{"id":"207761","type":"Feature","properties":{"OBJECTID":4225,"max_category":0,"label":"0.01 to 0.10 inches","area_acres":0.6589991531637778,"county":"Polk County","watershed":"Rough Creek-Ocoee River"},"geometry":{"type":"Polygon","coordinates":[[[-84.490991,35.080539],[-84.491853,35.080585],[-84.491958,35.080723],[-84.491826,35.080836],[-84.490957,35.080874],[-84.490991,35.080539]]]}},{"id":"207790","type":"Feature","properties":{"OBJECTID":4188,"max_category":0,"label":"0.01 to 0.10 inches","area_acres":0.5209989833146892,"county":"Polk County","watershed":"Rough Creek-Ocoee River"},"geometry":{"type":"Polygon","coordinates":[[[-84.518136,35.107178],[-84.51854,35.10758],[-84.518552,35.107733],[-84.518206,35.107483],[-84.517779,35.107467],[-84.517815,35.107238],[-84.518136,35.107178]]]}},{"id":"207801","type":"Feature","properties":{"OBJECTID":4909,"max_category":0,"label":"0.01 to 0.10 inches","area_acres":2.298312246285675,"county":"Polk County","watershed":"Rough Creek-Ocoee River"},"geometry":{"type":"Polygon","coordinates":[[[-84.513523,35.060681],[-84.513334,35.060607],[-84.512904,35.059826],[-84.512304,35.059343],[-84.512439,35.059092],[-84.512878,35.059066],[-84.513338,35.05924],[-84.513348,35.059858],[-84.513655,35.060446],[-84.513523,35.060681]]]}},{"id":"207813","type":"Feature","properties":{"OBJECTID":4274,"max_category":0,"label":"0.01 to 0.10 inches","area_acres":1.9351338720088636,"county":"Polk County","watershed":"Parksville Lake-Ocoee River"},"geometry":{"type":"Polygon","coordinates":[[[-84.50557,35.121924],[-84.505673,35.122234],[-84.50501,35.123408],[-84.505562,35.123328],[-84.506086,35.123029],[-84.50615,35.123405],[-84.504879,35.123557],[-84.504619,35.123782],[-84.504633,35.123544],[-84.505026,35.123092],[-84.505155,35.122396],[-84.50557,35.121924]]]}},{"id":"207837","type":"Feature","properties":{"OBJECTID":4943,"max_category":0,"label":"0.01 to 0.10 inches","area_acres":2.4336811843323836,"county":"Polk County","watershed":"Rough Creek-Ocoee River"},"geometry":{"type":"Polygon","coordinates":[[[-84.507134,35.09366],[-84.505919,35.093248],[-84.505797,35.092871],[-84.50515,35.092326],[-84.505538,35.09221],[-84.505761,35.092343],[-84.50582,35.092004],[-84.506047,35.092005],[-84.506233,35.091803],[-84.506147,35.092989],[-84.507134,35.09366]]]}},{"id":"207844","type":"Feature","properties":{"OBJECTID":4148,"max_category":0,"label":"0.01 to 0.10 inches","area_acres":5.020509658999215,"county":"Polk County","watershed":"Rough Creek-Ocoee River"},"geometry":{"type":"Polygon","coordinates":[[[-84.503465,35.113572],[-84.504172,35.11409],[-84.505288,35.114068],[-84.505067,35.113772],[-84.505192,35.113605],[-84.505487,35.113728],[-84.505784,35.114154],[-84.507279,35.114471],[-84.507834,35.114448],[-84.508751,35.114746],[-84.508354,35.114811],[-84.506701,35.11442],[-84.504646,35.114239],[-84.504251,35.114257],[-84.503336,35.114601],[-84.502863,35.115001],[-84.502612,35.114983],[-84.502506,35.114772],[-84.5029,35.114643],[-84.50243,35.114539],[-84.502433,35.114316],[-84.503683,35.11436],[-84.504071,35.114207],[-84.503761,35.114032],[-84.503332,35.114154],[-84.503254,35.113945],[-84.502831,35.11381],[-84.502996,35.113571],[-84.503465,35.113572]]]}},{"id":"207861","type":"Feature","properties":{"OBJECTID":3364,"max_category":0,"label":"0.01 to 0.10 inches","area_acres":0.8811362288456868,"county":"Polk County","watershed":"Rough Creek-Ocoee River"},"geometry":{"type":"Polygon","coordinates":[[[-84.485946,35.073724],[-84.486139,35.07385],[-84.486172,35.074322],[-84.485816,35.074532],[-84.485605,35.073907],[-84.485946,35.073724]]]}},{"id":"207869","type":"Feature","properties":{"OBJECTID":4979,"max_category":0,"label":"0.01 to 0.10 inches","area_acres":76.7651526505871,"county":"Polk County","watershed":"Rough Creek-Ocoee River"},"geometry":{"type":"Polygon","coordinates":[[[-84.508964,35.060889],[-84.508758,35.061282],[-84.508831,35.061867],[-84.50945,35.062147],[-84.509284,35.062345],[-84.508671,35.062236],[-84.50831,35.062568],[-84.508498,35.062883],[-84.5084,35.063125],[-84.508136,35.062576],[-84.506592,35.061478],[-84.505715,35.061655],[-84.505928,35.061372],[-84.506511,35.061311],[-84.505665,35.060419],[-84.504947,35.060993],[-84.504601,35.061018],[-84.504627,35.060727],[-84.505516,35.060284],[-84.505181,35.060111],[-84.504335,35.060586],[-84.504095,35.060463],[-84.504464,35.060093],[-84.505146,35.059915],[-84.505033,35.059746],[-84.504324,35.05938],[-84.503126,35.059489],[-84.503189,35.059193],[-84.503933,35.059034],[-84.504002,35.058883],[-84.503474,35.058208],[-84.502507,35.058251],[-84.502952,35.057901],[-84.502105,35.057923],[-84.502051,35.057704],[-84.502501,35.057641],[-84.501898,35.057296],[-84.50209,35.057167],[-84.502708,35.057427],[-84.502722,35.056742],[-84.501944,35.056326],[-84.501511,35.056316],[-84.500934,35.05652],[-84.500751,35.056229],[-84.501068,35.056072],[-84.500501,35.055497],[-84.500926,35.055466],[-84.501411,35.055847],[-84.501726,35.055845],[-84.502143,35.056254],[-84.502571,35.056388],[-84.502705,35.055504],[-84.501571,35.054748],[-84.501614,35.054554],[-84.502418,35.054919],[-84.502579,35.054454],[-84.502778,35.054375],[-84.502882,35.054572],[-84.50268,35.055037],[-84.502832,35.055406],[-84.503723,35.054346],[-84.503861,35.054725],[-84.503468,35.055275],[-84.504262,35.055497],[-84.505033,35.055021],[-84.505894,35.054086],[-84.506178,35.054298],[-84.505913,35.054573],[-84.506234,35.054471],[-84.507101,35.053618],[-84.507388,35.053648],[-84.507401,35.053904],[-84.505872,35.05528],[-84.505618,35.055921],[-84.505797,35.056117],[-84.505788,35.056544],[-84.505208,35.057288],[-84.505337,35.05743],[-84.504755,35.057735],[-84.504752,35.057982],[-84.505152,35.058933],[-84.505607,35.058255],[-84.505858,35.058509],[-84.505693,35.05914],[-84.505236,35.059682],[-84.505316,35.059866],[-84.506152,35.060665],[-84.506676,35.060215],[-84.506857,35.060219],[-84.506876,35.060387],[-84.506357,35.06092],[-84.507047,35.061714],[-84.508214,35.062442],[-84.508664,35.06197],[-84.508698,35.060487],[-84.508182,35.060029],[-84.5065,35.05959],[-84.506853,35.05933],[-84.506603,35.058215],[-84.506088,35.057526],[-84.506377,35.057342],[-84.506256,35.056546],[-84.506393,35.056026],[-84.5067,35.055905],[-84.50689,35.05643],[-84.506768,35.057614],[-84.507142,35.05818],[-84.507114,35.059234],[-84.507486,35.059586],[-84.508546,35.059949],[-84.508889,35.060743],[-84.509389,35.060313],[-84.509358,35.059851],[-84.50867,35.058081],[-84.508057,35.05805],[-84.507823,35.057901],[-84.508033,35.057774],[-84.50869,35.057882],[-84.508425,35.057444],[-84.507864,35.057019],[-84.507979,35.056777],[-84.507579,35.056284],[-84.507422,35.054906],[-84.507688,35.054658],[-84.507906,35.054714],[-84.507968,35.055535],[-84.508091,35.05586],[-84.508331,35.055997],[-84.508295,35.056401],[-84.50868,35.057154],[-84.508992,35.056482],[-84.509343,35.056634],[-84.509265,35.057023],[-84.5089,35.057462],[-84.50924,35.058505],[-84.509833,35.058081],[-84.510055,35.05823],[-84.509331,35.05892],[-84.50957,35.060263],[-84.510116,35.059675],[-84.510948,35.059347],[-84.511465,35.058842],[-84.510515,35.057987],[-84.51014,35.057844],[-84.509935,35.057493],[-84.510005,35.057272],[-84.510246,35.057341],[-84.510324,35.057156],[-84.5106,35.057158],[-84.510799,35.0578],[-84.511638,35.058625],[-84.512225,35.057707],[-84.51232,35.057129],[-84.511912,35.056777],[-84.511266,35.056742],[-84.510573,35.05626],[-84.509919,35.056327],[-84.510006,35.056104],[-84.509562,35.055918],[-84.509749,35.055733],[-84.508533,35.054529],[-84.509072,35.054618],[-84.50906,35.054327],[-84.509259,35.054268],[-84.510324,35.055731],[-84.511848,35.056582],[-84.511588,35.055704],[-84.510778,35.055239],[-84.51025,35.054667],[-84.510582,35.05467],[-84.511671,35.055408],[-84.511671,35.054956],[-84.5106,35.0538],[-84.509108,35.053137],[-84.509144,35.052997],[-84.509499,35.053002],[-84.509692,35.052856],[-84.510487,35.05326],[-84.510368,35.052512],[-84.509647,35.051708],[-84.509821,35.051561],[-84.510355,35.051999],[-84.510667,35.052024],[-84.511042,35.052993],[-84.511047,35.053551],[-84.512174,35.054936],[-84.511993,35.055657],[-84.51202,35.05656],[-84.512444,35.056981],[-84.512837,35.056359],[-84.512573,35.05539],[-84.512979,35.055007],[-84.512317,35.054438],[-84.51203,35.05376],[-84.512242,35.053726],[-84.513164,35.054717],[-84.513619,35.054066],[-84.513641,35.053408],[-84.512943,35.052712],[-84.511387,35.052297],[-84.510874,35.051574],[-84.511066,35.051508],[-84.511692,35.051965],[-84.512802,35.052356],[-84.512555,35.051697],[-84.511515,35.051218],[-84.511159,35.05085],[-84.511291,35.050693],[-84.512175,35.051009],[-84.511623,35.050566],[-84.511311,35.050082],[-84.511565,35.049972],[-84.512134,35.050413],[-84.512044,35.049953],[-84.512533,35.049588],[-84.512837,35.051323],[-84.513734,35.053202],[-84.513892,35.052638],[-84.513368,35.051337],[-84.513419,35.050734],[-84.513901,35.050785],[-84.513912,35.051384],[-84.514255,35.052493],[-84.514242,35.052883],[-84.513846,35.053371],[-84.513995,35.054188],[-84.513614,35.0544],[-84.512919,35.055505],[-84.512944,35.055872],[-84.513426,35.056136],[-84.513209,35.056638],[-84.512527,35.057119],[-84.512188,35.058183],[-84.511529,35.059026],[-84.511041,35.059474],[-84.510214,35.059799],[-84.509741,35.06035],[-84.508964,35.060889]],[[-84.505829,35.055018],[-84.505146,35.055132],[-84.504324,35.055636],[-84.503003,35.055615],[-84.502741,35.056438],[-84.502818,35.05659],[-84.503267,35.05624],[-84.503876,35.056022],[-84.503649,35.056506],[-84.503099,35.056546],[-84.502898,35.056731],[-84.503153,35.057572],[-84.503637,35.057983],[-84.504173,35.058832],[-84.505055,35.05957],[-84.504898,35.059023],[-84.504287,35.058063],[-84.50425,35.057536],[-84.504768,35.057305],[-84.505059,35.056659],[-84.50503,35.056139],[-84.505829,35.055018]],[[-84.506139,35.054646],[-84.505987,35.054708],[-84.505866,35.054791],[-84.505987,35.054785],[-84.506139,35.054646]]]}},{"id":"207873","type":"Feature","properties":{"OBJECTID":5204,"max_category":0,"label":"0.01 to 0.10 inches","area_acres":5.998653004529068,"county":"Polk County","watershed":"Rough Creek-Ocoee River"},"geometry":{"type":"Polygon","coordinates":[[[-84.490788,35.094136],[-84.490435,35.094452],[-84.490328,35.094309],[-84.490168,35.093472],[-84.490561,35.093342],[-84.490431,35.092394],[-84.489264,35.093378],[-84.489407,35.094],[-84.490342,35.095037],[-84.490254,35.095291],[-84.489928,35.095248],[-84.489124,35.093818],[-84.489097,35.093473],[-84.487474,35.094599],[-84.486539,35.094644],[-84.485712,35.094418],[-84.486018,35.094195],[-84.486684,35.094223],[-84.487109,35.094448],[-84.487502,35.094402],[-84.489548,35.092961],[-84.490619,35.091921],[-84.490788,35.094136]]]}},{"id":"207908","type":"Feature","properties":{"OBJECTID":5155,"max_category":0,"label":"0.01 to 0.10 inches","area_acres":3.1384897283717392,"county":"Polk County","watershed":"Rough Creek-Ocoee River"},"geometry":{"type":"Polygon","coordinates":[[[-84.50282,35.019705],[-84.505298,35.021319],[-84.505665,35.021592],[-84.505663,35.021761],[-84.505328,35.021762],[-84.504585,35.021376],[-84.502775,35.02007],[-84.502548,35.020059],[-84.502557,35.019858],[-84.50282,35.019705]]]}},{"id":"207913","type":"Feature","properties":{"OBJECTID":4129,"max_category":0,"label":"0.01 to 0.10 inches","area_acres":1.5508870867530504,"county":"Polk County","watershed":"Parksville Lake-Ocoee River"},"geometry":{"type":"Polygon","coordinates":[[[-84.49827,35.12245],[-84.499203,35.122797],[-84.499213,35.123219],[-84.499913,35.12424],[-84.499393,35.123827],[-84.498966,35.123125],[-84.498361,35.122887],[-84.49827,35.12245]]]}},{"id":"207926","type":"Feature","properties":{"OBJECTID":4984,"max_category":0,"label":"0.01 to 0.10 inches","area_acres":10.96415246376048,"county":"Polk County","watershed":"Rough Creek-Ocoee River"},"geometry":{"type":"Polygon","coordinates":[[[-84.501252,35.061241],[-84.501081,35.060693],[-84.501341,35.060698],[-84.501521,35.061165],[-84.501826,35.061057],[-84.501839,35.060476],[-84.502168,35.060054],[-84.502322,35.060138],[-84.502243,35.060955],[-84.502804,35.06093],[-84.503651,35.060291],[-84.50392,35.060528],[-84.503885,35.060713],[-84.503229,35.060993],[-84.501742,35.061231],[-84.500152,35.061964],[-84.499288,35.062554],[-84.498474,35.063306],[-84.499263,35.063679],[-84.499407,35.064218],[-84.499041,35.064254],[-84.498239,35.063455],[-84.49782,35.063612],[-84.497095,35.064306],[-84.498121,35.064794],[-84.498255,35.065015],[-84.497915,35.065141],[-84.49697,35.064451],[-84.496876,35.064508],[-84.495556,35.065531],[-84.496024,35.066656],[-84.495794,35.066661],[-84.495449,35.066353],[-84.495216,35.065545],[-84.495087,35.065525],[-84.494969,35.066255],[-84.495537,35.066868],[-84.495169,35.066827],[-84.494778,35.066491],[-84.494792,35.065716],[-84.49442,35.065327],[-84.495524,35.06539],[-84.495815,35.065239],[-84.497718,35.063491],[-84.49842,35.063166],[-84.499893,35.06193],[-84.501252,35.061241]]]}},{"id":"207932","type":"Feature","properties":{"OBJECTID":4536,"max_category":0,"label":"0.01 to 0.10 inches","area_acres":1.7872643370353816,"county":"Polk County","watershed":"Rough Creek-Ocoee River"},"geometry":{"type":"Polygon","coordinates":[[[-84.504888,35.034994],[-84.505116,35.035169],[-84.50534,35.035943],[-84.505256,35.036798],[-84.504785,35.03673],[-84.505046,35.036638],[-84.504684,35.03524],[-84.504888,35.034994]]]}},{"id":"207933","type":"Feature","properties":{"OBJECTID":5164,"max_category":0,"label":"0.01 to 0.10 inches","area_acres":1.4299086492575594,"county":"Polk County","watershed":"Rough Creek-Ocoee River"},"geometry":{"type":"Polygon","coordinates":[[[-84.500676,35.022142],[-84.501298,35.022416],[-84.501912,35.0224],[-84.502063,35.022795],[-84.501321,35.022773],[-84.500573,35.02236],[-84.500302,35.022473],[-84.500676,35.022142]]]}},{"id":"207943","type":"Feature","properties":{"OBJECTID":5198,"max_category":0,"label":"0.01 to 0.10 inches","area_acres":2.2600987688862646,"county":"Polk County","watershed":"Parksville Lake-Ocoee River"},"geometry":{"type":"Polygon","coordinates":[[[-84.506226,35.137775],[-84.506926,35.138235],[-84.506539,35.13845],[-84.506794,35.13925],[-84.506619,35.139604],[-84.50632,35.138283],[-84.50583,35.137955],[-84.505977,35.136939],[-84.506191,35.136981],[-84.5064,35.13741],[-84.506226,35.137775]]]}},{"id":"207953","type":"Feature","properties":{"OBJECTID":4978,"max_category":0,"label":"0.01 to 0.10 inches","area_acres":4.679958996708316,"county":"Polk County","watershed":"Rough Creek-Ocoee River"},"geometry":{"type":"Polygon","coordinates":[[[-84.487161,35.079008],[-84.487953,35.079085],[-84.487916,35.079292],[-84.488287,35.079616],[-84.489077,35.079498],[-84.489578,35.079201],[-84.489754,35.079309],[-84.488663,35.079742],[-84.487043,35.080992],[-84.486252,35.081006],[-84.486042,35.081127],[-84.485745,35.081041],[-84.485562,35.080748],[-84.48573,35.080538],[-84.486959,35.08086],[-84.488475,35.07976],[-84.488128,35.079739],[-84.487337,35.080316],[-84.486695,35.080545],[-84.486356,35.080393],[-84.486407,35.08015],[-84.48724,35.080049],[-84.487982,35.079636],[-84.487093,35.079119],[-84.487161,35.079008]]]}},{"id":"207962","type":"Feature","properties":{"OBJECTID":4146,"max_category":0,"label":"0.01 to 0.10 inches","area_acres":0.6721218882664804,"county":"Polk County","watershed":"Parksville Lake-Ocoee River"},"geometry":{"type":"Polygon","coordinates":[[[-84.514309,35.120892],[-84.51454,35.121181],[-84.514256,35.121065],[-84.513827,35.12136],[-84.513569,35.121099],[-84.513654,35.120952],[-84.514309,35.120892]]]}},{"id":"207973","type":"Feature","properties":{"OBJECTID":4135,"max_category":0,"label":"0.01 to 0.10 inches","area_acres":0.6732502165220455,"county":"Polk County","watershed":"Parksville Lake-Ocoee River"},"geometry":{"type":"Polygon","coordinates":[[[-84.514488,35.132442],[-84.514517,35.133141],[-84.514187,35.133366],[-84.514119,35.133168],[-84.514488,35.132442]]]}},{"id":"207976","type":"Feature","properties":{"OBJECTID":3362,"max_category":0,"label":"0.01 to 0.10 inches","area_acres":1.316092837412222,"county":"Polk County","watershed":"Rough Creek-Ocoee River"},"geometry":{"type":"Polygon","coordinates":[[[-84.485907,35.074634],[-84.486231,35.074847],[-84.486319,35.075162],[-84.485972,35.07535],[-84.485475,35.075337],[-84.48537,35.074749],[-84.485907,35.074634]]]}},{"id":"207984","type":"Feature","properties":{"OBJECTID":4151,"max_category":0,"label":"0.01 to 0.10 inches","area_acres":1.0859203184313386,"county":"Polk County","watershed":"Rough Creek-Ocoee River"},"geometry":{"type":"Polygon","coordinates":[[[-84.510462,35.116995],[-84.510917,35.11725],[-84.51154,35.117251],[-84.511945,35.117407],[-84.512439,35.117924],[-84.512217,35.117979],[-84.511491,35.117394],[-84.510841,35.117384],[-84.51033,35.117113],[-84.510462,35.116995]]]}},{"id":"208000","type":"Feature","properties":{"OBJECTID":4179,"max_category":0,"label":"0.01 to 0.10 inches","area_acres":0.6355834479654595,"county":"Polk County","watershed":"Parksville Lake-Ocoee River"},"geometry":{"type":"Polygon","coordinates":[[[-84.520226,35.12764],[-84.520385,35.127727],[-84.520273,35.127983],[-84.519528,35.128203],[-84.519492,35.128049],[-84.520226,35.12764]]]}},{"id":"208004","type":"Feature","properties":{"OBJECTID":5034,"max_category":0,"label":"0.01 to 0.10 inches","area_acres":2.960306096847334,"county":"Polk County","watershed":"Parksville Lake-Ocoee River"},"geometry":{"type":"Polygon","coordinates":[[[-84.519135,35.14566],[-84.519637,35.146105],[-84.52035,35.146163],[-84.520321,35.146433],[-84.51974,35.146381],[-84.519982,35.146749],[-84.521215,35.147059],[-84.521049,35.147364],[-84.520568,35.14725],[-84.520946,35.147465],[-84.520824,35.147697],[-84.520269,35.147543],[-84.520183,35.147089],[-84.519667,35.146706],[-84.519491,35.146268],[-84.518778,35.145948],[-84.518834,35.145839],[-84.519148,35.145884],[-84.519135,35.14566]]]}},{"id":"208005","type":"Feature","properties":{"OBJECTID":4379,"max_category":0,"label":"0.01 to 0.10 inches","area_acres":1.0319228442037132,"county":"Polk County","watershed":"Rough Creek-Ocoee River"},"geometry":{"type":"Polygon","coordinates":[[[-84.494372,35.075569],[-84.495529,35.076366],[-84.495529,35.076495],[-84.495323,35.076562],[-84.494289,35.075802],[-84.494226,35.075624],[-84.494372,35.075569]]]}},{"id":"208027","type":"Feature","properties":{"OBJECTID":5177,"max_category":0,"label":"0.01 to 0.10 inches","area_acres":13.699888149687052,"county":"Polk County","watershed":"Rough Creek-Ocoee River"},"geometry":{"type":"Polygon","coordinates":[[[-84.517153,35.049129],[-84.5174,35.049232],[-84.517999,35.050019],[-84.518138,35.051025],[-84.518332,35.051016],[-84.518586,35.050433],[-84.51877,35.050475],[-84.518754,35.051045],[-84.518072,35.051294],[-84.517805,35.051539],[-84.518362,35.051505],[-84.518457,35.051828],[-84.51791,35.051879],[-84.517642,35.052096],[-84.517348,35.053223],[-84.517491,35.053498],[-84.517733,35.053548],[-84.518115,35.053255],[-84.518193,35.052542],[-84.51842,35.052516],[-84.518645,35.052682],[-84.518666,35.053106],[-84.517768,35.053963],[-84.517826,35.054822],[-84.518519,35.053845],[-84.518821,35.05377],[-84.518873,35.054011],[-84.518476,35.054536],[-84.518528,35.054692],[-84.518204,35.054728],[-84.517568,35.055252],[-84.517623,35.054382],[-84.517456,35.053894],[-84.516937,35.053382],[-84.516294,35.053322],[-84.516028,35.053077],[-84.51621,35.052915],[-84.517019,35.053098],[-84.517177,35.052176],[-84.517417,35.051816],[-84.517046,35.051298],[-84.516425,35.050963],[-84.516475,35.050813],[-84.516829,35.05085],[-84.516236,35.049673],[-84.516212,35.049209],[-84.516549,35.049393],[-84.517558,35.051354],[-84.517778,35.051234],[-84.517672,35.050665],[-84.517061,35.049521],[-84.517008,35.049216],[-84.517153,35.049129]]]}},{"id":"208042","type":"Feature","properties":{"OBJECTID":4930,"max_category":0,"label":"0.01 to 0.10 inches","area_acres":17.339621497720234,"county":"Polk County","watershed":"Rough Creek-Ocoee River"},"geometry":{"type":"Polygon","coordinates":[[[-84.50202,35.046545],[-84.502623,35.047013],[-84.503537,35.046945],[-84.503779,35.047146],[-84.502664,35.047401],[-84.502219,35.047297],[-84.501707,35.046895],[-84.499865,35.047199],[-84.500096,35.047514],[-84.501265,35.047708],[-84.503239,35.047783],[-84.503875,35.047508],[-84.504899,35.04746],[-84.505454,35.047675],[-84.504595,35.047727],[-84.502858,35.048136],[-84.500073,35.047658],[-84.500353,35.048314],[-84.500616,35.048508],[-84.501231,35.0487],[-84.502484,35.048618],[-84.502684,35.048854],[-84.503629,35.049057],[-84.504297,35.048619],[-84.504323,35.048804],[-84.503958,35.049143],[-84.505028,35.049435],[-84.505346,35.049347],[-84.505631,35.048889],[-84.505905,35.049037],[-84.506369,35.048994],[-84.506476,35.049305],[-84.505705,35.049487],[-84.507154,35.049931],[-84.508263,35.050868],[-84.507846,35.050838],[-84.506929,35.050164],[-84.506037,35.050022],[-84.50541,35.049698],[-84.504667,35.049759],[-84.50468,35.049961],[-84.50562,35.050631],[-84.505386,35.050875],[-84.504513,35.05034],[-84.504157,35.049581],[-84.502515,35.04895],[-84.501697,35.048893],[-84.502068,35.049563],[-84.501361,35.049587],[-84.501293,35.048963],[-84.500199,35.048391],[-84.499599,35.047121],[-84.50202,35.046545]]]}},{"id":"208043","type":"Feature","properties":{"OBJECTID":4942,"max_category":0,"label":"0.01 to 0.10 inches","area_acres":9.839681044784768,"county":"Polk County","watershed":"Rough Creek-Ocoee River"},"geometry":{"type":"Polygon","coordinates":[[[-84.492812,35.087198],[-84.493513,35.087866],[-84.493083,35.088934],[-84.493916,35.089678],[-84.494245,35.089377],[-84.494241,35.088782],[-84.494428,35.088675],[-84.494875,35.089185],[-84.494464,35.089493],[-84.495282,35.089785],[-84.495052,35.089961],[-84.494281,35.089586],[-84.493949,35.089862],[-84.493826,35.090524],[-84.494119,35.09089],[-84.495149,35.090154],[-84.495575,35.09018],[-84.495105,35.090692],[-84.494229,35.091033],[-84.494655,35.092346],[-84.494441,35.092227],[-84.493837,35.090775],[-84.493023,35.090821],[-84.492749,35.090484],[-84.492799,35.090311],[-84.493481,35.090443],[-84.493667,35.090243],[-84.493768,35.08976],[-84.493442,35.08939],[-84.49277,35.089022],[-84.492298,35.089207],[-84.492065,35.089517],[-84.491811,35.089258],[-84.49144,35.089168],[-84.491056,35.088717],[-84.491088,35.088523],[-84.491369,35.088565],[-84.492037,35.089077],[-84.49269,35.088889],[-84.492407,35.088681],[-84.492015,35.088695],[-84.491819,35.088553],[-84.4919,35.088398],[-84.49224,35.08845],[-84.491947,35.088062],[-84.492093,35.087782],[-84.492608,35.088014],[-84.492697,35.088677],[-84.492918,35.088849],[-84.493321,35.088098],[-84.49267,35.087772],[-84.492632,35.08726],[-84.492812,35.087198]]]}},{"id":"208047","type":"Feature","properties":{"OBJECTID":4924,"max_category":0,"label":"0.01 to 0.10 inches","area_acres":10.837188907861371,"county":"Polk County","watershed":"Rough Creek-Ocoee River"},"geometry":{"type":"Polygon","coordinates":[[[-84.500355,35.028005],[-84.501595,35.028662],[-84.501539,35.02884],[-84.501089,35.028836],[-84.500066,35.028453],[-84.499784,35.028047],[-84.499658,35.027187],[-84.498347,35.026666],[-84.497268,35.025766],[-84.497283,35.025638],[-84.498562,35.026476],[-84.499787,35.026805],[-84.500268,35.026757],[-84.501542,35.027028],[-84.503737,35.0269],[-84.504212,35.026715],[-84.504472,35.026812],[-84.504215,35.02724],[-84.502054,35.027408],[-84.502494,35.027755],[-84.503558,35.027887],[-84.503386,35.028105],[-84.502315,35.028094],[-84.501364,35.027427],[-84.500081,35.027183],[-84.500355,35.028005]]]}},{"id":"208053","type":"Feature","properties":{"OBJECTID":3366,"max_category":0,"label":"0.01 to 0.10 inches","area_acres":1.8853173177230147,"county":"Polk County","watershed":"Rough Creek-Ocoee River"},"geometry":{"type":"Polygon","coordinates":[[[-84.487543,35.097455],[-84.488106,35.097815],[-84.489067,35.097744],[-84.489533,35.097319],[-84.489951,35.097236],[-84.490003,35.097398],[-84.490288,35.097413],[-84.490318,35.097602],[-84.488413,35.097944],[-84.488035,35.097952],[-84.48752,35.097601],[-84.487061,35.097785],[-84.48726,35.09751],[-84.487543,35.097455]]]}},{"id":"208059","type":"Feature","properties":{"OBJECTID":5007,"max_category":0,"label":"0.01 to 0.10 inches","area_acres":1.0176873462020064,"county":"Polk County","watershed":"Rough Creek-Ocoee River"},"geometry":{"type":"Polygon","coordinates":[[[-84.493236,35.099453],[-84.493681,35.099622],[-84.49411,35.100144],[-84.493759,35.100236],[-84.493073,35.099673],[-84.493236,35.099453]]]}},{"id":"208083","type":"Feature","properties":{"OBJECTID":4529,"max_category":0,"label":"0.01 to 0.10 inches","area_acres":1.0443893348678415,"county":"Polk County","watershed":"Rough Creek-Ocoee River"},"geometry":{"type":"Polygon","coordinates":[[[-84.509621,35.041657],[-84.509778,35.041772],[-84.509496,35.042025],[-84.50911,35.042011],[-84.508828,35.041837],[-84.508382,35.04191],[-84.5087,35.041646],[-84.509621,35.041657]]]}},{"id":"208096","type":"Feature","properties":{"OBJECTID":4152,"max_category":0,"label":"0.01 to 0.10 inches","area_acres":2.761117495603146,"county":"Polk County","watershed":"Rough Creek-Ocoee River"},"geometry":{"type":"Polygon","coordinates":[[[-84.503836,35.115427],[-84.505651,35.116142],[-84.50673,35.116257],[-84.507629,35.11597],[-84.507837,35.116045],[-84.507004,35.116388],[-84.505602,35.116284],[-84.504798,35.115993],[-84.504135,35.116297],[-84.503693,35.116249],[-84.503726,35.116017],[-84.504297,35.116011],[-84.504491,35.11587],[-84.503747,35.115841],[-84.503427,35.115528],[-84.503836,35.115427]]]}},{"id":"208101","type":"Feature","properties":{"OBJECTID":4505,"max_category":0,"label":"0.01 to 0.10 inches","area_acres":3.3708341967025897,"county":"Polk County","watershed":"Rough Creek-Ocoee River"},"geometry":{"type":"Polygon","coordinates":[[[-84.498401,35.089641],[-84.498667,35.089815],[-84.498171,35.090413],[-84.498363,35.091046],[-84.498759,35.091028],[-84.49948,35.090585],[-84.5005,35.090481],[-84.500829,35.090702],[-84.500802,35.090967],[-84.500528,35.090973],[-84.500076,35.090698],[-84.499548,35.090722],[-84.49869,35.091302],[-84.498136,35.09146],[-84.497998,35.090421],[-84.497554,35.090117],[-84.497309,35.08961],[-84.497596,35.089647],[-84.497912,35.090087],[-84.498401,35.089641]]]}},{"id":"208104","type":"Feature","properties":{"OBJECTID":4908,"max_category":0,"label":"0.01 to 0.10 inches","area_acres":5.085598824843411,"county":"Polk County","watershed":"Rough Creek-Ocoee River"},"geometry":{"type":"Polygon","coordinates":[[[-84.514179,35.057108],[-84.515145,35.057754],[-84.515249,35.0583],[-84.51499,35.058901],[-84.515387,35.059826],[-84.51511,35.060234],[-84.514802,35.060183],[-84.515211,35.059799],[-84.514926,35.059046],[-84.514293,35.058789],[-84.513562,35.05887],[-84.512808,35.058384],[-84.51334,35.057727],[-84.513875,35.058424],[-84.514807,35.058769],[-84.514731,35.058147],[-84.514011,35.057343],[-84.514179,35.057108]]]}},{"id":"208105","type":"Feature","properties":{"OBJECTID":4995,"max_category":0,"label":"0.01 to 0.10 inches","area_acres":2.9881034352581453,"county":"Polk County","watershed":"Rough Creek-Ocoee River"},"geometry":{"type":"Polygon","coordinates":[[[-84.49245,35.082316],[-84.492451,35.082498],[-84.494188,35.083598],[-84.49427,35.083759],[-84.494057,35.083982],[-84.493444,35.08357],[-84.493819,35.084179],[-84.49344,35.084069],[-84.493074,35.083434],[-84.492097,35.082711],[-84.49245,35.082316]]]}},{"id":"208120","type":"Feature","properties":{"OBJECTID":976,"max_category":0,"label":"0.01 to 0.10 inches","area_acres":12.885116333959928,"county":"Polk County","watershed":"Rough Creek-Ocoee River"},"geometry":{"type":"Polygon","coordinates":[[[-84.486951,35.029808],[-84.48694,35.029522],[-84.487221,35.029525],[-84.487294,35.029274],[-84.48759,35.0293],[-84.487731,35.029819],[-84.488346,35.030272],[-84.489422,35.030855],[-84.490007,35.030885],[-84.489552,35.030132],[-84.489711,35.029512],[-84.489145,35.029405],[-84.487645,35.028637],[-84.488349,35.028621],[-84.489177,35.028955],[-84.489865,35.029436],[-84.489912,35.029927],[-84.490629,35.031159],[-84.490703,35.030236],[-84.491006,35.030073],[-84.491186,35.030466],[-84.491053,35.031456],[-84.491649,35.031895],[-84.492039,35.032],[-84.492245,35.03187],[-84.492371,35.031433],[-84.492564,35.031421],[-84.492674,35.031696],[-84.49245,35.032328],[-84.493393,35.032966],[-84.493227,35.033039],[-84.492161,35.03236],[-84.4917,35.032281],[-84.491113,35.031692],[-84.490055,35.032097],[-84.489438,35.03205],[-84.489457,35.031905],[-84.49002,35.031846],[-84.490683,35.031529],[-84.490252,35.031318],[-84.489068,35.031176],[-84.488156,35.031551],[-84.487205,35.03124],[-84.487135,35.030878],[-84.488249,35.031103],[-84.488731,35.031107],[-84.489002,35.030946],[-84.487478,35.029876],[-84.486951,35.029808]]]}},{"id":"208130","type":"Feature","properties":{"OBJECTID":978,"max_category":0,"label":"0.01 to 0.10 inches","area_acres":2.5660714422334894,"county":"Polk County","watershed":"Rough Creek-Ocoee River"},"geometry":{"type":"Polygon","coordinates":[[[-84.488814,35.057497],[-84.489567,35.057925],[-84.489577,35.05819],[-84.48921,35.058215],[-84.488657,35.057811],[-84.488501,35.058061],[-84.488266,35.057941],[-84.488021,35.057109],[-84.487285,35.056295],[-84.487597,35.056398],[-84.488814,35.057497]]]}},{"id":"208131","type":"Feature","properties":{"OBJECTID":4282,"max_category":0,"label":"0.01 to 0.10 inches","area_acres":1.131913149734683,"county":"Polk County","watershed":"Parksville Lake-Ocoee River"},"geometry":{"type":"Polygon","coordinates":[[[-84.51664,35.130309],[-84.516976,35.130514],[-84.516252,35.131007],[-84.516027,35.130728],[-84.516338,35.130161],[-84.516536,35.130043],[-84.51664,35.130309]]]}},{"id":"208134","type":"Feature","properties":{"OBJECTID":3903,"max_category":0,"label":"0.01 to 0.10 inches","area_acres":1.210772363230534,"county":"Polk County","watershed":"Parksville Lake-Ocoee River"},"geometry":{"type":"Polygon","coordinates":[[[-84.512874,35.14523],[-84.512867,35.145704],[-84.512769,35.145461],[-84.511551,35.145402],[-84.511343,35.14517],[-84.511635,35.145067],[-84.512874,35.14523]]]}},{"id":"208136","type":"Feature","properties":{"OBJECTID":4997,"max_category":0,"label":"0.01 to 0.10 inches","area_acres":1.4222578589216717,"county":"Polk County","watershed":"Rough Creek-Ocoee River"},"geometry":{"type":"Polygon","coordinates":[[[-84.491875,35.082728],[-84.492691,35.083328],[-84.492719,35.083529],[-84.493351,35.084104],[-84.493333,35.084279],[-84.493084,35.08425],[-84.492868,35.083857],[-84.491897,35.083141],[-84.491696,35.082863],[-84.491875,35.082728]],[[-84.492536,35.083404],[-84.492052,35.083064],[-84.492538,35.083422],[-84.492536,35.083404]]]}},{"id":"208145","type":"Feature","properties":{"OBJECTID":4524,"max_category":0,"label":"0.01 to 0.10 inches","area_acres":3.1176415425670445,"county":"Polk County","watershed":"Rough Creek-Ocoee River"},"geometry":{"type":"Polygon","coordinates":[[[-84.509541,35.037506],[-84.509764,35.037599],[-84.509911,35.038219],[-84.510359,35.038929],[-84.51025,35.039276],[-84.510846,35.040223],[-84.510752,35.040728],[-84.510476,35.04057],[-84.51019,35.039971],[-84.509958,35.039874],[-84.50993,35.039597],[-84.509534,35.039632],[-84.509989,35.038986],[-84.509541,35.037506]]]}},{"id":"208159","type":"Feature","properties":{"OBJECTID":4138,"max_category":0,"label":"0.01 to 0.10 inches","area_acres":0.819063758291394,"county":"Polk County","watershed":"Rough Creek-Ocoee River"},"geometry":{"type":"Polygon","coordinates":[[[-84.508141,35.117844],[-84.507906,35.118796],[-84.507756,35.118912],[-84.507255,35.118894],[-84.507284,35.118691],[-84.507771,35.118618],[-84.507999,35.117891],[-84.508141,35.117844]]]}},{"id":"208164","type":"Feature","properties":{"OBJECTID":4980,"max_category":0,"label":"0.01 to 0.10 inches","area_acres":0.6954985358140611,"county":"Polk County","watershed":"Rough Creek-Ocoee River"},"geometry":{"type":"Polygon","coordinates":[[[-84.509371,35.062721],[-84.509394,35.063203],[-84.50845,35.063433],[-84.508449,35.063304],[-84.508929,35.063154],[-84.509371,35.062721]]]}},{"id":"208172","type":"Feature","properties":{"OBJECTID":582,"max_category":0,"label":"0.01 to 0.10 inches","area_acres":1.3930342441404104,"county":"Polk County","watershed":"Parksville Lake-Ocoee River"},"geometry":{"type":"Polygon","coordinates":[[[-84.494017,35.12146],[-84.49467,35.122173],[-84.495493,35.122467],[-84.49536,35.122711],[-84.494768,35.122664],[-84.494484,35.122462],[-84.494332,35.12196],[-84.493941,35.121558],[-84.494017,35.12146]]]}},{"id":"208173","type":"Feature","properties":{"OBJECTID":5137,"max_category":0,"label":"0.01 to 0.10 inches","area_acres":1.7800143438186902,"county":"Polk County","watershed":"Rough Creek-Ocoee River"},"geometry":{"type":"Polygon","coordinates":[[[-84.489105,35.08734],[-84.489925,35.087499],[-84.489818,35.088175],[-84.490327,35.088499],[-84.490319,35.088736],[-84.490035,35.088781],[-84.489742,35.088538],[-84.489643,35.087623],[-84.489257,35.087558],[-84.488898,35.087819],[-84.488661,35.087774],[-84.488682,35.087435],[-84.489105,35.08734]]]}},{"id":"208195","type":"Feature","properties":{"OBJECTID":3429,"max_category":0,"label":"0.01 to 0.10 inches","area_acres":0.5351615510095706,"county":"Polk County","watershed":"Rough Creek-Ocoee River"},"geometry":{"type":"Polygon","coordinates":[[[-84.478397,35.090908],[-84.478543,35.091386],[-84.478167,35.091469],[-84.478059,35.091051],[-84.478397,35.090908]]]}},{"id":"208201","type":"Feature","properties":{"OBJECTID":4326,"max_category":0,"label":"0.01 to 0.10 inches","area_acres":1.54439200244544,"county":"Polk County","watershed":"Rough Creek-Ocoee River"},"geometry":{"type":"Polygon","coordinates":[[[-84.502067,35.077547],[-84.502177,35.077927],[-84.501942,35.078033],[-84.501271,35.077331],[-84.501192,35.076504],[-84.501489,35.076449],[-84.501521,35.077047],[-84.502067,35.077547]]]}},{"id":"208223","type":"Feature","properties":{"OBJECTID":4928,"max_category":0,"label":"0.01 to 0.10 inches","area_acres":6.087108940251309,"county":"Polk County","watershed":"Rough Creek-Ocoee River"},"geometry":{"type":"Polygon","coordinates":[[[-84.495826,35.02861],[-84.497597,35.029078],[-84.498092,35.028899],[-84.4982,35.029057],[-84.497842,35.029212],[-84.498497,35.029506],[-84.499023,35.029427],[-84.499778,35.028824],[-84.500067,35.028839],[-84.500014,35.029167],[-84.49946,35.029618],[-84.499454,35.030027],[-84.49966,35.030276],[-84.49938,35.03037],[-84.498639,35.029862],[-84.4988,35.030252],[-84.498685,35.030404],[-84.498211,35.029772],[-84.49567,35.028815],[-84.495151,35.028786],[-84.495205,35.028668],[-84.495826,35.02861]]]}},{"id":"208226","type":"Feature","properties":{"OBJECTID":4245,"max_category":0,"label":"0.01 to 0.10 inches","area_acres":1.932340137320712,"county":"Polk County","watershed":"Rough Creek-Ocoee River"},"geometry":{"type":"Polygon","coordinates":[[[-84.521966,35.119221],[-84.521958,35.119835],[-84.521774,35.120004],[-84.521348,35.119943],[-84.520011,35.120196],[-84.519518,35.119919],[-84.519572,35.119759],[-84.519774,35.119736],[-84.520216,35.120045],[-84.520445,35.120034],[-84.520783,35.119551],[-84.521724,35.11985],[-84.521966,35.119221]]]}},{"id":"208231","type":"Feature","properties":{"OBJECTID":575,"max_category":0,"label":"0.01 to 0.10 inches","area_acres":2.2058281286212527,"county":"Polk County","watershed":"Rough Creek-Ocoee River"},"geometry":{"type":"Polygon","coordinates":[[[-84.50054,35.107046],[-84.50285,35.107408],[-84.503484,35.10716],[-84.503592,35.10723],[-84.503289,35.107498],[-84.502824,35.107552],[-84.502011,35.107452],[-84.500669,35.10754],[-84.500312,35.107352],[-84.50054,35.107046]]]}},{"id":"208252","type":"Feature","properties":{"OBJECTID":4297,"max_category":0,"label":"0.01 to 0.10 inches","area_acres":1.3885275262233918,"county":"Polk County","watershed":"Parksville Lake-Ocoee River"},"geometry":{"type":"Polygon","coordinates":[[[-84.4955,35.125575],[-84.49635,35.126225],[-84.497001,35.126495],[-84.497012,35.126788],[-84.496627,35.126438],[-84.495788,35.126342],[-84.495398,35.125808],[-84.4955,35.125575]]]}},{"id":"208259","type":"Feature","properties":{"OBJECTID":4890,"max_category":0,"label":"0.01 to 0.10 inches","area_acres":21.70810036800295,"county":"Polk County","watershed":"Rough Creek-Ocoee River"},"geometry":{"type":"Polygon","coordinates":[[[-84.525901,35.044875],[-84.52598,35.044983],[-84.525459,35.045465],[-84.525633,35.046324],[-84.52515,35.046403],[-84.52535,35.045933],[-84.52529,35.045541],[-84.524519,35.045687],[-84.523722,35.046507],[-84.523774,35.047283],[-84.523639,35.047481],[-84.523414,35.047415],[-84.523123,35.047677],[-84.522953,35.047596],[-84.523465,35.046501],[-84.522129,35.046457],[-84.521247,35.047046],[-84.521066,35.04752],[-84.520853,35.047629],[-84.521136,35.048903],[-84.520412,35.049805],[-84.520161,35.049719],[-84.520593,35.048996],[-84.520962,35.048831],[-84.520692,35.047807],[-84.520357,35.048203],[-84.520299,35.049009],[-84.519617,35.049513],[-84.519363,35.049347],[-84.519927,35.048879],[-84.520182,35.048169],[-84.519165,35.048931],[-84.518988,35.048846],[-84.519121,35.048631],[-84.518722,35.048642],[-84.518596,35.04846],[-84.520283,35.04794],[-84.520739,35.04752],[-84.52081,35.047067],[-84.520034,35.047158],[-84.519181,35.047524],[-84.518559,35.047611],[-84.516764,35.048489],[-84.51642,35.04838],[-84.516694,35.048006],[-84.517738,35.047515],[-84.517318,35.047344],[-84.517554,35.047134],[-84.518412,35.047201],[-84.519798,35.046834],[-84.521373,35.046704],[-84.521976,35.046349],[-84.521501,35.046156],[-84.519833,35.046287],[-84.518612,35.046204],[-84.517759,35.046707],[-84.517237,35.046734],[-84.51731,35.046418],[-84.517962,35.046081],[-84.516439,35.045715],[-84.516364,35.045545],[-84.516599,35.045389],[-84.518334,35.045772],[-84.519251,35.045759],[-84.520154,35.045964],[-84.521635,35.04587],[-84.521984,35.045981],[-84.522286,35.046307],[-84.523389,35.046366],[-84.523813,35.046209],[-84.524426,35.04556],[-84.525231,35.045401],[-84.525901,35.044875]]]}},{"id":"208266","type":"Feature","properties":{"OBJECTID":4510,"max_category":0,"label":"0.01 to 0.10 inches","area_acres":3.4927744164711894,"county":"Polk County","watershed":"Rough Creek-Ocoee River"},"geometry":{"type":"Polygon","coordinates":[[[-84.497549,35.092899],[-84.497618,35.093179],[-84.497385,35.093583],[-84.497193,35.093557],[-84.497161,35.093401],[-84.497353,35.09299],[-84.49703,35.092872],[-84.496763,35.093538],[-84.496447,35.093778],[-84.496247,35.093686],[-84.496265,35.093415],[-84.496853,35.092811],[-84.495773,35.092573],[-84.495554,35.093483],[-84.495313,35.093665],[-84.495135,35.093595],[-84.495496,35.093035],[-84.495603,35.092473],[-84.495891,35.092436],[-84.496001,35.091624],[-84.496217,35.091729],[-84.496238,35.092521],[-84.497549,35.092899]]]}},{"id":"208272","type":"Feature","properties":{"OBJECTID":4177,"max_category":0,"label":"0.01 to 0.10 inches","area_acres":1.3531152597212488,"county":"Polk County","watershed":"Parksville Lake-Ocoee River"},"geometry":{"type":"Polygon","coordinates":[[[-84.514858,35.129171],[-84.516007,35.128734],[-84.516296,35.129198],[-84.516218,35.129376],[-84.514858,35.129171]]]}},{"id":"208273","type":"Feature","properties":{"OBJECTID":5024,"max_category":0,"label":"0.01 to 0.10 inches","area_acres":0.4045133455345508,"county":"Polk County","watershed":"Parksville Lake-Ocoee River"},"geometry":{"type":"Polygon","coordinates":[[[-84.522269,35.142957],[-84.52236,35.143229],[-84.521979,35.143349],[-84.52193,35.142977],[-84.522269,35.142957]]]}},{"id":"208280","type":"Feature","properties":{"OBJECTID":3378,"max_category":0,"label":"0.01 to 0.10 inches","area_acres":1.3011938329174655,"county":"Polk County","watershed":"Rough Creek-Ocoee River"},"geometry":{"type":"Polygon","coordinates":[[[-84.481166,35.079307],[-84.482026,35.079945],[-84.48177,35.080325],[-84.481246,35.0802],[-84.481292,35.079981],[-84.480995,35.079552],[-84.481166,35.079307]]]}},{"id":"208281","type":"Feature","properties":{"OBJECTID":4566,"max_category":0,"label":"0.01 to 0.10 inches","area_acres":1.6511291986196686,"county":"Polk County","watershed":"Rough Creek-Ocoee River"},"geometry":{"type":"Polygon","coordinates":[[[-84.497409,35.048627],[-84.497604,35.048902],[-84.498184,35.049119],[-84.498109,35.049359],[-84.497658,35.049412],[-84.497031,35.049007],[-84.496387,35.049048],[-84.496522,35.048865],[-84.497409,35.048627]]]}},{"id":"208283","type":"Feature","properties":{"OBJECTID":4499,"max_category":0,"label":"0.01 to 0.10 inches","area_acres":2.7953617349546658,"county":"Polk County","watershed":"Rough Creek-Ocoee River"},"geometry":{"type":"Polygon","coordinates":[[[-84.511188,35.089974],[-84.511359,35.090869],[-84.511227,35.090931],[-84.511051,35.090805],[-84.510876,35.090011],[-84.51042,35.089441],[-84.509668,35.089116],[-84.509852,35.088883],[-84.509377,35.088299],[-84.509306,35.087813],[-84.508671,35.087762],[-84.508584,35.087455],[-84.508824,35.087408],[-84.509388,35.087658],[-84.509542,35.088239],[-84.510576,35.089341],[-84.51071,35.089671],[-84.511188,35.089974]]]}},{"id":"208314","type":"Feature","properties":{"OBJECTID":4240,"max_category":0,"label":"0.01 to 0.10 inches","area_acres":1.4252396210910336,"county":"Polk County","watershed":"Rough Creek-Ocoee River"},"geometry":{"type":"Polygon","coordinates":[[[-84.520741,35.113003],[-84.52083,35.113125],[-84.520273,35.114024],[-84.519995,35.114274],[-84.519431,35.114389],[-84.518903,35.114891],[-84.519019,35.114262],[-84.519912,35.114142],[-84.520741,35.113003]]]}},{"id":"208322","type":"Feature","properties":{"OBJECTID":3439,"max_category":0,"label":"0.01 to 0.10 inches","area_acres":3.2859997276425967,"county":"Polk County","watershed":"Rough Creek-Ocoee River"},"geometry":{"type":"Polygon","coordinates":[[[-84.483829,35.085543],[-84.483908,35.085651],[-84.482861,35.086789],[-84.48195,35.088179],[-84.482085,35.088457],[-84.482773,35.088428],[-84.482906,35.088578],[-84.482104,35.088839],[-84.481846,35.088446],[-84.481592,35.088415],[-84.481429,35.088217],[-84.480916,35.088176],[-84.480838,35.088031],[-84.481453,35.087716],[-84.481971,35.087829],[-84.482701,35.086723],[-84.483829,35.085543]]]}},{"id":"208324","type":"Feature","properties":{"OBJECTID":4558,"max_category":0,"label":"0.01 to 0.10 inches","area_acres":3.0592518706793292,"county":"Polk County","watershed":"Rough Creek-Ocoee River"},"geometry":{"type":"Polygon","coordinates":[[[-84.497739,35.044594],[-84.499758,35.045713],[-84.500435,35.045819],[-84.501389,35.045697],[-84.502164,35.046153],[-84.502846,35.046124],[-84.503379,35.04627],[-84.503534,35.046497],[-84.503227,35.046661],[-84.502417,35.046472],[-84.501334,35.045839],[-84.500403,35.045964],[-84.499693,35.045851],[-84.498252,35.045109],[-84.497645,35.044713],[-84.497739,35.044594]]]}},{"id":"208330","type":"Feature","properties":{"OBJECTID":4506,"max_category":0,"label":"0.01 to 0.10 inches","area_acres":2.6926057818501112,"county":"Polk County","watershed":"Rough Creek-Ocoee River"},"geometry":{"type":"Polygon","coordinates":[[[-84.512054,35.097466],[-84.512303,35.097893],[-84.511912,35.098799],[-84.511702,35.098945],[-84.511554,35.098758],[-84.511956,35.098283],[-84.512121,35.097762],[-84.511545,35.098437],[-84.510764,35.098974],[-84.510687,35.098761],[-84.51093,35.098459],[-84.510354,35.09836],[-84.510391,35.098148],[-84.511198,35.098193],[-84.511716,35.09795],[-84.512054,35.097466]]]}},{"id":"208334","type":"Feature","properties":{"OBJECTID":4319,"max_category":0,"label":"0.01 to 0.10 inches","area_acres":0.8160820398922612,"county":"Polk County","watershed":"Rough Creek-Ocoee River"},"geometry":{"type":"Polygon","coordinates":[[[-84.496586,35.074147],[-84.496862,35.074495],[-84.49695,35.075318],[-84.496345,35.074326],[-84.496586,35.074147]]]}},{"id":"208345","type":"Feature","properties":{"OBJECTID":4501,"max_category":0,"label":"0.01 to 0.10 inches","area_acres":11.699813792359048,"county":"Polk County","watershed":"Rough Creek-Ocoee River"},"geometry":{"type":"Polygon","coordinates":[[[-84.506986,35.085892],[-84.507307,35.086425],[-84.507499,35.087231],[-84.508042,35.087837],[-84.507668,35.088741],[-84.50768,35.08992],[-84.507869,35.090241],[-84.508891,35.09081],[-84.508858,35.090956],[-84.507938,35.090562],[-84.507415,35.090743],[-84.507379,35.090503],[-84.506287,35.090886],[-84.506272,35.090596],[-84.506855,35.090411],[-84.50711,35.090207],[-84.507093,35.090022],[-84.507479,35.089997],[-84.507466,35.089783],[-84.506555,35.08988],[-84.506121,35.09034],[-84.50564,35.090006],[-84.506272,35.089532],[-84.507412,35.089516],[-84.507498,35.088804],[-84.5069,35.088543],[-84.506053,35.089496],[-84.505857,35.089474],[-84.505924,35.089276],[-84.505636,35.089182],[-84.505623,35.089037],[-84.50622,35.088954],[-84.506483,35.088683],[-84.505696,35.088673],[-84.505577,35.088351],[-84.506566,35.088553],[-84.506737,35.088479],[-84.506021,35.087658],[-84.505903,35.087006],[-84.505004,35.086861],[-84.504912,35.08664],[-84.505232,35.086523],[-84.505733,35.086692],[-84.50553,35.086333],[-84.505935,35.086263],[-84.506156,35.086685],[-84.506184,35.087594],[-84.506484,35.088076],[-84.506966,35.08837],[-84.506706,35.087485],[-84.50697,35.087418],[-84.507161,35.087684],[-84.507144,35.088431],[-84.507527,35.088635],[-84.507605,35.087919],[-84.50714,35.086481],[-84.506516,35.086159],[-84.506613,35.085973],[-84.506986,35.085892]]]}},{"id":"208360","type":"Feature","properties":{"OBJECTID":4443,"max_category":0,"label":"0.01 to 0.10 inches","area_acres":0.9895979722379583,"county":"Polk County","watershed":"Rough Creek-Ocoee River"},"geometry":{"type":"Polygon","coordinates":[[[-84.488682,35.054198],[-84.48877,35.05432],[-84.488515,35.054559],[-84.487402,35.055082],[-84.487224,35.055032],[-84.487786,35.054611],[-84.487844,35.054328],[-84.488158,35.054415],[-84.488682,35.054198]]]}},{"id":"208363","type":"Feature","properties":{"OBJECTID":4493,"max_category":0,"label":"0.01 to 0.10 inches","area_acres":3.34061436211695,"county":"Polk County","watershed":"Rough Creek-Ocoee River"},"geometry":{"type":"Polygon","coordinates":[[[-84.512483,35.097859],[-84.513101,35.098547],[-84.513738,35.098525],[-84.515426,35.099291],[-84.51597,35.098997],[-84.516137,35.099286],[-84.515409,35.099461],[-84.51381,35.098712],[-84.513376,35.09865],[-84.513228,35.098684],[-84.513383,35.099313],[-84.512821,35.099739],[-84.512016,35.100023],[-84.51199,35.09971],[-84.513226,35.099243],[-84.513056,35.098705],[-84.512422,35.098154],[-84.512483,35.097859]]]}},{"id":"208369","type":"Feature","properties":{"OBJECTID":4543,"max_category":0,"label":"0.01 to 0.10 inches","area_acres":3.4360962467339626,"county":"Polk County","watershed":"Rough Creek-Ocoee River"},"geometry":{"type":"Polygon","coordinates":[[[-84.492958,35.035703],[-84.493469,35.035872],[-84.494817,35.035567],[-84.495344,35.035842],[-84.496044,35.035965],[-84.4961,35.036425],[-84.495189,35.036375],[-84.494319,35.036087],[-84.493831,35.03616],[-84.492779,35.035891],[-84.492958,35.035703]]]}},{"id":"208377","type":"Feature","properties":{"OBJECTID":4971,"max_category":0,"label":"0.01 to 0.10 inches","area_acres":3.4269225872190647,"county":"Polk County","watershed":"Rough Creek-Ocoee River"},"geometry":{"type":"Polygon","coordinates":[[[-84.505582,35.096331],[-84.505649,35.09703],[-84.506476,35.098384],[-84.506218,35.098656],[-84.505809,35.097913],[-84.505978,35.098594],[-84.505669,35.098781],[-84.505532,35.098569],[-84.50517,35.098913],[-84.504957,35.098756],[-84.505418,35.098169],[-84.505516,35.097602],[-84.505313,35.096598],[-84.505582,35.096331]]]}},{"id":"208391","type":"Feature","properties":{"OBJECTID":3367,"max_category":0,"label":"0.01 to 0.10 inches","area_acres":3.2001662955372745,"county":"Polk County","watershed":"Rough Creek-Ocoee River"},"geometry":{"type":"Polygon","coordinates":[[[-84.490306,35.099201],[-84.49044,35.09945],[-84.490141,35.099939],[-84.490449,35.099914],[-84.49055,35.100036],[-84.490038,35.100387],[-84.489984,35.100582],[-84.490058,35.101676],[-84.490282,35.102021],[-84.490161,35.102102],[-84.489887,35.101722],[-84.489827,35.100837],[-84.489344,35.100596],[-84.489402,35.10041],[-84.489834,35.100442],[-84.489921,35.100251],[-84.489874,35.100037],[-84.489428,35.09978],[-84.48935,35.099229],[-84.489583,35.099111],[-84.489946,35.099549],[-84.490306,35.099201]]]}},{"id":"208397","type":"Feature","properties":{"OBJECTID":3410,"max_category":0,"label":"0.01 to 0.10 inches","area_acres":3.0651977652285938,"county":"Polk County","watershed":"Rough Creek-Ocoee River"},"geometry":{"type":"Polygon","coordinates":[[[-84.480293,35.074779],[-84.480527,35.075151],[-84.479448,35.076081],[-84.479296,35.076111],[-84.479056,35.075885],[-84.480236,35.075062],[-84.479688,35.075197],[-84.479139,35.075631],[-84.478629,35.07559],[-84.47864,35.075449],[-84.479096,35.075235],[-84.478842,35.075089],[-84.47932,35.07483],[-84.480293,35.074779]]]}},{"id":"208399","type":"Feature","properties":{"OBJECTID":1121,"max_category":0,"label":"0.01 to 0.10 inches","area_acres":2.4057785657823794,"county":"Polk County","watershed":"Rough Creek-Ocoee River"},"geometry":{"type":"Polygon","coordinates":[[[-84.483217,35.072472],[-84.483445,35.072602],[-84.483348,35.072884],[-84.482901,35.073382],[-84.48209,35.073917],[-84.481641,35.073452],[-84.48216,35.072975],[-84.482393,35.072934],[-84.482334,35.073201],[-84.481925,35.073579],[-84.482025,35.073652],[-84.483217,35.072472]]]}},{"id":"208400","type":"Feature","properties":{"OBJECTID":4224,"max_category":0,"label":"0.01 to 0.10 inches","area_acres":0.7819217988656942,"county":"Polk County","watershed":"Rough Creek-Ocoee River"},"geometry":{"type":"Polygon","coordinates":[[[-84.493791,35.076394],[-84.495049,35.076954],[-84.49508,35.077052],[-84.494848,35.07709],[-84.493696,35.076694],[-84.493616,35.076505],[-84.493791,35.076394]]]}},{"id":"208403","type":"Feature","properties":{"OBJECTID":4535,"max_category":0,"label":"0.01 to 0.10 inches","area_acres":6.9304032464311724,"county":"Polk County","watershed":"Rough Creek-Ocoee River"},"geometry":{"type":"Polygon","coordinates":[[[-84.507568,35.035042],[-84.508798,35.03576],[-84.508869,35.035945],[-84.508589,35.03604],[-84.508152,35.035914],[-84.507389,35.035355],[-84.506749,35.03587],[-84.506796,35.035571],[-84.506082,35.034963],[-84.505089,35.034624],[-84.505152,35.034352],[-84.505699,35.034421],[-84.505673,35.033952],[-84.505644,35.033602],[-84.505,35.032955],[-84.504898,35.031953],[-84.50558,35.031774],[-84.505334,35.032378],[-84.505599,35.033324],[-84.505707,35.03343],[-84.506111,35.033204],[-84.506302,35.03334],[-84.506288,35.033569],[-84.505905,35.033659],[-84.50587,35.033876],[-84.506696,35.035201],[-84.507009,35.035431],[-84.507568,35.035042]]]}},{"id":"208412","type":"Feature","properties":{"OBJECTID":4933,"max_category":0,"label":"0.01 to 0.10 inches","area_acres":2.7205245483099527,"county":"Polk County","watershed":"Rough Creek-Ocoee River"},"geometry":{"type":"Polygon","coordinates":[[[-84.499542,35.023184],[-84.500588,35.023536],[-84.501141,35.024052],[-84.499536,35.023343],[-84.498736,35.023927],[-84.499115,35.023399],[-84.498095,35.022646],[-84.498042,35.022259],[-84.498262,35.022214],[-84.498573,35.022577],[-84.499542,35.023184]]]}},{"id":"208415","type":"Feature","properties":{"OBJECTID":4963,"max_category":0,"label":"0.01 to 0.10 inches","area_acres":1.8367977406794014,"county":"Polk County","watershed":"Rough Creek-Ocoee River"},"geometry":{"type":"Polygon","coordinates":[[[-84.508012,35.083726],[-84.508106,35.083862],[-84.50791,35.084405],[-84.508433,35.085219],[-84.50821,35.085427],[-84.508042,35.085163],[-84.507819,35.085501],[-84.507638,35.08542],[-84.507799,35.084812],[-84.507622,35.084659],[-84.50755,35.084112],[-84.508012,35.083726]]]}},{"id":"208419","type":"Feature","properties":{"OBJECTID":4275,"max_category":0,"label":"0.01 to 0.10 inches","area_acres":1.159657333440683,"county":"Polk County","watershed":"Rough Creek-Ocoee River"},"geometry":{"type":"Polygon","coordinates":[[[-84.519186,35.108341],[-84.519248,35.109719],[-84.518601,35.110055],[-84.518983,35.108536],[-84.519186,35.108341]]]}},{"id":"208425","type":"Feature","properties":{"OBJECTID":4343,"max_category":0,"label":"0.01 to 0.10 inches","area_acres":4.146902344515738,"county":"Polk County","watershed":"Rough Creek-Ocoee River"},"geometry":{"type":"Polygon","coordinates":[[[-84.491912,35.065389],[-84.49274,35.065762],[-84.492909,35.065578],[-84.491813,35.065084],[-84.492296,35.064628],[-84.493158,35.065345],[-84.492777,35.066001],[-84.492796,35.066284],[-84.493454,35.066665],[-84.493165,35.066822],[-84.493387,35.067118],[-84.493285,35.067306],[-84.492466,35.066815],[-84.492689,35.066509],[-84.492613,35.066161],[-84.492381,35.066123],[-84.492446,35.065994],[-84.491728,35.065803],[-84.491736,35.065469],[-84.491912,35.065389]]]}},{"id":"208437","type":"Feature","properties":{"OBJECTID":4372,"max_category":0,"label":"0.01 to 0.10 inches","area_acres":6.961271408008826,"county":"Polk County","watershed":"Rough Creek-Ocoee River"},"geometry":{"type":"Polygon","coordinates":[[[-84.498616,35.076944],[-84.499259,35.07825],[-84.499953,35.078865],[-84.500561,35.07903],[-84.500771,35.078925],[-84.50084,35.078454],[-84.501334,35.078448],[-84.501422,35.078681],[-84.501109,35.078896],[-84.501499,35.079011],[-84.501549,35.079269],[-84.500678,35.07914],[-84.50085,35.079499],[-84.501682,35.080089],[-84.502499,35.080298],[-84.502355,35.080623],[-84.502059,35.080552],[-84.502043,35.080882],[-84.501367,35.080263],[-84.501545,35.080887],[-84.501257,35.080902],[-84.500753,35.079651],[-84.500159,35.080329],[-84.500089,35.08005],[-84.500643,35.079508],[-84.500523,35.079215],[-84.499868,35.078994],[-84.499124,35.078499],[-84.498914,35.078191],[-84.498687,35.078577],[-84.498517,35.078546],[-84.498668,35.077991],[-84.498493,35.077407],[-84.498616,35.076944]]]}},{"id":"208438","type":"Feature","properties":{"OBJECTID":990,"max_category":0,"label":"0.01 to 0.10 inches","area_acres":14.788713381019955,"county":"Polk County","watershed":"Rough Creek-Ocoee River"},"geometry":{"type":"Polygon","coordinates":[[[-84.493849,35.028892],[-84.494647,35.028999],[-84.494739,35.029139],[-84.493552,35.029045],[-84.493148,35.028847],[-84.490903,35.029188],[-84.490751,35.028968],[-84.491097,35.028773],[-84.492929,35.028604],[-84.492759,35.028315],[-84.491694,35.027895],[-84.490711,35.028133],[-84.489747,35.028589],[-84.489048,35.028346],[-84.489266,35.028166],[-84.490082,35.028266],[-84.489058,35.027833],[-84.489107,35.027626],[-84.489766,35.027825],[-84.490175,35.028124],[-84.491539,35.027573],[-84.490698,35.027345],[-84.490245,35.026751],[-84.488989,35.027192],[-84.487975,35.026952],[-84.488083,35.026736],[-84.489648,35.026624],[-84.488476,35.026012],[-84.488817,35.025712],[-84.490215,35.026563],[-84.490101,35.025862],[-84.489425,35.025221],[-84.489527,35.02491],[-84.490156,35.025373],[-84.490541,35.025478],[-84.490429,35.026668],[-84.491185,35.027061],[-84.491163,35.02621],[-84.491416,35.025936],[-84.491467,35.026178],[-84.491702,35.026213],[-84.491598,35.027154],[-84.491906,35.02773],[-84.492466,35.02809],[-84.492918,35.027929],[-84.49316,35.02847],[-84.493849,35.028892]]]}},{"id":"208441","type":"Feature","properties":{"OBJECTID":5162,"max_category":0,"label":"0.01 to 0.10 inches","area_acres":0.6804270090261978,"county":"Polk County","watershed":"Rough Creek-Ocoee River"},"geometry":{"type":"Polygon","coordinates":[[[-84.495074,35.027378],[-84.495086,35.02757],[-84.494548,35.0276],[-84.493915,35.02736],[-84.494234,35.027251],[-84.494609,35.027399],[-84.495074,35.027378]]]}},{"id":"208448","type":"Feature","properties":{"OBJECTID":4961,"max_category":0,"label":"0.01 to 0.10 inches","area_acres":1.9654319117079262,"county":"Polk County","watershed":"Rough Creek-Ocoee River"},"geometry":{"type":"Polygon","coordinates":[[[-84.511351,35.083106],[-84.51151,35.08328],[-84.511139,35.083629],[-84.510841,35.084396],[-84.510566,35.084564],[-84.510584,35.085009],[-84.510106,35.08514],[-84.510019,35.084889],[-84.510766,35.083932],[-84.510713,35.083693],[-84.511351,35.083106]]]}},{"id":"208452","type":"Feature","properties":{"OBJECTID":4332,"max_category":0,"label":"0.01 to 0.10 inches","area_acres":1.2231545101955068,"county":"Polk County","watershed":"Rough Creek-Ocoee River"},"geometry":{"type":"Polygon","coordinates":[[[-84.49135,35.065992],[-84.491612,35.066167],[-84.491768,35.06693],[-84.491294,35.067239],[-84.491379,35.066984],[-84.49116,35.066453],[-84.49135,35.065992]]]}},{"id":"208453","type":"Feature","properties":{"OBJECTID":4555,"max_category":0,"label":"0.01 to 0.10 inches","area_acres":0.5134097762144363,"county":"Polk County","watershed":"Rough Creek-Ocoee River"},"geometry":{"type":"Polygon","coordinates":[[[-84.491801,35.04536],[-84.492165,35.045511],[-84.491952,35.045853],[-84.491601,35.045647],[-84.491801,35.04536]]]}},{"id":"208480","type":"Feature","properties":{"OBJECTID":5142,"max_category":0,"label":"0.01 to 0.10 inches","area_acres":239.1490334697705,"county":"Polk County","watershed":"Rough Creek-Ocoee River"},"geometry":{"type":"Polygon","coordinates":[[[-84.512431,35.015275],[-84.514146,35.015995],[-84.515569,35.016159],[-84.517369,35.017168],[-84.518394,35.017298],[-84.518509,35.017481],[-84.51832,35.017608],[-84.518739,35.017999],[-84.518931,35.018446],[-84.518574,35.01848],[-84.517447,35.017574],[-84.517495,35.017867],[-84.517304,35.017935],[-84.516284,35.017003],[-84.515243,35.016473],[-84.51452,35.01634],[-84.515418,35.017404],[-84.516422,35.017959],[-84.516252,35.018197],[-84.516729,35.01881],[-84.516429,35.018988],[-84.515612,35.018123],[-84.515671,35.019042],[-84.515393,35.01906],[-84.515216,35.017807],[-84.514893,35.017423],[-84.51491,35.01866],[-84.514664,35.018964],[-84.514478,35.018776],[-84.514452,35.016907],[-84.514069,35.016182],[-84.513076,35.015738],[-84.51314,35.016193],[-84.513692,35.016977],[-84.514018,35.018297],[-84.514039,35.018776],[-84.513573,35.019019],[-84.512794,35.015635],[-84.512496,35.015415],[-84.511057,35.015662],[-84.511212,35.015526],[-84.512158,35.01537],[-84.512928,35.014634],[-84.514083,35.01392],[-84.514097,35.013621],[-84.513223,35.012971],[-84.513334,35.012659],[-84.513511,35.01266],[-84.514405,35.013397],[-84.51444,35.013659],[-84.514934,35.013139],[-84.514163,35.011142],[-84.513736,35.01071],[-84.513471,35.009804],[-84.513625,35.009591],[-84.514049,35.010344],[-84.514396,35.010626],[-84.514561,35.010105],[-84.514167,35.009215],[-84.513773,35.008759],[-84.513826,35.008621],[-84.514208,35.008539],[-84.514602,35.00885],[-84.515094,35.009964],[-84.514767,35.011098],[-84.515201,35.01306],[-84.514544,35.013913],[-84.515215,35.013579],[-84.516012,35.012759],[-84.516206,35.012347],[-84.517008,35.011668],[-84.517201,35.010558],[-84.51706,35.008973],[-84.515051,35.008885],[-84.514935,35.008705],[-84.51528,35.008485],[-84.517041,35.00868],[-84.516932,35.007809],[-84.514099,35.007906],[-84.513683,35.007737],[-84.513721,35.007553],[-84.515967,35.007353],[-84.514327,35.006903],[-84.513853,35.006558],[-84.513661,35.006637],[-84.512625,35.006438],[-84.512287,35.006548],[-84.512421,35.007036],[-84.512311,35.007109],[-84.51109,35.006177],[-84.511525,35.00715],[-84.51152,35.007341],[-84.511353,35.007371],[-84.511127,35.007228],[-84.510686,35.00605],[-84.510576,35.00597],[-84.510543,35.007027],[-84.510129,35.006357],[-84.510078,35.005631],[-84.509793,35.005369],[-84.508622,35.005272],[-84.50937,35.006946],[-84.509364,35.007109],[-84.509104,35.007254],[-84.508515,35.006215],[-84.508301,35.005287],[-84.50802,35.005261],[-84.508121,35.00677],[-84.507954,35.006897],[-84.507811,35.006729],[-84.507676,35.005218],[-84.507239,35.005142],[-84.506968,35.005262],[-84.506362,35.004825],[-84.505119,35.004662],[-84.504652,35.004887],[-84.50532,35.00554],[-84.505527,35.006147],[-84.505175,35.006011],[-84.504169,35.005036],[-84.502787,35.005291],[-84.502334,35.005765],[-84.502347,35.006189],[-84.504021,35.006743],[-84.506385,35.007108],[-84.508247,35.007898],[-84.509094,35.007952],[-84.509389,35.008335],[-84.509017,35.008419],[-84.508706,35.008705],[-84.5077,35.007791],[-84.50484,35.00726],[-84.504966,35.007606],[-84.504795,35.007674],[-84.503634,35.006988],[-84.50387,35.007702],[-84.503695,35.007805],[-84.503088,35.006846],[-84.502053,35.006398],[-84.501301,35.00657],[-84.500043,35.007464],[-84.501353,35.008351],[-84.502983,35.008742],[-84.503715,35.008193],[-84.503839,35.008368],[-84.503377,35.008798],[-84.504224,35.009266],[-84.505419,35.008826],[-84.505645,35.009008],[-84.506116,35.009042],[-84.506867,35.008873],[-84.507005,35.009086],[-84.506791,35.009317],[-84.504629,35.009511],[-84.505327,35.009738],[-84.506627,35.009734],[-84.507126,35.009573],[-84.507583,35.009702],[-84.507337,35.010063],[-84.506458,35.009912],[-84.505588,35.010144],[-84.505797,35.010494],[-84.505711,35.010743],[-84.504907,35.010194],[-84.504899,35.010696],[-84.504212,35.009629],[-84.502973,35.009108],[-84.501633,35.008783],[-84.501893,35.009634],[-84.503747,35.01084],[-84.503619,35.011059],[-84.50299,35.010969],[-84.502826,35.010672],[-84.501974,35.010146],[-84.501878,35.010405],[-84.502217,35.010979],[-84.501887,35.011083],[-84.501285,35.010614],[-84.50126,35.008786],[-84.499844,35.007587],[-84.498753,35.00787],[-84.499513,35.008695],[-84.499433,35.00891],[-84.498613,35.007959],[-84.496623,35.008289],[-84.497392,35.007968],[-84.497202,35.006633],[-84.496591,35.006002],[-84.497031,35.00527],[-84.497277,35.005205],[-84.497293,35.005904],[-84.497771,35.005497],[-84.497969,35.005536],[-84.497385,35.006237],[-84.497681,35.006709],[-84.497762,35.007893],[-84.498713,35.007715],[-84.498736,35.00556],[-84.498927,35.005381],[-84.499099,35.005452],[-84.499249,35.006147],[-84.499182,35.007625],[-84.499685,35.007491],[-84.500404,35.007005],[-84.500377,35.006598],[-84.499703,35.005888],[-84.499371,35.005129],[-84.499572,35.005021],[-84.499838,35.005177],[-84.500525,35.006314],[-84.500456,35.005253],[-84.500649,35.005254],[-84.50089,35.005774],[-84.500814,35.00464],[-84.500973,35.00458],[-84.501383,35.005573],[-84.501468,35.00631],[-84.501944,35.00626],[-84.502137,35.005908],[-84.501979,35.005386],[-84.502531,35.005312],[-84.502033,35.004355],[-84.502227,35.003968],[-84.502411,35.004026],[-84.502812,35.005011],[-84.5026,35.003471],[-84.502978,35.003505],[-84.503217,35.003122],[-84.503397,35.003242],[-84.503284,35.004961],[-84.503909,35.004919],[-84.503945,35.003335],[-84.50428,35.003876],[-84.504345,35.004829],[-84.50465,35.004733],[-84.504743,35.004389],[-84.50424,35.003351],[-84.504199,35.002761],[-84.504353,35.002356],[-84.504529,35.002324],[-84.505122,35.004451],[-84.505601,35.004442],[-84.505934,35.003699],[-84.505799,35.003183],[-84.505955,35.002997],[-84.505855,35.001852],[-84.506217,35.001789],[-84.506444,35.002238],[-84.507519,35.001107],[-84.507787,35.001414],[-84.506974,35.002315],[-84.509008,35.001947],[-84.509204,35.002092],[-84.508818,35.002346],[-84.506977,35.002458],[-84.506615,35.00279],[-84.506442,35.003787],[-84.505959,35.004482],[-84.506943,35.004931],[-84.507337,35.004885],[-84.507825,35.004144],[-84.508352,35.003795],[-84.508364,35.004061],[-84.507728,35.00491],[-84.508156,35.005068],[-84.508649,35.004991],[-84.508862,35.004333],[-84.509045,35.00423],[-84.509139,35.004531],[-84.508935,35.004952],[-84.509551,35.004977],[-84.509895,35.00389],[-84.509495,35.003368],[-84.5094,35.002877],[-84.50973,35.002864],[-84.510108,35.003298],[-84.510986,35.001967],[-84.511396,35.001649],[-84.511542,35.001972],[-84.511227,35.002825],[-84.510435,35.003882],[-84.509999,35.004875],[-84.510278,35.004861],[-84.510559,35.004608],[-84.511882,35.004115],[-84.512471,35.002932],[-84.512465,35.002246],[-84.512756,35.002203],[-84.512769,35.001296],[-84.513054,35.001103],[-84.513316,35.001981],[-84.51355,35.001971],[-84.513291,35.002604],[-84.513955,35.002409],[-84.514119,35.002519],[-84.512977,35.003055],[-84.512265,35.004209],[-84.513077,35.00421],[-84.514017,35.003464],[-84.514492,35.003375],[-84.515797,35.002438],[-84.515953,35.002889],[-84.515809,35.003106],[-84.513808,35.004305],[-84.51476,35.004533],[-84.514937,35.004897],[-84.514654,35.004995],[-84.513605,35.004604],[-84.513302,35.0047],[-84.511913,35.004515],[-84.510057,35.00519],[-84.51101,35.005736],[-84.513619,35.006255],[-84.513858,35.00653],[-84.514039,35.00637],[-84.514698,35.006317],[-84.516907,35.00742],[-84.517036,35.00713],[-84.516667,35.006858],[-84.515382,35.006407],[-84.514881,35.005928],[-84.514971,35.005805],[-84.515239,35.005827],[-84.517149,35.006818],[-84.51565,35.005792],[-84.515665,35.005648],[-84.515889,35.00563],[-84.517319,35.00637],[-84.517338,35.006153],[-84.515428,35.004902],[-84.515458,35.004349],[-84.516612,35.005088],[-84.517593,35.005966],[-84.51754,35.005676],[-84.516423,35.004543],[-84.516948,35.004684],[-84.517843,35.005645],[-84.518036,35.005594],[-84.518088,35.005375],[-84.517517,35.004355],[-84.515934,35.00367],[-84.516254,35.003474],[-84.516178,35.003296],[-84.516314,35.003239],[-84.517456,35.003939],[-84.517325,35.003484],[-84.516368,35.002682],[-84.516429,35.002528],[-84.516703,35.002479],[-84.517286,35.002898],[-84.516942,35.002247],[-84.516991,35.002009],[-84.517372,35.002155],[-84.517806,35.001697],[-84.518058,35.001676],[-84.518192,35.001887],[-84.517861,35.002414],[-84.517824,35.002852],[-84.518341,35.002463],[-84.518566,35.002498],[-84.518533,35.002727],[-84.517797,35.003405],[-84.517836,35.003534],[-84.518296,35.003206],[-84.518518,35.003248],[-84.517894,35.003957],[-84.518478,35.005449],[-84.518786,35.005312],[-84.518796,35.003468],[-84.519077,35.003585],[-84.519185,35.005169],[-84.51979,35.004825],[-84.520403,35.004],[-84.519248,35.003072],[-84.518796,35.002442],[-84.51884,35.002145],[-84.519041,35.002133],[-84.519583,35.00253],[-84.520346,35.003276],[-84.520609,35.003976],[-84.521203,35.003467],[-84.518907,35.00144],[-84.518796,35.000933],[-84.519598,35.00116],[-84.521331,35.003321],[-84.521931,35.002856],[-84.522246,35.002071],[-84.522185,35.001399],[-84.522463,35.001445],[-84.522497,35.001724],[-84.523774,35.000205],[-84.523971,35.000297],[-84.523725,35.000775],[-84.522449,35.002011],[-84.522134,35.002805],[-84.523851,35.002179],[-84.524277,35.002156],[-84.524762,35.001914],[-84.525376,35.001292],[-84.525778,35.001224],[-84.525119,35.002236],[-84.524703,35.002362],[-84.525386,35.002735],[-84.525376,35.0029],[-84.525087,35.002885],[-84.524366,35.002462],[-84.523368,35.00278],[-84.522916,35.002747],[-84.522094,35.00295],[-84.520956,35.003938],[-84.523434,35.004512],[-84.523656,35.004646],[-84.523601,35.004767],[-84.523136,35.004881],[-84.521074,35.004262],[-84.520778,35.004276],[-84.52064,35.004432],[-84.521957,35.00506],[-84.522761,35.005785],[-84.523285,35.005959],[-84.523334,35.006151],[-84.523863,35.00641],[-84.523828,35.006571],[-84.523166,35.006643],[-84.522577,35.006463],[-84.52238,35.006031],[-84.52145,35.005139],[-84.520435,35.004671],[-84.519732,35.005064],[-84.520162,35.005412],[-84.520115,35.005585],[-84.519406,35.005247],[-84.518295,35.005628],[-84.517552,35.006253],[-84.517323,35.006823],[-84.518987,35.006748],[-84.519112,35.007004],[-84.517258,35.007107],[-84.517215,35.007204],[-84.51722,35.008765],[-84.517997,35.008718],[-84.518866,35.008211],[-84.519212,35.007339],[-84.519607,35.007296],[-84.520221,35.006859],[-84.520684,35.006867],[-84.520774,35.007011],[-84.519866,35.007592],[-84.519384,35.008133],[-84.520144,35.007822],[-84.521112,35.007176],[-84.521607,35.007354],[-84.521356,35.007677],[-84.520313,35.008168],[-84.520191,35.00848],[-84.519326,35.008525],[-84.518297,35.008901],[-84.517271,35.009018],[-84.517372,35.010509],[-84.517982,35.01002],[-84.519229,35.009625],[-84.519732,35.009112],[-84.520269,35.009337],[-84.520201,35.009586],[-84.519792,35.009928],[-84.518919,35.010194],[-84.517875,35.010298],[-84.517354,35.010748],[-84.517173,35.011728],[-84.518014,35.011855],[-84.518872,35.011761],[-84.51968,35.010963],[-84.520122,35.01096],[-84.521334,35.010341],[-84.521112,35.009033],[-84.521202,35.008662],[-84.521381,35.008678],[-84.521624,35.009128],[-84.521726,35.0101],[-84.522005,35.00987],[-84.521526,35.008238],[-84.521949,35.007688],[-84.522137,35.007793],[-84.522335,35.009509],[-84.522671,35.009174],[-84.522408,35.007432],[-84.522562,35.007088],[-84.522731,35.007454],[-84.523067,35.006853],[-84.523381,35.006906],[-84.523047,35.008901],[-84.523522,35.007699],[-84.523676,35.007782],[-84.523626,35.008527],[-84.523844,35.008383],[-84.524005,35.007258],[-84.524218,35.006847],[-84.524632,35.007078],[-84.524379,35.007861],[-84.525347,35.006982],[-84.525545,35.006997],[-84.525628,35.00724],[-84.525972,35.007288],[-84.525936,35.007575],[-84.524659,35.008276],[-84.524989,35.008281],[-84.524997,35.008526],[-84.523817,35.008854],[-84.525347,35.008796],[-84.525699,35.008882],[-84.525701,35.009044],[-84.523185,35.009202],[-84.523128,35.009281],[-84.524075,35.009267],[-84.524318,35.0094],[-84.522857,35.009543],[-84.524114,35.00968],[-84.524301,35.009866],[-84.523322,35.009938],[-84.522685,35.009775],[-84.522415,35.009881],[-84.523988,35.010492],[-84.524178,35.010765],[-84.523754,35.010792],[-84.522239,35.010073],[-84.521699,35.010422],[-84.522465,35.010908],[-84.52334,35.011161],[-84.523783,35.011516],[-84.523804,35.011721],[-84.522403,35.011208],[-84.522414,35.011509],[-84.522232,35.011522],[-84.521146,35.010728],[-84.519528,35.0114],[-84.519914,35.011386],[-84.521896,35.01193],[-84.521987,35.012137],[-84.520666,35.011955],[-84.51983,35.011585],[-84.519368,35.011606],[-84.519179,35.01178],[-84.520546,35.012454],[-84.522181,35.012394],[-84.522287,35.012524],[-84.522102,35.012661],[-84.52089,35.012774],[-84.521923,35.01296],[-84.521969,35.013089],[-84.521689,35.013182],[-84.522674,35.013668],[-84.522974,35.014031],[-84.52278,35.014113],[-84.521988,35.013738],[-84.522168,35.014158],[-84.522014,35.014229],[-84.520983,35.013293],[-84.520984,35.013611],[-84.520789,35.013645],[-84.520549,35.013078],[-84.519117,35.01192],[-84.517982,35.011999],[-84.517374,35.011862],[-84.517012,35.011879],[-84.516574,35.012224],[-84.518354,35.012184],[-84.520544,35.014161],[-84.520652,35.014446],[-84.520242,35.014388],[-84.519696,35.014014],[-84.519364,35.014031],[-84.518409,35.012598],[-84.518005,35.012301],[-84.516443,35.012373],[-84.515658,35.013357],[-84.516971,35.013365],[-84.51762,35.013624],[-84.517787,35.0139],[-84.51745,35.013945],[-84.516583,35.013522],[-84.515937,35.013552],[-84.515668,35.01389],[-84.515165,35.013752],[-84.514318,35.014094],[-84.51467,35.014347],[-84.516341,35.014821],[-84.516997,35.014821],[-84.517795,35.015057],[-84.518524,35.014563],[-84.51922,35.014392],[-84.519255,35.014623],[-84.518126,35.015196],[-84.518574,35.015269],[-84.519988,35.014874],[-84.521109,35.015131],[-84.521241,35.015315],[-84.52105,35.015573],[-84.519621,35.015419],[-84.518869,35.015536],[-84.51921,35.015708],[-84.521089,35.015901],[-84.52114,35.016096],[-84.519479,35.016219],[-84.5198,35.016753],[-84.51967,35.016949],[-84.519427,35.016964],[-84.518982,35.016482],[-84.518843,35.016045],[-84.518333,35.015643],[-84.515841,35.014952],[-84.514256,35.014234],[-84.513635,35.014372],[-84.512431,35.015275]],[[-84.521633,35.0108],[-84.521342,35.010629],[-84.521711,35.010901],[-84.521633,35.0108]],[[-84.514406,35.01375],[-84.514255,35.013889],[-84.514258,35.013954],[-84.51438,35.013852],[-84.514406,35.01375]]]}},{"id":"208483","type":"Feature","properties":{"OBJECTID":4130,"max_category":0,"label":"0.01 to 0.10 inches","area_acres":2.1527855684904464,"county":"Polk County","watershed":"Parksville Lake-Ocoee River"},"geometry":{"type":"Polygon","coordinates":[[[-84.496367,35.120555],[-84.496956,35.121299],[-84.497654,35.121291],[-84.497538,35.121468],[-84.497979,35.121879],[-84.497833,35.122],[-84.497022,35.121521],[-84.497013,35.121888],[-84.497489,35.122515],[-84.497415,35.122766],[-84.497169,35.122635],[-84.496853,35.122031],[-84.496842,35.121433],[-84.496295,35.120685],[-84.496367,35.120555]]]}},{"id":"208495","type":"Feature","properties":{"OBJECTID":2849,"max_category":0,"label":"0.01 to 0.10 inches","area_acres":1.3065950582705743,"county":"Polk County","watershed":"Rough Creek-Ocoee River"},"geometry":{"type":"Polygon","coordinates":[[[-84.490534,35.108052],[-84.491111,35.109361],[-84.491485,35.109469],[-84.491163,35.110174],[-84.49102,35.110087],[-84.491051,35.10956],[-84.490425,35.108197],[-84.490534,35.108052]]]}},{"id":"208498","type":"Feature","properties":{"OBJECTID":4210,"max_category":0,"label":"0.01 to 0.10 inches","area_acres":2.4045837614304637,"county":"Polk County","watershed":"Rough Creek-Ocoee River"},"geometry":{"type":"Polygon","coordinates":[[[-84.505126,35.097012],[-84.505178,35.097143],[-84.504758,35.097213],[-84.504732,35.097895],[-84.504476,35.097999],[-84.504648,35.09861],[-84.504343,35.098809],[-84.504024,35.098335],[-84.504522,35.097128],[-84.504097,35.096878],[-84.504182,35.09645],[-84.504361,35.096426],[-84.504539,35.096984],[-84.505126,35.097012]]]}},{"id":"208501","type":"Feature","properties":{"OBJECTID":4944,"max_category":0,"label":"0.01 to 0.10 inches","area_acres":1.7192216715387654,"county":"Polk County","watershed":"Rough Creek-Ocoee River"},"geometry":{"type":"Polygon","coordinates":[[[-84.504772,35.092763],[-84.505112,35.093533],[-84.505582,35.094077],[-84.505292,35.094257],[-84.505064,35.094233],[-84.504409,35.093112],[-84.504515,35.09285],[-84.504772,35.092763]]]}},{"id":"208502","type":"Feature","properties":{"OBJECTID":4927,"max_category":0,"label":"0.01 to 0.10 inches","area_acres":3.2343343178845756,"county":"Polk County","watershed":"Rough Creek-Ocoee River"},"geometry":{"type":"Polygon","coordinates":[[[-84.495922,35.027064],[-84.496766,35.027631],[-84.498118,35.027845],[-84.498692,35.027801],[-84.498539,35.028027],[-84.499376,35.02838],[-84.499444,35.028552],[-84.498907,35.028581],[-84.496807,35.027928],[-84.495867,35.027264],[-84.495922,35.027064]]]}},{"id":"208511","type":"Feature","properties":{"OBJECTID":3369,"max_category":0,"label":"0.01 to 0.10 inches","area_acres":0.7110201806539058,"county":"Polk County","watershed":"Rough Creek-Ocoee River"},"geometry":{"type":"Polygon","coordinates":[[[-84.486515,35.100089],[-84.486703,35.100467],[-84.486511,35.100287],[-84.485445,35.100365],[-84.485725,35.100127],[-84.486515,35.100089]]]}},{"id":"208528","type":"Feature","properties":{"OBJECTID":563,"max_category":0,"label":"0.01 to 0.10 inches","area_acres":2.4857470095760306,"county":"Polk County","watershed":"Rough Creek-Ocoee River"},"geometry":{"type":"Polygon","coordinates":[[[-84.486876,35.057197],[-84.487632,35.057716],[-84.487591,35.05788],[-84.487306,35.057843],[-84.487325,35.058707],[-84.487057,35.058632],[-84.486953,35.057653],[-84.486798,35.057342],[-84.486619,35.057325],[-84.486641,35.057963],[-84.486089,35.058939],[-84.485986,35.058671],[-84.486452,35.057671],[-84.486431,35.057262],[-84.486876,35.057197]]]}},{"id":"208532","type":"Feature","properties":{"OBJECTID":3388,"max_category":0,"label":"0.01 to 0.10 inches","area_acres":3.734379360939418,"county":"Polk County","watershed":"Rough Creek-Ocoee River"},"geometry":{"type":"Polygon","coordinates":[[[-84.479321,35.080739],[-84.479221,35.081446],[-84.479679,35.081845],[-84.480106,35.08316],[-84.479879,35.083388],[-84.479376,35.082808],[-84.479476,35.081852],[-84.479108,35.081555],[-84.478971,35.08171],[-84.47913,35.08209],[-84.478932,35.082704],[-84.47869,35.082587],[-84.478755,35.08208],[-84.478349,35.082383],[-84.478031,35.082255],[-84.479038,35.081317],[-84.479321,35.080739]]]}},{"id":"208564","type":"Feature","properties":{"OBJECTID":4932,"max_category":0,"label":"0.01 to 0.10 inches","area_acres":13.564481413625078,"county":"Polk County","watershed":"Rough Creek-Ocoee River"},"geometry":{"type":"Polygon","coordinates":[[[-84.498658,35.061359],[-84.497252,35.062592],[-84.496616,35.061889],[-84.496684,35.061557],[-84.497001,35.061528],[-84.497133,35.062111],[-84.497341,35.062264],[-84.498328,35.061561],[-84.498656,35.060972],[-84.498031,35.060636],[-84.498196,35.060563],[-84.498143,35.06026],[-84.498378,35.059942],[-84.498731,35.06004],[-84.498832,35.061002],[-84.499397,35.060782],[-84.500007,35.060164],[-84.499991,35.059425],[-84.49955,35.058802],[-84.499352,35.057886],[-84.498526,35.057277],[-84.49836,35.056934],[-84.499037,35.057167],[-84.498977,35.056722],[-84.499283,35.056422],[-84.499439,35.056605],[-84.499488,35.057326],[-84.499675,35.05744],[-84.499975,35.057207],[-84.500268,35.056371],[-84.50047,35.056303],[-84.500807,35.056565],[-84.500664,35.056998],[-84.499788,35.057811],[-84.49981,35.057927],[-84.500229,35.057894],[-84.499725,35.058364],[-84.500012,35.059145],[-84.500123,35.0593],[-84.501078,35.058643],[-84.501511,35.058017],[-84.501814,35.058111],[-84.501872,35.058475],[-84.501627,35.058784],[-84.50187,35.058907],[-84.500278,35.059372],[-84.500137,35.059993],[-84.501003,35.059774],[-84.501988,35.059291],[-84.50213,35.059413],[-84.501266,35.06009],[-84.500139,35.060286],[-84.499495,35.060906],[-84.498658,35.061359]]]}},{"id":"208583","type":"Feature","properties":{"OBJECTID":1045,"max_category":0,"label":"0.01 to 0.10 inches","area_acres":0.7038499636138976,"county":"Polk County","watershed":"Parksville Lake-Ocoee River"},"geometry":{"type":"Polygon","coordinates":[[[-84.495328,35.121043],[-84.496211,35.121691],[-84.496243,35.1219],[-84.495525,35.121507],[-84.495254,35.121191],[-84.495328,35.121043]]]}},{"id":"208605","type":"Feature","properties":{"OBJECTID":2851,"max_category":0,"label":"0.01 to 0.10 inches","area_acres":2.185079170831169,"county":"Polk County","watershed":"Rough Creek-Ocoee River"},"geometry":{"type":"Polygon","coordinates":[[[-84.497026,35.107976],[-84.497842,35.108627],[-84.498687,35.108493],[-84.498699,35.108661],[-84.498208,35.108818],[-84.499001,35.108884],[-84.499115,35.109124],[-84.498463,35.109347],[-84.498096,35.109239],[-84.497869,35.108865],[-84.497141,35.108326],[-84.497026,35.107976]]]}},{"id":"208608","type":"Feature","properties":{"OBJECTID":1007,"max_category":0,"label":"0.01 to 0.10 inches","area_acres":2.5980269750720644,"county":"Polk County","watershed":"Rough Creek-Ocoee River"},"geometry":{"type":"Polygon","coordinates":[[[-84.487984,35.038686],[-84.48716,35.038404],[-84.486927,35.038097],[-84.487615,35.038013],[-84.488346,35.038225],[-84.489049,35.038193],[-84.489811,35.038365],[-84.490023,35.038601],[-84.48939,35.038403],[-84.487984,35.038686]]]}},{"id":"208611","type":"Feature","properties":{"OBJECTID":4925,"max_category":0,"label":"0.01 to 0.10 inches","area_acres":4.0797214563376665,"county":"Polk County","watershed":"Rough Creek-Ocoee River"},"geometry":{"type":"Polygon","coordinates":[[[-84.499299,35.024048],[-84.500172,35.024611],[-84.500432,35.02496],[-84.501963,35.025283],[-84.502472,35.025548],[-84.502493,35.025693],[-84.502202,35.025763],[-84.501154,35.025482],[-84.501085,35.025728],[-84.499121,35.02442],[-84.498706,35.02461],[-84.499299,35.024048]]]}},{"id":"208612","type":"Feature","properties":{"OBJECTID":4128,"max_category":0,"label":"0.01 to 0.10 inches","area_acres":1.6176195553469053,"county":"Polk County","watershed":"Parksville Lake-Ocoee River"},"geometry":{"type":"Polygon","coordinates":[[[-84.499205,35.121416],[-84.499602,35.121589],[-84.499449,35.122245],[-84.499683,35.122495],[-84.501007,35.122547],[-84.501063,35.122661],[-84.499598,35.122625],[-84.498801,35.121658],[-84.498926,35.121469],[-84.499205,35.121416]]]}},{"id":"208614","type":"Feature","properties":{"OBJECTID":4528,"max_category":0,"label":"0.01 to 0.10 inches","area_acres":46.08749455922853,"county":"Polk County","watershed":"Rough Creek-Ocoee River"},"geometry":{"type":"Polygon","coordinates":[[[-84.508788,35.042361],[-84.509385,35.042396],[-84.509488,35.042573],[-84.508695,35.042778],[-84.50861,35.043061],[-84.507768,35.043806],[-84.508809,35.044034],[-84.509454,35.043441],[-84.510129,35.043155],[-84.510204,35.043315],[-84.509262,35.044181],[-84.510634,35.044721],[-84.511187,35.044325],[-84.511411,35.043558],[-84.511602,35.043612],[-84.511661,35.043856],[-84.51149,35.044431],[-84.511144,35.044753],[-84.511479,35.044847],[-84.512133,35.044707],[-84.513335,35.043967],[-84.513882,35.044051],[-84.514566,35.043854],[-84.515137,35.043969],[-84.515178,35.044192],[-84.51474,35.044372],[-84.513119,35.044365],[-84.512571,35.044869],[-84.513447,35.045253],[-84.514445,35.045132],[-84.514813,35.045438],[-84.515495,35.045535],[-84.515519,35.04582],[-84.51484,35.045935],[-84.514056,35.045423],[-84.51307,35.045412],[-84.511749,35.045116],[-84.511914,35.045846],[-84.513007,35.045881],[-84.513579,35.046155],[-84.515514,35.046542],[-84.515538,35.046802],[-84.514912,35.046924],[-84.51385,35.046341],[-84.511933,35.04607],[-84.512813,35.046768],[-84.513006,35.047144],[-84.514733,35.047451],[-84.514691,35.047594],[-84.513859,35.047634],[-84.514433,35.04833],[-84.514386,35.048561],[-84.514149,35.048541],[-84.513354,35.047904],[-84.512802,35.048098],[-84.512728,35.047792],[-84.512927,35.047304],[-84.512156,35.046682],[-84.512461,35.048236],[-84.51205,35.048744],[-84.5119,35.046469],[-84.511768,35.047429],[-84.511405,35.048179],[-84.511253,35.048153],[-84.511191,35.047854],[-84.511606,35.046067],[-84.511539,35.045083],[-84.510795,35.044873],[-84.510801,35.045491],[-84.510542,35.045881],[-84.510339,35.045641],[-84.510388,35.044888],[-84.510262,35.044743],[-84.51008,35.044685],[-84.510023,35.045548],[-84.509718,35.045561],[-84.509764,35.044559],[-84.508342,35.044061],[-84.507555,35.043958],[-84.507798,35.045086],[-84.508355,35.045928],[-84.508491,35.046925],[-84.509246,35.047141],[-84.510352,35.047982],[-84.510629,35.048384],[-84.510492,35.048527],[-84.509809,35.048189],[-84.509017,35.047373],[-84.508539,35.047133],[-84.508439,35.047647],[-84.508617,35.048295],[-84.509438,35.049071],[-84.509424,35.049443],[-84.509257,35.049505],[-84.508562,35.048554],[-84.508381,35.048548],[-84.508272,35.048232],[-84.508033,35.048122],[-84.508366,35.047151],[-84.507905,35.045772],[-84.507644,35.04558],[-84.507213,35.046059],[-84.506849,35.04597],[-84.507469,35.045265],[-84.507222,35.044591],[-84.507376,35.043898],[-84.506642,35.043539],[-84.505986,35.042875],[-84.504493,35.042062],[-84.503837,35.042062],[-84.503671,35.041946],[-84.503679,35.042629],[-84.503405,35.042748],[-84.503327,35.041908],[-84.502783,35.041755],[-84.502303,35.041832],[-84.502574,35.041663],[-84.50252,35.040638],[-84.502699,35.040606],[-84.502979,35.041138],[-84.502909,35.04156],[-84.503438,35.041073],[-84.503692,35.040549],[-84.503968,35.040501],[-84.503803,35.041095],[-84.503177,35.041732],[-84.503706,35.041768],[-84.503808,35.04181],[-84.503834,35.041881],[-84.503917,35.041918],[-84.503889,35.041796],[-84.50412,35.041758],[-84.504202,35.041308],[-84.504721,35.040741],[-84.504718,35.040077],[-84.505125,35.040016],[-84.505197,35.040539],[-84.505585,35.04015],[-84.505786,35.040138],[-84.505744,35.04053],[-84.505095,35.040812],[-84.504193,35.041905],[-84.504558,35.041924],[-84.505144,35.04222],[-84.506266,35.04133],[-84.506802,35.0404],[-84.507358,35.040565],[-84.507357,35.040861],[-84.506614,35.041195],[-84.50647,35.04159],[-84.505512,35.042412],[-84.506044,35.042729],[-84.506672,35.042242],[-84.507242,35.042121],[-84.507248,35.042273],[-84.506346,35.042984],[-84.50655,35.043254],[-84.507479,35.042431],[-84.507825,35.042393],[-84.50682,35.043453],[-84.507384,35.043711],[-84.508292,35.042644],[-84.508788,35.042361]]]}},{"id":"208620","type":"Feature","properties":{"OBJECTID":2934,"max_category":0,"label":"0.01 to 0.10 inches","area_acres":0.9902831041376188,"county":"Polk County","watershed":"Rough Creek-Ocoee River"},"geometry":{"type":"Polygon","coordinates":[[[-84.484495,35.06658],[-84.484731,35.066979],[-84.483635,35.06788],[-84.483593,35.067581],[-84.484379,35.06715],[-84.484252,35.066731],[-84.484495,35.06658]]]}},{"id":"208621","type":"Feature","properties":{"OBJECTID":4243,"max_category":0,"label":"0.01 to 0.10 inches","area_acres":0.5300376761447304,"county":"Polk County","watershed":"Rough Creek-Ocoee River"},"geometry":{"type":"Polygon","coordinates":[[[-84.520119,35.108271],[-84.520113,35.108911],[-84.519912,35.108999],[-84.519744,35.108423],[-84.520119,35.108271]]]}},{"id":"208641","type":"Feature","properties":{"OBJECTID":4561,"max_category":0,"label":"0.01 to 0.10 inches","area_acres":0.6561792330118243,"county":"Polk County","watershed":"Rough Creek-Ocoee River"},"geometry":{"type":"Polygon","coordinates":[[[-84.501013,35.042518],[-84.501515,35.042889],[-84.501497,35.043098],[-84.501272,35.043105],[-84.500683,35.042723],[-84.501013,35.042518]]]}},{"id":"208644","type":"Feature","properties":{"OBJECTID":4266,"max_category":0,"label":"0.01 to 0.10 inches","area_acres":17.379793812732558,"county":"Polk County","watershed":"Parksville Lake-Ocoee River"},"geometry":{"type":"Polygon","coordinates":[[[-84.511757,35.125458],[-84.512408,35.126663],[-84.512723,35.126737],[-84.512796,35.126954],[-84.512402,35.127094],[-84.511965,35.127993],[-84.511417,35.12769],[-84.51096,35.127693],[-84.51091,35.127395],[-84.510644,35.127147],[-84.510124,35.127364],[-84.509449,35.127208],[-84.509512,35.127058],[-84.51041,35.126923],[-84.508126,35.12531],[-84.508295,35.124912],[-84.509078,35.125626],[-84.510569,35.126588],[-84.511948,35.127854],[-84.512274,35.126756],[-84.511625,35.125574],[-84.510899,35.125301],[-84.510316,35.124768],[-84.509278,35.124925],[-84.508763,35.12479],[-84.508867,35.124614],[-84.510007,35.124463],[-84.509807,35.124186],[-84.508998,35.123865],[-84.508342,35.124073],[-84.508253,35.123631],[-84.509091,35.123637],[-84.50987,35.123848],[-84.51,35.123321],[-84.509928,35.12305],[-84.509542,35.122961],[-84.509425,35.122263],[-84.508434,35.121716],[-84.508489,35.121369],[-84.508672,35.121319],[-84.508989,35.12149],[-84.509755,35.122601],[-84.510257,35.122764],[-84.510432,35.1232],[-84.510249,35.123959],[-84.510338,35.124281],[-84.511065,35.125128],[-84.511599,35.12539],[-84.51174,35.124799],[-84.511122,35.123573],[-84.511133,35.122762],[-84.510344,35.121952],[-84.510656,35.121933],[-84.511176,35.122602],[-84.511599,35.12193],[-84.512072,35.122231],[-84.512004,35.122399],[-84.511668,35.122422],[-84.511305,35.122727],[-84.512011,35.124275],[-84.51193,35.124539],[-84.512464,35.124552],[-84.512021,35.124895],[-84.511757,35.125458]]]}},{"id":"208646","type":"Feature","properties":{"OBJECTID":519,"max_category":0,"label":"0.01 to 0.10 inches","area_acres":17.267662612951998,"county":"Polk County","watershed":"Grassy Creek-Ocoee River"},"geometry":{"type":"Polygon","coordinates":[[[-84.486859,35.02844],[-84.487084,35.028681],[-84.486847,35.028914],[-84.485907,35.028847],[-84.484855,35.029136],[-84.486481,35.029373],[-84.48667,35.029497],[-84.486585,35.029709],[-84.484465,35.029298],[-84.483893,35.029969],[-84.485276,35.030411],[-84.486218,35.030341],[-84.486393,35.030455],[-84.486251,35.030923],[-84.485452,35.030902],[-84.484775,35.030648],[-84.48512,35.031306],[-84.484995,35.03164],[-84.484733,35.031475],[-84.484206,35.030465],[-84.483571,35.030206],[-84.483355,35.030304],[-84.482345,35.029669],[-84.481506,35.02946],[-84.481844,35.029859],[-84.48195,35.030455],[-84.481737,35.030545],[-84.481406,35.030347],[-84.481456,35.02964],[-84.481296,35.029497],[-84.479472,35.02899],[-84.480533,35.029056],[-84.480871,35.02875],[-84.481199,35.028673],[-84.481264,35.028857],[-84.480835,35.029226],[-84.481485,35.029318],[-84.482011,35.02895],[-84.481681,35.028486],[-84.481824,35.028277],[-84.48202,35.0283],[-84.482207,35.028597],[-84.482408,35.027945],[-84.483093,35.0279],[-84.483221,35.028108],[-84.482714,35.028519],[-84.483004,35.028533],[-84.483496,35.02827],[-84.483554,35.028427],[-84.483953,35.028502],[-84.483934,35.028912],[-84.483337,35.028905],[-84.483499,35.029078],[-84.483344,35.029156],[-84.482794,35.028878],[-84.482363,35.02887],[-84.481734,35.029361],[-84.483566,35.029911],[-84.483831,35.029638],[-84.483913,35.029156],[-84.484329,35.028922],[-84.48469,35.028413],[-84.484863,35.028483],[-84.484784,35.028794],[-84.485915,35.028405],[-84.486859,35.02844]]]}},{"id":"208660","type":"Feature","properties":{"OBJECTID":4527,"max_category":0,"label":"0.01 to 0.10 inches","area_acres":1.248742239044738,"county":"Polk County","watershed":"Rough Creek-Ocoee River"},"geometry":{"type":"Polygon","coordinates":[[[-84.502996,35.037199],[-84.503285,35.037387],[-84.503893,35.038301],[-84.504618,35.038836],[-84.50471,35.039068],[-84.503958,35.038642],[-84.502892,35.037307],[-84.502996,35.037199]]]}},{"id":"208674","type":"Feature","properties":{"OBJECTID":4327,"max_category":0,"label":"0.01 to 0.10 inches","area_acres":3.8667206610398237,"county":"Polk County","watershed":"Rough Creek-Ocoee River"},"geometry":{"type":"Polygon","coordinates":[[[-84.498337,35.067848],[-84.498717,35.068247],[-84.498111,35.068675],[-84.498089,35.069332],[-84.498396,35.069689],[-84.498744,35.069508],[-84.499043,35.06963],[-84.498475,35.070102],[-84.498488,35.070293],[-84.49936,35.070318],[-84.499188,35.070618],[-84.498459,35.070628],[-84.498269,35.071007],[-84.498901,35.071628],[-84.498839,35.071738],[-84.498103,35.071086],[-84.498327,35.070477],[-84.498292,35.06996],[-84.497989,35.06976],[-84.497742,35.069245],[-84.49793,35.069061],[-84.497959,35.068405],[-84.498337,35.067848]]]}},{"id":"208681","type":"Feature","properties":{"OBJECTID":2978,"max_category":0,"label":"0.01 to 0.10 inches","area_acres":1.0974394158175376,"county":"Polk County","watershed":"Rough Creek-Ocoee River"},"geometry":{"type":"Polygon","coordinates":[[[-84.484472,35.048335],[-84.485216,35.048647],[-84.485238,35.048746],[-84.484713,35.048768],[-84.483626,35.048482],[-84.483822,35.048283],[-84.484472,35.048335]]]}},{"id":"208691","type":"Feature","properties":{"OBJECTID":4366,"max_category":0,"label":"0.01 to 0.10 inches","area_acres":1.0706886748823154,"county":"Polk County","watershed":"Rough Creek-Ocoee River"},"geometry":{"type":"Polygon","coordinates":[[[-84.510007,35.080057],[-84.510091,35.080279],[-84.509182,35.081021],[-84.509015,35.080764],[-84.510007,35.080057]]]}},{"id":"208713","type":"Feature","properties":{"OBJECTID":2985,"max_category":0,"label":"0.01 to 0.10 inches","area_acres":3.0839680306105883,"county":"Polk County","watershed":"Rough Creek-Ocoee River"},"geometry":{"type":"Polygon","coordinates":[[[-84.478981,35.051282],[-84.479848,35.051683],[-84.480376,35.051659],[-84.482067,35.050921],[-84.482564,35.050383],[-84.483093,35.050437],[-84.483049,35.050897],[-84.482761,35.051106],[-84.482436,35.051156],[-84.48218,35.051032],[-84.480843,35.05156],[-84.480416,35.051964],[-84.479952,35.052002],[-84.47893,35.051434],[-84.478981,35.051282]]]}},{"id":"208716","type":"Feature","properties":{"OBJECTID":4214,"max_category":0,"label":"0.01 to 0.10 inches","area_acres":0.6330752881295388,"county":"Polk County","watershed":"Rough Creek-Ocoee River"},"geometry":{"type":"Polygon","coordinates":[[[-84.500408,35.099043],[-84.500502,35.09918],[-84.500324,35.099564],[-84.499633,35.099548],[-84.499676,35.099337],[-84.50024,35.099299],[-84.500408,35.099043]]]}},{"id":"208724","type":"Feature","properties":{"OBJECTID":4294,"max_category":0,"label":"0.01 to 0.10 inches","area_acres":3.8716863157253334,"county":"Polk County","watershed":"Parksville Lake-Ocoee River"},"geometry":{"type":"Polygon","coordinates":[[[-84.503818,35.125747],[-84.503953,35.125959],[-84.503744,35.126396],[-84.503992,35.127489],[-84.504674,35.127965],[-84.504629,35.128081],[-84.504226,35.127853],[-84.503948,35.127881],[-84.503849,35.127705],[-84.503609,35.127761],[-84.503536,35.127609],[-84.502724,35.127645],[-84.502205,35.12742],[-84.502299,35.12722],[-84.502735,35.127311],[-84.503406,35.127206],[-84.503419,35.126582],[-84.502992,35.126168],[-84.503179,35.126024],[-84.503514,35.126199],[-84.503818,35.125747]]]}},{"id":"208735","type":"Feature","properties":{"OBJECTID":4286,"max_category":0,"label":"0.01 to 0.10 inches","area_acres":0.9984464531878122,"county":"Polk County","watershed":"Parksville Lake-Ocoee River"},"geometry":{"type":"Polygon","coordinates":[[[-84.510469,35.133947],[-84.511436,35.134395],[-84.511383,35.134719],[-84.510952,35.134622],[-84.5104,35.134081],[-84.510469,35.133947]]]}},{"id":"208744","type":"Feature","properties":{"OBJECTID":4544,"max_category":0,"label":"0.01 to 0.10 inches","area_acres":6.076273168230634,"county":"Polk County","watershed":"Rough Creek-Ocoee River"},"geometry":{"type":"Polygon","coordinates":[[[-84.492391,35.036224],[-84.493553,35.037052],[-84.494068,35.037248],[-84.494972,35.037295],[-84.49557,35.037703],[-84.496388,35.037532],[-84.496487,35.037764],[-84.496243,35.03795],[-84.495567,35.038009],[-84.493615,35.037219],[-84.493907,35.038068],[-84.495179,35.038306],[-84.495277,35.038549],[-84.495052,35.03868],[-84.49516,35.038957],[-84.494885,35.039143],[-84.494135,35.038478],[-84.494245,35.039142],[-84.494025,35.039202],[-84.493688,35.038865],[-84.493843,35.038213],[-84.493441,35.037213],[-84.492385,35.036383],[-84.49217,35.036459],[-84.492391,35.036224]]]}},{"id":"208745","type":"Feature","properties":{"OBJECTID":4502,"max_category":0,"label":"0.01 to 0.10 inches","area_acres":1.903706553392366,"county":"Polk County","watershed":"Rough Creek-Ocoee River"},"geometry":{"type":"Polygon","coordinates":[[[-84.501857,35.086786],[-84.502109,35.086921],[-84.502427,35.087506],[-84.502459,35.088497],[-84.502148,35.088154],[-84.501711,35.088067],[-84.50157,35.087765],[-84.501575,35.087598],[-84.501742,35.087562],[-84.502137,35.087752],[-84.501837,35.087258],[-84.501857,35.086786]]]}},{"id":"208757","type":"Feature","properties":{"OBJECTID":4563,"max_category":0,"label":"0.01 to 0.10 inches","area_acres":0.6184040895317716,"county":"Polk County","watershed":"Rough Creek-Ocoee River"},"geometry":{"type":"Polygon","coordinates":[[[-84.500038,35.041957],[-84.500619,35.042443],[-84.500453,35.042654],[-84.499909,35.042227],[-84.499866,35.04206],[-84.500038,35.041957]]]}},{"id":"208768","type":"Feature","properties":{"OBJECTID":4550,"max_category":0,"label":"0.01 to 0.10 inches","area_acres":2.6781399245668305,"county":"Polk County","watershed":"Rough Creek-Ocoee River"},"geometry":{"type":"Polygon","coordinates":[[[-84.489921,35.040299],[-84.490995,35.040801],[-84.492095,35.040614],[-84.492672,35.040681],[-84.492721,35.040899],[-84.491865,35.041068],[-84.492149,35.041347],[-84.492069,35.041469],[-84.491304,35.041366],[-84.490897,35.040921],[-84.489803,35.040454],[-84.489921,35.040299]]]}},{"id":"208771","type":"Feature","properties":{"OBJECTID":3792,"max_category":0,"label":"0.01 to 0.10 inches","area_acres":1.357040907954425,"county":"Polk County","watershed":"Parksville Lake-Ocoee River"},"geometry":{"type":"Polygon","coordinates":[[[-84.518584,35.147419],[-84.519166,35.147557],[-84.519898,35.147448],[-84.52038,35.148045],[-84.520245,35.148115],[-84.519204,35.147698],[-84.518661,35.147633],[-84.518584,35.147419]]]}},{"id":"208773","type":"Feature","properties":{"OBJECTID":3793,"max_category":0,"label":"0.01 to 0.10 inches","area_acres":1.4442599117942718,"county":"Polk County","watershed":"Parksville Lake-Ocoee River"},"geometry":{"type":"Polygon","coordinates":[[[-84.520698,35.147955],[-84.522215,35.148546],[-84.522685,35.147964],[-84.522833,35.148016],[-84.522486,35.148652],[-84.522183,35.14869],[-84.521191,35.148351],[-84.520684,35.148472],[-84.52049,35.148141],[-84.520698,35.147955]]]}},{"id":"208788","type":"Feature","properties":{"OBJECTID":4251,"max_category":0,"label":"0.01 to 0.10 inches","area_acres":9.05089240032384,"county":"Polk County","watershed":"Parksville Lake-Ocoee River"},"geometry":{"type":"Polygon","coordinates":[[[-84.520358,35.125602],[-84.519953,35.126342],[-84.520907,35.126602],[-84.521056,35.126737],[-84.520952,35.126916],[-84.520573,35.126906],[-84.519781,35.126512],[-84.519707,35.126693],[-84.519568,35.126636],[-84.520136,35.125622],[-84.519819,35.12539],[-84.520041,35.125214],[-84.519981,35.124791],[-84.520188,35.124409],[-84.519957,35.123903],[-84.520538,35.123941],[-84.520738,35.12364],[-84.520247,35.123173],[-84.520232,35.122829],[-84.519513,35.123217],[-84.519132,35.123032],[-84.519196,35.122906],[-84.519931,35.122837],[-84.520091,35.122698],[-84.519982,35.122593],[-84.518864,35.122498],[-84.518807,35.122318],[-84.518973,35.122166],[-84.52002,35.122431],[-84.520069,35.122161],[-84.519639,35.121743],[-84.519848,35.121575],[-84.520355,35.121857],[-84.520203,35.122564],[-84.520904,35.123288],[-84.521016,35.123294],[-84.520998,35.122484],[-84.521242,35.122364],[-84.521475,35.122553],[-84.521339,35.123273],[-84.520895,35.123896],[-84.521143,35.124142],[-84.520499,35.124191],[-84.520299,35.125463],[-84.520741,35.125154],[-84.520966,35.124722],[-84.521183,35.124801],[-84.521206,35.125075],[-84.521002,35.12539],[-84.520358,35.125602]]]}},{"id":"208789","type":"Feature","properties":{"OBJECTID":4258,"max_category":0,"label":"0.01 to 0.10 inches","area_acres":2.653058135362281,"county":"Polk County","watershed":"Parksville Lake-Ocoee River"},"geometry":{"type":"Polygon","coordinates":[[[-84.521123,35.127048],[-84.521404,35.127446],[-84.520974,35.128505],[-84.520977,35.129037],[-84.521545,35.128904],[-84.521656,35.129201],[-84.520947,35.129346],[-84.520777,35.1296],[-84.520695,35.128428],[-84.520873,35.127585],[-84.520755,35.127315],[-84.520871,35.127074],[-84.521123,35.127048]]]}},{"id":"208791","type":"Feature","properties":{"OBJECTID":4500,"max_category":0,"label":"0.01 to 0.10 inches","area_acres":0.34891422161886015,"county":"Polk County","watershed":"Rough Creek-Ocoee River"},"geometry":{"type":"Polygon","coordinates":[[[-84.510619,35.090102],[-84.510757,35.090437],[-84.510454,35.090551],[-84.51038,35.090271],[-84.510619,35.090102]]]}},{"id":"208811","type":"Feature","properties":{"OBJECTID":4520,"max_category":0,"label":"0.01 to 0.10 inches","area_acres":0.8329337696316734,"county":"Polk County","watershed":"Rough Creek-Ocoee River"},"geometry":{"type":"Polygon","coordinates":[[[-84.49152,35.035218],[-84.492365,35.035813],[-84.492295,35.035999],[-84.491294,35.035371],[-84.4913,35.035215],[-84.49152,35.035218]]]}},{"id":"208829","type":"Feature","properties":{"OBJECTID":4389,"max_category":0,"label":"0.01 to 0.10 inches","area_acres":2.0669664706218467,"county":"Polk County","watershed":"Rough Creek-Ocoee River"},"geometry":{"type":"Polygon","coordinates":[[[-84.51307,35.088014],[-84.511705,35.088009],[-84.511616,35.08777],[-84.511881,35.087567],[-84.513235,35.087698],[-84.513332,35.088352],[-84.512342,35.088425],[-84.512356,35.088215],[-84.513076,35.088118],[-84.51307,35.088014]]]}},{"id":"208832","type":"Feature","properties":{"OBJECTID":985,"max_category":0,"label":"0.01 to 0.10 inches","area_acres":7.7444742323875815,"county":"Polk County","watershed":"Rough Creek-Ocoee River"},"geometry":{"type":"Polygon","coordinates":[[[-84.484872,35.07069],[-84.485035,35.070832],[-84.485063,35.072237],[-84.485357,35.072238],[-84.485456,35.071908],[-84.485982,35.071854],[-84.486152,35.072075],[-84.485799,35.07241],[-84.486518,35.072353],[-84.486586,35.072583],[-84.485776,35.072884],[-84.484999,35.07428],[-84.48448,35.074291],[-84.483163,35.075144],[-84.483509,35.074678],[-84.484157,35.074302],[-84.483586,35.073728],[-84.483656,35.072941],[-84.483866,35.072954],[-84.484054,35.07366],[-84.484407,35.074155],[-84.485061,35.073806],[-84.485575,35.072984],[-84.485584,35.07263],[-84.48529,35.072466],[-84.483996,35.072607],[-84.48367,35.072509],[-84.483837,35.072145],[-84.48475,35.07217],[-84.484785,35.07169],[-84.484335,35.071528],[-84.484296,35.071384],[-84.484658,35.071279],[-84.484872,35.07069]]]}},{"id":"208833","type":"Feature","properties":{"OBJECTID":577,"max_category":0,"label":"0.01 to 0.10 inches","area_acres":2.320531041143763,"county":"Polk County","watershed":"Rough Creek-Ocoee River"},"geometry":{"type":"Polygon","coordinates":[[[-84.497119,35.106376],[-84.49813,35.106935],[-84.499161,35.107148],[-84.499619,35.107612],[-84.499307,35.107623],[-84.498505,35.107116],[-84.498258,35.1071],[-84.499085,35.107931],[-84.498933,35.108032],[-84.498648,35.107923],[-84.498162,35.107564],[-84.498088,35.107148],[-84.497801,35.106859],[-84.497061,35.106549],[-84.497119,35.106376]]]}},{"id":"208835","type":"Feature","properties":{"OBJECTID":4325,"max_category":0,"label":"0.01 to 0.10 inches","area_acres":2.86207422257061,"county":"Polk County","watershed":"Rough Creek-Ocoee River"},"geometry":{"type":"Polygon","coordinates":[[[-84.487834,35.070812],[-84.489617,35.072044],[-84.489588,35.072338],[-84.489371,35.072314],[-84.488157,35.071289],[-84.487513,35.071129],[-84.487202,35.070734],[-84.487157,35.070367],[-84.487374,35.070289],[-84.487834,35.070812]]]}},{"id":"208842","type":"Feature","properties":{"OBJECTID":4279,"max_category":0,"label":"0.01 to 0.10 inches","area_acres":6.038671969084378,"county":"Polk County","watershed":"Parksville Lake-Ocoee River"},"geometry":{"type":"Polygon","coordinates":[[[-84.509139,35.131118],[-84.509231,35.131263],[-84.508908,35.131859],[-84.509473,35.132385],[-84.509434,35.132719],[-84.50874,35.132734],[-84.508923,35.132188],[-84.508774,35.131957],[-84.508295,35.132178],[-84.506752,35.132443],[-84.506284,35.133455],[-84.505913,35.133472],[-84.505946,35.133061],[-84.506505,35.132427],[-84.505728,35.132215],[-84.505407,35.132267],[-84.505188,35.131907],[-84.505236,35.131641],[-84.505503,35.131626],[-84.506609,35.132307],[-84.507138,35.132283],[-84.508326,35.132008],[-84.508946,35.131527],[-84.507884,35.131346],[-84.507272,35.131754],[-84.506833,35.131772],[-84.506748,35.131597],[-84.507109,35.131404],[-84.507153,35.131193],[-84.508223,35.131189],[-84.508889,35.13135],[-84.509139,35.131118]]]}},{"id":"208844","type":"Feature","properties":{"OBJECTID":4311,"max_category":0,"label":"0.01 to 0.10 inches","area_acres":0.9864768696629285,"county":"Polk County","watershed":"Rough Creek-Ocoee River"},"geometry":{"type":"Polygon","coordinates":[[[-84.519078,35.11762],[-84.519241,35.117817],[-84.518729,35.11856],[-84.519241,35.11884],[-84.519285,35.119034],[-84.519077,35.119166],[-84.518551,35.118536],[-84.519078,35.11762]]]}},{"id":"208851","type":"Feature","properties":{"OBJECTID":581,"max_category":0,"label":"0.01 to 0.10 inches","area_acres":0.9798374325175047,"county":"Polk County","watershed":"Rough Creek-Ocoee River"},"geometry":{"type":"Polygon","coordinates":[[[-84.487189,35.104626],[-84.487853,35.105034],[-84.488521,35.104924],[-84.488604,35.105046],[-84.487699,35.105236],[-84.48703,35.104878],[-84.486949,35.104673],[-84.487189,35.104626]]]}},{"id":"208857","type":"Feature","properties":{"OBJECTID":4367,"max_category":0,"label":"0.01 to 0.10 inches","area_acres":1.7819311806438638,"county":"Polk County","watershed":"Rough Creek-Ocoee River"},"geometry":{"type":"Polygon","coordinates":[[[-84.506681,35.079879],[-84.506941,35.080108],[-84.506383,35.080627],[-84.506093,35.081503],[-84.505852,35.081566],[-84.505654,35.081304],[-84.506094,35.080852],[-84.506005,35.080445],[-84.506681,35.079879]]]}},{"id":"208876","type":"Feature","properties":{"OBJECTID":5025,"max_category":0,"label":"0.01 to 0.10 inches","area_acres":1.402322499514375,"county":"Polk County","watershed":"Parksville Lake-Ocoee River"},"geometry":{"type":"Polygon","coordinates":[[[-84.514661,35.137443],[-84.515704,35.137741],[-84.516081,35.138126],[-84.514939,35.137656],[-84.514383,35.137612],[-84.513752,35.137148],[-84.513957,35.13698],[-84.514394,35.137143],[-84.514661,35.137443]]]}},{"id":"208879","type":"Feature","properties":{"OBJECTID":4887,"max_category":0,"label":"0.01 to 0.10 inches","area_acres":62.48652228412742,"county":"Polk County","watershed":"Rough Creek-Ocoee River"},"geometry":{"type":"Polygon","coordinates":[[[-84.507917,35.029455],[-84.50792,35.029149],[-84.507218,35.02879],[-84.506987,35.028436],[-84.506197,35.028361],[-84.50563,35.028636],[-84.505436,35.028436],[-84.505665,35.028249],[-84.504828,35.027881],[-84.504972,35.027561],[-84.505639,35.027702],[-84.506328,35.028048],[-84.506964,35.028102],[-84.506999,35.027898],[-84.506539,35.027534],[-84.505907,35.02743],[-84.505774,35.027214],[-84.506301,35.027174],[-84.507321,35.027685],[-84.507951,35.027135],[-84.507931,35.026302],[-84.507517,35.02632],[-84.506023,35.026856],[-84.505347,35.026646],[-84.505493,35.026354],[-84.506456,35.026529],[-84.507885,35.026161],[-84.507364,35.025612],[-84.506971,35.025465],[-84.506112,35.025442],[-84.506258,35.025138],[-84.506592,35.025123],[-84.507613,35.02558],[-84.508135,35.026299],[-84.508123,35.02718],[-84.50737,35.027854],[-84.507254,35.028107],[-84.507381,35.02851],[-84.509041,35.029329],[-84.509512,35.029348],[-84.510694,35.030296],[-84.511205,35.029738],[-84.510811,35.027876],[-84.509756,35.027728],[-84.509485,35.027553],[-84.509879,35.027474],[-84.510613,35.027632],[-84.510912,35.027389],[-84.510192,35.026858],[-84.509734,35.026287],[-84.509091,35.026044],[-84.509174,35.025883],[-84.509643,35.02593],[-84.509331,35.025053],[-84.509676,35.025141],[-84.509926,35.024737],[-84.510191,35.024715],[-84.510142,35.025797],[-84.510602,35.026657],[-84.51107,35.027131],[-84.511329,35.026627],[-84.510906,35.026204],[-84.510734,35.025571],[-84.510887,35.025568],[-84.511504,35.026637],[-84.511868,35.026186],[-84.512149,35.025363],[-84.511846,35.02487],[-84.511223,35.024382],[-84.511145,35.024082],[-84.5114,35.023995],[-84.511783,35.024215],[-84.512415,35.025045],[-84.51328,35.024538],[-84.513641,35.024206],[-84.513298,35.022985],[-84.513919,35.022115],[-84.514471,35.021636],[-84.514449,35.021045],[-84.514962,35.020857],[-84.515205,35.021077],[-84.51493,35.021399],[-84.514932,35.021688],[-84.514355,35.022073],[-84.514081,35.022704],[-84.513907,35.024078],[-84.515781,35.023433],[-84.516461,35.022866],[-84.517108,35.021543],[-84.51753,35.020196],[-84.518515,35.019162],[-84.518806,35.01949],[-84.517605,35.020396],[-84.517405,35.0209],[-84.517439,35.021502],[-84.516892,35.022217],[-84.516666,35.022833],[-84.51752,35.022891],[-84.517705,35.02313],[-84.517329,35.023202],[-84.516496,35.023048],[-84.515732,35.023808],[-84.515166,35.024063],[-84.515145,35.024313],[-84.514648,35.024204],[-84.513836,35.02427],[-84.512789,35.025087],[-84.512464,35.025704],[-84.513286,35.02567],[-84.513446,35.025939],[-84.512397,35.026015],[-84.511362,35.027011],[-84.511004,35.02766],[-84.511374,35.029662],[-84.512659,35.029479],[-84.512674,35.029096],[-84.513037,35.028636],[-84.513094,35.02743],[-84.513368,35.027123],[-84.513558,35.027339],[-84.513573,35.028078],[-84.513094,35.028886],[-84.512935,35.029507],[-84.514042,35.029141],[-84.514041,35.028362],[-84.513795,35.027471],[-84.514035,35.027177],[-84.514232,35.027419],[-84.514402,35.028929],[-84.515249,35.028701],[-84.515461,35.02836],[-84.515463,35.027897],[-84.514663,35.027279],[-84.514452,35.026671],[-84.514728,35.026643],[-84.515635,35.027676],[-84.515835,35.027463],[-84.515813,35.027138],[-84.514902,35.025939],[-84.514849,35.025575],[-84.515276,35.025403],[-84.515471,35.025939],[-84.515891,35.026306],[-84.515975,35.025445],[-84.516086,35.025345],[-84.516323,35.025445],[-84.516281,35.027024],[-84.516549,35.026429],[-84.517319,35.025662],[-84.517353,35.024498],[-84.517648,35.024289],[-84.518052,35.024237],[-84.518128,35.024341],[-84.517721,35.024806],[-84.5178,35.025254],[-84.518631,35.024735],[-84.518889,35.024805],[-84.518913,35.025016],[-84.517818,35.025675],[-84.516852,35.026769],[-84.518148,35.026823],[-84.518216,35.027116],[-84.516638,35.027142],[-84.515855,35.027659],[-84.515629,35.028274],[-84.51744,35.027575],[-84.517527,35.027677],[-84.517325,35.027903],[-84.518386,35.027858],[-84.518481,35.028067],[-84.51796,35.02832],[-84.516076,35.028213],[-84.515669,35.028529],[-84.516705,35.028482],[-84.517893,35.028731],[-84.517963,35.028866],[-84.517385,35.02906],[-84.515539,35.028678],[-84.515308,35.029261],[-84.514602,35.029189],[-84.513524,35.029513],[-84.514055,35.030303],[-84.513991,35.030483],[-84.513435,35.030236],[-84.512989,35.029648],[-84.511368,35.029832],[-84.510789,35.030422],[-84.510541,35.031406],[-84.511695,35.031243],[-84.512988,35.031323],[-84.513772,35.031203],[-84.51424,35.031319],[-84.514413,35.030899],[-84.51466,35.030806],[-84.514781,35.031103],[-84.51515,35.031115],[-84.51519,35.031355],[-84.514871,35.031561],[-84.514354,35.031649],[-84.514183,35.031465],[-84.51379,35.031479],[-84.513327,35.031614],[-84.513338,35.031888],[-84.512529,35.031525],[-84.511256,35.031681],[-84.510512,35.031605],[-84.509826,35.032037],[-84.510377,35.031345],[-84.510581,35.030404],[-84.509005,35.029582],[-84.508458,35.029415],[-84.507917,35.029455]]]}},{"id":"208888","type":"Feature","properties":{"OBJECTID":5160,"max_category":0,"label":"0.01 to 0.10 inches","area_acres":4.8120866727979,"county":"Polk County","watershed":"Rough Creek-Ocoee River"},"geometry":{"type":"Polygon","coordinates":[[[-84.492845,35.025086],[-84.493536,35.025779],[-84.494125,35.025923],[-84.49472,35.026468],[-84.495394,35.026752],[-84.495408,35.026962],[-84.494968,35.026838],[-84.494133,35.026896],[-84.494054,35.026772],[-84.494301,35.026633],[-84.493464,35.026107],[-84.493215,35.026065],[-84.492498,35.026314],[-84.492372,35.026134],[-84.492732,35.025922],[-84.491794,35.025796],[-84.491287,35.025549],[-84.491635,35.025416],[-84.492743,35.025586],[-84.492845,35.025086]]]}},{"id":"208894","type":"Feature","properties":{"OBJECTID":4565,"max_category":0,"label":"0.01 to 0.10 inches","area_acres":0.7630372899831933,"county":"Polk County","watershed":"Rough Creek-Ocoee River"},"geometry":{"type":"Polygon","coordinates":[[[-84.49442,35.044498],[-84.494624,35.044766],[-84.494706,35.045464],[-84.494459,35.045575],[-84.494307,35.044602],[-84.49442,35.044498]]]}},{"id":"208903","type":"Feature","properties":{"OBJECTID":4140,"max_category":0,"label":"0.01 to 0.10 inches","area_acres":2.118208259574362,"county":"Polk County","watershed":"Rough Creek-Ocoee River"},"geometry":{"type":"Polygon","coordinates":[[[-84.510441,35.110254],[-84.510725,35.11041],[-84.510789,35.110651],[-84.511523,35.110646],[-84.511588,35.110749],[-84.511067,35.110809],[-84.510699,35.111095],[-84.510197,35.111179],[-84.508827,35.111072],[-84.508312,35.110739],[-84.508537,35.110562],[-84.509255,35.110996],[-84.51062,35.110961],[-84.510824,35.110803],[-84.510404,35.110866],[-84.510255,35.110756],[-84.510441,35.110254]]]}},{"id":"208905","type":"Feature","properties":{"OBJECTID":4316,"max_category":0,"label":"0.01 to 0.10 inches","area_acres":1.3744680601045933,"county":"Polk County","watershed":"Parksville Lake-Ocoee River"},"geometry":{"type":"Polygon","coordinates":[[[-84.501564,35.127583],[-84.501811,35.127686],[-84.501812,35.127859],[-84.501149,35.128129],[-84.500777,35.128065],[-84.500694,35.128505],[-84.500153,35.128926],[-84.50053,35.128443],[-84.500623,35.12795],[-84.501564,35.127583]]]}},{"id":"208921","type":"Feature","properties":{"OBJECTID":4364,"max_category":0,"label":"0.01 to 0.10 inches","area_acres":11.665135661652005,"county":"Polk County","watershed":"Rough Creek-Ocoee River"},"geometry":{"type":"Polygon","coordinates":[[[-84.505496,35.078199],[-84.506361,35.078498],[-84.506308,35.079296],[-84.506144,35.079166],[-84.50536,35.079119],[-84.504307,35.079607],[-84.504275,35.079435],[-84.504745,35.07912],[-84.50369,35.079136],[-84.503584,35.078855],[-84.503259,35.07901],[-84.502492,35.078083],[-84.502017,35.078432],[-84.501998,35.078648],[-84.503026,35.079595],[-84.502866,35.079831],[-84.502624,35.07977],[-84.501879,35.078876],[-84.501813,35.078448],[-84.502744,35.077462],[-84.503268,35.077202],[-84.503348,35.076936],[-84.5029,35.076479],[-84.502163,35.076064],[-84.502425,35.075715],[-84.503438,35.07645],[-84.503299,35.076625],[-84.503476,35.076778],[-84.50417,35.076782],[-84.504233,35.077122],[-84.503495,35.077029],[-84.503442,35.077238],[-84.503643,35.077486],[-84.504126,35.077661],[-84.50415,35.078013],[-84.504525,35.078161],[-84.504792,35.078012],[-84.505098,35.078217],[-84.505496,35.078199]],[[-84.503298,35.077371],[-84.502846,35.077583],[-84.50259,35.077963],[-84.503186,35.078219],[-84.503642,35.078794],[-84.505706,35.07885],[-84.505763,35.078688],[-84.506229,35.078639],[-84.503961,35.07843],[-84.504047,35.078101],[-84.503438,35.077995],[-84.503475,35.077579],[-84.503298,35.077371]]]}},{"id":"208922","type":"Feature","properties":{"OBJECTID":5203,"max_category":0,"label":"0.01 to 0.10 inches","area_acres":6.818012533273281,"county":"Polk County","watershed":"Rough Creek-Ocoee River"},"geometry":{"type":"Polygon","coordinates":[[[-84.490273,35.089763],[-84.490661,35.090303],[-84.489879,35.091036],[-84.489917,35.091431],[-84.490466,35.091779],[-84.489924,35.091573],[-84.489636,35.091696],[-84.48924,35.09203],[-84.488772,35.092915],[-84.488214,35.092913],[-84.488117,35.092772],[-84.488775,35.092418],[-84.489105,35.091941],[-84.488519,35.092022],[-84.488248,35.092355],[-84.487433,35.092566],[-84.48688,35.093082],[-84.486378,35.093059],[-84.486389,35.092775],[-84.486854,35.092493],[-84.486811,35.092272],[-84.487296,35.09232],[-84.488144,35.091979],[-84.488019,35.091662],[-84.489302,35.091789],[-84.48985,35.091434],[-84.489545,35.09093],[-84.488877,35.090881],[-84.488728,35.090437],[-84.488986,35.090382],[-84.489764,35.090899],[-84.489981,35.090699],[-84.490011,35.090071],[-84.490273,35.089763]]]}},{"id":"208926","type":"Feature","properties":{"OBJECTID":4519,"max_category":0,"label":"0.01 to 0.10 inches","area_acres":2.623503018379084,"county":"Polk County","watershed":"Rough Creek-Ocoee River"},"geometry":{"type":"Polygon","coordinates":[[[-84.495031,35.039654],[-84.495209,35.040034],[-84.495047,35.040688],[-84.494806,35.040946],[-84.495097,35.04136],[-84.495033,35.041751],[-84.49481,35.041141],[-84.494515,35.040976],[-84.494007,35.04099],[-84.493674,35.040663],[-84.493812,35.040592],[-84.494063,35.040721],[-84.49393,35.040477],[-84.494129,35.04033],[-84.494394,35.040826],[-84.49467,35.040857],[-84.494622,35.039776],[-84.495031,35.039654]]]}},{"id":"208929","type":"Feature","properties":{"OBJECTID":3371,"max_category":0,"label":"0.01 to 0.10 inches","area_acres":3.1414076301212313,"county":"Polk County","watershed":"Rough Creek-Ocoee River"},"geometry":{"type":"Polygon","coordinates":[[[-84.484454,35.100815],[-84.484619,35.10098],[-84.48474,35.102277],[-84.484475,35.102523],[-84.484558,35.102853],[-84.483489,35.101938],[-84.48238,35.101642],[-84.482668,35.101393],[-84.483036,35.101595],[-84.483369,35.101452],[-84.48434,35.102404],[-84.484328,35.10172],[-84.484054,35.101116],[-84.484454,35.100815]]]}},{"id":"208936","type":"Feature","properties":{"OBJECTID":4523,"max_category":0,"label":"0.01 to 0.10 inches","area_acres":19.218354188371816,"county":"Polk County","watershed":"Rough Creek-Ocoee River"},"geometry":{"type":"Polygon","coordinates":[[[-84.512664,35.035189],[-84.512983,35.035673],[-84.512485,35.036206],[-84.512362,35.036869],[-84.512512,35.0369],[-84.513096,35.036364],[-84.51372,35.036132],[-84.514127,35.036185],[-84.514405,35.036565],[-84.513065,35.036635],[-84.51238,35.037204],[-84.511548,35.037447],[-84.511144,35.037818],[-84.511787,35.038091],[-84.512114,35.037692],[-84.512182,35.037935],[-84.514076,35.038015],[-84.515125,35.038304],[-84.514799,35.038647],[-84.513816,35.038416],[-84.513303,35.038466],[-84.511841,35.038232],[-84.51274,35.039082],[-84.512867,35.039913],[-84.514683,35.03997],[-84.515131,35.040345],[-84.515151,35.040595],[-84.514986,35.040672],[-84.5142,35.040133],[-84.51309,35.040046],[-84.512912,35.040054],[-84.512771,35.040431],[-84.513462,35.041014],[-84.513995,35.040935],[-84.514335,35.041084],[-84.515066,35.041048],[-84.514807,35.041353],[-84.515387,35.041566],[-84.515272,35.04176],[-84.514863,35.041697],[-84.514814,35.042104],[-84.513994,35.04131],[-84.513435,35.041366],[-84.512716,35.040657],[-84.512783,35.04161],[-84.513119,35.042117],[-84.514072,35.04261],[-84.514923,35.042454],[-84.515025,35.042624],[-84.514804,35.042787],[-84.51485,35.042948],[-84.515329,35.042962],[-84.515519,35.043511],[-84.51445,35.042846],[-84.513588,35.042573],[-84.512965,35.042194],[-84.512614,35.041661],[-84.512525,35.040853],[-84.512736,35.04002],[-84.512433,35.039894],[-84.512171,35.039082],[-84.511856,35.038838],[-84.5119,35.038545],[-84.511177,35.037987],[-84.510007,35.037735],[-84.510521,35.037448],[-84.510792,35.036995],[-84.510692,35.036006],[-84.510827,35.035651],[-84.511015,35.035539],[-84.511168,35.035632],[-84.51134,35.036591],[-84.510468,35.037711],[-84.510867,35.037775],[-84.512061,35.036965],[-84.512283,35.036294],[-84.512261,35.035393],[-84.512664,35.035189]]]}},{"id":"208939","type":"Feature","properties":{"OBJECTID":4537,"max_category":0,"label":"0.01 to 0.10 inches","area_acres":1.192903998835708,"county":"Polk County","watershed":"Rough Creek-Ocoee River"},"geometry":{"type":"Polygon","coordinates":[[[-84.504195,35.035631],[-84.504322,35.035724],[-84.504288,35.03673],[-84.503989,35.0368],[-84.50383,35.035953],[-84.504195,35.035631]]]}},{"id":"208940","type":"Feature","properties":{"OBJECTID":4307,"max_category":0,"label":"0.01 to 0.10 inches","area_acres":6.770532714714141,"county":"Polk County","watershed":"Parksville Lake-Ocoee River"},"geometry":{"type":"Polygon","coordinates":[[[-84.502564,35.115277],[-84.502991,35.115363],[-84.503019,35.115595],[-84.5027,35.116606],[-84.503202,35.116616],[-84.503262,35.116753],[-84.502375,35.11697],[-84.502185,35.117782],[-84.501841,35.117339],[-84.50061,35.117002],[-84.499982,35.116672],[-84.499847,35.116331],[-84.50003,35.116096],[-84.500519,35.116541],[-84.502091,35.117331],[-84.502075,35.117094],[-84.5009,35.116229],[-84.500548,35.115735],[-84.500849,35.115583],[-84.502205,35.116919],[-84.50244,35.11655],[-84.50241,35.116072],[-84.501945,35.115589],[-84.502542,35.115579],[-84.502564,35.115277]]]}},{"id":"208947","type":"Feature","properties":{"OBJECTID":4149,"max_category":0,"label":"0.01 to 0.10 inches","area_acres":0.5869069313742805,"county":"Polk County","watershed":"Rough Creek-Ocoee River"},"geometry":{"type":"Polygon","coordinates":[[[-84.510463,35.120153],[-84.511096,35.120014],[-84.511162,35.120498],[-84.510872,35.120511],[-84.510463,35.120153]]]}},{"id":"208951","type":"Feature","properties":{"OBJECTID":4358,"max_category":0,"label":"0.01 to 0.10 inches","area_acres":1.5382478790063916,"county":"Polk County","watershed":"Rough Creek-Ocoee River"},"geometry":{"type":"Polygon","coordinates":[[[-84.494223,35.069384],[-84.494369,35.069568],[-84.494709,35.069429],[-84.494796,35.069645],[-84.494264,35.070199],[-84.494384,35.070703],[-84.493826,35.069754],[-84.493902,35.069502],[-84.494223,35.069384]]]}},{"id":"208981","type":"Feature","properties":{"OBJECTID":3363,"max_category":0,"label":"0.01 to 0.10 inches","area_acres":0.3437741456334915,"county":"Polk County","watershed":"Rough Creek-Ocoee River"},"geometry":{"type":"Polygon","coordinates":[[[-84.485022,35.074426],[-84.485294,35.074687],[-84.484976,35.074901],[-84.484853,35.074689],[-84.485022,35.074426]]]}},{"id":"208984","type":"Feature","properties":{"OBJECTID":4912,"max_category":0,"label":"0.01 to 0.10 inches","area_acres":14.461721437663208,"county":"Polk County","watershed":"Rough Creek-Ocoee River"},"geometry":{"type":"Polygon","coordinates":[[[-84.515351,35.061072],[-84.515511,35.061182],[-84.515565,35.061959],[-84.515417,35.062214],[-84.515746,35.06243],[-84.516531,35.061996],[-84.516537,35.061583],[-84.516893,35.061635],[-84.517231,35.061319],[-84.517417,35.061627],[-84.517258,35.061977],[-84.517823,35.062133],[-84.518742,35.062951],[-84.518838,35.063433],[-84.518525,35.063459],[-84.517723,35.062261],[-84.516952,35.062023],[-84.515874,35.062567],[-84.515861,35.062879],[-84.516586,35.063465],[-84.517081,35.063305],[-84.51737,35.063478],[-84.517265,35.063779],[-84.516663,35.063879],[-84.516579,35.064089],[-84.51672,35.064449],[-84.517828,35.064782],[-84.517756,35.065047],[-84.517485,35.06508],[-84.516755,35.064728],[-84.517431,35.065397],[-84.517255,35.065639],[-84.51688,35.065411],[-84.516442,35.065524],[-84.516378,35.064174],[-84.516509,35.063652],[-84.515704,35.062952],[-84.5157,35.062573],[-84.51523,35.062294],[-84.514497,35.062564],[-84.514869,35.063209],[-84.514601,35.063265],[-84.514208,35.062741],[-84.512963,35.063537],[-84.51358,35.064043],[-84.514135,35.063717],[-84.514428,35.063832],[-84.514074,35.064188],[-84.514594,35.064684],[-84.514991,35.064694],[-84.515316,35.064308],[-84.515526,35.064302],[-84.515616,35.064654],[-84.516043,35.065111],[-84.51602,35.065443],[-84.515264,35.064769],[-84.515122,35.064787],[-84.515376,35.065151],[-84.515149,35.065268],[-84.514769,35.064874],[-84.513688,35.064236],[-84.51322,35.06449],[-84.512812,35.063618],[-84.512257,35.063912],[-84.512076,35.063871],[-84.51434,35.062494],[-84.514448,35.06237],[-84.514171,35.062133],[-84.514231,35.061986],[-84.514466,35.061932],[-84.51465,35.062288],[-84.515254,35.06215],[-84.515343,35.061752],[-84.51504,35.06171],[-84.514891,35.061486],[-84.515351,35.061072]]]}},{"id":"208993","type":"Feature","properties":{"OBJECTID":5006,"max_category":0,"label":"0.01 to 0.10 inches","area_acres":1.831420045184645,"county":"Polk County","watershed":"Rough Creek-Ocoee River"},"geometry":{"type":"Polygon","coordinates":[[[-84.494188,35.098666],[-84.494606,35.09899],[-84.494161,35.098811],[-84.493232,35.098853],[-84.492597,35.099156],[-84.49176,35.098706],[-84.492178,35.098565],[-84.494188,35.098666]]]}},{"id":"208994","type":"Feature","properties":{"OBJECTID":3357,"max_category":0,"label":"0.01 to 0.10 inches","area_acres":0.785427603421729,"county":"Polk County","watershed":"Rough Creek-Ocoee River"},"geometry":{"type":"Polygon","coordinates":[[[-84.479772,35.073014],[-84.479826,35.073482],[-84.479705,35.073297],[-84.478801,35.073258],[-84.479016,35.07305],[-84.479772,35.073014]]]}},{"id":"209003","type":"Feature","properties":{"OBJECTID":3397,"max_category":0,"label":"0.01 to 0.10 inches","area_acres":1.7085470470772137,"county":"Polk County","watershed":"Rough Creek-Ocoee River"},"geometry":{"type":"Polygon","coordinates":[[[-84.485444,35.096905],[-84.486025,35.09705],[-84.485916,35.097326],[-84.486468,35.098469],[-84.485589,35.097797],[-84.485583,35.09748],[-84.485235,35.097214],[-84.485444,35.096905]]]}},{"id":"209012","type":"Feature","properties":{"OBJECTID":4972,"max_category":0,"label":"0.01 to 0.10 inches","area_acres":0.5261100514076178,"county":"Polk County","watershed":"Rough Creek-Ocoee River"},"geometry":{"type":"Polygon","coordinates":[[[-84.5052,35.095137],[-84.50529,35.095322],[-84.504709,35.095549],[-84.504513,35.095496],[-84.504562,35.095259],[-84.5052,35.095137]]]}},{"id":"209018","type":"Feature","properties":{"OBJECTID":4495,"max_category":0,"label":"0.01 to 0.10 inches","area_acres":12.357934866877956,"county":"Polk County","watershed":"Rough Creek-Ocoee River"},"geometry":{"type":"Polygon","coordinates":[[[-84.512303,35.093423],[-84.512725,35.093788],[-84.513074,35.093158],[-84.513608,35.093134],[-84.513776,35.093555],[-84.513148,35.093697],[-84.512747,35.094041],[-84.512506,35.094611],[-84.512822,35.094719],[-84.513192,35.094625],[-84.513333,35.094782],[-84.513214,35.09498],[-84.513618,35.095303],[-84.514743,35.094936],[-84.51441,35.093972],[-84.514514,35.093727],[-84.514684,35.093741],[-84.514819,35.094036],[-84.514901,35.094706],[-84.515504,35.093927],[-84.515569,35.094184],[-84.515889,35.094108],[-84.515978,35.094354],[-84.515316,35.094624],[-84.515246,35.094873],[-84.515479,35.095136],[-84.514906,35.09503],[-84.513581,35.095447],[-84.512937,35.094942],[-84.512669,35.095572],[-84.512468,35.09546],[-84.512573,35.094779],[-84.511859,35.094619],[-84.510974,35.094824],[-84.510799,35.094968],[-84.510927,35.095358],[-84.511773,35.096241],[-84.512534,35.095905],[-84.51268,35.096023],[-84.512359,35.096375],[-84.51189,35.096433],[-84.512018,35.097131],[-84.511911,35.097402],[-84.511057,35.097486],[-84.5107,35.097281],[-84.511841,35.097091],[-84.511824,35.096835],[-84.510417,35.097024],[-84.510331,35.096865],[-84.510647,35.096706],[-84.511741,35.0966],[-84.511696,35.096428],[-84.510994,35.095778],[-84.51063,35.095018],[-84.510102,35.094966],[-84.509836,35.09463],[-84.509951,35.094389],[-84.509763,35.094072],[-84.509177,35.094459],[-84.508997,35.094415],[-84.509029,35.09424],[-84.509572,35.093975],[-84.509643,35.093797],[-84.509384,35.093424],[-84.508411,35.092774],[-84.508711,35.09279],[-84.509534,35.093344],[-84.510241,35.094619],[-84.510642,35.094861],[-84.511574,35.094489],[-84.512327,35.094562],[-84.512554,35.094265],[-84.512538,35.094023],[-84.512192,35.093761],[-84.512303,35.093423]]]}},{"id":"209025","type":"Feature","properties":{"OBJECTID":2932,"max_category":0,"label":"0.01 to 0.10 inches","area_acres":1.3265803390565816,"county":"Polk County","watershed":"Rough Creek-Ocoee River"},"geometry":{"type":"Polygon","coordinates":[[[-84.481014,35.069572],[-84.481089,35.069832],[-84.480275,35.069997],[-84.479943,35.070415],[-84.479646,35.070265],[-84.480302,35.069587],[-84.481014,35.069572]]]}},{"id":"209028","type":"Feature","properties":{"OBJECTID":4263,"max_category":0,"label":"0.01 to 0.10 inches","area_acres":0.7664251581579377,"county":"Polk County","watershed":"Parksville Lake-Ocoee River"},"geometry":{"type":"Polygon","coordinates":[[[-84.51407,35.130315],[-84.514877,35.130478],[-84.514802,35.130645],[-84.514034,35.13068],[-84.5139,35.130482],[-84.51407,35.130315]]]}},{"id":"209040","type":"Feature","properties":{"OBJECTID":4996,"max_category":0,"label":"0.01 to 0.10 inches","area_acres":3.1662336766787402,"county":"Polk County","watershed":"Rough Creek-Ocoee River"},"geometry":{"type":"Polygon","coordinates":[[[-84.490123,35.083055],[-84.490349,35.083139],[-84.490375,35.085012],[-84.49061,35.085526],[-84.490503,35.08563],[-84.490152,35.085277],[-84.489893,35.085311],[-84.489886,35.084504],[-84.489663,35.085026],[-84.489284,35.084821],[-84.489966,35.084012],[-84.490123,35.083055]]]}},{"id":"209041","type":"Feature","properties":{"OBJECTID":4556,"max_category":0,"label":"0.01 to 0.10 inches","area_acres":0.7007316585680038,"county":"Polk County","watershed":"Rough Creek-Ocoee River"},"geometry":{"type":"Polygon","coordinates":[[[-84.495582,35.044362],[-84.495763,35.045256],[-84.495542,35.045332],[-84.495406,35.04452],[-84.495582,35.044362]]]}},{"id":"209042","type":"Feature","properties":{"OBJECTID":2966,"max_category":0,"label":"0.01 to 0.10 inches","area_acres":4.993767316878285,"county":"Polk County","watershed":"Rough Creek-Ocoee River"},"geometry":{"type":"Polygon","coordinates":[[[-84.482345,35.057018],[-84.482501,35.057091],[-84.482468,35.05755],[-84.482911,35.058338],[-84.482207,35.058141],[-84.482411,35.0578],[-84.482277,35.057293],[-84.4812,35.058602],[-84.481284,35.060067],[-84.48096,35.060061],[-84.480896,35.059152],[-84.48043,35.060046],[-84.480171,35.059789],[-84.480203,35.05926],[-84.480742,35.058826],[-84.480402,35.058601],[-84.481071,35.058507],[-84.481241,35.058245],[-84.480903,35.057992],[-84.481395,35.057832],[-84.482345,35.057018]]]}},{"id":"209044","type":"Feature","properties":{"OBJECTID":4347,"max_category":0,"label":"0.01 to 0.10 inches","area_acres":53.54108681406322,"county":"Polk County","watershed":"Rough Creek-Ocoee River"},"geometry":{"type":"Polygon","coordinates":[[[-84.510482,35.067432],[-84.510772,35.067455],[-84.511324,35.067806],[-84.511585,35.067794],[-84.513675,35.067011],[-84.514306,35.066551],[-84.515081,35.066286],[-84.515257,35.06595],[-84.515455,35.065998],[-84.515555,35.066293],[-84.515879,35.066412],[-84.516654,35.066076],[-84.517094,35.066302],[-84.516951,35.066505],[-84.516346,35.066547],[-84.517054,35.06673],[-84.517205,35.066957],[-84.517022,35.067321],[-84.516722,35.067206],[-84.516705,35.067481],[-84.516411,35.067461],[-84.516254,35.066801],[-84.516061,35.066659],[-84.515113,35.066427],[-84.51408,35.06694],[-84.514504,35.067229],[-84.514649,35.067685],[-84.514366,35.067706],[-84.513817,35.067094],[-84.511648,35.067933],[-84.51119,35.06792],[-84.510633,35.067568],[-84.509858,35.067906],[-84.50902,35.068588],[-84.509731,35.069007],[-84.510421,35.068893],[-84.510954,35.068486],[-84.511287,35.068669],[-84.511216,35.068927],[-84.511481,35.069147],[-84.512608,35.069481],[-84.513242,35.068779],[-84.51352,35.068864],[-84.512855,35.069613],[-84.511798,35.069408],[-84.51083,35.06899],[-84.509792,35.069147],[-84.50982,35.069568],[-84.510708,35.069965],[-84.51091,35.07035],[-84.510723,35.070506],[-84.509686,35.069946],[-84.509485,35.069668],[-84.509617,35.069141],[-84.50929,35.068952],[-84.508718,35.068866],[-84.508427,35.069289],[-84.508777,35.069613],[-84.508912,35.069994],[-84.509625,35.070314],[-84.509523,35.070755],[-84.509221,35.0707],[-84.508748,35.070326],[-84.508624,35.069792],[-84.508122,35.069501],[-84.507948,35.069573],[-84.508145,35.069917],[-84.507777,35.069817],[-84.50749,35.070051],[-84.507368,35.069533],[-84.506761,35.069533],[-84.507067,35.069989],[-84.506616,35.07009],[-84.5063,35.069904],[-84.506219,35.069613],[-84.505746,35.06947],[-84.505751,35.069781],[-84.506027,35.070081],[-84.505176,35.070453],[-84.505827,35.070506],[-84.505891,35.07032],[-84.506407,35.070205],[-84.506521,35.070506],[-84.506879,35.070268],[-84.507184,35.070319],[-84.506769,35.070715],[-84.507283,35.07055],[-84.507576,35.070612],[-84.507482,35.070784],[-84.506477,35.071185],[-84.506996,35.071866],[-84.508093,35.070817],[-84.50838,35.071048],[-84.508058,35.071395],[-84.50878,35.071225],[-84.508941,35.071426],[-84.508533,35.071705],[-84.507517,35.071921],[-84.507843,35.072063],[-84.507932,35.072367],[-84.507756,35.07251],[-84.506965,35.072689],[-84.506677,35.072427],[-84.506289,35.072555],[-84.505925,35.073228],[-84.505771,35.073144],[-84.505872,35.07293],[-84.505546,35.07269],[-84.505566,35.073126],[-84.505301,35.073187],[-84.505229,35.072561],[-84.503881,35.071896],[-84.504087,35.071635],[-84.504507,35.071735],[-84.504825,35.07158],[-84.505075,35.071768],[-84.50518,35.072229],[-84.50592,35.072774],[-84.506031,35.072577],[-84.505855,35.072402],[-84.505907,35.072111],[-84.506226,35.072011],[-84.506425,35.072334],[-84.50691,35.072177],[-84.506024,35.070695],[-84.505407,35.070641],[-84.505063,35.071262],[-84.504831,35.071303],[-84.504914,35.070854],[-84.504673,35.070754],[-84.504949,35.070425],[-84.504797,35.070366],[-84.504302,35.070389],[-84.502552,35.070989],[-84.502581,35.071412],[-84.502985,35.071964],[-84.502778,35.072159],[-84.502437,35.071801],[-84.502205,35.071062],[-84.501544,35.072251],[-84.501233,35.072399],[-84.501047,35.072325],[-84.500988,35.072088],[-84.501612,35.071538],[-84.501719,35.071099],[-84.499629,35.071825],[-84.49986,35.072836],[-84.49957,35.072879],[-84.499281,35.072587],[-84.499309,35.07176],[-84.500732,35.071234],[-84.50034,35.070667],[-84.50133,35.071069],[-84.501489,35.071007],[-84.501507,35.070484],[-84.501282,35.069866],[-84.500395,35.070072],[-84.500174,35.069908],[-84.50108,35.069612],[-84.500666,35.069151],[-84.500222,35.069084],[-84.500017,35.068733],[-84.500096,35.06842],[-84.49972,35.067804],[-84.498951,35.067499],[-84.49892,35.067141],[-84.499293,35.067069],[-84.499711,35.067397],[-84.500195,35.068301],[-84.500989,35.068836],[-84.501724,35.070169],[-84.501814,35.070964],[-84.502732,35.070773],[-84.502293,35.07018],[-84.502408,35.069977],[-84.502854,35.070182],[-84.502969,35.070719],[-84.503988,35.07037],[-84.503437,35.070094],[-84.502947,35.06924],[-84.502528,35.069164],[-84.501531,35.068588],[-84.500897,35.067826],[-84.501061,35.067537],[-84.501856,35.067932],[-84.502481,35.068939],[-84.502973,35.069093],[-84.503147,35.068501],[-84.502657,35.068149],[-84.50311,35.067948],[-84.502902,35.06718],[-84.503246,35.067208],[-84.503415,35.067918],[-84.503197,35.068141],[-84.503335,35.068719],[-84.503174,35.069293],[-84.50375,35.069666],[-84.504164,35.07017],[-84.504094,35.069139],[-84.504314,35.06909],[-84.504557,35.069489],[-84.504543,35.070235],[-84.505029,35.070293],[-84.50562,35.069925],[-84.505573,35.069725],[-84.505202,35.069588],[-84.505258,35.069298],[-84.505789,35.069159],[-84.505577,35.068984],[-84.505087,35.069002],[-84.504243,35.068728],[-84.504284,35.068515],[-84.505038,35.068533],[-84.504649,35.067936],[-84.504041,35.067793],[-84.504389,35.067589],[-84.504376,35.06714],[-84.504998,35.067273],[-84.504987,35.06789],[-84.505658,35.068545],[-84.505856,35.069156],[-84.506472,35.069596],[-84.506674,35.069505],[-84.506332,35.069064],[-84.506556,35.068834],[-84.507048,35.068637],[-84.50709,35.068866],[-84.507374,35.068684],[-84.507525,35.068799],[-84.507295,35.069366],[-84.507811,35.069397],[-84.508169,35.069011],[-84.50793,35.068618],[-84.508131,35.068565],[-84.508494,35.068828],[-84.510147,35.067571],[-84.509977,35.067029],[-84.510375,35.067059],[-84.510482,35.067432]],[[-84.507072,35.069125],[-84.506793,35.069389],[-84.507086,35.069335],[-84.507072,35.069125]],[[-84.506501,35.070921],[-84.506317,35.07093],[-84.506371,35.071041],[-84.506501,35.070921]]]}},{"id":"209050","type":"Feature","properties":{"OBJECTID":4213,"max_category":0,"label":"0.01 to 0.10 inches","area_acres":2.202221361655036,"county":"Polk County","watershed":"Rough Creek-Ocoee River"},"geometry":{"type":"Polygon","coordinates":[[[-84.50092,35.09869],[-84.50101,35.098776],[-84.50083,35.099013],[-84.501492,35.099682],[-84.502585,35.099841],[-84.502268,35.100036],[-84.502413,35.100179],[-84.502296,35.10043],[-84.502656,35.100797],[-84.502423,35.101126],[-84.502168,35.101039],[-84.501967,35.100119],[-84.501011,35.09952],[-84.500664,35.099076],[-84.50092,35.09869]]]}},{"id":"209074","type":"Feature","properties":{"OBJECTID":4192,"max_category":0,"label":"0.01 to 0.10 inches","area_acres":0.7818032416642656,"county":"Polk County","watershed":"Rough Creek-Ocoee River"},"geometry":{"type":"Polygon","coordinates":[[[-84.519913,35.105225],[-84.520885,35.105241],[-84.521018,35.105521],[-84.520616,35.105716],[-84.520395,35.105456],[-84.51993,35.105402],[-84.519913,35.105225]]]}},{"id":"209081","type":"Feature","properties":{"OBJECTID":4145,"max_category":0,"label":"0.01 to 0.10 inches","area_acres":1.549717401185375,"county":"Polk County","watershed":"Rough Creek-Ocoee River"},"geometry":{"type":"Polygon","coordinates":[[[-84.507891,35.109968],[-84.507427,35.110052],[-84.50733,35.109605],[-84.507475,35.10928],[-84.507064,35.109133],[-84.506988,35.108938],[-84.507697,35.109251],[-84.508015,35.109251],[-84.508392,35.109581],[-84.508223,35.10972],[-84.507727,35.109439],[-84.507891,35.109968]]]}},{"id":"209088","type":"Feature","properties":{"OBJECTID":4288,"max_category":0,"label":"0.01 to 0.10 inches","area_acres":1.2639367504398384,"county":"Polk County","watershed":"Parksville Lake-Ocoee River"},"geometry":{"type":"Polygon","coordinates":[[[-84.523132,35.134442],[-84.523335,35.134715],[-84.523025,35.13492],[-84.522405,35.134618],[-84.521926,35.134693],[-84.521271,35.134456],[-84.521967,35.134548],[-84.522559,35.134303],[-84.522837,35.13451],[-84.523132,35.134442]]]}},{"id":"209103","type":"Feature","properties":{"OBJECTID":4216,"max_category":0,"label":"0.01 to 0.10 inches","area_acres":1.1728772248382222,"county":"Polk County","watershed":"Rough Creek-Ocoee River"},"geometry":{"type":"Polygon","coordinates":[[[-84.498172,35.097164],[-84.498627,35.097418],[-84.499201,35.097503],[-84.499551,35.098468],[-84.499249,35.098452],[-84.499033,35.09757],[-84.497918,35.097401],[-84.497878,35.097198],[-84.498172,35.097164]]]}},{"id":"209109","type":"Feature","properties":{"OBJECTID":1027,"max_category":0,"label":"0.01 to 0.10 inches","area_acres":9.36760612780575,"county":"Polk County","watershed":"Rough Creek-Ocoee River"},"geometry":{"type":"Polygon","coordinates":[[[-84.490958,35.064139],[-84.491096,35.064475],[-84.49049,35.065372],[-84.490969,35.065381],[-84.491099,35.065521],[-84.490347,35.065713],[-84.490244,35.066172],[-84.490435,35.067012],[-84.490974,35.067394],[-84.49067,35.067398],[-84.490356,35.067172],[-84.48944,35.067406],[-84.488177,35.068275],[-84.487866,35.069015],[-84.487529,35.069026],[-84.487557,35.068619],[-84.486492,35.068761],[-84.486559,35.068207],[-84.487031,35.068418],[-84.487726,35.068386],[-84.4891,35.067471],[-84.489137,35.067009],[-84.489657,35.067196],[-84.490262,35.067033],[-84.490065,35.066332],[-84.489803,35.066344],[-84.489244,35.066697],[-84.489015,35.066602],[-84.488801,35.066829],[-84.488611,35.066766],[-84.488675,35.066615],[-84.487837,35.066543],[-84.487871,35.06643],[-84.488453,35.066354],[-84.488296,35.066175],[-84.488442,35.065964],[-84.489264,35.066363],[-84.490071,35.066188],[-84.490178,35.065785],[-84.490091,35.065491],[-84.489329,35.064852],[-84.488368,35.065363],[-84.488151,35.065337],[-84.488035,35.064957],[-84.489338,35.064682],[-84.49004,35.065242],[-84.490958,35.064139]]]}},{"id":"209110","type":"Feature","properties":{"OBJECTID":4526,"max_category":0,"label":"0.01 to 0.10 inches","area_acres":2.18776199357886,"county":"Polk County","watershed":"Rough Creek-Ocoee River"},"geometry":{"type":"Polygon","coordinates":[[[-84.506096,35.036535],[-84.506507,35.036973],[-84.506647,35.037457],[-84.506699,35.038244],[-84.506432,35.038946],[-84.506232,35.038834],[-84.506284,35.038097],[-84.506118,35.037646],[-84.506231,35.03685],[-84.505981,35.036611],[-84.506096,35.036535]]]}},{"id":"209113","type":"Feature","properties":{"OBJECTID":4541,"max_category":0,"label":"0.01 to 0.10 inches","area_acres":1.1774373230895494,"county":"Polk County","watershed":"Rough Creek-Ocoee River"},"geometry":{"type":"Polygon","coordinates":[[[-84.495292,35.031606],[-84.49595,35.031958],[-84.495989,35.032168],[-84.495707,35.032222],[-84.494935,35.031821],[-84.49459,35.031843],[-84.49466,35.031584],[-84.495292,35.031606]]]}},{"id":"209121","type":"Feature","properties":{"OBJECTID":579,"max_category":0,"label":"0.01 to 0.10 inches","area_acres":2.5378922281800507,"county":"Polk County","watershed":"Rough Creek-Ocoee River"},"geometry":{"type":"Polygon","coordinates":[[[-84.497263,35.110497],[-84.497413,35.110945],[-84.497696,35.111195],[-84.498513,35.111424],[-84.49845,35.111632],[-84.497851,35.111493],[-84.498407,35.112337],[-84.498331,35.112514],[-84.497697,35.112098],[-84.497366,35.111226],[-84.497254,35.111562],[-84.497012,35.111484],[-84.497,35.111237],[-84.497245,35.111035],[-84.497263,35.110497]]]}},{"id":"209139","type":"Feature","properties":{"OBJECTID":4931,"max_category":0,"label":"0.01 to 0.10 inches","area_acres":13.780010906423422,"county":"Polk County","watershed":"Rough Creek-Ocoee River"},"geometry":{"type":"Polygon","coordinates":[[[-84.496897,35.052943],[-84.497487,35.053054],[-84.497521,35.052805],[-84.497972,35.052427],[-84.498095,35.052557],[-84.497886,35.052917],[-84.497922,35.053227],[-84.498949,35.053015],[-84.501096,35.05322],[-84.501938,35.052934],[-84.503482,35.052836],[-84.504382,35.052981],[-84.504117,35.053142],[-84.50266,35.053262],[-84.503713,35.053553],[-84.503923,35.053713],[-84.503855,35.053815],[-84.502767,35.053719],[-84.502133,35.053205],[-84.501472,35.053263],[-84.50217,35.053967],[-84.501864,35.054153],[-84.501145,35.053544],[-84.500531,35.053278],[-84.500525,35.053918],[-84.500315,35.054004],[-84.500108,35.053215],[-84.499276,35.053198],[-84.499366,35.053827],[-84.499108,35.053634],[-84.498917,35.053159],[-84.497983,35.053367],[-84.497956,35.053955],[-84.499135,35.054458],[-84.49992,35.055313],[-84.49977,35.055432],[-84.499412,35.055296],[-84.498815,35.054724],[-84.497883,35.054172],[-84.497616,35.054592],[-84.498579,35.055144],[-84.49911,35.055739],[-84.498914,35.055883],[-84.498573,35.055827],[-84.49824,35.055295],[-84.497486,35.05474],[-84.497436,35.05519],[-84.497785,35.055901],[-84.497553,35.055931],[-84.49733,35.056479],[-84.497175,35.056369],[-84.497268,35.055764],[-84.497036,35.055279],[-84.497725,35.054103],[-84.49781,35.053388],[-84.497547,35.053194],[-84.496893,35.053102],[-84.496897,35.052943]]]}},{"id":"209148","type":"Feature","properties":{"OBJECTID":5059,"max_category":0,"label":"0.01 to 0.10 inches","area_acres":1.6760159464304618,"county":"Polk County","watershed":"Parksville Lake-Ocoee River"},"geometry":{"type":"Polygon","coordinates":[[[-84.516935,35.136926],[-84.517018,35.13703],[-84.51672,35.137296],[-84.515679,35.137346],[-84.514585,35.137002],[-84.51436,35.136776],[-84.514602,35.136679],[-84.516149,35.137155],[-84.516679,35.137131],[-84.516935,35.136926]]]}},{"id":"209159","type":"Feature","properties":{"OBJECTID":4990,"max_category":0,"label":"0.01 to 0.10 inches","area_acres":2.0519295444648673,"county":"Polk County","watershed":"Rough Creek-Ocoee River"},"geometry":{"type":"Polygon","coordinates":[[[-84.487293,35.077818],[-84.487301,35.078459],[-84.485306,35.079987],[-84.485339,35.07961],[-84.486114,35.079247],[-84.486356,35.078793],[-84.487003,35.078286],[-84.48699,35.077832],[-84.487293,35.077818]]]}},{"id":"209163","type":"Feature","properties":{"OBJECTID":3409,"max_category":0,"label":"0.01 to 0.10 inches","area_acres":1.6157106216199482,"county":"Polk County","watershed":"Rough Creek-Ocoee River"},"geometry":{"type":"Polygon","coordinates":[[[-84.479839,35.073506],[-84.479949,35.073849],[-84.479265,35.073895],[-84.478678,35.074433],[-84.478459,35.074427],[-84.478696,35.073971],[-84.478397,35.073751],[-84.479839,35.073506]]]}},{"id":"209168","type":"Feature","properties":{"OBJECTID":4269,"max_category":0,"label":"0.01 to 0.10 inches","area_acres":0.9054311037246379,"county":"Polk County","watershed":"Rough Creek-Ocoee River"},"geometry":{"type":"Polygon","coordinates":[[[-84.515624,35.113099],[-84.515952,35.113704],[-84.516476,35.114146],[-84.516487,35.114406],[-84.516093,35.114254],[-84.515485,35.113278],[-84.515624,35.113099]]]}},{"id":"209185","type":"Feature","properties":{"OBJECTID":4265,"max_category":0,"label":"0.01 to 0.10 inches","area_acres":8.293541267496717,"county":"Polk County","watershed":"Parksville Lake-Ocoee River"},"geometry":{"type":"Polygon","coordinates":[[[-84.518829,35.12552],[-84.518551,35.126359],[-84.518647,35.126668],[-84.518299,35.12644],[-84.517374,35.126587],[-84.517029,35.126238],[-84.517277,35.125975],[-84.51666,35.125234],[-84.516182,35.12517],[-84.516277,35.124826],[-84.515926,35.124688],[-84.516069,35.124461],[-84.515683,35.124066],[-84.515756,35.123762],[-84.515505,35.123414],[-84.515818,35.12341],[-84.516216,35.123102],[-84.516687,35.122669],[-84.516507,35.122469],[-84.516595,35.122231],[-84.516845,35.122263],[-84.517092,35.122004],[-84.517521,35.122106],[-84.517608,35.122331],[-84.516891,35.122624],[-84.516261,35.123275],[-84.516241,35.123902],[-84.516857,35.124113],[-84.516394,35.124639],[-84.51744,35.125908],[-84.517538,35.126236],[-84.518107,35.126333],[-84.519114,35.12487],[-84.518755,35.12343],[-84.519056,35.123442],[-84.519465,35.124535],[-84.518829,35.12552]]]}},{"id":"209189","type":"Feature","properties":{"OBJECTID":4186,"max_category":0,"label":"0.01 to 0.10 inches","area_acres":0.7214955885444297,"county":"Polk County","watershed":"Rough Creek-Ocoee River"},"geometry":{"type":"Polygon","coordinates":[[[-84.521206,35.121348],[-84.521244,35.121554],[-84.520752,35.121915],[-84.520542,35.12191],[-84.520515,35.121694],[-84.520714,35.121566],[-84.520577,35.121312],[-84.521206,35.121348]]]}},{"id":"209190","type":"Feature","properties":{"OBJECTID":4333,"max_category":0,"label":"0.01 to 0.10 inches","area_acres":1.6888701821256364,"county":"Polk County","watershed":"Rough Creek-Ocoee River"},"geometry":{"type":"Polygon","coordinates":[[[-84.494828,35.074888],[-84.496027,35.075794],[-84.49623,35.075737],[-84.495962,35.076096],[-84.494608,35.075174],[-84.494593,35.074958],[-84.494828,35.074888]]]}},{"id":"209207","type":"Feature","properties":{"OBJECTID":4204,"max_category":0,"label":"0.01 to 0.10 inches","area_acres":0.4522222973527135,"county":"Polk County","watershed":"Rough Creek-Ocoee River"},"geometry":{"type":"Polygon","coordinates":[[[-84.495948,35.098944],[-84.496212,35.099086],[-84.495983,35.099471],[-84.495753,35.099327],[-84.495948,35.098944]]]}},{"id":"209215","type":"Feature","properties":{"OBJECTID":548,"max_category":0,"label":"0.01 to 0.10 inches","area_acres":3.6605357280698354,"county":"Polk County","watershed":"Rough Creek-Ocoee River"},"geometry":{"type":"Polygon","coordinates":[[[-84.488595,35.032517],[-84.488981,35.032747],[-84.489962,35.032875],[-84.49024,35.033075],[-84.490455,35.032662],[-84.490555,35.033515],[-84.490998,35.033893],[-84.492434,35.034051],[-84.492935,35.034243],[-84.49208,35.034262],[-84.491032,35.03408],[-84.490154,35.033359],[-84.488568,35.032974],[-84.48832,35.032702],[-84.488595,35.032517]]]}},{"id":"209216","type":"Feature","properties":{"OBJECTID":3391,"max_category":0,"label":"0.01 to 0.10 inches","area_acres":7.134490604085016,"county":"Polk County","watershed":"Rough Creek-Ocoee River"},"geometry":{"type":"Polygon","coordinates":[[[-84.48182,35.084539],[-84.482703,35.084612],[-84.482971,35.085443],[-84.482107,35.086521],[-84.481954,35.087009],[-84.481692,35.08721],[-84.48115,35.087265],[-84.480875,35.087579],[-84.480711,35.087557],[-84.480667,35.087343],[-84.480346,35.087263],[-84.4794,35.087689],[-84.479085,35.087422],[-84.479159,35.087207],[-84.480106,35.087009],[-84.479172,35.086843],[-84.479069,35.086688],[-84.47929,35.086477],[-84.480069,35.086662],[-84.480486,35.087071],[-84.481117,35.08707],[-84.481604,35.086855],[-84.482428,35.085924],[-84.480496,35.085415],[-84.480074,35.084999],[-84.480568,35.084844],[-84.481109,35.085391],[-84.481736,35.085367],[-84.482569,35.085765],[-84.482795,35.085412],[-84.482593,35.084889],[-84.481745,35.084705],[-84.48182,35.084539]]]}},{"id":"209222","type":"Feature","properties":{"OBJECTID":4354,"max_category":0,"label":"0.01 to 0.10 inches","area_acres":4.281299551270385,"county":"Polk County","watershed":"Rough Creek-Ocoee River"},"geometry":{"type":"Polygon","coordinates":[[[-84.500678,35.073273],[-84.502202,35.074497],[-84.502397,35.074488],[-84.501073,35.073381],[-84.501039,35.073085],[-84.501511,35.072999],[-84.501959,35.073614],[-84.502797,35.074333],[-84.502478,35.074649],[-84.501966,35.074678],[-84.500994,35.074215],[-84.50048,35.073588],[-84.500678,35.073273]]]}},{"id":"209224","type":"Feature","properties":{"OBJECTID":4496,"max_category":0,"label":"0.01 to 0.10 inches","area_acres":2.274985565843134,"county":"Polk County","watershed":"Rough Creek-Ocoee River"},"geometry":{"type":"Polygon","coordinates":[[[-84.512532,35.097749],[-84.512384,35.097678],[-84.512864,35.097361],[-84.512903,35.097063],[-84.513449,35.096797],[-84.513544,35.096965],[-84.513328,35.097353],[-84.513962,35.097094],[-84.514017,35.097303],[-84.513564,35.097486],[-84.513958,35.09764],[-84.514362,35.097571],[-84.514683,35.097959],[-84.514461,35.09812],[-84.513154,35.097421],[-84.512532,35.097749]]]}},{"id":"209225","type":"Feature","properties":{"OBJECTID":3015,"max_category":0,"label":"0.01 to 0.10 inches","area_acres":2.475947329899874,"county":"Polk County","watershed":"Rough Creek-Ocoee River"},"geometry":{"type":"Polygon","coordinates":[[[-84.48099,35.047064],[-84.482158,35.047065],[-84.482346,35.046793],[-84.482703,35.046738],[-84.482946,35.046876],[-84.483046,35.047243],[-84.482614,35.047296],[-84.482445,35.04747],[-84.48223,35.047344],[-84.481463,35.047459],[-84.481023,35.047342],[-84.480193,35.04756],[-84.480415,35.047289],[-84.48099,35.047064]]]}},{"id":"209227","type":"Feature","properties":{"OBJECTID":1044,"max_category":0,"label":"0.01 to 0.10 inches","area_acres":6.166288173425317,"county":"Polk County","watershed":"Parksville Lake-Ocoee River"},"geometry":{"type":"Polygon","coordinates":[[[-84.497741,35.119273],[-84.498522,35.119686],[-84.498961,35.119612],[-84.499473,35.119765],[-84.499491,35.120021],[-84.499135,35.120379],[-84.498904,35.120341],[-84.498422,35.119805],[-84.497938,35.119553],[-84.497741,35.119535],[-84.497395,35.119823],[-84.497919,35.120182],[-84.498417,35.120235],[-84.498791,35.120567],[-84.498765,35.120774],[-84.498096,35.12066],[-84.498012,35.120416],[-84.497262,35.119916],[-84.496534,35.12022],[-84.496321,35.120147],[-84.497216,35.119773],[-84.497578,35.119441],[-84.497584,35.119203],[-84.498231,35.118696],[-84.498252,35.118506],[-84.497856,35.118068],[-84.497936,35.117859],[-84.498142,35.117844],[-84.498375,35.118069],[-84.498671,35.11754],[-84.498867,35.117542],[-84.498957,35.117713],[-84.499304,35.117629],[-84.499401,35.117835],[-84.49882,35.118165],[-84.498548,35.118502],[-84.498889,35.118498],[-84.498922,35.118682],[-84.498396,35.118817],[-84.497741,35.119273]]]}},{"id":"209244","type":"Feature","properties":{"OBJECTID":4888,"max_category":0,"label":"0.01 to 0.10 inches","area_acres":6.004534639524243,"county":"Polk County","watershed":"Rough Creek-Ocoee River"},"geometry":{"type":"Polygon","coordinates":[[[-84.515454,35.031924],[-84.516339,35.033331],[-84.516096,35.033702],[-84.515557,35.033851],[-84.513794,35.033629],[-84.513029,35.033746],[-84.51173,35.033665],[-84.509976,35.032593],[-84.509378,35.032416],[-84.509603,35.032302],[-84.510047,35.032456],[-84.510534,35.032837],[-84.511775,35.033386],[-84.513061,35.033602],[-84.513502,35.033527],[-84.513503,35.033002],[-84.513676,35.032917],[-84.514126,35.033551],[-84.514322,35.033284],[-84.514324,35.03282],[-84.513986,35.032237],[-84.514452,35.032029],[-84.514786,35.032641],[-84.514363,35.033576],[-84.515506,35.03371],[-84.515998,35.033578],[-84.516164,35.033309],[-84.515332,35.032327],[-84.515454,35.031924]]]}},{"id":"209246","type":"Feature","properties":{"OBJECTID":4987,"max_category":0,"label":"0.01 to 0.10 inches","area_acres":0.5745011082282736,"county":"Polk County","watershed":"Rough Creek-Ocoee River"},"geometry":{"type":"Polygon","coordinates":[[[-84.506197,35.082625],[-84.506545,35.083098],[-84.506497,35.083191],[-84.505978,35.083088],[-84.505923,35.082705],[-84.506197,35.082625]]]}},{"id":"209250","type":"Feature","properties":{"OBJECTID":4494,"max_category":0,"label":"0.01 to 0.10 inches","area_acres":0.6658625249598306,"county":"Polk County","watershed":"Rough Creek-Ocoee River"},"geometry":{"type":"Polygon","coordinates":[[[-84.513096,35.089603],[-84.513158,35.089729],[-84.512733,35.089873],[-84.51296,35.090259],[-84.51279,35.090444],[-84.512518,35.090192],[-84.512493,35.089817],[-84.513096,35.089603]]]}},{"id":"209256","type":"Feature","properties":{"OBJECTID":4946,"max_category":0,"label":"0.01 to 0.10 inches","area_acres":4.293814227249774,"county":"Polk County","watershed":"Rough Creek-Ocoee River"},"geometry":{"type":"Polygon","coordinates":[[[-84.494254,35.092196],[-84.494291,35.092334],[-84.493783,35.092361],[-84.493615,35.092845],[-84.493839,35.093193],[-84.494265,35.093325],[-84.494416,35.093629],[-84.494162,35.093726],[-84.493481,35.092943],[-84.493309,35.093043],[-84.493134,35.093665],[-84.49354,35.094731],[-84.493106,35.095112],[-84.492422,35.095184],[-84.493213,35.094432],[-84.492952,35.093546],[-84.491604,35.094685],[-84.491451,35.094606],[-84.491483,35.094391],[-84.492938,35.093344],[-84.493528,35.092656],[-84.49366,35.092244],[-84.494254,35.092196]]]}},{"id":"209257","type":"Feature","properties":{"OBJECTID":1009,"max_category":0,"label":"0.01 to 0.10 inches","area_acres":2.5674371603816426,"county":"Polk County","watershed":"Rough Creek-Ocoee River"},"geometry":{"type":"Polygon","coordinates":[[[-84.48394,35.042911],[-84.484589,35.043099],[-84.484316,35.042686],[-84.484749,35.042776],[-84.484986,35.043235],[-84.48546,35.043585],[-84.485721,35.043594],[-84.485815,35.043845],[-84.485045,35.043825],[-84.484647,35.043489],[-84.483619,35.043332],[-84.48394,35.042911]]]}},{"id":"209261","type":"Feature","properties":{"OBJECTID":4532,"max_category":0,"label":"0.01 to 0.10 inches","area_acres":5.020891221774217,"county":"Polk County","watershed":"Rough Creek-Ocoee River"},"geometry":{"type":"Polygon","coordinates":[[[-84.495979,35.030887],[-84.4965,35.030916],[-84.496048,35.03118],[-84.49614,35.031265],[-84.497509,35.031478],[-84.497954,35.03143],[-84.498572,35.031048],[-84.499289,35.030932],[-84.499415,35.031144],[-84.498976,35.031345],[-84.499323,35.031627],[-84.498759,35.031754],[-84.498261,35.031449],[-84.498038,35.031814],[-84.497525,35.031729],[-84.496704,35.031877],[-84.495399,35.031249],[-84.494412,35.031236],[-84.494471,35.031095],[-84.495586,35.031042],[-84.495979,35.030887]]]}},{"id":"209262","type":"Feature","properties":{"OBJECTID":4969,"max_category":0,"label":"0.01 to 0.10 inches","area_acres":15.184750224092367,"county":"Polk County","watershed":"Rough Creek-Ocoee River"},"geometry":{"type":"Polygon","coordinates":[[[-84.499043,35.085263],[-84.499169,35.085439],[-84.498852,35.085743],[-84.498302,35.08556],[-84.497768,35.085015],[-84.49685,35.085479],[-84.495903,35.086285],[-84.495564,35.086039],[-84.495611,35.085919],[-84.496193,35.085839],[-84.495596,35.085708],[-84.495662,35.085427],[-84.495842,35.085389],[-84.49636,35.085661],[-84.496624,35.085472],[-84.496087,35.085207],[-84.496169,35.084991],[-84.496526,35.08503],[-84.496901,35.085276],[-84.497688,35.084874],[-84.497187,35.083853],[-84.496783,35.083755],[-84.496647,35.082793],[-84.497311,35.081899],[-84.498116,35.081247],[-84.498221,35.08083],[-84.497813,35.080429],[-84.497338,35.080981],[-84.496922,35.081155],[-84.496864,35.080917],[-84.4973,35.08057],[-84.497472,35.080178],[-84.496045,35.078842],[-84.495688,35.078734],[-84.495753,35.078592],[-84.496501,35.07883],[-84.497674,35.078883],[-84.497588,35.079083],[-84.496943,35.079171],[-84.497433,35.079598],[-84.497646,35.08014],[-84.497922,35.080318],[-84.498723,35.079859],[-84.499007,35.080007],[-84.498233,35.080572],[-84.498348,35.080657],[-84.49906,35.080584],[-84.49946,35.080292],[-84.499776,35.080325],[-84.499832,35.080784],[-84.500278,35.080995],[-84.500168,35.081579],[-84.50042,35.08205],[-84.500637,35.082329],[-84.501046,35.082469],[-84.501133,35.082722],[-84.500961,35.082955],[-84.500635,35.082922],[-84.500582,35.08257],[-84.499718,35.081178],[-84.499126,35.080807],[-84.498396,35.08084],[-84.498316,35.081143],[-84.498664,35.081598],[-84.498341,35.081638],[-84.498085,35.081489],[-84.497468,35.081969],[-84.496882,35.082711],[-84.497232,35.083695],[-84.498253,35.083237],[-84.499203,35.083082],[-84.499482,35.083215],[-84.49944,35.083377],[-84.498254,35.083461],[-84.497373,35.083825],[-84.498229,35.085315],[-84.49869,35.085527],[-84.499043,35.085263]]]}},{"id":"209270","type":"Feature","properties":{"OBJECTID":3373,"max_category":0,"label":"0.01 to 0.10 inches","area_acres":0.9106656612636528,"county":"Polk County","watershed":"Rough Creek-Ocoee River"},"geometry":{"type":"Polygon","coordinates":[[[-84.486941,35.10095],[-84.487005,35.10131],[-84.486866,35.101124],[-84.485879,35.101251],[-84.485489,35.101065],[-84.485562,35.10093],[-84.486941,35.10095]]]}},{"id":"209274","type":"Feature","properties":{"OBJECTID":4287,"max_category":0,"label":"0.01 to 0.10 inches","area_acres":0.8520279706073631,"county":"Polk County","watershed":"Parksville Lake-Ocoee River"},"geometry":{"type":"Polygon","coordinates":[[[-84.521387,35.130944],[-84.52147,35.131047],[-84.52092,35.131671],[-84.52062,35.131809],[-84.520236,35.131772],[-84.520306,35.131586],[-84.520782,35.131439],[-84.521387,35.130944]]]}},{"id":"209294","type":"Feature","properties":{"OBJECTID":521,"max_category":0,"label":"0.01 to 0.10 inches","area_acres":27.792346378947418,"county":"Polk County","watershed":"Rough Creek-Ocoee River"},"geometry":{"type":"Polygon","coordinates":[[[-84.487203,35.032222],[-84.487357,35.032725],[-84.487506,35.032523],[-84.487565,35.032826],[-84.488018,35.033101],[-84.487767,35.033344],[-84.487953,35.033626],[-84.488012,35.034528],[-84.487663,35.035275],[-84.487759,35.035706],[-84.488139,35.036143],[-84.488777,35.036229],[-84.489243,35.036489],[-84.489861,35.035225],[-84.489659,35.034951],[-84.488592,35.034503],[-84.488612,35.033987],[-84.48938,35.034318],[-84.489982,35.034982],[-84.490141,35.034272],[-84.490504,35.034313],[-84.490722,35.03456],[-84.49075,35.034797],[-84.490066,35.035193],[-84.489415,35.036461],[-84.490298,35.038189],[-84.490226,35.038443],[-84.489697,35.037508],[-84.488879,35.03782],[-84.48719,35.037457],[-84.486397,35.037823],[-84.486375,35.037617],[-84.485916,35.03724],[-84.485063,35.037302],[-84.484823,35.036865],[-84.485269,35.036714],[-84.486169,35.037015],[-84.486567,35.037385],[-84.487574,35.037159],[-84.488733,35.037519],[-84.489651,35.037367],[-84.489292,35.036714],[-84.488616,35.036346],[-84.487911,35.036241],[-84.487363,35.036591],[-84.486631,35.036739],[-84.486559,35.0366],[-84.487006,35.036282],[-84.48508,35.03648],[-84.484459,35.036358],[-84.485643,35.035981],[-84.486859,35.035899],[-84.487826,35.036102],[-84.487263,35.035142],[-84.486553,35.034984],[-84.484918,35.035386],[-84.484378,35.03538],[-84.48368,35.035799],[-84.483368,35.035629],[-84.483577,35.035348],[-84.483454,35.035094],[-84.484415,35.035074],[-84.486489,35.034677],[-84.486013,35.034456],[-84.484743,35.034372],[-84.483895,35.034008],[-84.483915,35.033873],[-84.484112,35.03385],[-84.485615,35.034111],[-84.485092,35.03345],[-84.485306,35.03319],[-84.486139,35.034096],[-84.486035,35.03356],[-84.485385,35.033081],[-84.485215,35.032738],[-84.485248,35.032174],[-84.485579,35.032332],[-84.485665,35.03294],[-84.486011,35.033194],[-84.485865,35.032474],[-84.486015,35.032306],[-84.486219,35.032385],[-84.486366,35.032905],[-84.486601,35.032922],[-84.48656,35.034303],[-84.486825,35.034758],[-84.487224,35.034973],[-84.487366,35.034913],[-84.487603,35.033489],[-84.486875,35.032612],[-84.487203,35.032222]]]}},{"id":"209307","type":"Feature","properties":{"OBJECTID":4517,"max_category":0,"label":"0.01 to 0.10 inches","area_acres":2.3485131983456573,"county":"Polk County","watershed":"Rough Creek-Ocoee River"},"geometry":{"type":"Polygon","coordinates":[[[-84.511927,35.086635],[-84.511631,35.086841],[-84.511444,35.086714],[-84.511474,35.086197],[-84.512626,35.086389],[-84.513716,35.087092],[-84.513475,35.087274],[-84.512329,35.086699],[-84.511927,35.086635]]]}},{"id":"209310","type":"Feature","properties":{"OBJECTID":4272,"max_category":0,"label":"0.01 to 0.10 inches","area_acres":1.3107728738215358,"county":"Polk County","watershed":"Parksville Lake-Ocoee River"},"geometry":{"type":"Polygon","coordinates":[[[-84.499807,35.117922],[-84.501402,35.119198],[-84.501406,35.119491],[-84.500893,35.118937],[-84.499796,35.118285],[-84.499628,35.118052],[-84.499807,35.117922]]]}},{"id":"209316","type":"Feature","properties":{"OBJECTID":4910,"max_category":0,"label":"0.01 to 0.10 inches","area_acres":1.2215170192467526,"county":"Polk County","watershed":"Rough Creek-Ocoee River"},"geometry":{"type":"Polygon","coordinates":[[[-84.519195,35.05853],[-84.519502,35.058825],[-84.519307,35.059043],[-84.518881,35.058797],[-84.517218,35.059608],[-84.518048,35.059032],[-84.519195,35.05853]]]}},{"id":"209331","type":"Feature","properties":{"OBJECTID":4964,"max_category":0,"label":"0.01 to 0.10 inches","area_acres":1.9475018468517946,"county":"Polk County","watershed":"Rough Creek-Ocoee River"},"geometry":{"type":"Polygon","coordinates":[[[-84.509948,35.082151],[-84.510145,35.082375],[-84.509741,35.082758],[-84.509526,35.083363],[-84.509321,35.083451],[-84.509205,35.083337],[-84.50891,35.083553],[-84.508707,35.083462],[-84.508842,35.083107],[-84.509948,35.082151]]]}},{"id":"209353","type":"Feature","properties":{"OBJECTID":3376,"max_category":0,"label":"0.01 to 0.10 inches","area_acres":1.5057397485926016,"county":"Polk County","watershed":"Rough Creek-Ocoee River"},"geometry":{"type":"Polygon","coordinates":[[[-84.483979,35.078326],[-84.485266,35.079455],[-84.485189,35.079668],[-84.484765,35.07964],[-84.484266,35.07891],[-84.483815,35.07857],[-84.483979,35.078326]]]}},{"id":"209362","type":"Feature","properties":{"OBJECTID":4280,"max_category":0,"label":"0.01 to 0.10 inches","area_acres":2.6305197482173615,"county":"Polk County","watershed":"Parksville Lake-Ocoee River"},"geometry":{"type":"Polygon","coordinates":[[[-84.512677,35.13192],[-84.51283,35.132043],[-84.512429,35.132418],[-84.511991,35.133369],[-84.512486,35.133628],[-84.512831,35.134025],[-84.512672,35.134154],[-84.512436,35.134096],[-84.511858,35.133467],[-84.511634,35.134162],[-84.511455,35.13423],[-84.511221,35.133961],[-84.511325,35.133397],[-84.51181,35.133267],[-84.512354,35.132218],[-84.512677,35.13192]]]}},{"id":"209370","type":"Feature","properties":{"OBJECTID":4444,"max_category":0,"label":"0.01 to 0.10 inches","area_acres":3.5019024657643216,"county":"Polk County","watershed":"Rough Creek-Ocoee River"},"geometry":{"type":"Polygon","coordinates":[[[-84.488672,35.055385],[-84.488581,35.055256],[-84.489544,35.054874],[-84.489509,35.054291],[-84.48975,35.054071],[-84.48997,35.054169],[-84.489906,35.05468],[-84.490048,35.054824],[-84.490458,35.054778],[-84.490826,35.054321],[-84.491382,35.054766],[-84.491183,35.05499],[-84.490609,35.054886],[-84.490878,35.055997],[-84.490446,35.055707],[-84.490171,35.054989],[-84.489773,35.054952],[-84.488672,35.055385]]]}},{"id":"209372","type":"Feature","properties":{"OBJECTID":3370,"max_category":0,"label":"0.01 to 0.10 inches","area_acres":0.5746148893589649,"county":"Polk County","watershed":"Rough Creek-Ocoee River"},"geometry":{"type":"Polygon","coordinates":[[[-84.489832,35.102112],[-84.489921,35.102202],[-84.489673,35.102643],[-84.489454,35.102673],[-84.489204,35.10231],[-84.489832,35.102112]]]}},{"id":"209383","type":"Feature","properties":{"OBJECTID":4261,"max_category":0,"label":"0.01 to 0.10 inches","area_acres":1.938463550727996,"county":"Polk County","watershed":"Parksville Lake-Ocoee River"},"geometry":{"type":"Polygon","coordinates":[[[-84.518775,35.12699],[-84.518963,35.127437],[-84.518514,35.127558],[-84.517785,35.128134],[-84.517349,35.128165],[-84.517408,35.127866],[-84.517887,35.127774],[-84.518757,35.127321],[-84.518731,35.127135],[-84.517384,35.127389],[-84.5171,35.127216],[-84.517177,35.126999],[-84.517714,35.127121],[-84.518775,35.12699]]]}},{"id":"209387","type":"Feature","properties":{"OBJECTID":4344,"max_category":0,"label":"0.01 to 0.10 inches","area_acres":2.216279099089191,"county":"Polk County","watershed":"Rough Creek-Ocoee River"},"geometry":{"type":"Polygon","coordinates":[[[-84.508025,35.067076],[-84.50806,35.067313],[-84.507361,35.067552],[-84.508284,35.067525],[-84.50814,35.06814],[-84.507868,35.068212],[-84.506856,35.067732],[-84.506963,35.067354],[-84.508025,35.067076]]]}},{"id":"209398","type":"Feature","properties":{"OBJECTID":5184,"max_category":0,"label":"0.01 to 0.10 inches","area_acres":0.6138181185063879,"county":"Polk County","watershed":"Rough Creek-Ocoee River"},"geometry":{"type":"Polygon","coordinates":[[[-84.516053,35.060077],[-84.516577,35.060726],[-84.516544,35.060823],[-84.516023,35.060787],[-84.515905,35.06015],[-84.516053,35.060077]]]}},{"id":"209416","type":"Feature","properties":{"OBJECTID":4175,"max_category":0,"label":"0.01 to 0.10 inches","area_acres":0.5199239747460208,"county":"Polk County","watershed":"Parksville Lake-Ocoee River"},"geometry":{"type":"Polygon","coordinates":[[[-84.521008,35.137703],[-84.521102,35.137908],[-84.520775,35.13821],[-84.520538,35.137879],[-84.520671,35.137669],[-84.521008,35.137703]]]}},{"id":"209431","type":"Feature","properties":{"OBJECTID":2981,"max_category":0,"label":"0.01 to 0.10 inches","area_acres":1.3945301921507876,"county":"Polk County","watershed":"Rough Creek-Ocoee River"},"geometry":{"type":"Polygon","coordinates":[[[-84.482293,35.05226],[-84.482457,35.052416],[-84.482235,35.053187],[-84.481669,35.053948],[-84.481505,35.053974],[-84.481514,35.053734],[-84.481911,35.053337],[-84.481949,35.052319],[-84.482293,35.05226]]]}},{"id":"209469","type":"Feature","properties":{"OBJECTID":4559,"max_category":0,"label":"0.01 to 0.10 inches","area_acres":9.695819555403808,"county":"Polk County","watershed":"Rough Creek-Ocoee River"},"geometry":{"type":"Polygon","coordinates":[[[-84.49987,35.035993],[-84.500131,35.036191],[-84.500154,35.036483],[-84.499435,35.037188],[-84.499383,35.037905],[-84.499856,35.038547],[-84.49969,35.038579],[-84.499317,35.038253],[-84.498461,35.038262],[-84.496942,35.037807],[-84.496798,35.037503],[-84.497335,35.03743],[-84.49846,35.037874],[-84.499215,35.037988],[-84.499188,35.037584],[-84.498873,35.037117],[-84.497367,35.036853],[-84.497461,35.036737],[-84.498257,35.036687],[-84.498059,35.036232],[-84.497533,35.035809],[-84.497694,35.035487],[-84.497971,35.035534],[-84.498376,35.035968],[-84.498553,35.036508],[-84.498934,35.03679],[-84.49813,35.035255],[-84.49822,35.035062],[-84.498832,35.035287],[-84.498946,35.035885],[-84.499269,35.036243],[-84.499302,35.036805],[-84.49987,35.035993]]]}},{"id":"209476","type":"Feature","properties":{"OBJECTID":4988,"max_category":0,"label":"0.01 to 0.10 inches","area_acres":1.9947168514391325,"county":"Polk County","watershed":"Rough Creek-Ocoee River"},"geometry":{"type":"Polygon","coordinates":[[[-84.511681,35.059754],[-84.512447,35.060889],[-84.512825,35.061172],[-84.512794,35.061297],[-84.512241,35.061034],[-84.511224,35.060098],[-84.511364,35.059811],[-84.511681,35.059754]]]}},{"id":"209477","type":"Feature","properties":{"OBJECTID":4999,"max_category":0,"label":"0.01 to 0.10 inches","area_acres":3.6553001856754412,"county":"Polk County","watershed":"Parksville Lake-Ocoee River"},"geometry":{"type":"Polygon","coordinates":[[[-84.515488,35.13336],[-84.515558,35.133479],[-84.514268,35.134547],[-84.51505,35.13508],[-84.5148,35.135281],[-84.514774,35.135654],[-84.514462,35.135684],[-84.514339,35.134999],[-84.514078,35.134602],[-84.513829,35.13479],[-84.514029,35.135401],[-84.513609,35.135583],[-84.513588,35.13477],[-84.513757,35.13465],[-84.513215,35.13396],[-84.513475,35.133886],[-84.513941,35.134489],[-84.515488,35.13336]]]}},{"id":"209478","type":"Feature","properties":{"OBJECTID":4200,"max_category":0,"label":"0.01 to 0.10 inches","area_acres":0.6735952477561098,"county":"Polk County","watershed":"Rough Creek-Ocoee River"},"geometry":{"type":"Polygon","coordinates":[[[-84.522193,35.118606],[-84.522167,35.118885],[-84.521156,35.118881],[-84.521304,35.118676],[-84.522193,35.118606]]]}},{"id":"209495","type":"Feature","properties":{"OBJECTID":4385,"max_category":0,"label":"0.01 to 0.10 inches","area_acres":0.6099757929730331,"county":"Polk County","watershed":"Rough Creek-Ocoee River"},"geometry":{"type":"Polygon","coordinates":[[[-84.497615,35.088411],[-84.497777,35.088672],[-84.497225,35.08917],[-84.497039,35.088972],[-84.497615,35.088411]]]}},{"id":"209525","type":"Feature","properties":{"OBJECTID":3791,"max_category":0,"label":"0.01 to 0.10 inches","area_acres":1.1362126987449934,"county":"Polk County","watershed":"Parksville Lake-Ocoee River"},"geometry":{"type":"Polygon","coordinates":[[[-84.523073,35.146415],[-84.523042,35.146696],[-84.521403,35.14677],[-84.521687,35.14648],[-84.523073,35.146415]]]}},{"id":"209527","type":"Feature","properties":{"OBJECTID":4368,"max_category":0,"label":"0.01 to 0.10 inches","area_acres":5.123682161456461,"county":"Polk County","watershed":"Rough Creek-Ocoee River"},"geometry":{"type":"Polygon","coordinates":[[[-84.506358,35.079563],[-84.506446,35.07972],[-84.505523,35.080047],[-84.504952,35.080479],[-84.504677,35.080446],[-84.504227,35.080684],[-84.503463,35.08173],[-84.502101,35.081716],[-84.501828,35.081552],[-84.502093,35.081272],[-84.502682,35.081602],[-84.503426,35.081555],[-84.503682,35.081122],[-84.502804,35.081216],[-84.502485,35.081],[-84.503189,35.080726],[-84.503886,35.080929],[-84.504039,35.080655],[-84.502972,35.080151],[-84.503192,35.079853],[-84.503604,35.080013],[-84.504181,35.080541],[-84.505206,35.079926],[-84.505475,35.079906],[-84.505588,35.079633],[-84.506358,35.079563]]]}},{"id":"209529","type":"Feature","properties":{"OBJECTID":5187,"max_category":0,"label":"0.01 to 0.10 inches","area_acres":0.8865955061081913,"county":"Polk County","watershed":"Rough Creek-Ocoee River"},"geometry":{"type":"Polygon","coordinates":[[[-84.506406,35.08424],[-84.506495,35.084362],[-84.506208,35.084692],[-84.506654,35.085166],[-84.506702,35.085453],[-84.506495,35.085562],[-84.506016,35.084714],[-84.506406,35.08424]]]}},{"id":"209530","type":"Feature","properties":{"OBJECTID":3182,"max_category":0,"label":"0.01 to 0.10 inches","area_acres":9.2482457510282,"county":"Polk County","watershed":"Grassy Creek-Ocoee River"},"geometry":{"type":"Polygon","coordinates":[[[-84.48406,35.026284],[-84.484443,35.026522],[-84.483334,35.0269],[-84.483052,35.027294],[-84.48222,35.027281],[-84.482769,35.027443],[-84.486013,35.027296],[-84.486286,35.027508],[-84.485841,35.027721],[-84.484223,35.027795],[-84.482659,35.027671],[-84.48216,35.027421],[-84.481104,35.027552],[-84.480852,35.028026],[-84.481606,35.028026],[-84.481759,35.02812],[-84.481717,35.028329],[-84.481221,35.028427],[-84.480821,35.028335],[-84.479704,35.02879],[-84.480618,35.028133],[-84.480784,35.027108],[-84.481032,35.027103],[-84.481177,35.027405],[-84.481992,35.027163],[-84.481948,35.026362],[-84.482133,35.026326],[-84.482456,35.02657],[-84.482315,35.027106],[-84.48276,35.026985],[-84.48297,35.026561],[-84.48406,35.026284]]]}},{"id":"209547","type":"Feature","properties":{"OBJECTID":4346,"max_category":0,"label":"0.01 to 0.10 inches","area_acres":23.357624302510654,"county":"Polk County","watershed":"Rough Creek-Ocoee River"},"geometry":{"type":"Polygon","coordinates":[[[-84.514582,35.07217],[-84.515064,35.072203],[-84.51536,35.071901],[-84.514809,35.070953],[-84.51499,35.070923],[-84.515386,35.071186],[-84.515447,35.070889],[-84.515788,35.070779],[-84.515868,35.071394],[-84.515687,35.07171],[-84.515935,35.071987],[-84.515462,35.07208],[-84.515197,35.072324],[-84.515633,35.07267],[-84.516128,35.072567],[-84.516217,35.072658],[-84.515815,35.072972],[-84.515279,35.072628],[-84.514843,35.073058],[-84.514974,35.073522],[-84.514831,35.073672],[-84.51455,35.0736],[-84.514519,35.073272],[-84.515136,35.072545],[-84.514803,35.072303],[-84.513382,35.072753],[-84.513935,35.073569],[-84.513923,35.073772],[-84.513357,35.073741],[-84.513049,35.072824],[-84.512493,35.072958],[-84.512937,35.073601],[-84.512949,35.073889],[-84.512736,35.073966],[-84.512288,35.072995],[-84.511744,35.073322],[-84.511612,35.072903],[-84.511251,35.072715],[-84.510899,35.073032],[-84.510654,35.072823],[-84.510143,35.072732],[-84.509209,35.073073],[-84.508904,35.073618],[-84.508479,35.073952],[-84.50862,35.07417],[-84.508238,35.073954],[-84.508644,35.073557],[-84.508692,35.07328],[-84.508351,35.072311],[-84.508601,35.072269],[-84.50892,35.072693],[-84.508907,35.07196],[-84.509221,35.071646],[-84.509367,35.071783],[-84.509421,35.072572],[-84.509742,35.072476],[-84.50984,35.071922],[-84.509595,35.07124],[-84.510111,35.071027],[-84.510467,35.071219],[-84.510197,35.071644],[-84.510172,35.07251],[-84.511229,35.072492],[-84.511395,35.072169],[-84.510926,35.071656],[-84.511578,35.070948],[-84.511301,35.070709],[-84.511362,35.070478],[-84.51184,35.070767],[-84.512685,35.070228],[-84.513312,35.070054],[-84.513579,35.069809],[-84.513888,35.06877],[-84.514213,35.068582],[-84.514354,35.068826],[-84.51407,35.06958],[-84.514569,35.069336],[-84.51465,35.069058],[-84.514942,35.068884],[-84.515177,35.069164],[-84.515141,35.069374],[-84.514618,35.069751],[-84.514851,35.069882],[-84.514897,35.070121],[-84.513836,35.069816],[-84.513557,35.070043],[-84.513801,35.070154],[-84.513965,35.070626],[-84.513667,35.070607],[-84.513193,35.070203],[-84.511838,35.070953],[-84.511448,35.071369],[-84.511624,35.07199],[-84.512378,35.071886],[-84.512459,35.072032],[-84.51135,35.072596],[-84.511832,35.072846],[-84.513496,35.072552],[-84.512896,35.071988],[-84.512978,35.071611],[-84.513774,35.072372],[-84.514233,35.072296],[-84.51395,35.07133],[-84.514221,35.071169],[-84.514456,35.071348],[-84.514582,35.07217]]]}},{"id":"209564","type":"Feature","properties":{"OBJECTID":3413,"max_category":0,"label":"0.01 to 0.10 inches","area_acres":7.116440837800062,"county":"Polk County","watershed":"Rough Creek-Ocoee River"},"geometry":{"type":"Polygon","coordinates":[[[-84.479382,35.071683],[-84.47949,35.071824],[-84.478311,35.072645],[-84.477144,35.07395],[-84.477226,35.07467],[-84.477756,35.075094],[-84.477469,35.075595],[-84.476846,35.075571],[-84.47705,35.074638],[-84.476971,35.073972],[-84.475718,35.074029],[-84.47454,35.07389],[-84.473706,35.073982],[-84.47339,35.07387],[-84.473513,35.073487],[-84.473936,35.073334],[-84.474467,35.073722],[-84.475219,35.073798],[-84.475198,35.073407],[-84.475412,35.073294],[-84.47575,35.073884],[-84.477013,35.073827],[-84.477513,35.073396],[-84.476376,35.072996],[-84.476387,35.072858],[-84.47719,35.072944],[-84.477677,35.073246],[-84.477847,35.072984],[-84.477264,35.072582],[-84.477295,35.072432],[-84.477938,35.072574],[-84.478263,35.072504],[-84.479382,35.071683]]]}},{"id":"209565","type":"Feature","properties":{"OBJECTID":4211,"max_category":0,"label":"0.01 to 0.10 inches","area_acres":1.3962527866628758,"county":"Polk County","watershed":"Rough Creek-Ocoee River"},"geometry":{"type":"Polygon","coordinates":[[[-84.498714,35.09905],[-84.499109,35.098953],[-84.499123,35.098527],[-84.499596,35.099129],[-84.499479,35.099379],[-84.499243,35.099376],[-84.499172,35.099662],[-84.498878,35.099779],[-84.498714,35.09905]]]}},{"id":"209566","type":"Feature","properties":{"OBJECTID":4141,"max_category":0,"label":"0.01 to 0.10 inches","area_acres":0.7555560815418391,"county":"Polk County","watershed":"Rough Creek-Ocoee River"},"geometry":{"type":"Polygon","coordinates":[[[-84.517006,35.116696],[-84.517094,35.116787],[-84.516884,35.117035],[-84.516438,35.117056],[-84.516166,35.116907],[-84.516336,35.116537],[-84.516846,35.116812],[-84.517006,35.116696]]]}},{"id":"209572","type":"Feature","properties":{"OBJECTID":4147,"max_category":0,"label":"0.01 to 0.10 inches","area_acres":2.052283786478766,"county":"Polk County","watershed":"Rough Creek-Ocoee River"},"geometry":{"type":"Polygon","coordinates":[[[-84.505917,35.11269],[-84.506539,35.112936],[-84.507285,35.113067],[-84.507997,35.112981],[-84.50824,35.113114],[-84.506688,35.113155],[-84.506262,35.113422],[-84.506218,35.113204],[-84.505191,35.113018],[-84.505347,35.11275],[-84.50576,35.112832],[-84.505917,35.11269]]]}},{"id":"209596","type":"Feature","properties":{"OBJECTID":1043,"max_category":0,"label":"0.01 to 0.10 inches","area_acres":0.9927977379119131,"county":"Polk County","watershed":"Parksville Lake-Ocoee River"},"geometry":{"type":"Polygon","coordinates":[[[-84.496254,35.119377],[-84.496371,35.119538],[-84.496029,35.119708],[-84.496228,35.120188],[-84.496104,35.120379],[-84.495689,35.119236],[-84.495731,35.118923],[-84.495936,35.118963],[-84.496077,35.119428],[-84.496254,35.119377]]]}},{"id":"209599","type":"Feature","properties":{"OBJECTID":4542,"max_category":0,"label":"0.01 to 0.10 inches","area_acres":3.075987289681502,"county":"Polk County","watershed":"Rough Creek-Ocoee River"},"geometry":{"type":"Polygon","coordinates":[[[-84.493471,35.034386],[-84.495664,35.034316],[-84.496294,35.034815],[-84.495076,35.034731],[-84.495574,35.035105],[-84.495382,35.035265],[-84.49497,35.035131],[-84.494495,35.034703],[-84.493434,35.034546],[-84.493471,35.034386]]]}},{"id":"209620","type":"Feature","properties":{"OBJECTID":4345,"max_category":0,"label":"0.01 to 0.10 inches","area_acres":2.7836982617870785,"county":"Polk County","watershed":"Rough Creek-Ocoee River"},"geometry":{"type":"Polygon","coordinates":[[[-84.506505,35.066375],[-84.506763,35.066494],[-84.506967,35.067346],[-84.506578,35.066762],[-84.504308,35.066728],[-84.504158,35.066613],[-84.504684,35.066473],[-84.504397,35.066171],[-84.50453,35.06597],[-84.504865,35.066027],[-84.505345,35.06651],[-84.506505,35.066375]]]}},{"id":"209626","type":"Feature","properties":{"OBJECTID":4337,"max_category":0,"label":"0.01 to 0.10 inches","area_acres":1.9297651321033389,"county":"Polk County","watershed":"Rough Creek-Ocoee River"},"geometry":{"type":"Polygon","coordinates":[[[-84.494911,35.078104],[-84.494889,35.078522],[-84.493129,35.078576],[-84.493009,35.078469],[-84.493225,35.078182],[-84.494911,35.078104]]]}},{"id":"209627","type":"Feature","properties":{"OBJECTID":4968,"max_category":0,"label":"0.01 to 0.10 inches","area_acres":2.7672252692854724,"county":"Polk County","watershed":"Rough Creek-Ocoee River"},"geometry":{"type":"Polygon","coordinates":[[[-84.501099,35.084977],[-84.501368,35.085215],[-84.501248,35.085401],[-84.500357,35.085892],[-84.499768,35.085951],[-84.500262,35.086419],[-84.500699,35.086506],[-84.500693,35.086766],[-84.501107,35.086915],[-84.501087,35.087062],[-84.500593,35.087232],[-84.499927,35.08626],[-84.499098,35.085837],[-84.500279,35.085757],[-84.5008,35.085308],[-84.500839,35.08501],[-84.501099,35.084977]]]}}],"meta":{"source":"NDFD","generated_at":"2026-09-25T09:31:45.753179+00:00","n_flagged":540,"n_debris":225300,"min_category_shipped":0}}