{"type":"FeatureCollection","features":[{"id":"490","type":"Feature","properties":{"OBJECTID":705,"max_category":0,"label":"0.01 to 0.10 inches","area_acres":64.41474752997527,"county":"Avery County","watershed":"Headwaters North Toe River"},"geometry":{"type":"Polygon","coordinates":[[[-82.068902,36.096804],[-82.069011,36.096943],[-82.065605,36.100385],[-82.06914,36.097567],[-82.069183,36.097901],[-82.06748,36.099372],[-82.068501,36.098792],[-82.069778,36.09772],[-82.069796,36.098081],[-82.068874,36.098991],[-82.068121,36.099407],[-82.068622,36.099397],[-82.069597,36.098774],[-82.069106,36.099528],[-82.067846,36.099886],[-82.06675,36.099804],[-82.064722,36.101157],[-82.066013,36.101795],[-82.067966,36.101637],[-82.069073,36.100936],[-82.069525,36.100348],[-82.069715,36.099705],[-82.070126,36.099439],[-82.070244,36.099581],[-82.069911,36.099939],[-82.069892,36.100349],[-82.068842,36.101344],[-82.071065,36.100982],[-82.071477,36.101219],[-82.071441,36.101369],[-82.070745,36.101282],[-82.070516,36.101522],[-82.069908,36.101415],[-82.068914,36.101481],[-82.06875,36.10154],[-82.068646,36.101925],[-82.067634,36.101815],[-82.066254,36.101905],[-82.065919,36.102215],[-82.065753,36.101793],[-82.064737,36.101311],[-82.064187,36.101105],[-82.063213,36.101184],[-82.061962,36.101952],[-82.06423,36.102311],[-82.064304,36.102482],[-82.063212,36.102557],[-82.062464,36.10211],[-82.061724,36.102101],[-82.061097,36.102963],[-82.062556,36.102956],[-82.063066,36.103093],[-82.063158,36.103301],[-82.061093,36.103326],[-82.060517,36.104022],[-82.061083,36.104013],[-82.061554,36.104178],[-82.061564,36.104337],[-82.06018,36.104256],[-82.059513,36.104972],[-82.058892,36.10514],[-82.059135,36.105266],[-82.059896,36.105167],[-82.060885,36.105509],[-82.06212,36.104564],[-82.062198,36.104782],[-82.061267,36.105586],[-82.061843,36.105787],[-82.062837,36.106437],[-82.064092,36.106626],[-82.064595,36.106287],[-82.066201,36.105968],[-82.067076,36.104844],[-82.068527,36.103591],[-82.069408,36.102952],[-82.069606,36.102963],[-82.069602,36.103108],[-82.07036,36.102923],[-82.070515,36.103046],[-82.07037,36.103196],[-82.068626,36.103714],[-82.067233,36.104917],[-82.066286,36.106099],[-82.064665,36.106424],[-82.064145,36.106767],[-82.062914,36.106578],[-82.063037,36.106776],[-82.063502,36.106998],[-82.064412,36.10703],[-82.065977,36.106414],[-82.069068,36.106336],[-82.070425,36.106467],[-82.071261,36.106336],[-82.072227,36.105927],[-82.073019,36.105357],[-82.073395,36.105032],[-82.073631,36.104518],[-82.074733,36.103455],[-82.074901,36.103522],[-82.074549,36.104046],[-82.074616,36.104266],[-82.074052,36.104758],[-82.074686,36.104683],[-82.075368,36.104099],[-82.075579,36.104225],[-82.076499,36.103575],[-82.076866,36.103544],[-82.076873,36.103712],[-82.075546,36.104433],[-82.075445,36.104567],[-82.075725,36.104678],[-82.075517,36.104823],[-82.07419,36.104866],[-82.072313,36.106058],[-82.071331,36.106473],[-82.070807,36.106545],[-82.070973,36.106645],[-82.072628,36.106659],[-82.074212,36.106454],[-82.075853,36.105973],[-82.079125,36.10306],[-82.079318,36.103154],[-82.079349,36.103475],[-82.078849,36.103595],[-82.07672,36.105433],[-82.077481,36.105135],[-82.078436,36.104112],[-82.078861,36.104029],[-82.079292,36.103715],[-82.079418,36.103843],[-82.07926,36.104156],[-82.079857,36.104032],[-82.079918,36.104203],[-82.079679,36.104396],[-82.078815,36.104475],[-82.07854,36.104797],[-82.077723,36.105211],[-82.079928,36.105156],[-82.080049,36.105321],[-82.079639,36.105553],[-82.076625,36.105657],[-82.076262,36.105914],[-82.079286,36.105915],[-82.079466,36.105999],[-82.079335,36.106164],[-82.076168,36.106136],[-82.074749,36.106554],[-82.073657,36.106693],[-82.07515,36.107833],[-82.075067,36.108086],[-82.074758,36.108022],[-82.073106,36.106762],[-82.070931,36.106789],[-82.069574,36.106494],[-82.066025,36.106555],[-82.064482,36.107167],[-82.063899,36.107185],[-82.064944,36.108911],[-82.06491,36.109725],[-82.065422,36.110275],[-82.066182,36.110668],[-82.066689,36.110762],[-82.06662,36.110947],[-82.06641,36.110969],[-82.064999,36.110145],[-82.064737,36.109768],[-82.064773,36.108963],[-82.063672,36.107164],[-82.063034,36.10697],[-82.062683,36.106542],[-82.061659,36.105867],[-82.05978,36.10531],[-82.06001,36.105581],[-82.060177,36.107262],[-82.059849,36.107335],[-82.059507,36.106739],[-82.059529,36.105549],[-82.058566,36.105118],[-82.059418,36.104846],[-82.060677,36.103675],[-82.05971,36.102779],[-82.059752,36.102602],[-82.060854,36.103324],[-82.061224,36.102352],[-82.062952,36.101145],[-82.063083,36.100113],[-82.063267,36.099862],[-82.063454,36.099948],[-82.063356,36.100928],[-82.063689,36.100949],[-82.063943,36.099814],[-82.064277,36.100206],[-82.063954,36.100968],[-82.064461,36.101065],[-82.064858,36.100945],[-82.065432,36.100478],[-82.065751,36.099947],[-82.065846,36.099299],[-82.066284,36.099374],[-82.066759,36.09885],[-82.066986,36.09803],[-82.067662,36.097617],[-82.068477,36.096829],[-82.068902,36.096804]],[[-82.077383,36.105418],[-82.07726,36.105421],[-82.077057,36.105503],[-82.077291,36.105497],[-82.077383,36.105418]]]}},{"id":"1559","type":"Feature","properties":{"OBJECTID":3422,"max_category":0,"label":"0.01 to 0.10 inches","area_acres":1.476633693586096,"county":"Avery County","watershed":"Headwaters North Toe River"},"geometry":{"type":"Polygon","coordinates":[[[-82.05309,36.121879],[-82.055104,36.123093],[-82.055773,36.123311],[-82.055864,36.123491],[-82.055666,36.123548],[-82.055163,36.123332],[-82.053994,36.122549],[-82.05281,36.121985],[-82.05309,36.121879]]]}},{"id":"1666","type":"Feature","properties":{"OBJECTID":3335,"max_category":0,"label":"0.01 to 0.10 inches","area_acres":19.11088122491555,"county":"Avery County","watershed":"Headwaters North Toe River"},"geometry":{"type":"Polygon","coordinates":[[[-82.010675,36.123535],[-82.010854,36.124151],[-82.010783,36.124975],[-82.011432,36.125526],[-82.011701,36.126063],[-82.011613,36.127236],[-82.012283,36.128868],[-82.012697,36.129296],[-82.012928,36.12988],[-82.012946,36.130281],[-82.013198,36.130685],[-82.013117,36.131239],[-82.014232,36.132516],[-82.015237,36.132806],[-82.015977,36.133209],[-82.016009,36.133378],[-82.015692,36.133444],[-82.014889,36.133028],[-82.014627,36.133034],[-82.014786,36.133286],[-82.016702,36.133924],[-82.017133,36.134458],[-82.016871,36.134591],[-82.015674,36.13368],[-82.014794,36.133488],[-82.014701,36.134635],[-82.014812,36.13488],[-82.015815,36.135677],[-82.016042,36.136056],[-82.016014,36.136228],[-82.015795,36.136216],[-82.015986,36.136405],[-82.015933,36.136695],[-82.016321,36.137222],[-82.015718,36.137282],[-82.015647,36.13654],[-82.0152,36.136191],[-82.014653,36.135211],[-82.014584,36.134768],[-82.014089,36.135479],[-82.014122,36.136397],[-82.013829,36.136667],[-82.013787,36.138496],[-82.013543,36.138248],[-82.013491,36.136856],[-82.013911,36.136331],[-82.013885,36.135454],[-82.014457,36.134614],[-82.01461,36.133295],[-82.013617,36.13211],[-82.013594,36.132529],[-82.013085,36.132972],[-82.012725,36.132998],[-82.012004,36.133446],[-82.011777,36.133445],[-82.011875,36.133128],[-82.012256,36.132827],[-82.012879,36.132714],[-82.013196,36.132498],[-82.013444,36.132],[-82.012872,36.131128],[-82.013024,36.130723],[-82.012775,36.130333],[-82.012757,36.129933],[-82.012532,36.129361],[-82.012114,36.128925],[-82.011727,36.12776],[-82.010428,36.129083],[-82.009745,36.129417],[-82.009031,36.130029],[-82.008753,36.130128],[-82.008459,36.130046],[-82.009487,36.12932],[-82.010333,36.128957],[-82.011587,36.127649],[-82.011396,36.127051],[-82.01153,36.126116],[-82.011309,36.125654],[-82.010806,36.125243],[-82.010564,36.125411],[-82.010311,36.125191],[-82.010325,36.125024],[-82.010604,36.124897],[-82.010675,36.123535]]]}},{"id":"2571","type":"Feature","properties":{"OBJECTID":3421,"max_category":0,"label":"0.01 to 0.10 inches","area_acres":2.3247277000447943,"county":"Avery County","watershed":"Headwaters North Toe River"},"geometry":{"type":"Polygon","coordinates":[[[-82.054561,36.117307],[-82.055129,36.117303],[-82.056596,36.118518],[-82.05616,36.118495],[-82.054816,36.117444],[-82.053526,36.117278],[-82.052887,36.116871],[-82.054561,36.117307]]]}},{"id":"12178","type":"Feature","properties":{"OBJECTID":4452,"max_category":0,"label":"0.01 to 0.10 inches","area_acres":20.95945389840652,"county":"Unicoi County","watershed":"Rice Creek"},"geometry":{"type":"Polygon","coordinates":[[[-82.569971,35.988695],[-82.570513,35.989222],[-82.569966,35.989305],[-82.569385,35.989784],[-82.57036,35.990234],[-82.570779,35.98984],[-82.570845,35.989334],[-82.571087,35.989458],[-82.571297,35.989235],[-82.57181,35.989331],[-82.571014,35.989901],[-82.57134,35.989892],[-82.572172,35.989404],[-82.572355,35.989471],[-82.571961,35.989982],[-82.570914,35.990075],[-82.570559,35.990385],[-82.570835,35.990594],[-82.57161,35.990626],[-82.572108,35.990419],[-82.572256,35.990007],[-82.572544,35.989941],[-82.572734,35.989605],[-82.573044,35.989707],[-82.572879,35.990067],[-82.573359,35.990042],[-82.573338,35.990407],[-82.572323,35.990552],[-82.573469,35.990969],[-82.573482,35.991167],[-82.57264,35.991034],[-82.57202,35.99062],[-82.571391,35.990775],[-82.572188,35.990954],[-82.572197,35.991218],[-82.571027,35.990827],[-82.571476,35.991317],[-82.573364,35.991949],[-82.57406,35.991551],[-82.574211,35.991721],[-82.57379,35.992096],[-82.574053,35.992232],[-82.574602,35.99181],[-82.574919,35.991856],[-82.574959,35.991986],[-82.574476,35.992448],[-82.576006,35.992839],[-82.576184,35.992994],[-82.576916,35.992758],[-82.577079,35.992938],[-82.576867,35.99323],[-82.576238,35.993379],[-82.574562,35.992731],[-82.57476,35.99327],[-82.57514,35.993517],[-82.574894,35.993691],[-82.574427,35.993341],[-82.574394,35.99279],[-82.574119,35.992556],[-82.573859,35.992593],[-82.573545,35.992307],[-82.57233,35.991866],[-82.572977,35.992724],[-82.572713,35.992825],[-82.572516,35.992696],[-82.57228,35.992831],[-82.571944,35.991707],[-82.571223,35.991321],[-82.571138,35.991671],[-82.571613,35.99206],[-82.571887,35.992554],[-82.571662,35.992842],[-82.571449,35.992845],[-82.571251,35.992085],[-82.570964,35.991715],[-82.571041,35.991184],[-82.570751,35.990725],[-82.570069,35.990209],[-82.568986,35.989814],[-82.568477,35.989376],[-82.568287,35.989492],[-82.567686,35.989429],[-82.568418,35.989235],[-82.568257,35.988652],[-82.568401,35.98825],[-82.568673,35.988376],[-82.569169,35.988282],[-82.569641,35.988533],[-82.569527,35.988737],[-82.568612,35.988863],[-82.56868,35.989335],[-82.569061,35.989006],[-82.569352,35.988973],[-82.569287,35.989242],[-82.568896,35.989527],[-82.569139,35.989709],[-82.569971,35.988695]]]}},{"id":"12179","type":"Feature","properties":{"OBJECTID":6492,"max_category":0,"label":"0.01 to 0.10 inches","area_acres":1.4819562000564623,"county":"Unicoi County","watershed":"Rice Creek"},"geometry":{"type":"Polygon","coordinates":[[[-82.548614,36.012215],[-82.548706,36.012358],[-82.548363,36.012995],[-82.548529,36.013236],[-82.548196,36.0131],[-82.548344,36.013426],[-82.547736,36.013361],[-82.547658,36.013144],[-82.547954,36.012706],[-82.548614,36.012215]]]}},{"id":"12184","type":"Feature","properties":{"OBJECTID":2980,"max_category":0,"label":"0.01 to 0.10 inches","area_acres":5.881937753971295,"county":"Unicoi County","watershed":"Rice Creek"},"geometry":{"type":"Polygon","coordinates":[[[-82.529666,36.002126],[-82.529931,36.002617],[-82.531286,36.002548],[-82.531691,36.002728],[-82.532909,36.002665],[-82.532993,36.00278],[-82.531053,36.002834],[-82.530045,36.003001],[-82.529603,36.003397],[-82.528415,36.003294],[-82.527736,36.003639],[-82.527529,36.003595],[-82.527493,36.003365],[-82.528149,36.003028],[-82.52879,36.003031],[-82.529643,36.002816],[-82.529382,36.002635],[-82.528181,36.002676],[-82.528272,36.002429],[-82.528996,36.002311],[-82.529156,36.002064],[-82.529666,36.002126]]]}},{"id":"12189","type":"Feature","properties":{"OBJECTID":5537,"max_category":0,"label":"0.01 to 0.10 inches","area_acres":8.445598658740638,"county":"Unicoi County","watershed":"Upper South Indian Creek"},"geometry":{"type":"Polygon","coordinates":[[[-82.543282,36.020204],[-82.543476,36.020366],[-82.5434,36.020586],[-82.541795,36.020803],[-82.543296,36.02099],[-82.543085,36.021367],[-82.542318,36.021227],[-82.542482,36.021568],[-82.542285,36.021667],[-82.54188,36.021459],[-82.54167,36.020957],[-82.541145,36.020517],[-82.540755,36.02072],[-82.53994,36.020842],[-82.539892,36.020541],[-82.539359,36.01994],[-82.539531,36.019888],[-82.540076,36.020353],[-82.540108,36.020665],[-82.54042,36.02059],[-82.540857,36.020151],[-82.540964,36.018751],[-82.540383,36.018602],[-82.540305,36.018383],[-82.540836,36.018187],[-82.541156,36.018249],[-82.541473,36.018629],[-82.541185,36.018992],[-82.54103,36.020199],[-82.540668,36.020582],[-82.541427,36.020052],[-82.541556,36.01963],[-82.54188,36.019366],[-82.542386,36.0195],[-82.541871,36.019932],[-82.542128,36.020078],[-82.54156,36.020232],[-82.541302,36.020457],[-82.541404,36.020561],[-82.542378,36.020505],[-82.543282,36.020204]]]}},{"id":"12191","type":"Feature","properties":{"OBJECTID":6152,"max_category":0,"label":"0.01 to 0.10 inches","area_acres":7.544724310980298,"county":"Unicoi County","watershed":"Upper South Indian Creek"},"geometry":{"type":"Polygon","coordinates":[[[-82.546669,36.031816],[-82.548059,36.031891],[-82.548113,36.032038],[-82.54703,36.032649],[-82.547182,36.033032],[-82.546985,36.033284],[-82.546744,36.033191],[-82.546824,36.032743],[-82.546407,36.033106],[-82.54642,36.033603],[-82.545499,36.034712],[-82.545346,36.034372],[-82.546246,36.033437],[-82.546232,36.033126],[-82.545278,36.033236],[-82.544105,36.033679],[-82.543638,36.033696],[-82.542109,36.033193],[-82.54226,36.03302],[-82.542784,36.033003],[-82.543155,36.03343],[-82.544034,36.033542],[-82.545003,36.033189],[-82.543834,36.032652],[-82.544045,36.032424],[-82.544518,36.032391],[-82.544636,36.032851],[-82.544897,36.033022],[-82.546042,36.033016],[-82.546727,36.032589],[-82.545893,36.032636],[-82.545409,36.032383],[-82.54541,36.032227],[-82.546534,36.032206],[-82.546833,36.032416],[-82.547366,36.032345],[-82.547786,36.032036],[-82.546706,36.03215],[-82.546455,36.031926],[-82.546669,36.031816]]]}},{"id":"12192","type":"Feature","properties":{"OBJECTID":5612,"max_category":0,"label":"0.01 to 0.10 inches","area_acres":4.546200336184221,"county":"Unicoi County","watershed":"Upper South Indian Creek"},"geometry":{"type":"Polygon","coordinates":[[[-82.542171,36.022655],[-82.542359,36.022835],[-82.54183,36.023156],[-82.541784,36.023396],[-82.542337,36.023343],[-82.542458,36.023606],[-82.541451,36.023776],[-82.541972,36.023763],[-82.542483,36.023941],[-82.541565,36.024053],[-82.542137,36.024505],[-82.54174,36.024789],[-82.541405,36.024153],[-82.540901,36.023852],[-82.540519,36.023823],[-82.540538,36.02287],[-82.540699,36.022781],[-82.54088,36.022888],[-82.540749,36.023714],[-82.541137,36.023755],[-82.541474,36.023432],[-82.541365,36.022758],[-82.541516,36.022647],[-82.542171,36.022655]]]}},{"id":"12195","type":"Feature","properties":{"OBJECTID":5621,"max_category":0,"label":"0.01 to 0.10 inches","area_acres":3.2151279129481583,"county":"Unicoi County","watershed":"Upper South Indian Creek"},"geometry":{"type":"Polygon","coordinates":[[[-82.538618,36.0188],[-82.53885,36.01902],[-82.538679,36.019763],[-82.538976,36.020359],[-82.539092,36.021414],[-82.538849,36.02174],[-82.538849,36.021504],[-82.538542,36.021357],[-82.538445,36.020714],[-82.538604,36.020453],[-82.538444,36.019976],[-82.538094,36.019656],[-82.538124,36.01929],[-82.538384,36.019317],[-82.538374,36.018934],[-82.538618,36.0188]]]}},{"id":"12196","type":"Feature","properties":{"OBJECTID":3608,"max_category":0,"label":"0.01 to 0.10 inches","area_acres":30.37740999215147,"county":"Unicoi County","watershed":"Rice Creek"},"geometry":{"type":"Polygon","coordinates":[[[-82.524511,35.983253],[-82.525875,35.983727],[-82.526578,35.984636],[-82.526667,35.986477],[-82.526936,35.986522],[-82.527402,35.986196],[-82.527608,35.986388],[-82.52727,35.986697],[-82.527907,35.986537],[-82.528063,35.986727],[-82.527854,35.987005],[-82.526876,35.987012],[-82.526284,35.987386],[-82.525988,35.987957],[-82.526005,35.988332],[-82.527549,35.987216],[-82.528323,35.987223],[-82.5283,35.987365],[-82.52793,35.987516],[-82.528004,35.987764],[-82.526883,35.987946],[-82.526564,35.988225],[-82.527763,35.988342],[-82.527822,35.988551],[-82.527558,35.988586],[-82.527652,35.988899],[-82.527242,35.988831],[-82.526628,35.988421],[-82.526027,35.988836],[-82.525971,35.989369],[-82.526263,35.98936],[-82.527148,35.988897],[-82.527695,35.989114],[-82.527717,35.989241],[-82.526545,35.989523],[-82.527142,35.989666],[-82.527877,35.989452],[-82.527977,35.989697],[-82.527463,35.990089],[-82.527174,35.990136],[-82.525809,35.989681],[-82.525187,35.990641],[-82.525832,35.990995],[-82.526212,35.990993],[-82.526287,35.991139],[-82.525789,35.991356],[-82.525016,35.990886],[-82.524603,35.991873],[-82.525605,35.991834],[-82.525472,35.992104],[-82.524665,35.992161],[-82.524638,35.992665],[-82.525001,35.993232],[-82.525857,35.993614],[-82.52581,35.99251],[-82.526138,35.992423],[-82.526098,35.993906],[-82.525099,35.993502],[-82.524465,35.992709],[-82.524397,35.991886],[-82.525203,35.990257],[-82.525182,35.989795],[-82.524536,35.988934],[-82.522577,35.987454],[-82.522621,35.987329],[-82.522801,35.987351],[-82.523834,35.987915],[-82.524692,35.988754],[-82.525365,35.989952],[-82.525326,35.989214],[-82.52424,35.988096],[-82.524109,35.987682],[-82.522643,35.986627],[-82.522789,35.986293],[-82.523034,35.986277],[-82.524499,35.98757],[-82.525495,35.989156],[-82.525555,35.989645],[-82.525802,35.989278],[-82.525682,35.987307],[-82.524109,35.985873],[-82.523567,35.985705],[-82.523293,35.985239],[-82.523431,35.985072],[-82.523208,35.984833],[-82.523373,35.984758],[-82.523385,35.984444],[-82.523866,35.984623],[-82.525173,35.986327],[-82.525653,35.986696],[-82.525914,35.987812],[-82.526007,35.98742],[-82.52655,35.98703],[-82.526453,35.98481],[-82.525769,35.98424],[-82.524392,35.983516],[-82.524511,35.983253]],[[-82.524817,35.988377],[-82.524932,35.988561],[-82.524995,35.988609],[-82.524921,35.988456],[-82.524817,35.988377]]]}},{"id":"12197","type":"Feature","properties":{"OBJECTID":6533,"max_category":0,"label":"0.01 to 0.10 inches","area_acres":1.075439628996111,"county":"Unicoi County","watershed":"Rice Creek"},"geometry":{"type":"Polygon","coordinates":[[[-82.546939,36.014133],[-82.547029,36.014248],[-82.546769,36.014404],[-82.546766,36.014689],[-82.546254,36.015054],[-82.54618,36.014918],[-82.546434,36.014526],[-82.54609,36.014685],[-82.545939,36.014579],[-82.546232,36.014326],[-82.546939,36.014133]]]}},{"id":"12199","type":"Feature","properties":{"OBJECTID":3816,"max_category":0,"label":"0.01 to 0.10 inches","area_acres":1.691501812653208,"county":"Unicoi County","watershed":"Rice Creek"},"geometry":{"type":"Polygon","coordinates":[[[-82.573431,36.008001],[-82.574477,36.009772],[-82.574891,36.010119],[-82.574756,36.010436],[-82.574223,36.010165],[-82.574043,36.009293],[-82.573323,36.008259],[-82.573431,36.008001]]]}},{"id":"12204","type":"Feature","properties":{"OBJECTID":6125,"max_category":0,"label":"0.01 to 0.10 inches","area_acres":1.6766436642973086,"county":"Unicoi County","watershed":"Upper South Indian Creek"},"geometry":{"type":"Polygon","coordinates":[[[-82.549277,36.024181],[-82.549813,36.025142],[-82.550436,36.025621],[-82.550264,36.025857],[-82.549729,36.0253],[-82.549096,36.025],[-82.548925,36.024304],[-82.549037,36.024111],[-82.549277,36.024181]]]}},{"id":"12210","type":"Feature","properties":{"OBJECTID":6137,"max_category":0,"label":"0.01 to 0.10 inches","area_acres":1.9267520576984556,"county":"Unicoi County","watershed":"Upper South Indian Creek"},"geometry":{"type":"Polygon","coordinates":[[[-82.552934,36.024239],[-82.553256,36.024458],[-82.553547,36.025046],[-82.554172,36.025155],[-82.554221,36.025451],[-82.553926,36.025575],[-82.553888,36.025944],[-82.553435,36.02587],[-82.553288,36.025675],[-82.553396,36.025207],[-82.553095,36.024528],[-82.552719,36.024409],[-82.552934,36.024239]]]}},{"id":"12211","type":"Feature","properties":{"OBJECTID":4592,"max_category":0,"label":"0.01 to 0.10 inches","area_acres":2.019182830973615,"county":"Unicoi County","watershed":"Rice Creek"},"geometry":{"type":"Polygon","coordinates":[[[-82.546617,35.977196],[-82.54703,35.977204],[-82.548273,35.978199],[-82.548096,35.978578],[-82.546676,35.9775],[-82.546617,35.977196]]]}},{"id":"12213","type":"Feature","properties":{"OBJECTID":200,"max_category":0,"label":"0.01 to 0.10 inches","area_acres":5.297600895961118,"county":"Unicoi County","watershed":"Rice Creek"},"geometry":{"type":"Polygon","coordinates":[[[-82.562181,36.010666],[-82.562638,36.01101],[-82.563394,36.01129],[-82.564135,36.010896],[-82.564175,36.011123],[-82.563813,36.01147],[-82.564444,36.011397],[-82.564639,36.011038],[-82.565176,36.011128],[-82.565603,36.0109],[-82.565803,36.01108],[-82.565855,36.011533],[-82.565657,36.011613],[-82.565325,36.011432],[-82.564795,36.01142],[-82.565291,36.011778],[-82.565081,36.011989],[-82.564817,36.011924],[-82.56452,36.011593],[-82.564024,36.011607],[-82.564753,36.012028],[-82.564741,36.012173],[-82.564488,36.012222],[-82.563903,36.012002],[-82.56357,36.011538],[-82.563283,36.011626],[-82.562838,36.011381],[-82.562692,36.011503],[-82.562053,36.010895],[-82.561468,36.010923],[-82.561507,36.010718],[-82.562181,36.010666]]]}},{"id":"12215","type":"Feature","properties":{"OBJECTID":6499,"max_category":0,"label":"0.01 to 0.10 inches","area_acres":0.968851462508035,"county":"Unicoi County","watershed":"Rice Creek"},"geometry":{"type":"Polygon","coordinates":[[[-82.552022,36.010467],[-82.55233,36.010565],[-82.552328,36.010802],[-82.55266,36.011053],[-82.55306,36.010992],[-82.55355,36.011307],[-82.552996,36.011131],[-82.552596,36.011192],[-82.552068,36.010801],[-82.551814,36.010794],[-82.551751,36.010648],[-82.552022,36.010467]]]}},{"id":"12218","type":"Feature","properties":{"OBJECTID":4621,"max_category":0,"label":"0.01 to 0.10 inches","area_acres":9.443746759886576,"county":"Unicoi County","watershed":"Rice Creek"},"geometry":{"type":"Polygon","coordinates":[[[-82.542381,35.979685],[-82.542858,35.980124],[-82.543341,35.980118],[-82.543557,35.9806],[-82.543936,35.980913],[-82.543977,35.98057],[-82.544407,35.98042],[-82.544531,35.981205],[-82.545599,35.982328],[-82.544595,35.982293],[-82.543227,35.982906],[-82.542726,35.9829],[-82.543345,35.982496],[-82.54397,35.982388],[-82.544071,35.98209],[-82.544707,35.982037],[-82.543777,35.981602],[-82.542902,35.981599],[-82.542983,35.981411],[-82.543543,35.981209],[-82.542516,35.980909],[-82.542538,35.9807],[-82.543085,35.980783],[-82.541852,35.980165],[-82.541841,35.979584],[-82.542381,35.979685]]]}},{"id":"12227","type":"Feature","properties":{"OBJECTID":6528,"max_category":0,"label":"0.01 to 0.10 inches","area_acres":6.730780756889665,"county":"Unicoi County","watershed":"Upper South Indian Creek"},"geometry":{"type":"Polygon","coordinates":[[[-82.552499,36.015923],[-82.553377,36.016478],[-82.553704,36.016249],[-82.553851,36.01634],[-82.553329,36.016745],[-82.552405,36.017154],[-82.552179,36.017408],[-82.552126,36.017852],[-82.551682,36.01771],[-82.551121,36.017883],[-82.551023,36.017523],[-82.551917,36.017342],[-82.552139,36.017148],[-82.551632,36.016973],[-82.551392,36.01714],[-82.550887,36.017175],[-82.550825,36.017041],[-82.551389,36.016863],[-82.551368,36.01672],[-82.550426,36.016694],[-82.549878,36.016362],[-82.54979,36.016065],[-82.550133,36.01597],[-82.551151,36.016458],[-82.551019,36.015776],[-82.551276,36.015691],[-82.551649,36.016193],[-82.551566,36.016543],[-82.552109,36.016979],[-82.552341,36.017],[-82.553171,36.016624],[-82.552646,36.016227],[-82.55168,36.016105],[-82.551595,36.015787],[-82.551831,36.015724],[-82.552499,36.015923]]]}},{"id":"12232","type":"Feature","properties":{"OBJECTID":451,"max_category":0,"label":"0.01 to 0.10 inches","area_acres":2.2737608705886934,"county":"Unicoi County","watershed":"Rice Creek"},"geometry":{"type":"Polygon","coordinates":[[[-82.545248,35.984137],[-82.54544,35.984267],[-82.545462,35.984695],[-82.546102,35.985435],[-82.546176,35.987094],[-82.546783,35.987818],[-82.547249,35.988066],[-82.547213,35.988178],[-82.546633,35.987899],[-82.546008,35.987151],[-82.54593,35.985483],[-82.545156,35.984702],[-82.545064,35.984228],[-82.545248,35.984137]]]}},{"id":"12235","type":"Feature","properties":{"OBJECTID":117,"max_category":0,"label":"0.01 to 0.10 inches","area_acres":1.7995560616037145,"county":"Unicoi County","watershed":"Upper South Indian Creek"},"geometry":{"type":"Polygon","coordinates":[[[-82.562646,36.024259],[-82.562808,36.024413],[-82.562553,36.024748],[-82.56264,36.025181],[-82.563561,36.025851],[-82.563529,36.025994],[-82.56217,36.025329],[-82.562389,36.025027],[-82.561994,36.02435],[-82.562382,36.024402],[-82.562646,36.024259]]]}},{"id":"12238","type":"Feature","properties":{"OBJECTID":6171,"max_category":0,"label":"0.01 to 0.10 inches","area_acres":1.832948041261138,"county":"Unicoi County","watershed":"Upper South Indian Creek"},"geometry":{"type":"Polygon","coordinates":[[[-82.547097,36.029247],[-82.547226,36.029426],[-82.546971,36.029394],[-82.54538,36.030154],[-82.544713,36.030876],[-82.544417,36.030755],[-82.544919,36.030092],[-82.547097,36.029247]]]}},{"id":"12240","type":"Feature","properties":{"OBJECTID":6540,"max_category":0,"label":"0.01 to 0.10 inches","area_acres":0.5017053461283036,"county":"Unicoi County","watershed":"Rice Creek"},"geometry":{"type":"Polygon","coordinates":[[[-82.559136,36.013723],[-82.559561,36.013967],[-82.559505,36.014203],[-82.558796,36.013895],[-82.558855,36.013741],[-82.559136,36.013723]]]}},{"id":"12241","type":"Feature","properties":{"OBJECTID":6226,"max_category":0,"label":"0.01 to 0.10 inches","area_acres":11.064964931817272,"county":"Unicoi County","watershed":"Upper South Indian Creek"},"geometry":{"type":"Polygon","coordinates":[[[-82.537844,36.019675],[-82.537942,36.019922],[-82.537665,36.020523],[-82.537805,36.021438],[-82.537411,36.021753],[-82.537154,36.020965],[-82.535557,36.020869],[-82.535712,36.020699],[-82.537034,36.020688],[-82.536831,36.020534],[-82.536083,36.020521],[-82.535287,36.020029],[-82.53471,36.019911],[-82.534911,36.019666],[-82.534659,36.019221],[-82.53425,36.019076],[-82.534578,36.018919],[-82.534328,36.018442],[-82.534674,36.018231],[-82.534905,36.018272],[-82.535085,36.018781],[-82.534927,36.019045],[-82.535294,36.019258],[-82.535449,36.019616],[-82.536313,36.020186],[-82.536849,36.020171],[-82.537162,36.020008],[-82.537151,36.019768],[-82.536602,36.019166],[-82.5357,36.018748],[-82.535971,36.018496],[-82.536599,36.018667],[-82.536796,36.018368],[-82.537069,36.018423],[-82.537194,36.019049],[-82.537437,36.019222],[-82.537463,36.019769],[-82.537844,36.019675]]]}},{"id":"12243","type":"Feature","properties":{"OBJECTID":297,"max_category":0,"label":"0.01 to 0.10 inches","area_acres":1.4221646682470623,"county":"Unicoi County","watershed":"Rice Creek"},"geometry":{"type":"Polygon","coordinates":[[[-82.547167,35.982405],[-82.548422,35.983272],[-82.549335,35.984226],[-82.548973,35.984124],[-82.547974,35.983129],[-82.54681,35.982699],[-82.547167,35.982405]]]}},{"id":"12244","type":"Feature","properties":{"OBJECTID":6490,"max_category":0,"label":"0.01 to 0.10 inches","area_acres":2.548605693846244,"county":"Unicoi County","watershed":"Upper South Indian Creek"},"geometry":{"type":"Polygon","coordinates":[[[-82.548144,36.020617],[-82.549075,36.021081],[-82.549527,36.020988],[-82.548758,36.022001],[-82.548628,36.021786],[-82.547826,36.021642],[-82.54802,36.021387],[-82.548811,36.021446],[-82.548511,36.021087],[-82.548141,36.021019],[-82.547996,36.020822],[-82.548144,36.020617]]]}},{"id":"12258","type":"Feature","properties":{"OBJECTID":4480,"max_category":0,"label":"0.01 to 0.10 inches","area_acres":8.09753828648427,"county":"Unicoi County","watershed":"Upper South Indian Creek"},"geometry":{"type":"Polygon","coordinates":[[[-82.574385,36.016549],[-82.574771,36.016813],[-82.575026,36.016753],[-82.575316,36.016907],[-82.575994,36.018122],[-82.576207,36.01982],[-82.575682,36.020115],[-82.575572,36.020026],[-82.575793,36.019823],[-82.573503,36.017986],[-82.573053,36.01742],[-82.573199,36.017271],[-82.573575,36.017398],[-82.573779,36.017077],[-82.573671,36.016661],[-82.573982,36.016747],[-82.574259,36.017832],[-82.574526,36.017959],[-82.575017,36.018909],[-82.576026,36.019679],[-82.575827,36.018257],[-82.575224,36.017615],[-82.574261,36.016939],[-82.574206,36.016717],[-82.574385,36.016549]]]}},{"id":"12262","type":"Feature","properties":{"OBJECTID":6512,"max_category":0,"label":"0.01 to 0.10 inches","area_acres":2.985474131986804,"county":"Unicoi County","watershed":"Rice Creek"},"geometry":{"type":"Polygon","coordinates":[[[-82.560073,36.005834],[-82.560746,36.006077],[-82.561463,36.006618],[-82.56179,36.006627],[-82.561559,36.007079],[-82.560566,36.006348],[-82.560047,36.006243],[-82.560045,36.006115],[-82.55895,36.005656],[-82.558924,36.005417],[-82.559274,36.004935],[-82.559477,36.00497],[-82.559504,36.005522],[-82.559921,36.005903],[-82.560073,36.005834]]]}},{"id":"12267","type":"Feature","properties":{"OBJECTID":2975,"max_category":0,"label":"0.01 to 0.10 inches","area_acres":1.4251042041219348,"county":"Unicoi County","watershed":"Rice Creek"},"geometry":{"type":"Polygon","coordinates":[[[-82.535662,35.997692],[-82.535772,35.997882],[-82.534198,35.998235],[-82.5341,35.997961],[-82.533632,35.997912],[-82.533546,35.997715],[-82.534059,35.997631],[-82.534591,35.997888],[-82.535261,35.997869],[-82.535662,35.997692]]]}},{"id":"12270","type":"Feature","properties":{"OBJECTID":204,"max_category":0,"label":"0.01 to 0.10 inches","area_acres":14.827995769053693,"county":"Unicoi County","watershed":"Rice Creek"},"geometry":{"type":"Polygon","coordinates":[[[-82.551027,35.999391],[-82.551129,35.999537],[-82.550665,35.999571],[-82.55033,36.000007],[-82.550679,36.001011],[-82.550442,36.001357],[-82.550176,36.001255],[-82.550159,36.000108],[-82.549839,36.000378],[-82.549834,36.001407],[-82.549997,36.001668],[-82.54973,36.001755],[-82.54976,36.002243],[-82.549433,36.002253],[-82.549255,36.001855],[-82.549565,36.001234],[-82.549482,36.000348],[-82.549164,36.000425],[-82.548853,36.001039],[-82.549095,36.00191],[-82.548946,36.002782],[-82.548633,36.002901],[-82.548482,36.002734],[-82.548717,36.001946],[-82.548663,36.001482],[-82.547598,36.002505],[-82.547621,36.003022],[-82.547928,36.003286],[-82.54802,36.003636],[-82.547873,36.004146],[-82.547601,36.004129],[-82.547542,36.00398],[-82.547347,36.004171],[-82.547159,36.004129],[-82.547189,36.003853],[-82.547535,36.00352],[-82.547448,36.003092],[-82.546935,36.003568],[-82.54676,36.004024],[-82.546576,36.003953],[-82.546553,36.003511],[-82.545563,36.003979],[-82.544526,36.003928],[-82.544597,36.003703],[-82.545958,36.003556],[-82.544773,36.003446],[-82.544486,36.00328],[-82.544554,36.003077],[-82.546329,36.003403],[-82.547032,36.003218],[-82.547373,36.00292],[-82.547397,36.002699],[-82.546369,36.002638],[-82.545834,36.002846],[-82.545382,36.002611],[-82.54447,36.002713],[-82.544381,36.002463],[-82.544699,36.002079],[-82.544417,36.001789],[-82.544543,36.001628],[-82.546027,36.00256],[-82.546258,36.002525],[-82.546093,36.002267],[-82.546277,36.00214],[-82.546633,36.002487],[-82.547304,36.002495],[-82.548492,36.00143],[-82.549007,36.000353],[-82.549784,36.000046],[-82.549892,35.999609],[-82.550044,35.999651],[-82.54996,36.000063],[-82.55057,35.999446],[-82.551027,35.999391]]]}},{"id":"12278","type":"Feature","properties":{"OBJECTID":6535,"max_category":0,"label":"0.01 to 0.10 inches","area_acres":0.6846006050614154,"county":"Unicoi County","watershed":"Rice Creek"},"geometry":{"type":"Polygon","coordinates":[[[-82.568906,36.008958],[-82.569171,36.009172],[-82.5692,36.00986],[-82.568732,36.009268],[-82.568906,36.008958]]]}},{"id":"12280","type":"Feature","properties":{"OBJECTID":6508,"max_category":0,"label":"0.01 to 0.10 inches","area_acres":3.659549628994338,"county":"Unicoi County","watershed":"Rice Creek"},"geometry":{"type":"Polygon","coordinates":[[[-82.563349,36.009287],[-82.563802,36.009485],[-82.563742,36.009679],[-82.562908,36.009781],[-82.563715,36.010126],[-82.564094,36.009952],[-82.564308,36.010017],[-82.564098,36.01031],[-82.564517,36.010445],[-82.564358,36.010708],[-82.564008,36.010776],[-82.562692,36.010052],[-82.562714,36.01029],[-82.562394,36.010499],[-82.561949,36.010203],[-82.562335,36.010016],[-82.562364,36.00968],[-82.562777,36.009659],[-82.563349,36.009287]]]}},{"id":"12283","type":"Feature","properties":{"OBJECTID":3003,"max_category":0,"label":"0.01 to 0.10 inches","area_acres":13.219965021027845,"county":"Unicoi County","watershed":"Rice Creek"},"geometry":{"type":"Polygon","coordinates":[[[-82.530609,35.985799],[-82.530916,35.985897],[-82.530946,35.986085],[-82.53023,35.986678],[-82.530522,35.987214],[-82.531048,35.987377],[-82.531126,35.987887],[-82.532997,35.989303],[-82.53486,35.989167],[-82.535802,35.98931],[-82.535875,35.989476],[-82.533349,35.989628],[-82.533208,35.990119],[-82.532814,35.990468],[-82.53265,35.990406],[-82.532865,35.989898],[-82.532712,35.989757],[-82.532404,35.990026],[-82.532496,35.990854],[-82.53217,35.990883],[-82.532136,35.990259],[-82.531885,35.990536],[-82.531751,35.991294],[-82.531606,35.991243],[-82.531589,35.990735],[-82.532497,35.989735],[-82.530872,35.990817],[-82.530432,35.990822],[-82.530528,35.990589],[-82.530159,35.990561],[-82.530152,35.990387],[-82.530629,35.990251],[-82.531227,35.990289],[-82.531323,35.990106],[-82.531938,35.989966],[-82.532245,35.989698],[-82.532021,35.989529],[-82.529958,35.989616],[-82.529095,35.989437],[-82.528072,35.988518],[-82.528528,35.987845],[-82.52882,35.987869],[-82.528897,35.988027],[-82.52828,35.988494],[-82.528316,35.988601],[-82.529175,35.989304],[-82.529994,35.989472],[-82.532062,35.989386],[-82.532401,35.989595],[-82.533273,35.989493],[-82.532679,35.989495],[-82.530243,35.987676],[-82.530396,35.987317],[-82.530052,35.986642],[-82.530609,35.985799]]]}},{"id":"12285","type":"Feature","properties":{"OBJECTID":5597,"max_category":0,"label":"0.01 to 0.10 inches","area_acres":7.712773284271206,"county":"Unicoi County","watershed":"Rice Creek"},"geometry":{"type":"Polygon","coordinates":[[[-82.525131,36.009047],[-82.526211,36.009703],[-82.525998,36.009189],[-82.526335,36.009162],[-82.527587,36.010213],[-82.528325,36.010192],[-82.528824,36.010012],[-82.529072,36.009882],[-82.529127,36.009538],[-82.529277,36.009842],[-82.528368,36.010355],[-82.527596,36.010438],[-82.527203,36.010779],[-82.526853,36.010752],[-82.526773,36.010587],[-82.527363,36.010319],[-82.526825,36.009938],[-82.526594,36.009945],[-82.525539,36.011155],[-82.525235,36.011017],[-82.525825,36.010352],[-82.525144,36.010756],[-82.524998,36.010653],[-82.524623,36.010709],[-82.524225,36.010446],[-82.525293,36.010158],[-82.524577,36.010095],[-82.524517,36.009957],[-82.524741,36.009802],[-82.525267,36.009846],[-82.525686,36.010076],[-82.52612,36.010035],[-82.526096,36.009904],[-82.525119,36.009602],[-82.52488,36.009176],[-82.525131,36.009047]]]}},{"id":"12295","type":"Feature","properties":{"OBJECTID":30,"max_category":0,"label":"0.01 to 0.10 inches","area_acres":5.436428513396304,"county":"Unicoi County","watershed":"Rice Creek"},"geometry":{"type":"Polygon","coordinates":[[[-82.52936,36.005956],[-82.530373,36.006614],[-82.531282,36.006905],[-82.531268,36.007028],[-82.531783,36.006959],[-82.531853,36.007063],[-82.531042,36.007232],[-82.53046,36.007679],[-82.529495,36.008017],[-82.528999,36.007734],[-82.529002,36.007606],[-82.529398,36.00761],[-82.529743,36.007814],[-82.531142,36.007034],[-82.529993,36.006576],[-82.529339,36.006475],[-82.529268,36.006212],[-82.527938,36.006827],[-82.527763,36.006612],[-82.527414,36.006558],[-82.526881,36.006214],[-82.527274,36.006099],[-82.52828,36.006216],[-82.527709,36.005988],[-82.527758,36.00581],[-82.528484,36.005982],[-82.52936,36.005956]]]}},{"id":"12297","type":"Feature","properties":{"OBJECTID":2982,"max_category":0,"label":"0.01 to 0.10 inches","area_acres":0.6816896241287826,"county":"Unicoi County","watershed":"Rice Creek"},"geometry":{"type":"Polygon","coordinates":[[[-82.530159,35.997164],[-82.530198,35.99759],[-82.530587,35.997966],[-82.530235,35.99813],[-82.530037,35.997927],[-82.530159,35.997164]]]}},{"id":"12301","type":"Feature","properties":{"OBJECTID":3838,"max_category":0,"label":"0.01 to 0.10 inches","area_acres":0.39513763956878517,"county":"Unicoi County","watershed":"Rice Creek"},"geometry":{"type":"Polygon","coordinates":[[[-82.561263,35.989884],[-82.561389,35.989997],[-82.561365,35.990408],[-82.561059,35.9903],[-82.561052,35.990017],[-82.561263,35.989884]]]}},{"id":"12307","type":"Feature","properties":{"OBJECTID":4316,"max_category":0,"label":"0.01 to 0.10 inches","area_acres":0.4031119694613621,"county":"Unicoi County","watershed":"Rice Creek"},"geometry":{"type":"Polygon","coordinates":[[[-82.55225,35.98344],[-82.552612,35.983491],[-82.552552,35.983848],[-82.552176,35.983687],[-82.55225,35.98344]]]}},{"id":"12315","type":"Feature","properties":{"OBJECTID":6134,"max_category":0,"label":"0.01 to 0.10 inches","area_acres":3.294751008411208,"county":"Unicoi County","watershed":"Upper South Indian Creek"},"geometry":{"type":"Polygon","coordinates":[[[-82.558687,36.024264],[-82.559132,36.025076],[-82.560111,36.025081],[-82.560659,36.025561],[-82.560403,36.025704],[-82.559913,36.025526],[-82.560226,36.025858],[-82.559654,36.026107],[-82.559392,36.025362],[-82.55912,36.025219],[-82.558974,36.0257],[-82.559303,36.026242],[-82.559132,36.0264],[-82.558819,36.026156],[-82.558784,36.025368],[-82.558943,36.025155],[-82.558656,36.024736],[-82.558687,36.024264]]]}},{"id":"12316","type":"Feature","properties":{"OBJECTID":5525,"max_category":0,"label":"0.01 to 0.10 inches","area_acres":16.437045168276804,"county":"Unicoi County","watershed":"Rice Creek"},"geometry":{"type":"Polygon","coordinates":[[[-82.543827,36.013887],[-82.543546,36.014219],[-82.544384,36.014841],[-82.544751,36.014947],[-82.544513,36.015431],[-82.543385,36.014289],[-82.543562,36.013961],[-82.543213,36.013724],[-82.54107,36.013509],[-82.541043,36.013375],[-82.538802,36.013687],[-82.537963,36.014288],[-82.537672,36.014163],[-82.537608,36.013971],[-82.538019,36.013765],[-82.537379,36.013696],[-82.53725,36.013524],[-82.536889,36.013676],[-82.536069,36.012844],[-82.535986,36.013091],[-82.536188,36.01384],[-82.536552,36.013894],[-82.5366,36.014024],[-82.536224,36.014361],[-82.535739,36.014344],[-82.535984,36.01397],[-82.535926,36.013427],[-82.535868,36.013301],[-82.535521,36.013331],[-82.535442,36.013182],[-82.535838,36.012971],[-82.535943,36.012272],[-82.535576,36.011623],[-82.534524,36.010634],[-82.53441,36.009719],[-82.533859,36.009812],[-82.533531,36.009472],[-82.534511,36.009374],[-82.534654,36.01049],[-82.53488,36.010662],[-82.535426,36.010705],[-82.535117,36.011027],[-82.535734,36.011549],[-82.536081,36.012181],[-82.536889,36.012036],[-82.536989,36.012314],[-82.537429,36.012407],[-82.537592,36.012694],[-82.537403,36.012821],[-82.536091,36.012405],[-82.536102,36.012648],[-82.536971,36.013093],[-82.537287,36.01344],[-82.537843,36.013353],[-82.538288,36.013532],[-82.538544,36.01347],[-82.537575,36.012894],[-82.537766,36.012613],[-82.538382,36.01286],[-82.539132,36.01348],[-82.539663,36.013465],[-82.540332,36.01317],[-82.540457,36.012953],[-82.540142,36.012714],[-82.539161,36.012793],[-82.53918,36.012666],[-82.539478,36.012618],[-82.539391,36.012394],[-82.539655,36.012365],[-82.540195,36.01256],[-82.540826,36.013116],[-82.541237,36.013089],[-82.541076,36.012799],[-82.541308,36.012621],[-82.542098,36.013257],[-82.542664,36.013392],[-82.542892,36.013591],[-82.543339,36.013587],[-82.543525,36.013804],[-82.543762,36.013678],[-82.543827,36.013887]]]}},{"id":"12322","type":"Feature","properties":{"OBJECTID":6432,"max_category":0,"label":"0.01 to 0.10 inches","area_acres":1.3316100649205331,"county":"Unicoi County","watershed":"Rice Creek"},"geometry":{"type":"Polygon","coordinates":[[[-82.540067,36.006333],[-82.540155,36.006453],[-82.539934,36.006656],[-82.540033,36.00688],[-82.539118,36.007026],[-82.538866,36.007225],[-82.538637,36.007087],[-82.53896,36.006787],[-82.540067,36.006333]]]}},{"id":"12323","type":"Feature","properties":{"OBJECTID":196,"max_category":0,"label":"0.01 to 0.10 inches","area_acres":1.4309050785089814,"county":"Unicoi County","watershed":"Rice Creek"},"geometry":{"type":"Polygon","coordinates":[[[-82.569962,36.006068],[-82.570906,36.006322],[-82.570649,36.006684],[-82.570202,36.00645],[-82.570355,36.006847],[-82.570184,36.007001],[-82.569948,36.006827],[-82.569881,36.006226],[-82.569709,36.006156],[-82.569962,36.006068]]]}},{"id":"12324","type":"Feature","properties":{"OBJECTID":6534,"max_category":0,"label":"0.01 to 0.10 inches","area_acres":2.0684360533711854,"county":"Unicoi County","watershed":"Rice Creek"},"geometry":{"type":"Polygon","coordinates":[[[-82.547556,36.015077],[-82.547802,36.015746],[-82.546873,36.016472],[-82.546749,36.016272],[-82.547115,36.015916],[-82.546658,36.016067],[-82.546421,36.015732],[-82.547485,36.015464],[-82.547556,36.015077]]]}},{"id":"12326","type":"Feature","properties":{"OBJECTID":6548,"max_category":0,"label":"0.01 to 0.10 inches","area_acres":0.6476350091095056,"county":"Unicoi County","watershed":"Rice Creek"},"geometry":{"type":"Polygon","coordinates":[[[-82.56503,36.0047],[-82.56519,36.004831],[-82.564997,36.004979],[-82.564143,36.004926],[-82.564229,36.004698],[-82.56503,36.0047]]]}},{"id":"12330","type":"Feature","properties":{"OBJECTID":4619,"max_category":0,"label":"0.01 to 0.10 inches","area_acres":3.436508648913622,"county":"Unicoi County","watershed":"Rice Creek"},"geometry":{"type":"Polygon","coordinates":[[[-82.547098,35.975811],[-82.548961,35.976993],[-82.548886,35.977205],[-82.547483,35.976546],[-82.546564,35.976483],[-82.545853,35.976013],[-82.546426,35.975968],[-82.546538,35.975771],[-82.546967,35.97599],[-82.547098,35.975811]]]}},{"id":"12332","type":"Feature","properties":{"OBJECTID":6227,"max_category":0,"label":"0.01 to 0.10 inches","area_acres":17.36971855827644,"county":"Unicoi County","watershed":"Upper South Indian Creek"},"geometry":{"type":"Polygon","coordinates":[[[-82.531176,36.018851],[-82.531268,36.018993],[-82.531032,36.019326],[-82.531747,36.019],[-82.53192,36.019188],[-82.532398,36.019063],[-82.53265,36.019142],[-82.532612,36.019316],[-82.532286,36.019478],[-82.531344,36.019588],[-82.532216,36.01985],[-82.532342,36.020093],[-82.530903,36.01987],[-82.530893,36.020101],[-82.530203,36.019874],[-82.52923,36.019929],[-82.527781,36.021221],[-82.527903,36.021688],[-82.527779,36.021751],[-82.527587,36.021541],[-82.527606,36.021183],[-82.528273,36.020241],[-82.528171,36.019451],[-82.527904,36.018771],[-82.527425,36.018379],[-82.527154,36.017858],[-82.526718,36.017606],[-82.526415,36.016994],[-82.526658,36.016897],[-82.527027,36.017197],[-82.527307,36.016809],[-82.527533,36.016809],[-82.527816,36.018138],[-82.528147,36.018442],[-82.528406,36.017361],[-82.528926,36.017295],[-82.529132,36.017442],[-82.528771,36.017876],[-82.529065,36.017757],[-82.529249,36.017855],[-82.528481,36.018645],[-82.528699,36.018998],[-82.528385,36.020429],[-82.529845,36.019042],[-82.52999,36.018544],[-82.52969,36.017696],[-82.530053,36.017919],[-82.530341,36.017765],[-82.530422,36.018159],[-82.530895,36.017847],[-82.531305,36.018226],[-82.530544,36.018639],[-82.529945,36.019656],[-82.530194,36.019649],[-82.530657,36.019131],[-82.531176,36.018851]]]}},{"id":"12340","type":"Feature","properties":{"OBJECTID":5623,"max_category":0,"label":"0.01 to 0.10 inches","area_acres":5.949646469979777,"county":"Unicoi County","watershed":"Upper South Indian Creek"},"geometry":{"type":"Polygon","coordinates":[[[-82.55425,36.023404],[-82.554543,36.023835],[-82.55587,36.023619],[-82.555897,36.023906],[-82.554862,36.024024],[-82.555866,36.024676],[-82.556535,36.024229],[-82.556714,36.024444],[-82.556316,36.024774],[-82.557176,36.025243],[-82.557562,36.025164],[-82.557627,36.025482],[-82.55725,36.025541],[-82.556029,36.024913],[-82.555943,36.025266],[-82.556082,36.025602],[-82.555521,36.025697],[-82.555394,36.025183],[-82.555781,36.024807],[-82.554778,36.024155],[-82.55521,36.025514],[-82.55494,36.025552],[-82.554861,36.025786],[-82.554676,36.025829],[-82.554564,36.025606],[-82.554749,36.025191],[-82.554686,36.024537],[-82.554598,36.024072],[-82.554136,36.023497],[-82.55425,36.023404]]]}},{"id":"12342","type":"Feature","properties":{"OBJECTID":3870,"max_category":0,"label":"0.01 to 0.10 inches","area_acres":6.428063335352558,"county":"Unicoi County","watershed":"Rice Creek"},"geometry":{"type":"Polygon","coordinates":[[[-82.557243,35.99231],[-82.557869,35.992492],[-82.557694,35.992865],[-82.557855,35.993089],[-82.558374,35.993074],[-82.558407,35.992807],[-82.558572,35.992769],[-82.559459,35.9934],[-82.559861,35.993475],[-82.559564,35.993134],[-82.559472,35.992669],[-82.559862,35.992516],[-82.56016,35.992809],[-82.560054,35.993452],[-82.560637,35.994025],[-82.561186,35.994202],[-82.562344,35.994059],[-82.562412,35.994214],[-82.561144,35.994345],[-82.560402,35.994065],[-82.559642,35.994413],[-82.559223,35.994213],[-82.559259,35.994083],[-82.560126,35.994068],[-82.560303,35.993942],[-82.559733,35.99359],[-82.559234,35.993659],[-82.558285,35.994227],[-82.558034,35.994237],[-82.558273,35.993749],[-82.558657,35.993753],[-82.559282,35.993488],[-82.558667,35.993209],[-82.556785,35.993111],[-82.556829,35.992877],[-82.557422,35.992867],[-82.556997,35.992513],[-82.557243,35.99231]]]}},{"id":"12356","type":"Feature","properties":{"OBJECTID":4473,"max_category":0,"label":"0.01 to 0.10 inches","area_acres":4.821322786929631,"county":"Unicoi County","watershed":"Upper South Indian Creek"},"geometry":{"type":"Polygon","coordinates":[[[-82.570158,36.01813],[-82.570398,36.018407],[-82.570403,36.017864],[-82.570512,36.017712],[-82.570685,36.017757],[-82.57089,36.018157],[-82.570647,36.021071],[-82.570831,36.021423],[-82.571696,36.022106],[-82.571614,36.022241],[-82.570599,36.021413],[-82.570244,36.020471],[-82.570274,36.019684],[-82.56993,36.018785],[-82.570075,36.018686],[-82.570237,36.018859],[-82.570017,36.018457],[-82.570011,36.018178],[-82.570158,36.01813]]]}},{"id":"12360","type":"Feature","properties":{"OBJECTID":5591,"max_category":0,"label":"0.01 to 0.10 inches","area_acres":3.8164529936573963,"county":"Unicoi County","watershed":"Rice Creek"},"geometry":{"type":"Polygon","coordinates":[[[-82.539381,36.008442],[-82.539796,36.008772],[-82.539528,36.008693],[-82.538765,36.009358],[-82.537412,36.01014],[-82.537286,36.010336],[-82.537393,36.011311],[-82.537096,36.011443],[-82.536767,36.011009],[-82.537017,36.010192],[-82.537615,36.009611],[-82.539381,36.008442]]]}},{"id":"12367","type":"Feature","properties":{"OBJECTID":6155,"max_category":0,"label":"0.01 to 0.10 inches","area_acres":3.502456234404263,"county":"Unicoi County","watershed":"Upper South Indian Creek"},"geometry":{"type":"Polygon","coordinates":[[[-82.550191,36.033418],[-82.550235,36.033664],[-82.549422,36.033583],[-82.548907,36.034001],[-82.548131,36.034225],[-82.547327,36.035121],[-82.546076,36.035329],[-82.546046,36.034925],[-82.547208,36.034906],[-82.547967,36.034158],[-82.547343,36.034001],[-82.546807,36.034315],[-82.546171,36.034359],[-82.546291,36.034116],[-82.547604,36.03385],[-82.5481,36.034071],[-82.548821,36.03387],[-82.549352,36.033446],[-82.550191,36.033418]]]}},{"id":"12369","type":"Feature","properties":{"OBJECTID":6532,"max_category":0,"label":"0.01 to 0.10 inches","area_acres":0.9550652667319166,"county":"Unicoi County","watershed":"Rice Creek"},"geometry":{"type":"Polygon","coordinates":[[[-82.548519,36.013895],[-82.549292,36.014965],[-82.549147,36.015225],[-82.548901,36.015141],[-82.548762,36.014484],[-82.548415,36.014185],[-82.548519,36.013895]]]}},{"id":"12377","type":"Feature","properties":{"OBJECTID":318,"max_category":0,"label":"0.01 to 0.10 inches","area_acres":15.213627809219087,"county":"Unicoi County","watershed":"Rice Creek"},"geometry":{"type":"Polygon","coordinates":[[[-82.54158,35.981351],[-82.542025,35.981538],[-82.542047,35.981741],[-82.541581,35.982073],[-82.541897,35.982078],[-82.541917,35.982264],[-82.541207,35.982582],[-82.540578,35.983087],[-82.540621,35.983278],[-82.539836,35.983283],[-82.538553,35.984732],[-82.537986,35.983897],[-82.539282,35.982758],[-82.539474,35.981696],[-82.539391,35.981309],[-82.539788,35.981177],[-82.539929,35.9802],[-82.540172,35.979901],[-82.540575,35.979794],[-82.540828,35.979442],[-82.541269,35.979278],[-82.541468,35.979348],[-82.541332,35.979582],[-82.541488,35.979709],[-82.541135,35.980143],[-82.541607,35.98],[-82.541633,35.980171],[-82.54134,35.98043],[-82.5417,35.98037],[-82.541788,35.980575],[-82.540837,35.98104],[-82.541242,35.981132],[-82.541272,35.981258],[-82.540457,35.981628],[-82.539807,35.982651],[-82.538199,35.984056],[-82.538562,35.984384],[-82.539292,35.983747],[-82.539795,35.983052],[-82.540799,35.982379],[-82.54158,35.981351]],[[-82.54082,35.980029],[-82.540598,35.980223],[-82.540576,35.980491],[-82.540764,35.980296],[-82.54082,35.980029]]]}},{"id":"12378","type":"Feature","properties":{"OBJECTID":4462,"max_category":0,"label":"0.01 to 0.10 inches","area_acres":9.068442793266001,"county":"Unicoi County","watershed":"Rice Creek"},"geometry":{"type":"Polygon","coordinates":[[[-82.578206,36.005057],[-82.578404,36.005269],[-82.578019,36.005741],[-82.57805,36.006437],[-82.579208,36.006004],[-82.579194,36.005679],[-82.578646,36.005261],[-82.578553,36.004839],[-82.579164,36.00512],[-82.579391,36.005437],[-82.579413,36.005883],[-82.580023,36.005293],[-82.579547,36.004858],[-82.579036,36.004684],[-82.578725,36.004147],[-82.578982,36.004135],[-82.579654,36.00448],[-82.580352,36.005091],[-82.58002,36.004473],[-82.579478,36.004063],[-82.578414,36.003709],[-82.578386,36.003368],[-82.578584,36.003288],[-82.57998,36.004009],[-82.580569,36.004698],[-82.580585,36.005122],[-82.579913,36.005656],[-82.58001,36.005865],[-82.580458,36.006071],[-82.580606,36.006504],[-82.580113,36.006559],[-82.579601,36.005956],[-82.578066,36.006602],[-82.577144,36.006728],[-82.577068,36.00649],[-82.577322,36.00617],[-82.577668,36.006354],[-82.577641,36.005494],[-82.578206,36.005057]]]}},{"id":"12382","type":"Feature","properties":{"OBJECTID":2984,"max_category":0,"label":"0.01 to 0.10 inches","area_acres":1.4368697585650798,"county":"Unicoi County","watershed":"Rice Creek"},"geometry":{"type":"Polygon","coordinates":[[[-82.526067,35.994864],[-82.526834,35.995078],[-82.525976,35.995037],[-82.525336,35.995965],[-82.524984,35.996068],[-82.525149,35.995578],[-82.525644,35.995031],[-82.526067,35.994864]]]}},{"id":"12387","type":"Feature","properties":{"OBJECTID":2988,"max_category":0,"label":"0.01 to 0.10 inches","area_acres":0.7874308892769389,"county":"Unicoi County","watershed":"Rice Creek"},"geometry":{"type":"Polygon","coordinates":[[[-82.540263,35.993848],[-82.541055,35.994286],[-82.541132,35.994495],[-82.54079,35.994516],[-82.540075,35.994058],[-82.540263,35.993848]]]}},{"id":"12391","type":"Feature","properties":{"OBJECTID":7,"max_category":0,"label":"0.01 to 0.10 inches","area_acres":6.400040029692301,"county":"Unicoi County","watershed":"Rice Creek"},"geometry":{"type":"Polygon","coordinates":[[[-82.540288,36.002181],[-82.540464,36.001898],[-82.540902,36.002186],[-82.541304,36.002202],[-82.541813,36.001759],[-82.542109,36.001748],[-82.541821,36.00216],[-82.542053,36.002208],[-82.542009,36.002337],[-82.541025,36.002518],[-82.541367,36.00275],[-82.54197,36.002732],[-82.542566,36.00244],[-82.543138,36.001886],[-82.54357,36.001753],[-82.543638,36.001939],[-82.543164,36.002385],[-82.543445,36.002442],[-82.54387,36.002295],[-82.544322,36.002438],[-82.544355,36.002639],[-82.541708,36.002883],[-82.542247,36.002938],[-82.542517,36.003159],[-82.542378,36.003358],[-82.541752,36.003339],[-82.541426,36.002918],[-82.541101,36.003311],[-82.540957,36.00319],[-82.541073,36.002749],[-82.540288,36.002181]]]}},{"id":"12392","type":"Feature","properties":{"OBJECTID":5592,"max_category":0,"label":"0.01 to 0.10 inches","area_acres":0.6244376577748857,"county":"Unicoi County","watershed":"Rice Creek"},"geometry":{"type":"Polygon","coordinates":[[[-82.542733,36.010022],[-82.54288,36.010243],[-82.542502,36.010599],[-82.542133,36.01069],[-82.542174,36.010451],[-82.542733,36.010022]]]}},{"id":"12395","type":"Feature","properties":{"OBJECTID":3832,"max_category":0,"label":"0.01 to 0.10 inches","area_acres":11.46358110156845,"county":"Unicoi County","watershed":"Rice Creek"},"geometry":{"type":"Polygon","coordinates":[[[-82.543475,35.987658],[-82.545846,35.987511],[-82.546679,35.988035],[-82.546625,35.988142],[-82.546354,35.988096],[-82.546448,35.988281],[-82.547396,35.988677],[-82.547309,35.989211],[-82.546838,35.989656],[-82.545205,35.990714],[-82.545007,35.990648],[-82.545179,35.990412],[-82.544412,35.990376],[-82.544356,35.990192],[-82.54551,35.990122],[-82.545708,35.989985],[-82.544813,35.990009],[-82.544656,35.989869],[-82.544813,35.989758],[-82.546505,35.989709],[-82.54714,35.989155],[-82.547238,35.988758],[-82.54687,35.988714],[-82.54677,35.989059],[-82.54578,35.989425],[-82.545982,35.988969],[-82.546723,35.98885],[-82.546836,35.988709],[-82.546285,35.988429],[-82.545054,35.989387],[-82.544287,35.989547],[-82.544501,35.989235],[-82.544888,35.989096],[-82.545501,35.988561],[-82.543915,35.988689],[-82.543929,35.988424],[-82.546186,35.988233],[-82.546145,35.988075],[-82.545649,35.987925],[-82.544233,35.988103],[-82.54417,35.987956],[-82.544532,35.987847],[-82.544062,35.987861],[-82.543631,35.988121],[-82.543406,35.987946],[-82.543475,35.987658]]]}},{"id":"12399","type":"Feature","properties":{"OBJECTID":4465,"max_category":0,"label":"0.01 to 0.10 inches","area_acres":22.022140619813754,"county":"Unicoi County","watershed":"Upper South Indian Creek"},"geometry":{"type":"Polygon","coordinates":[[[-82.577164,36.01313],[-82.577406,36.013325],[-82.577306,36.0135],[-82.57662,36.013355],[-82.577286,36.013759],[-82.577157,36.014164],[-82.577496,36.014177],[-82.577808,36.01477],[-82.57839,36.017133],[-82.578903,36.018025],[-82.579525,36.018528],[-82.579467,36.018648],[-82.578816,36.01818],[-82.578647,36.017735],[-82.577981,36.017014],[-82.57748,36.015075],[-82.577053,36.014218],[-82.576817,36.014229],[-82.576264,36.013467],[-82.576096,36.014458],[-82.575737,36.014496],[-82.576087,36.013435],[-82.576045,36.013089],[-82.575544,36.014004],[-82.575518,36.014452],[-82.575191,36.014425],[-82.575241,36.01398],[-82.575871,36.013139],[-82.575663,36.01227],[-82.575048,36.012026],[-82.575385,36.012715],[-82.575115,36.012863],[-82.574622,36.012298],[-82.574698,36.011857],[-82.574211,36.011352],[-82.574045,36.01086],[-82.573398,36.010371],[-82.572637,36.010503],[-82.573824,36.011402],[-82.574305,36.012119],[-82.574444,36.012851],[-82.575023,36.013134],[-82.575055,36.013733],[-82.574801,36.013841],[-82.574593,36.013317],[-82.573869,36.012893],[-82.573849,36.0118],[-82.573574,36.011778],[-82.573228,36.011384],[-82.573076,36.011711],[-82.573574,36.012466],[-82.573394,36.01251],[-82.572935,36.012273],[-82.57274,36.011945],[-82.572779,36.011309],[-82.572531,36.01091],[-82.572467,36.012012],[-82.572039,36.011836],[-82.572275,36.010637],[-82.571788,36.01017],[-82.571911,36.01081],[-82.57146,36.010922],[-82.571574,36.01008],[-82.571382,36.009844],[-82.572523,36.010364],[-82.574019,36.010142],[-82.574311,36.010641],[-82.574648,36.010698],[-82.574814,36.010929],[-82.575446,36.011225],[-82.57538,36.011385],[-82.574812,36.011264],[-82.574964,36.011599],[-82.576234,36.01227],[-82.576105,36.012912],[-82.577164,36.01313]],[[-82.572412,36.010521],[-82.572451,36.010628],[-82.572619,36.010755],[-82.572616,36.010682],[-82.572412,36.010521]]]}},{"id":"12402","type":"Feature","properties":{"OBJECTID":454,"max_category":0,"label":"0.01 to 0.10 inches","area_acres":1.3503264339243783,"county":"Unicoi County","watershed":"Rice Creek"},"geometry":{"type":"Polygon","coordinates":[[[-82.541357,35.99181],[-82.542247,35.991929],[-82.542656,35.992154],[-82.542676,35.992314],[-82.542163,35.992554],[-82.54133,35.991956],[-82.541095,35.992042],[-82.541357,35.99181]]]}},{"id":"12423","type":"Feature","properties":{"OBJECTID":6519,"max_category":0,"label":"0.01 to 0.10 inches","area_acres":0.8026187798638272,"county":"Unicoi County","watershed":"Rice Creek"},"geometry":{"type":"Polygon","coordinates":[[[-82.555686,36.013769],[-82.555836,36.013958],[-82.555131,36.014548],[-82.555186,36.014063],[-82.555686,36.013769]]]}},{"id":"12426","type":"Feature","properties":{"OBJECTID":3901,"max_category":0,"label":"0.01 to 0.10 inches","area_acres":1.3658765242184971,"county":"Unicoi County","watershed":"Rice Creek"},"geometry":{"type":"Polygon","coordinates":[[[-82.562123,35.986395],[-82.562542,35.98663],[-82.563339,35.986473],[-82.563747,35.9868],[-82.563607,35.986934],[-82.562321,35.986913],[-82.561907,35.986491],[-82.562123,35.986395]],[[-82.563446,35.986686],[-82.563287,35.986642],[-82.563228,35.986693],[-82.563446,35.986686]]]}},{"id":"12427","type":"Feature","properties":{"OBJECTID":6544,"max_category":0,"label":"0.01 to 0.10 inches","area_acres":1.1062869009118346,"county":"Unicoi County","watershed":"Rice Creek"},"geometry":{"type":"Polygon","coordinates":[[[-82.552839,36.004423],[-82.553461,36.00468],[-82.554201,36.004636],[-82.554225,36.004867],[-82.553084,36.004888],[-82.552601,36.004753],[-82.552535,36.004574],[-82.552839,36.004423]]]}},{"id":"12432","type":"Feature","properties":{"OBJECTID":6517,"max_category":0,"label":"0.01 to 0.10 inches","area_acres":0.49523096349754653,"county":"Unicoi County","watershed":"Rice Creek"},"geometry":{"type":"Polygon","coordinates":[[[-82.55369,36.009154],[-82.55401,36.009307],[-82.553395,36.009598],[-82.55325,36.00934],[-82.55369,36.009154]]]}},{"id":"12434","type":"Feature","properties":{"OBJECTID":3607,"max_category":0,"label":"0.01 to 0.10 inches","area_acres":10.607708069482285,"county":"Unicoi County","watershed":"Rice Creek"},"geometry":{"type":"Polygon","coordinates":[[[-82.530628,35.994732],[-82.531199,35.994774],[-82.531328,35.994916],[-82.5311,35.99508],[-82.530442,35.995073],[-82.530148,35.995586],[-82.529861,35.995539],[-82.529565,35.994094],[-82.529215,35.993786],[-82.529064,35.9927],[-82.529263,35.992611],[-82.529114,35.992295],[-82.529207,35.991958],[-82.529515,35.991718],[-82.529996,35.995454],[-82.530213,35.995006],[-82.530083,35.992771],[-82.52977,35.991837],[-82.529902,35.991565],[-82.530169,35.991863],[-82.530485,35.991848],[-82.530557,35.993431],[-82.530745,35.993231],[-82.530912,35.992207],[-82.531083,35.992003],[-82.531241,35.992082],[-82.531076,35.992962],[-82.531354,35.993151],[-82.530702,35.993649],[-82.530619,35.994061],[-82.531276,35.993978],[-82.531495,35.994146],[-82.531475,35.994353],[-82.530755,35.994486],[-82.530628,35.994732]]]}},{"id":"12437","type":"Feature","properties":{"OBJECTID":6513,"max_category":0,"label":"0.01 to 0.10 inches","area_acres":1.8064902246253103,"county":"Unicoi County","watershed":"Rice Creek"},"geometry":{"type":"Polygon","coordinates":[[[-82.561199,36.007588],[-82.561263,36.007825],[-82.56074,36.007855],[-82.559609,36.00867],[-82.559489,36.009228],[-82.559262,36.00897],[-82.558979,36.009032],[-82.558711,36.008895],[-82.5593,36.008478],[-82.56004,36.008227],[-82.560654,36.007724],[-82.561199,36.007588]]]}},{"id":"12443","type":"Feature","properties":{"OBJECTID":6156,"max_category":0,"label":"0.01 to 0.10 inches","area_acres":2.104398360106305,"county":"Unicoi County","watershed":"Upper South Indian Creek"},"geometry":{"type":"Polygon","coordinates":[[[-82.548139,36.035237],[-82.548301,36.035395],[-82.547977,36.0357],[-82.548052,36.035886],[-82.548281,36.036085],[-82.548902,36.036079],[-82.549395,36.036513],[-82.548958,36.037056],[-82.54884,36.036978],[-82.549012,36.036727],[-82.548256,36.036314],[-82.547628,36.035511],[-82.547656,36.03526],[-82.548139,36.035237]]]}},{"id":"12445","type":"Feature","properties":{"OBJECTID":4625,"max_category":0,"label":"0.01 to 0.10 inches","area_acres":0.7715480841104678,"county":"Unicoi County","watershed":"Rice Creek"},"geometry":{"type":"Polygon","coordinates":[[[-82.553064,35.982673],[-82.55368,35.982718],[-82.553969,35.982997],[-82.553178,35.982895],[-82.55306,35.983224],[-82.55285,35.98331],[-82.553064,35.982673]]]}},{"id":"12448","type":"Feature","properties":{"OBJECTID":6431,"max_category":0,"label":"0.01 to 0.10 inches","area_acres":2.0671310243750676,"county":"Unicoi County","watershed":"Rice Creek"},"geometry":{"type":"Polygon","coordinates":[[[-82.537259,36.004793],[-82.537448,36.005119],[-82.536282,36.005967],[-82.535959,36.006646],[-82.535739,36.006727],[-82.53568,36.006211],[-82.53601,36.005741],[-82.537259,36.004793]]]}},{"id":"12461","type":"Feature","properties":{"OBJECTID":6151,"max_category":0,"label":"0.01 to 0.10 inches","area_acres":3.2252213675037495,"county":"Unicoi County","watershed":"Upper South Indian Creek"},"geometry":{"type":"Polygon","coordinates":[[[-82.546737,36.031072],[-82.54713,36.031473],[-82.547609,36.031596],[-82.548535,36.031543],[-82.548638,36.031665],[-82.547567,36.03174],[-82.546487,36.031469],[-82.546238,36.031797],[-82.545739,36.031847],[-82.545681,36.031735],[-82.546102,36.031453],[-82.545566,36.031304],[-82.544915,36.031487],[-82.545074,36.032149],[-82.544797,36.032365],[-82.544621,36.032316],[-82.544706,36.03139],[-82.545287,36.031251],[-82.545671,36.030938],[-82.54591,36.030948],[-82.546244,36.031333],[-82.546737,36.031072]]]}},{"id":"12469","type":"Feature","properties":{"OBJECTID":6224,"max_category":0,"label":"0.01 to 0.10 inches","area_acres":9.912546006841193,"county":"Unicoi County","watershed":"Upper South Indian Creek"},"geometry":{"type":"Polygon","coordinates":[[[-82.525848,36.013837],[-82.526317,36.014069],[-82.525749,36.014928],[-82.526771,36.015413],[-82.526765,36.015582],[-82.52649,36.015674],[-82.527091,36.016429],[-82.527036,36.016682],[-82.526829,36.01671],[-82.526179,36.01611],[-82.52603,36.015362],[-82.525662,36.015057],[-82.524827,36.015026],[-82.526258,36.016778],[-82.526305,36.016969],[-82.526136,36.017077],[-82.525789,36.017012],[-82.525583,36.016668],[-82.525459,36.016792],[-82.525289,36.016736],[-82.525282,36.01607],[-82.524982,36.015711],[-82.524797,36.015851],[-82.524662,36.015748],[-82.524735,36.015152],[-82.524407,36.014983],[-82.523678,36.015059],[-82.524421,36.016339],[-82.525295,36.01714],[-82.525339,36.017359],[-82.525143,36.017462],[-82.524612,36.016996],[-82.524539,36.017209],[-82.524364,36.01723],[-82.524364,36.016729],[-82.523945,36.016272],[-82.523605,36.015581],[-82.523621,36.015212],[-82.523378,36.015038],[-82.524024,36.014824],[-82.52545,36.014865],[-82.525467,36.014006],[-82.525848,36.013837]]]}},{"id":"12471","type":"Feature","properties":{"OBJECTID":6251,"max_category":0,"label":"0.01 to 0.10 inches","area_acres":30.14488144751998,"county":"Unicoi County","watershed":"Upper South Indian Creek"},"geometry":{"type":"Polygon","coordinates":[[[-82.525825,36.017191],[-82.526267,36.017364],[-82.526405,36.017644],[-82.526341,36.018456],[-82.526616,36.018559],[-82.526367,36.019063],[-82.526493,36.019606],[-82.526626,36.019816],[-82.527108,36.020021],[-82.527351,36.020672],[-82.527265,36.021825],[-82.527002,36.022671],[-82.527305,36.02355],[-82.527697,36.022258],[-82.528173,36.021811],[-82.528936,36.021459],[-82.529082,36.020707],[-82.529342,36.020758],[-82.529333,36.021114],[-82.529766,36.020852],[-82.53,36.020455],[-82.530222,36.020463],[-82.530326,36.020675],[-82.530851,36.020429],[-82.531989,36.020284],[-82.532211,36.020395],[-82.532073,36.020664],[-82.530492,36.020959],[-82.531897,36.021003],[-82.532242,36.020777],[-82.532399,36.020829],[-82.532112,36.021274],[-82.529909,36.0212],[-82.52933,36.021356],[-82.530047,36.021526],[-82.529852,36.021969],[-82.52915,36.021635],[-82.528445,36.021931],[-82.528888,36.022188],[-82.529528,36.022194],[-82.529437,36.022392],[-82.529666,36.022548],[-82.529449,36.022805],[-82.528575,36.02249],[-82.528459,36.022164],[-82.528105,36.022051],[-82.527863,36.022318],[-82.527751,36.022908],[-82.528421,36.022504],[-82.528826,36.022811],[-82.528313,36.022974],[-82.528638,36.023123],[-82.528456,36.023301],[-82.527712,36.023134],[-82.527313,36.02386],[-82.527149,36.023817],[-82.526998,36.023182],[-82.524548,36.022576],[-82.523376,36.021661],[-82.522742,36.020652],[-82.522012,36.020185],[-82.522164,36.019898],[-82.52239,36.019879],[-82.522671,36.01998],[-82.522876,36.020453],[-82.522963,36.020031],[-82.523186,36.019945],[-82.523249,36.020738],[-82.523685,36.020359],[-82.523958,36.020369],[-82.5241,36.020629],[-82.523509,36.021015],[-82.523563,36.021476],[-82.523724,36.021598],[-82.524376,36.021615],[-82.524757,36.022115],[-82.525554,36.022349],[-82.526242,36.022786],[-82.526861,36.022769],[-82.527082,36.021639],[-82.526347,36.021063],[-82.52656,36.020967],[-82.527033,36.021225],[-82.527177,36.020716],[-82.526963,36.020448],[-82.526044,36.019911],[-82.525073,36.020049],[-82.524618,36.020412],[-82.524319,36.020399],[-82.524389,36.020142],[-82.523623,36.019892],[-82.52369,36.0197],[-82.525482,36.019593],[-82.524761,36.019206],[-82.523887,36.019076],[-82.523821,36.018919],[-82.524048,36.01859],[-82.52458,36.018821],[-82.525032,36.01882],[-82.526114,36.019575],[-82.525927,36.019213],[-82.524597,36.018182],[-82.524708,36.017821],[-82.525045,36.017798],[-82.525428,36.018523],[-82.52578,36.018598],[-82.52607,36.017835],[-82.525524,36.017713],[-82.52541,36.017435],[-82.525825,36.017191]],[[-82.526901,36.02291],[-82.526593,36.022919],[-82.526921,36.023042],[-82.526901,36.02291]]]}},{"id":"12487","type":"Feature","properties":{"OBJECTID":6504,"max_category":0,"label":"0.01 to 0.10 inches","area_acres":0.6167785088539226,"county":"Unicoi County","watershed":"Rice Creek"},"geometry":{"type":"Polygon","coordinates":[[[-82.554377,36.011375],[-82.555277,36.011395],[-82.555399,36.01154],[-82.555087,36.011675],[-82.55437,36.011586],[-82.554377,36.011375]]]}},{"id":"12488","type":"Feature","properties":{"OBJECTID":3753,"max_category":0,"label":"0.01 to 0.10 inches","area_acres":2.163569106121298,"county":"Unicoi County","watershed":"Rice Creek"},"geometry":{"type":"Polygon","coordinates":[[[-82.535414,35.993576],[-82.535765,35.993735],[-82.536218,35.994495],[-82.536252,35.995287],[-82.535965,35.995847],[-82.535854,35.995582],[-82.535996,35.99498],[-82.535454,35.99417],[-82.535073,35.993969],[-82.535414,35.993576]]]}},{"id":"12494","type":"Feature","properties":{"OBJECTID":2998,"max_category":0,"label":"0.01 to 0.10 inches","area_acres":5.641141202253322,"county":"Unicoi County","watershed":"Rice Creek"},"geometry":{"type":"Polygon","coordinates":[[[-82.539267,35.989644],[-82.539263,35.989812],[-82.538366,35.989868],[-82.536524,35.990278],[-82.536235,35.99073],[-82.536014,35.990813],[-82.535944,35.990618],[-82.536215,35.990177],[-82.535175,35.990949],[-82.535083,35.990786],[-82.535861,35.990077],[-82.535054,35.989993],[-82.534846,35.990175],[-82.534813,35.990802],[-82.534405,35.990587],[-82.534206,35.990933],[-82.533891,35.990986],[-82.533646,35.990716],[-82.534047,35.990323],[-82.533361,35.99039],[-82.533665,35.990061],[-82.534697,35.989832],[-82.536784,35.990106],[-82.538306,35.989728],[-82.539267,35.989644]]]}},{"id":"12496","type":"Feature","properties":{"OBJECTID":6547,"max_category":0,"label":"0.01 to 0.10 inches","area_acres":5.856098396437683,"county":"Unicoi County","watershed":"Rice Creek"},"geometry":{"type":"Polygon","coordinates":[[[-82.564357,36.005544],[-82.565,36.005608],[-82.565299,36.005119],[-82.566174,36.004794],[-82.566084,36.005071],[-82.566388,36.005222],[-82.56583,36.00552],[-82.565826,36.005721],[-82.566451,36.005489],[-82.566926,36.006043],[-82.566202,36.005965],[-82.565987,36.006078],[-82.56531,36.005742],[-82.564475,36.005711],[-82.565513,36.006418],[-82.566522,36.006623],[-82.566723,36.007078],[-82.566359,36.007218],[-82.565649,36.006776],[-82.565796,36.007136],[-82.56552,36.007148],[-82.5653,36.006689],[-82.564185,36.005684],[-82.564357,36.005544]]]}},{"id":"12503","type":"Feature","properties":{"OBJECTID":3623,"max_category":0,"label":"0.01 to 0.10 inches","area_acres":1.6255566896770046,"county":"Unicoi County","watershed":"Rice Creek"},"geometry":{"type":"Polygon","coordinates":[[[-82.537965,35.993887],[-82.538713,35.99469],[-82.539133,35.994726],[-82.538521,35.995137],[-82.538179,35.994958],[-82.538051,35.994781],[-82.538159,35.994679],[-82.537731,35.994318],[-82.537965,35.993887]]]}},{"id":"12509","type":"Feature","properties":{"OBJECTID":6493,"max_category":0,"label":"0.01 to 0.10 inches","area_acres":1.6065836281469696,"county":"Unicoi County","watershed":"Rice Creek"},"geometry":{"type":"Polygon","coordinates":[[[-82.545046,36.011852],[-82.545291,36.012035],[-82.545715,36.012027],[-82.545732,36.012535],[-82.545342,36.012809],[-82.54476,36.012688],[-82.545046,36.011852]]]}},{"id":"12511","type":"Feature","properties":{"OBJECTID":6516,"max_category":0,"label":"0.01 to 0.10 inches","area_acres":8.487107587000128,"county":"Unicoi County","watershed":"Rice Creek"},"geometry":{"type":"Polygon","coordinates":[[[-82.552444,36.007761],[-82.552697,36.007876],[-82.552879,36.008406],[-82.55346,36.008501],[-82.553454,36.008739],[-82.552985,36.008522],[-82.551113,36.008904],[-82.549853,36.008826],[-82.549328,36.008489],[-82.548839,36.008404],[-82.549327,36.008114],[-82.54908,36.007834],[-82.549155,36.007587],[-82.549684,36.007877],[-82.549757,36.008513],[-82.54995,36.008686],[-82.550631,36.008776],[-82.551885,36.008646],[-82.550753,36.007815],[-82.549853,36.007851],[-82.549887,36.007655],[-82.55048,36.007463],[-82.550828,36.007634],[-82.550322,36.007251],[-82.549465,36.007291],[-82.549353,36.007138],[-82.549513,36.007052],[-82.549007,36.006972],[-82.548866,36.006699],[-82.549158,36.006579],[-82.549176,36.006307],[-82.549368,36.006289],[-82.549868,36.006846],[-82.55007,36.006895],[-82.550096,36.006644],[-82.550293,36.006662],[-82.550712,36.007298],[-82.55083,36.006575],[-82.551229,36.006601],[-82.551358,36.007241],[-82.551075,36.007705],[-82.551328,36.008082],[-82.551989,36.008529],[-82.552589,36.008488],[-82.552366,36.007954],[-82.552444,36.007761]]]}},{"id":"12523","type":"Feature","properties":{"OBJECTID":6129,"max_category":0,"label":"0.01 to 0.10 inches","area_acres":0.6802766737584349,"county":"Unicoi County","watershed":"Upper South Indian Creek"},"geometry":{"type":"Polygon","coordinates":[[[-82.548159,36.026467],[-82.548928,36.026968],[-82.548852,36.027153],[-82.548245,36.026937],[-82.548046,36.026661],[-82.548159,36.026467]]]}},{"id":"12525","type":"Feature","properties":{"OBJECTID":3811,"max_category":0,"label":"0.01 to 0.10 inches","area_acres":2.4479604657734426,"county":"Unicoi County","watershed":"Rice Creek"},"geometry":{"type":"Polygon","coordinates":[[[-82.576542,36.007222],[-82.5777,36.008096],[-82.578317,36.007941],[-82.579119,36.008319],[-82.579125,36.008567],[-82.578787,36.008549],[-82.578983,36.008891],[-82.578693,36.008854],[-82.57808,36.008392],[-82.57772,36.008385],[-82.576518,36.007475],[-82.576542,36.007222]]]}},{"id":"12526","type":"Feature","properties":{"OBJECTID":5614,"max_category":0,"label":"0.01 to 0.10 inches","area_acres":2.706863507932092,"county":"Unicoi County","watershed":"Upper South Indian Creek"},"geometry":{"type":"Polygon","coordinates":[[[-82.542831,36.023818],[-82.543261,36.023969],[-82.543388,36.025289],[-82.542319,36.026421],[-82.542256,36.026317],[-82.542743,36.025776],[-82.541847,36.024949],[-82.542306,36.024723],[-82.542582,36.025379],[-82.542911,36.025628],[-82.543054,36.025503],[-82.543197,36.024898],[-82.543004,36.024354],[-82.542619,36.024065],[-82.542831,36.023818]]]}},{"id":"12532","type":"Feature","properties":{"OBJECTID":2997,"max_category":0,"label":"0.01 to 0.10 inches","area_acres":0.8840326301459962,"county":"Unicoi County","watershed":"Rice Creek"},"geometry":{"type":"Polygon","coordinates":[[[-82.539174,35.990609],[-82.539177,35.990813],[-82.538652,35.990986],[-82.538363,35.991438],[-82.5382,35.991418],[-82.538666,35.990479],[-82.539174,35.990609]]]}},{"id":"12534","type":"Feature","properties":{"OBJECTID":6225,"max_category":0,"label":"0.01 to 0.10 inches","area_acres":0.9451016402780232,"county":"Unicoi County","watershed":"Rice Creek"},"geometry":{"type":"Polygon","coordinates":[[[-82.537139,36.017469],[-82.53746,36.017789],[-82.537833,36.017913],[-82.538218,36.018387],[-82.537632,36.017982],[-82.536994,36.017914],[-82.536705,36.01773],[-82.536723,36.017603],[-82.537139,36.017469]]]}},{"id":"12542","type":"Feature","properties":{"OBJECTID":4464,"max_category":0,"label":"0.01 to 0.10 inches","area_acres":7.777554732092152,"county":"Unicoi County","watershed":"Rice Creek"},"geometry":{"type":"Polygon","coordinates":[[[-82.577183,36.004125],[-82.577305,36.004275],[-82.576889,36.004674],[-82.57674,36.005119],[-82.576757,36.005499],[-82.576963,36.005582],[-82.576553,36.006251],[-82.57667,36.006859],[-82.576323,36.006852],[-82.57584,36.007138],[-82.575409,36.007059],[-82.575408,36.006933],[-82.575788,36.006995],[-82.576229,36.006724],[-82.576162,36.005211],[-82.576402,36.00452],[-82.576379,36.003926],[-82.576941,36.003706],[-82.57701,36.002923],[-82.576852,36.002341],[-82.577598,36.001736],[-82.577108,36.001202],[-82.57714,36.000855],[-82.577458,36.000913],[-82.577485,36.001327],[-82.577775,36.00176],[-82.577274,36.002257],[-82.577456,36.002961],[-82.577142,36.003512],[-82.577151,36.003695],[-82.577321,36.00329],[-82.577646,36.003235],[-82.577756,36.003676],[-82.577075,36.003914],[-82.576837,36.004207],[-82.577183,36.004125]]]}},{"id":"12545","type":"Feature","properties":{"OBJECTID":6223,"max_category":0,"label":"0.01 to 0.10 inches","area_acres":5.476662048181267,"county":"Unicoi County","watershed":"Rice Creek"},"geometry":{"type":"Polygon","coordinates":[[[-82.527425,36.014577],[-82.527057,36.014467],[-82.527046,36.014274],[-82.528425,36.013239],[-82.527951,36.013122],[-82.526899,36.013777],[-82.52656,36.013746],[-82.527447,36.012953],[-82.528016,36.012868],[-82.528696,36.01315],[-82.529128,36.013055],[-82.529252,36.012886],[-82.529741,36.013065],[-82.530548,36.013041],[-82.530871,36.012302],[-82.530699,36.01323],[-82.529733,36.013932],[-82.52927,36.014073],[-82.529148,36.013946],[-82.530219,36.013221],[-82.528601,36.013295],[-82.528292,36.013565],[-82.528186,36.013943],[-82.527425,36.014577]]]}},{"id":"12554","type":"Feature","properties":{"OBJECTID":3824,"max_category":0,"label":"0.01 to 0.10 inches","area_acres":6.060925176369769,"county":"Unicoi County","watershed":"Rice Creek"},"geometry":{"type":"Polygon","coordinates":[[[-82.567037,36.011844],[-82.567631,36.012211],[-82.567958,36.012219],[-82.568745,36.012921],[-82.569164,36.012613],[-82.569459,36.012612],[-82.569516,36.012766],[-82.569064,36.013076],[-82.569493,36.013119],[-82.570011,36.012951],[-82.570158,36.01313],[-82.569765,36.013347],[-82.569904,36.013492],[-82.570751,36.013578],[-82.571328,36.01348],[-82.571461,36.013746],[-82.571165,36.01401],[-82.57029,36.013857],[-82.570072,36.014288],[-82.569827,36.014083],[-82.569734,36.013601],[-82.569157,36.013408],[-82.569383,36.01394],[-82.569153,36.014004],[-82.568899,36.013776],[-82.568871,36.01321],[-82.568488,36.012921],[-82.567731,36.012532],[-82.567672,36.013004],[-82.567424,36.012992],[-82.567373,36.012237],[-82.56679,36.011996],[-82.567037,36.011844]]]}},{"id":"12556","type":"Feature","properties":{"OBJECTID":3609,"max_category":0,"label":"0.01 to 0.10 inches","area_acres":8.554031828935074,"county":"Unicoi County","watershed":"Rice Creek"},"geometry":{"type":"Polygon","coordinates":[[[-82.523332,35.99497],[-82.523452,35.995093],[-82.523137,35.995404],[-82.523703,35.996859],[-82.523541,35.997102],[-82.523251,35.997118],[-82.522956,35.995965],[-82.522621,35.996862],[-82.522921,35.997518],[-82.522806,35.997774],[-82.522326,35.997851],[-82.522298,35.997327],[-82.522027,35.997487],[-82.521928,35.997364],[-82.522153,35.997107],[-82.522331,35.996331],[-82.522742,35.995881],[-82.522732,35.995644],[-82.522218,35.99612],[-82.521796,35.996944],[-82.521321,35.997272],[-82.521346,35.997736],[-82.521021,35.997794],[-82.520934,35.997376],[-82.520202,35.997546],[-82.520265,35.99733],[-82.520983,35.996989],[-82.521877,35.996208],[-82.521261,35.996038],[-82.521244,35.995848],[-82.522477,35.995599],[-82.523332,35.99497]]]}},{"id":"12569","type":"Feature","properties":{"OBJECTID":6536,"max_category":0,"label":"0.01 to 0.10 inches","area_acres":0.4196867584775447,"county":"Unicoi County","watershed":"Rice Creek"},"geometry":{"type":"Polygon","coordinates":[[[-82.561258,36.008164],[-82.561403,36.008501],[-82.560841,36.008545],[-82.560864,36.008306],[-82.561258,36.008164]]]}},{"id":"12572","type":"Feature","properties":{"OBJECTID":449,"max_category":0,"label":"0.01 to 0.10 inches","area_acres":1.5396073904522782,"county":"Unicoi County","watershed":"Rice Creek"},"geometry":{"type":"Polygon","coordinates":[[[-82.560022,35.985522],[-82.56011,35.985641],[-82.559853,35.985848],[-82.559704,35.986292],[-82.559893,35.986889],[-82.559763,35.987074],[-82.559597,35.98693],[-82.559528,35.987242],[-82.559195,35.98747],[-82.559101,35.987278],[-82.559588,35.985963],[-82.560022,35.985522]]]}},{"id":"12574","type":"Feature","properties":{"OBJECTID":3864,"max_category":0,"label":"0.01 to 0.10 inches","area_acres":4.062967656884441,"county":"Unicoi County","watershed":"Rice Creek"},"geometry":{"type":"Polygon","coordinates":[[[-82.561101,35.988514],[-82.561599,35.989022],[-82.562323,35.989002],[-82.562387,35.989106],[-82.560013,35.989151],[-82.558695,35.988294],[-82.558628,35.988062],[-82.559033,35.988081],[-82.558967,35.98787],[-82.559233,35.987789],[-82.55951,35.988091],[-82.559534,35.988574],[-82.560077,35.989011],[-82.560742,35.989019],[-82.56,35.988296],[-82.559951,35.98798],[-82.560373,35.988068],[-82.560928,35.988886],[-82.560922,35.988591],[-82.561101,35.988514]]]}},{"id":"12578","type":"Feature","properties":{"OBJECTID":3628,"max_category":0,"label":"0.01 to 0.10 inches","area_acres":0.9326538725911638,"county":"Unicoi County","watershed":"Rice Creek"},"geometry":{"type":"Polygon","coordinates":[[[-82.533979,35.9948],[-82.534138,35.994931],[-82.534391,35.995945],[-82.534191,35.995894],[-82.533672,35.995119],[-82.533714,35.994887],[-82.533979,35.9948]]]}},{"id":"12582","type":"Feature","properties":{"OBJECTID":5,"max_category":0,"label":"0.01 to 0.10 inches","area_acres":15.781766728678585,"county":"Unicoi County","watershed":"Rice Creek"},"geometry":{"type":"Polygon","coordinates":[[[-82.546992,35.999151],[-82.547885,35.999427],[-82.54832,35.999442],[-82.54801,35.998945],[-82.548076,35.998632],[-82.548261,35.998537],[-82.54854,35.998609],[-82.548593,35.999379],[-82.54976,35.999371],[-82.548878,35.999706],[-82.54826,36.000445],[-82.546267,36.002063],[-82.546051,36.001825],[-82.547072,36.001044],[-82.546843,36.000871],[-82.547092,36.000714],[-82.546427,36.000507],[-82.546368,36.000347],[-82.546785,36.00023],[-82.547758,36.000503],[-82.548935,35.999512],[-82.547513,35.999608],[-82.546934,35.999432],[-82.546365,35.999504],[-82.546053,35.999663],[-82.545909,36.000357],[-82.545668,36.000241],[-82.545664,35.999746],[-82.544768,36.000402],[-82.54459,36.000304],[-82.544497,35.999771],[-82.545021,35.999513],[-82.544715,35.999262],[-82.544519,35.999365],[-82.543909,35.999135],[-82.543099,35.999106],[-82.54299,35.999201],[-82.543217,35.999797],[-82.543374,35.999915],[-82.54394,35.999789],[-82.54413,35.999887],[-82.544069,36.000053],[-82.543574,36.000226],[-82.54462,36.000383],[-82.544878,36.000745],[-82.544835,36.000926],[-82.544624,36.000983],[-82.543865,36.000688],[-82.544539,36.001497],[-82.54435,36.001679],[-82.543766,36.001203],[-82.543681,36.001359],[-82.543524,36.001333],[-82.543471,36.000343],[-82.542978,35.999751],[-82.54285,35.999289],[-82.541996,35.999115],[-82.542859,35.999106],[-82.543049,35.998748],[-82.543811,35.998777],[-82.544066,35.998658],[-82.544742,35.99923],[-82.545278,35.999365],[-82.546651,35.99916],[-82.546796,35.998827],[-82.546958,35.998866],[-82.546992,35.999151]]]}},{"id":"12587","type":"Feature","properties":{"OBJECTID":3815,"max_category":0,"label":"0.01 to 0.10 inches","area_acres":1.2052217520666764,"county":"Unicoi County","watershed":"Rice Creek"},"geometry":{"type":"Polygon","coordinates":[[[-82.574053,36.005553],[-82.574437,36.005392],[-82.574469,36.005786],[-82.575136,36.006432],[-82.574855,36.006669],[-82.574062,36.005795],[-82.574053,36.005553]]]}},{"id":"12595","type":"Feature","properties":{"OBJECTID":319,"max_category":0,"label":"0.01 to 0.10 inches","area_acres":5.084411987153645,"county":"Unicoi County","watershed":"Rice Creek"},"geometry":{"type":"Polygon","coordinates":[[[-82.542494,35.983805],[-82.542737,35.98383],[-82.542741,35.984081],[-82.54213,35.984526],[-82.541553,35.984662],[-82.5409,35.985176],[-82.540428,35.985588],[-82.540378,35.986255],[-82.540143,35.98628],[-82.540261,35.985527],[-82.541193,35.984682],[-82.54112,35.983292],[-82.541422,35.983257],[-82.541861,35.982863],[-82.542248,35.982828],[-82.542479,35.983038],[-82.542392,35.983246],[-82.541762,35.983568],[-82.541493,35.984423],[-82.542494,35.983805]]]}},{"id":"12597","type":"Feature","properties":{"OBJECTID":3871,"max_category":0,"label":"0.01 to 0.10 inches","area_acres":0.6406018767067619,"county":"Unicoi County","watershed":"Rice Creek"},"geometry":{"type":"Polygon","coordinates":[[[-82.549916,35.992606],[-82.550064,35.993269],[-82.549695,35.993467],[-82.549456,35.993304],[-82.549812,35.993008],[-82.549916,35.992606]]]}},{"id":"12598","type":"Feature","properties":{"OBJECTID":147,"max_category":0,"label":"0.01 to 0.10 inches","area_acres":8.179861866370588,"county":"Unicoi County","watershed":"Rice Creek"},"geometry":{"type":"Polygon","coordinates":[[[-82.53349,36.003693],[-82.533584,36.003885],[-82.533396,36.004095],[-82.532131,36.004726],[-82.530295,36.004835],[-82.529759,36.005016],[-82.526881,36.005099],[-82.526727,36.004963],[-82.527085,36.004732],[-82.527859,36.004683],[-82.52709,36.004456],[-82.527273,36.00401],[-82.527566,36.004041],[-82.528215,36.004477],[-82.529015,36.004512],[-82.529649,36.004766],[-82.530176,36.004723],[-82.529728,36.004384],[-82.529188,36.00432],[-82.529123,36.003764],[-82.529738,36.003984],[-82.530421,36.004634],[-82.531119,36.004613],[-82.530948,36.00406],[-82.530102,36.003788],[-82.530213,36.003431],[-82.530655,36.003512],[-82.530959,36.003794],[-82.531332,36.00458],[-82.532071,36.004586],[-82.533296,36.003973],[-82.53349,36.003693]],[[-82.529448,36.004882],[-82.529112,36.004869],[-82.529086,36.004892],[-82.529448,36.004882]]]}},{"id":"12604","type":"Feature","properties":{"OBJECTID":6426,"max_category":0,"label":"0.01 to 0.10 inches","area_acres":0.8415958509568293,"county":"Unicoi County","watershed":"Rice Creek"},"geometry":{"type":"Polygon","coordinates":[[[-82.537217,36.002293],[-82.537535,36.002268],[-82.537952,36.002665],[-82.538003,36.002887],[-82.537804,36.003096],[-82.537182,36.002456],[-82.537217,36.002293]]]}},{"id":"12605","type":"Feature","properties":{"OBJECTID":5539,"max_category":0,"label":"0.01 to 0.10 inches","area_acres":1.8372817692289467,"county":"Unicoi County","watershed":"Upper South Indian Creek"},"geometry":{"type":"Polygon","coordinates":[[[-82.538989,36.02221],[-82.539888,36.021994],[-82.540002,36.021678],[-82.540464,36.021761],[-82.540733,36.022149],[-82.54013,36.022198],[-82.540672,36.022448],[-82.540681,36.022652],[-82.540366,36.022729],[-82.539795,36.02218],[-82.538989,36.02221]]]}},{"id":"12606","type":"Feature","properties":{"OBJECTID":118,"max_category":0,"label":"0.01 to 0.10 inches","area_acres":2.237550962414606,"county":"Unicoi County","watershed":"Upper South Indian Creek"},"geometry":{"type":"Polygon","coordinates":[[[-82.561345,36.025451],[-82.561701,36.025771],[-82.562075,36.025767],[-82.562511,36.026145],[-82.563067,36.026247],[-82.563235,36.026407],[-82.563053,36.026706],[-82.562219,36.026146],[-82.561174,36.026046],[-82.56106,36.025513],[-82.561345,36.025451]]]}},{"id":"12607","type":"Feature","properties":{"OBJECTID":6521,"max_category":0,"label":"0.01 to 0.10 inches","area_acres":3.396391145888936,"county":"Unicoi County","watershed":"Rice Creek"},"geometry":{"type":"Polygon","coordinates":[[[-82.551945,36.012558],[-82.552146,36.013584],[-82.55284,36.013897],[-82.552914,36.014118],[-82.552542,36.014331],[-82.552191,36.013998],[-82.552177,36.014496],[-82.551893,36.014572],[-82.55146,36.014293],[-82.551879,36.013811],[-82.551865,36.012731],[-82.551568,36.012752],[-82.551454,36.013736],[-82.551063,36.013905],[-82.55099,36.013615],[-82.551409,36.013138],[-82.551406,36.012657],[-82.551945,36.012558]]]}},{"id":"12613","type":"Feature","properties":{"OBJECTID":3852,"max_category":0,"label":"0.01 to 0.10 inches","area_acres":5.819935421365368,"county":"Unicoi County","watershed":"Rice Creek"},"geometry":{"type":"Polygon","coordinates":[[[-82.569964,35.99389],[-82.570142,35.994023],[-82.570855,35.994084],[-82.571659,35.994033],[-82.572111,35.992866],[-82.572466,35.992918],[-82.572407,35.993269],[-82.57275,35.993291],[-82.572958,35.993212],[-82.573136,35.992839],[-82.573498,35.993074],[-82.573841,35.992956],[-82.574464,35.993468],[-82.574333,35.993629],[-82.573319,35.99333],[-82.572217,35.993528],[-82.571907,35.994026],[-82.572816,35.993863],[-82.573716,35.99415],[-82.573362,35.99437],[-82.573113,35.994326],[-82.572979,35.994494],[-82.57242,35.994319],[-82.572407,35.994704],[-82.572008,35.994276],[-82.570089,35.994165],[-82.569887,35.994042],[-82.569964,35.99389]]]}},{"id":"12622","type":"Feature","properties":{"OBJECTID":3831,"max_category":0,"label":"0.01 to 0.10 inches","area_acres":2.0919418763484776,"county":"Unicoi County","watershed":"Rice Creek"},"geometry":{"type":"Polygon","coordinates":[[[-82.545091,35.986726],[-82.545518,35.986997],[-82.545462,35.987233],[-82.543512,35.987216],[-82.543331,35.98711],[-82.543415,35.986693],[-82.543713,35.986848],[-82.545091,35.986726]]]}},{"id":"12626","type":"Feature","properties":{"OBJECTID":3840,"max_category":0,"label":"0.01 to 0.10 inches","area_acres":1.6285351649715516,"county":"Unicoi County","watershed":"Rice Creek"},"geometry":{"type":"Polygon","coordinates":[[[-82.554233,35.988467],[-82.555595,35.98868],[-82.556116,35.988962],[-82.556503,35.98899],[-82.556542,35.989131],[-82.556244,35.989346],[-82.555224,35.988773],[-82.553609,35.988566],[-82.554233,35.988467]]]}},{"id":"12627","type":"Feature","properties":{"OBJECTID":6541,"max_category":0,"label":"0.01 to 0.10 inches","area_acres":0.7975227260912843,"county":"Unicoi County","watershed":"Rice Creek"},"geometry":{"type":"Polygon","coordinates":[[[-82.55041,36.011503],[-82.550679,36.0118],[-82.550709,36.012516],[-82.550131,36.011734],[-82.550146,36.011532],[-82.55041,36.011503]]]}},{"id":"12636","type":"Feature","properties":{"OBJECTID":3889,"max_category":0,"label":"0.01 to 0.10 inches","area_acres":4.23672621652652,"county":"Unicoi County","watershed":"Rice Creek"},"geometry":{"type":"Polygon","coordinates":[[[-82.549986,35.991889],[-82.550303,35.992049],[-82.550323,35.992285],[-82.549959,35.992035],[-82.548456,35.992406],[-82.547979,35.992708],[-82.547763,35.99325],[-82.547493,35.993137],[-82.547471,35.99282],[-82.546436,35.993455],[-82.546079,35.99319],[-82.545109,35.992941],[-82.545233,35.99277],[-82.546015,35.993049],[-82.546618,35.993031],[-82.547142,35.992802],[-82.545939,35.992805],[-82.545807,35.992691],[-82.545892,35.992496],[-82.54611,35.992444],[-82.546618,35.992648],[-82.546538,35.992381],[-82.546667,35.992288],[-82.547041,35.992552],[-82.547718,35.99267],[-82.549046,35.992032],[-82.549986,35.991889]]]}},{"id":"12639","type":"Feature","properties":{"OBJECTID":5632,"max_category":0,"label":"0.01 to 0.10 inches","area_acres":1.5667653169970095,"county":"Unicoi County","watershed":"Upper South Indian Creek"},"geometry":{"type":"Polygon","coordinates":[[[-82.556874,36.023053],[-82.557301,36.023222],[-82.557446,36.02404],[-82.55789,36.024203],[-82.557889,36.024454],[-82.557579,36.024469],[-82.55748,36.02477],[-82.557171,36.024742],[-82.557024,36.02454],[-82.557233,36.023968],[-82.557135,36.023284],[-82.55678,36.023174],[-82.556874,36.023053]]]}},{"id":"12640","type":"Feature","properties":{"OBJECTID":3899,"max_category":0,"label":"0.01 to 0.10 inches","area_acres":1.2111413688109274,"county":"Unicoi County","watershed":"Rice Creek"},"geometry":{"type":"Polygon","coordinates":[[[-82.549218,35.998261],[-82.54971,35.998632],[-82.55016,35.999242],[-82.549852,35.999278],[-82.548994,35.998603],[-82.548911,35.998388],[-82.549218,35.998261]]]}},{"id":"12643","type":"Feature","properties":{"OBJECTID":3878,"max_category":0,"label":"0.01 to 0.10 inches","area_acres":9.787040123411156,"county":"Unicoi County","watershed":"Rice Creek"},"geometry":{"type":"Polygon","coordinates":[[[-82.556847,35.995593],[-82.557525,35.995838],[-82.557827,35.996279],[-82.559074,35.99579],[-82.558814,35.996021],[-82.558975,35.99659],[-82.559066,35.996765],[-82.559726,35.99708],[-82.559666,35.99733],[-82.559398,35.997443],[-82.55903,35.997143],[-82.5586,35.99789],[-82.558333,35.998081],[-82.558098,35.998004],[-82.558879,35.996867],[-82.558642,35.996114],[-82.558354,35.996322],[-82.558375,35.996875],[-82.557958,35.997737],[-82.557732,35.997809],[-82.557657,35.997528],[-82.558128,35.996724],[-82.558113,35.996386],[-82.557558,35.99669],[-82.557706,35.997],[-82.557386,35.997421],[-82.557532,35.997965],[-82.557161,35.997662],[-82.557197,35.99803],[-82.556867,35.998029],[-82.556656,35.997763],[-82.557106,35.997331],[-82.557323,35.996867],[-82.556961,35.99718],[-82.556421,35.997311],[-82.556482,35.997022],[-82.556259,35.996875],[-82.556921,35.996718],[-82.556124,35.996715],[-82.556022,35.996513],[-82.556601,35.99637],[-82.556085,35.996162],[-82.556264,35.995942],[-82.556958,35.996264],[-82.557013,35.996044],[-82.556699,35.995756],[-82.556847,35.995593]]]}},{"id":"12649","type":"Feature","properties":{"OBJECTID":313,"max_category":0,"label":"0.01 to 0.10 inches","area_acres":10.013148501652987,"county":"Unicoi County","watershed":"Rice Creek"},"geometry":{"type":"Polygon","coordinates":[[[-82.563742,35.983984],[-82.563787,35.984266],[-82.562854,35.984853],[-82.562878,35.985441],[-82.562647,35.985546],[-82.562659,35.985817],[-82.563002,35.986145],[-82.561922,35.985719],[-82.561207,35.985678],[-82.560758,35.985395],[-82.560734,35.985105],[-82.561215,35.984445],[-82.561322,35.984694],[-82.560946,35.985317],[-82.561277,35.98554],[-82.561694,35.985555],[-82.561397,35.984953],[-82.561579,35.984795],[-82.561908,35.985044],[-82.56204,35.985587],[-82.562481,35.985752],[-82.562444,35.98492],[-82.561843,35.984598],[-82.561809,35.984387],[-82.561392,35.984028],[-82.561659,35.983867],[-82.562441,35.984352],[-82.562535,35.984695],[-82.562508,35.984066],[-82.562167,35.983803],[-82.56201,35.983506],[-82.5621,35.983306],[-82.561206,35.982086],[-82.561319,35.98165],[-82.561711,35.981597],[-82.561791,35.982229],[-82.562138,35.982265],[-82.562296,35.982597],[-82.562695,35.98223],[-82.562909,35.98243],[-82.56253,35.982922],[-82.562549,35.983319],[-82.562746,35.983393],[-82.562912,35.983905],[-82.562801,35.98444],[-82.563293,35.984007],[-82.563742,35.983984]]]}},{"id":"12651","type":"Feature","properties":{"OBJECTID":209,"max_category":0,"label":"0.01 to 0.10 inches","area_acres":41.211245321016165,"county":"Unicoi County","watershed":"Rice Creek"},"geometry":{"type":"Polygon","coordinates":[[[-82.565687,36.01268],[-82.566247,36.013049],[-82.56708,36.013229],[-82.567937,36.013822],[-82.568447,36.013546],[-82.568698,36.013809],[-82.568275,36.014078],[-82.569022,36.014589],[-82.569809,36.014786],[-82.570376,36.014715],[-82.57158,36.013966],[-82.572932,36.013927],[-82.573417,36.014184],[-82.573311,36.014352],[-82.572964,36.014397],[-82.57164,36.014106],[-82.570221,36.014912],[-82.571911,36.015],[-82.572641,36.014484],[-82.572795,36.014578],[-82.572667,36.01506],[-82.573165,36.015046],[-82.573779,36.01434],[-82.57391,36.014555],[-82.57372,36.014865],[-82.574879,36.014583],[-82.575105,36.014891],[-82.574256,36.015129],[-82.5742,36.015295],[-82.573599,36.015229],[-82.573068,36.015356],[-82.572023,36.015167],[-82.572654,36.01561],[-82.573867,36.015688],[-82.574345,36.016003],[-82.574268,36.016231],[-82.573988,36.016372],[-82.573336,36.015843],[-82.572536,36.015716],[-82.573326,36.016624],[-82.573204,36.016846],[-82.573017,36.016866],[-82.572654,36.016442],[-82.572647,36.017045],[-82.572423,36.016994],[-82.572333,36.015748],[-82.572154,36.015534],[-82.57158,36.015152],[-82.570572,36.015044],[-82.57103,36.015603],[-82.571541,36.01562],[-82.571532,36.015851],[-82.571846,36.016168],[-82.571591,36.016251],[-82.571324,36.016149],[-82.571315,36.016296],[-82.571944,36.016559],[-82.572154,36.016947],[-82.57203,36.017081],[-82.571514,36.016668],[-82.571407,36.016843],[-82.571657,36.017246],[-82.57121,36.017445],[-82.571012,36.017247],[-82.570775,36.017253],[-82.571061,36.016826],[-82.571052,36.015868],[-82.570643,36.015529],[-82.57055,36.015223],[-82.569968,36.014952],[-82.569798,36.015653],[-82.570126,36.016193],[-82.570754,36.016617],[-82.570551,36.017079],[-82.570379,36.01667],[-82.570112,36.016637],[-82.570314,36.017372],[-82.570138,36.017446],[-82.569684,36.017065],[-82.569767,36.015878],[-82.569615,36.015491],[-82.569796,36.014998],[-82.568701,36.014568],[-82.568626,36.015165],[-82.569223,36.015672],[-82.569166,36.015853],[-82.568821,36.015768],[-82.56923,36.016579],[-82.569107,36.017081],[-82.568896,36.01715],[-82.568782,36.016566],[-82.568494,36.016165],[-82.568521,36.014485],[-82.567977,36.014021],[-82.567897,36.014321],[-82.567644,36.014431],[-82.567614,36.013826],[-82.566563,36.013585],[-82.565657,36.012824],[-82.565324,36.012834],[-82.564969,36.01317],[-82.566333,36.013644],[-82.56778,36.014819],[-82.568089,36.01538],[-82.568141,36.015782],[-82.5679,36.015916],[-82.567592,36.015601],[-82.567527,36.014954],[-82.567155,36.014567],[-82.566102,36.013957],[-82.566024,36.014579],[-82.565831,36.014624],[-82.565644,36.014439],[-82.565639,36.01358],[-82.565482,36.013461],[-82.564418,36.013381],[-82.564395,36.013559],[-82.565087,36.014218],[-82.565357,36.014724],[-82.565635,36.014788],[-82.565722,36.014961],[-82.566378,36.015036],[-82.566277,36.01519],[-82.565854,36.015263],[-82.565908,36.015684],[-82.566138,36.015938],[-82.56782,36.016029],[-82.568432,36.016351],[-82.568391,36.016561],[-82.567929,36.016496],[-82.568425,36.016905],[-82.568266,36.017062],[-82.566883,36.016059],[-82.566489,36.016126],[-82.567853,36.017027],[-82.567732,36.017215],[-82.567391,36.017115],[-82.567578,36.017484],[-82.567363,36.017553],[-82.566946,36.01705],[-82.566765,36.017217],[-82.56655,36.016577],[-82.565705,36.015666],[-82.565437,36.015626],[-82.565292,36.014909],[-82.565029,36.015169],[-82.56484,36.015149],[-82.564727,36.014375],[-82.564286,36.014144],[-82.564002,36.013283],[-82.562906,36.0136],[-82.563484,36.014091],[-82.564011,36.014225],[-82.564454,36.014586],[-82.5644,36.014812],[-82.563796,36.014636],[-82.563709,36.014924],[-82.565026,36.015442],[-82.565333,36.015767],[-82.565219,36.015994],[-82.563558,36.015005],[-82.563516,36.014548],[-82.563038,36.014184],[-82.562943,36.013823],[-82.562714,36.013597],[-82.56229,36.013529],[-82.56252,36.013432],[-82.562626,36.012716],[-82.562974,36.012854],[-82.562953,36.013239],[-82.56273,36.013454],[-82.56338,36.013352],[-82.563549,36.01309],[-82.563953,36.012938],[-82.564171,36.012451],[-82.564389,36.012707],[-82.564225,36.013135],[-82.564526,36.012964],[-82.564788,36.013007],[-82.564993,36.012743],[-82.564868,36.012221],[-82.565028,36.01207],[-82.565231,36.012124],[-82.565471,36.012686],[-82.565687,36.01268]]]}},{"id":"12654","type":"Feature","properties":{"OBJECTID":3892,"max_category":0,"label":"0.01 to 0.10 inches","area_acres":0.5129407518425961,"county":"Unicoi County","watershed":"Rice Creek"},"geometry":{"type":"Polygon","coordinates":[[[-82.552013,35.990291],[-82.552601,35.990628],[-82.552566,35.990785],[-82.551824,35.99058],[-82.552013,35.990291]]]}},{"id":"12668","type":"Feature","properties":{"OBJECTID":6427,"max_category":0,"label":"0.01 to 0.10 inches","area_acres":1.0200879722023954,"county":"Unicoi County","watershed":"Rice Creek"},"geometry":{"type":"Polygon","coordinates":[[[-82.538051,36.002021],[-82.538559,36.002541],[-82.538938,36.003318],[-82.538513,36.003689],[-82.538372,36.003577],[-82.538688,36.003121],[-82.537944,36.002206],[-82.538051,36.002021]]]}},{"id":"12670","type":"Feature","properties":{"OBJECTID":560,"max_category":0,"label":"0.01 to 0.10 inches","area_acres":1.8302197679196126,"county":"Unicoi County","watershed":"Rice Creek"},"geometry":{"type":"Polygon","coordinates":[[[-82.540334,35.996237],[-82.540755,35.996528],[-82.542064,35.996466],[-82.54213,35.99672],[-82.541698,35.996808],[-82.541729,35.997055],[-82.540773,35.996859],[-82.54027,35.996382],[-82.539862,35.996519],[-82.540334,35.996237]]]}},{"id":"12690","type":"Feature","properties":{"OBJECTID":6428,"max_category":0,"label":"0.01 to 0.10 inches","area_acres":2.197259469046188,"county":"Unicoi County","watershed":"Rice Creek"},"geometry":{"type":"Polygon","coordinates":[[[-82.538676,36.003927],[-82.538948,36.004288],[-82.539249,36.00439],[-82.539301,36.004869],[-82.539071,36.004963],[-82.538544,36.004734],[-82.537776,36.005241],[-82.53763,36.004955],[-82.538352,36.004468],[-82.538403,36.00414],[-82.538676,36.003927]]]}},{"id":"12692","type":"Feature","properties":{"OBJECTID":144,"max_category":0,"label":"0.01 to 0.10 inches","area_acres":0.5413333647425922,"county":"Unicoi County","watershed":"Rice Creek"},"geometry":{"type":"Polygon","coordinates":[[[-82.534995,35.999443],[-82.535484,35.999732],[-82.535796,35.999732],[-82.535832,35.999829],[-82.535002,35.999851],[-82.534851,35.999711],[-82.534995,35.999443]]]}},{"id":"12700","type":"Feature","properties":{"OBJECTID":3818,"max_category":0,"label":"0.01 to 0.10 inches","area_acres":1.3833146327348371,"county":"Unicoi County","watershed":"Rice Creek"},"geometry":{"type":"Polygon","coordinates":[[[-82.57113,36.006474],[-82.571855,36.007216],[-82.571576,36.007507],[-82.571294,36.007189],[-82.5706,36.007078],[-82.570964,36.006973],[-82.570787,36.006725],[-82.57113,36.006474]]]}},{"id":"12701","type":"Feature","properties":{"OBJECTID":3627,"max_category":0,"label":"0.01 to 0.10 inches","area_acres":4.027943901915943,"county":"Unicoi County","watershed":"Rice Creek"},"geometry":{"type":"Polygon","coordinates":[[[-82.533261,35.996167],[-82.533347,35.996264],[-82.533086,35.996343],[-82.533094,35.996517],[-82.533427,35.997274],[-82.53304,35.997251],[-82.532815,35.997447],[-82.53281,35.996378],[-82.531521,35.996264],[-82.53105,35.995364],[-82.531335,35.995399],[-82.531852,35.996126],[-82.531864,35.995514],[-82.532153,35.995266],[-82.532008,35.994901],[-82.532129,35.994773],[-82.532428,35.994797],[-82.532559,35.995142],[-82.532212,35.995694],[-82.532231,35.996129],[-82.532557,35.996243],[-82.533261,35.996167]]]}},{"id":"12711","type":"Feature","properties":{"OBJECTID":6487,"max_category":0,"label":"0.01 to 0.10 inches","area_acres":1.3207164212670983,"county":"Unicoi County","watershed":"Upper South Indian Creek"},"geometry":{"type":"Polygon","coordinates":[[[-82.549399,36.016206],[-82.549588,36.016304],[-82.549721,36.016899],[-82.550016,36.016766],[-82.550161,36.016956],[-82.549736,36.017327],[-82.549324,36.017228],[-82.54918,36.016306],[-82.549399,36.016206]]]}},{"id":"12714","type":"Feature","properties":{"OBJECTID":2979,"max_category":0,"label":"0.01 to 0.10 inches","area_acres":1.7778355480701262,"county":"Unicoi County","watershed":"Rice Creek"},"geometry":{"type":"Polygon","coordinates":[[[-82.531053,35.998265],[-82.531246,35.998464],[-82.530738,35.999118],[-82.530747,35.999321],[-82.531059,35.999555],[-82.530935,35.999703],[-82.530441,35.999289],[-82.53019,35.998325],[-82.530564,35.998239],[-82.530695,35.998604],[-82.531053,35.998265]]]}},{"id":"12715","type":"Feature","properties":{"OBJECTID":3827,"max_category":0,"label":"0.01 to 0.10 inches","area_acres":2.3589497158974253,"county":"Unicoi County","watershed":"Rice Creek"},"geometry":{"type":"Polygon","coordinates":[[[-82.572392,36.004403],[-82.572481,36.004549],[-82.572036,36.005091],[-82.572046,36.005307],[-82.572773,36.005888],[-82.572883,36.006631],[-82.572412,36.007156],[-82.57236,36.00688],[-82.571776,36.00621],[-82.571988,36.006191],[-82.572528,36.006706],[-82.572706,36.006607],[-82.572609,36.005954],[-82.571963,36.005465],[-82.571687,36.004989],[-82.572392,36.004403]]]}},{"id":"12727","type":"Feature","properties":{"OBJECTID":4455,"max_category":0,"label":"0.01 to 0.10 inches","area_acres":10.349150632122326,"county":"Unicoi County","watershed":"Rice Creek"},"geometry":{"type":"Polygon","coordinates":[[[-82.580941,35.999617],[-82.581852,36.00012],[-82.582008,36.001084],[-82.582498,36.001521],[-82.582559,36.002101],[-82.582257,36.002895],[-82.582441,36.003236],[-82.582396,36.003673],[-82.582085,36.002985],[-82.582255,36.002288],[-82.581149,36.00132],[-82.579702,36.001692],[-82.579618,36.001399],[-82.57997,36.001404],[-82.580669,36.001114],[-82.579178,36.001185],[-82.578484,36.001043],[-82.578575,36.000887],[-82.578362,36.000639],[-82.5785,36.000513],[-82.579311,36.000929],[-82.580264,36.000791],[-82.578805,35.999929],[-82.578869,35.999772],[-82.579092,35.999761],[-82.580061,36.000355],[-82.579671,35.999652],[-82.579882,35.999514],[-82.580268,35.999637],[-82.581084,36.000864],[-82.582383,36.001927],[-82.582327,36.001574],[-82.581837,36.001137],[-82.581805,36.000489],[-82.580994,36.000087],[-82.58079,35.999725],[-82.580941,35.999617]],[[-82.581403,36.0013],[-82.581765,36.001723],[-82.582283,36.002115],[-82.582207,36.001907],[-82.581403,36.0013]]]}},{"id":"12731","type":"Feature","properties":{"OBJECTID":3848,"max_category":0,"label":"0.01 to 0.10 inches","area_acres":1.6909299114620548,"county":"Unicoi County","watershed":"Rice Creek"},"geometry":{"type":"Polygon","coordinates":[[[-82.566333,35.992869],[-82.566351,35.993231],[-82.56577,35.993522],[-82.564649,35.993089],[-82.5641,35.993268],[-82.564157,35.992989],[-82.564696,35.992946],[-82.565362,35.993145],[-82.566333,35.992869]]]}},{"id":"12734","type":"Feature","properties":{"OBJECTID":3893,"max_category":0,"label":"0.01 to 0.10 inches","area_acres":1.2745290256185946,"county":"Unicoi County","watershed":"Rice Creek"},"geometry":{"type":"Polygon","coordinates":[[[-82.547908,35.993846],[-82.547993,35.993942],[-82.547711,35.994306],[-82.548195,35.994797],[-82.547474,35.994716],[-82.54714,35.995074],[-82.547091,35.994703],[-82.547908,35.993846]]]}},{"id":"12748","type":"Feature","properties":{"OBJECTID":6502,"max_category":0,"label":"0.01 to 0.10 inches","area_acres":1.432730899166214,"county":"Unicoi County","watershed":"Rice Creek"},"geometry":{"type":"Polygon","coordinates":[[[-82.555566,36.010281],[-82.556237,36.010558],[-82.556252,36.010937],[-82.55597,36.011123],[-82.555734,36.011051],[-82.555302,36.010487],[-82.554741,36.010414],[-82.555566,36.010281]]]}},{"id":"12754","type":"Feature","properties":{"OBJECTID":5681,"max_category":0,"label":"0.01 to 0.10 inches","area_acres":6.490672229538613,"county":"Unicoi County","watershed":"Upper South Indian Creek"},"geometry":{"type":"Polygon","coordinates":[[[-82.519448,36.011382],[-82.51953,36.011515],[-82.519069,36.01192],[-82.51989,36.011562],[-82.520313,36.011587],[-82.520493,36.011813],[-82.518935,36.012388],[-82.519396,36.012537],[-82.520416,36.012409],[-82.520391,36.012616],[-82.519965,36.012648],[-82.52036,36.012711],[-82.520218,36.01297],[-82.519828,36.012995],[-82.518652,36.012593],[-82.518084,36.012637],[-82.517765,36.012915],[-82.518464,36.012999],[-82.518563,36.013202],[-82.518365,36.013359],[-82.518172,36.013394],[-82.517795,36.013112],[-82.517122,36.013077],[-82.516662,36.013423],[-82.516956,36.012984],[-82.51758,36.012838],[-82.518727,36.011696],[-82.519448,36.011382]]]}},{"id":"12758","type":"Feature","properties":{"OBJECTID":6147,"max_category":0,"label":"0.01 to 0.10 inches","area_acres":1.753193236244581,"county":"Unicoi County","watershed":"Upper South Indian Creek"},"geometry":{"type":"Polygon","coordinates":[[[-82.547554,36.025798],[-82.547935,36.025924],[-82.548968,36.025869],[-82.549688,36.026211],[-82.54934,36.02627],[-82.548915,36.026011],[-82.547899,36.026068],[-82.547524,36.025942],[-82.547022,36.025956],[-82.546386,36.026304],[-82.54582,36.026039],[-82.546192,36.025865],[-82.547554,36.025798]]]}},{"id":"12762","type":"Feature","properties":{"OBJECTID":3853,"max_category":0,"label":"0.01 to 0.10 inches","area_acres":5.250789224020012,"county":"Unicoi County","watershed":"Rice Creek"},"geometry":{"type":"Polygon","coordinates":[[[-82.570853,35.98647],[-82.571376,35.987129],[-82.572014,35.987426],[-82.572597,35.988163],[-82.572563,35.988315],[-82.572338,35.988271],[-82.572751,35.989193],[-82.572677,35.989356],[-82.572117,35.989285],[-82.572076,35.988569],[-82.57191,35.98831],[-82.571625,35.98831],[-82.571907,35.987805],[-82.571103,35.987091],[-82.570798,35.987833],[-82.571206,35.988145],[-82.57134,35.988615],[-82.571764,35.989021],[-82.571189,35.989214],[-82.570959,35.989126],[-82.571004,35.98882],[-82.570695,35.9887],[-82.57077,35.988113],[-82.570613,35.987621],[-82.570986,35.986865],[-82.570853,35.98647]]]}},{"id":"12769","type":"Feature","properties":{"OBJECTID":4460,"max_category":0,"label":"0.01 to 0.10 inches","area_acres":11.76447298783298,"county":"Unicoi County","watershed":"Rice Creek"},"geometry":{"type":"Polygon","coordinates":[[[-82.578147,36.00679],[-82.579994,36.007176],[-82.580797,36.006913],[-82.580874,36.007124],[-82.580474,36.007355],[-82.581099,36.007403],[-82.581079,36.007599],[-82.581867,36.007823],[-82.582104,36.008214],[-82.582552,36.008238],[-82.583379,36.008754],[-82.583842,36.008442],[-82.584254,36.008463],[-82.584246,36.009024],[-82.584089,36.009177],[-82.583745,36.00905],[-82.58353,36.009162],[-82.582685,36.008477],[-82.582128,36.008356],[-82.58275,36.009419],[-82.583127,36.009685],[-82.583138,36.009932],[-82.582986,36.009973],[-82.582671,36.009816],[-82.581953,36.008374],[-82.581504,36.008035],[-82.581097,36.008028],[-82.581354,36.008463],[-82.581197,36.008541],[-82.580947,36.008378],[-82.580747,36.007887],[-82.580135,36.007425],[-82.579721,36.007245],[-82.579083,36.007204],[-82.58068,36.00876],[-82.581247,36.008999],[-82.581379,36.009261],[-82.581723,36.009415],[-82.581381,36.009527],[-82.580605,36.009107],[-82.580529,36.009676],[-82.580858,36.009872],[-82.58173,36.009895],[-82.582326,36.010551],[-82.582139,36.010716],[-82.581902,36.010692],[-82.581444,36.010218],[-82.580622,36.010073],[-82.580357,36.009748],[-82.580421,36.008942],[-82.579857,36.008276],[-82.579612,36.008656],[-82.579408,36.008651],[-82.579491,36.007787],[-82.578629,36.007029],[-82.577987,36.006938],[-82.577036,36.007224],[-82.578147,36.00679]]]}},{"id":"12779","type":"Feature","properties":{"OBJECTID":3869,"max_category":0,"label":"0.01 to 0.10 inches","area_acres":1.7366767943004993,"county":"Unicoi County","watershed":"Rice Creek"},"geometry":{"type":"Polygon","coordinates":[[[-82.5563,35.991623],[-82.556602,35.991878],[-82.55627,35.992026],[-82.556313,35.992242],[-82.556738,35.992676],[-82.556215,35.992895],[-82.556063,35.992792],[-82.555964,35.992146],[-82.55551,35.991823],[-82.5563,35.991623]]]}},{"id":"12787","type":"Feature","properties":{"OBJECTID":6539,"max_category":0,"label":"0.01 to 0.10 inches","area_acres":0.9033202396840695,"county":"Unicoi County","watershed":"Rice Creek"},"geometry":{"type":"Polygon","coordinates":[[[-82.56047,36.009727],[-82.561552,36.010084],[-82.561468,36.010268],[-82.56037,36.009947],[-82.56047,36.009727]]]}},{"id":"12788","type":"Feature","properties":{"OBJECTID":3883,"max_category":0,"label":"0.01 to 0.10 inches","area_acres":1.3149789093306619,"county":"Unicoi County","watershed":"Rice Creek"},"geometry":{"type":"Polygon","coordinates":[[[-82.556618,35.998073],[-82.556976,35.998166],[-82.557134,35.99916],[-82.556539,35.99894],[-82.556643,35.998735],[-82.556368,35.998225],[-82.556618,35.998073]]]}},{"id":"12790","type":"Feature","properties":{"OBJECTID":6159,"max_category":0,"label":"0.01 to 0.10 inches","area_acres":2.4421745760750833,"county":"Unicoi County","watershed":"Upper South Indian Creek"},"geometry":{"type":"Polygon","coordinates":[[[-82.546307,36.026686],[-82.546526,36.026775],[-82.546412,36.027002],[-82.546875,36.027591],[-82.547803,36.027922],[-82.547955,36.028193],[-82.546954,36.02787],[-82.546021,36.027167],[-82.545659,36.027105],[-82.545129,36.026352],[-82.545518,36.02638],[-82.54566,36.026884],[-82.545781,36.026976],[-82.545889,36.026738],[-82.546127,36.026814],[-82.546307,36.026686]]]}},{"id":"12797","type":"Feature","properties":{"OBJECTID":4609,"max_category":0,"label":"0.01 to 0.10 inches","area_acres":1.3992121055521258,"county":"Unicoi County","watershed":"Rice Creek"},"geometry":{"type":"Polygon","coordinates":[[[-82.557483,35.983177],[-82.557669,35.983243],[-82.557646,35.983468],[-82.555567,35.984333],[-82.555947,35.983976],[-82.557483,35.983177]]]}},{"id":"12800","type":"Feature","properties":{"OBJECTID":203,"max_category":0,"label":"0.01 to 0.10 inches","area_acres":4.119224954811653,"county":"Unicoi County","watershed":"Rice Creek"},"geometry":{"type":"Polygon","coordinates":[[[-82.56287,36.001712],[-82.564548,36.001829],[-82.564656,36.001938],[-82.562833,36.002075],[-82.561782,36.001584],[-82.560786,36.002187],[-82.559993,36.002179],[-82.56013,36.001994],[-82.560901,36.001747],[-82.560069,36.001699],[-82.560019,36.001517],[-82.560373,36.001401],[-82.561868,36.001439],[-82.561986,36.001272],[-82.56287,36.001712]]]}},{"id":"12829","type":"Feature","properties":{"OBJECTID":6501,"max_category":0,"label":"0.01 to 0.10 inches","area_acres":3.967419197769368,"county":"Unicoi County","watershed":"Rice Creek"},"geometry":{"type":"Polygon","coordinates":[[[-82.558258,36.010698],[-82.558448,36.01075],[-82.55863,36.011849],[-82.557936,36.012155],[-82.557942,36.012428],[-82.557496,36.013114],[-82.557727,36.012161],[-82.556658,36.011299],[-82.556453,36.010831],[-82.556663,36.010717],[-82.557009,36.010787],[-82.558065,36.010205],[-82.558005,36.010555],[-82.557614,36.010801],[-82.557217,36.010816],[-82.556908,36.011086],[-82.556952,36.011327],[-82.557825,36.012014],[-82.558083,36.011789],[-82.557923,36.011205],[-82.558258,36.010698]]]}},{"id":"12830","type":"Feature","properties":{"OBJECTID":6552,"max_category":0,"label":"0.01 to 0.10 inches","area_acres":4.77184444400343,"county":"Unicoi County","watershed":"Rice Creek"},"geometry":{"type":"Polygon","coordinates":[[[-82.559685,36.003949],[-82.560071,36.004213],[-82.561133,36.004436],[-82.562232,36.004971],[-82.562207,36.00543],[-82.56246,36.005804],[-82.562423,36.006413],[-82.561269,36.005393],[-82.560535,36.005155],[-82.56039,36.004939],[-82.560987,36.004963],[-82.56194,36.005546],[-82.561889,36.005278],[-82.561314,36.004869],[-82.559757,36.004487],[-82.559506,36.004168],[-82.559685,36.003949]]]}},{"id":"12844","type":"Feature","properties":{"OBJECTID":3898,"max_category":0,"label":"0.01 to 0.10 inches","area_acres":0.6169013928404516,"county":"Unicoi County","watershed":"Rice Creek"},"geometry":{"type":"Polygon","coordinates":[[[-82.550638,35.998247],[-82.550744,35.998476],[-82.550232,35.998621],[-82.549715,35.998442],[-82.549813,35.998328],[-82.550638,35.998247]]]}},{"id":"12856","type":"Feature","properties":{"OBJECTID":199,"max_category":0,"label":"0.01 to 0.10 inches","area_acres":4.263267120411067,"county":"Unicoi County","watershed":"Rice Creek"},"geometry":{"type":"Polygon","coordinates":[[[-82.562391,36.007773],[-82.562948,36.00806],[-82.563247,36.007862],[-82.563436,36.007898],[-82.563249,36.008287],[-82.563474,36.008484],[-82.564231,36.008287],[-82.564361,36.00851],[-82.563939,36.008758],[-82.565071,36.008922],[-82.565035,36.009064],[-82.564509,36.00924],[-82.564977,36.009567],[-82.56556,36.009372],[-82.565803,36.009642],[-82.565391,36.00978],[-82.565316,36.009956],[-82.565918,36.010252],[-82.566173,36.010007],[-82.566521,36.009997],[-82.566499,36.010411],[-82.565973,36.010476],[-82.565349,36.010176],[-82.563859,36.008891],[-82.562811,36.008151],[-82.562148,36.007884],[-82.562391,36.007773]]]}},{"id":"12858","type":"Feature","properties":{"OBJECTID":3613,"max_category":0,"label":"0.01 to 0.10 inches","area_acres":2.713986704597946,"county":"Unicoi County","watershed":"Rice Creek"},"geometry":{"type":"Polygon","coordinates":[[[-82.522712,35.989298],[-82.523202,35.989614],[-82.52346,35.989606],[-82.523165,35.989228],[-82.523438,35.989009],[-82.523633,35.989039],[-82.523686,35.989449],[-82.524786,35.990283],[-82.524866,35.99056],[-82.524508,35.990718],[-82.524635,35.990496],[-82.523677,35.98977],[-82.522688,35.989976],[-82.522434,35.989593],[-82.522512,35.989328],[-82.522712,35.989298]]]}},{"id":"12869","type":"Feature","properties":{"OBJECTID":401,"max_category":0,"label":"0.01 to 0.10 inches","area_acres":2.2170744909772235,"county":"Unicoi County","watershed":"Upper South Indian Creek"},"geometry":{"type":"Polygon","coordinates":[[[-82.564632,36.024456],[-82.564889,36.024157],[-82.564347,36.023748],[-82.563832,36.02357],[-82.563602,36.023304],[-82.563658,36.02309],[-82.563904,36.023085],[-82.565015,36.02401],[-82.565074,36.025209],[-82.564494,36.025143],[-82.564747,36.02479],[-82.564632,36.024456]]]}},{"id":"12877","type":"Feature","properties":{"OBJECTID":3890,"max_category":0,"label":"0.01 to 0.10 inches","area_acres":2.743832756542459,"county":"Unicoi County","watershed":"Rice Creek"},"geometry":{"type":"Polygon","coordinates":[[[-82.544768,35.993223],[-82.545602,35.993719],[-82.545676,35.993541],[-82.545884,35.993535],[-82.546089,35.993981],[-82.546582,35.994006],[-82.546382,35.994142],[-82.545827,35.994159],[-82.545154,35.994604],[-82.544952,35.994954],[-82.54455,35.99473],[-82.54465,35.994436],[-82.545156,35.994421],[-82.545709,35.994053],[-82.544513,35.993541],[-82.544768,35.993223]]]}},{"id":"12886","type":"Feature","properties":{"OBJECTID":6530,"max_category":0,"label":"0.01 to 0.10 inches","area_acres":4.7337248279280075,"county":"Unicoi County","watershed":"Rice Creek"},"geometry":{"type":"Polygon","coordinates":[[[-82.550191,36.013434],[-82.550615,36.014151],[-82.551613,36.014803],[-82.551538,36.015216],[-82.551287,36.015252],[-82.550935,36.014668],[-82.550522,36.014355],[-82.550499,36.014594],[-82.551238,36.015517],[-82.550941,36.015614],[-82.550617,36.015409],[-82.550368,36.01477],[-82.550079,36.01505],[-82.550333,36.015768],[-82.550033,36.01587],[-82.549782,36.015364],[-82.549587,36.015397],[-82.549705,36.015815],[-82.549498,36.015904],[-82.549085,36.015608],[-82.550319,36.014517],[-82.550258,36.01389],[-82.549977,36.013654],[-82.550191,36.013434]]]}},{"id":"12899","type":"Feature","properties":{"OBJECTID":4567,"max_category":0,"label":"0.01 to 0.10 inches","area_acres":3.109147987646246,"county":"Unicoi County","watershed":"Upper South Indian Creek"},"geometry":{"type":"Polygon","coordinates":[[[-82.575239,36.015974],[-82.575933,36.016312],[-82.576287,36.017031],[-82.576702,36.017378],[-82.576752,36.018816],[-82.576093,36.01737],[-82.575428,36.016727],[-82.575509,36.016478],[-82.575126,36.016146],[-82.575239,36.015974]]]}},{"id":"12901","type":"Feature","properties":{"OBJECTID":6554,"max_category":0,"label":"0.01 to 0.10 inches","area_acres":2.7612408615544375,"county":"Unicoi County","watershed":"Rice Creek"},"geometry":{"type":"Polygon","coordinates":[[[-82.556409,36.004842],[-82.556537,36.005006],[-82.556276,36.005475],[-82.555515,36.006172],[-82.554719,36.006277],[-82.554949,36.005943],[-82.554931,36.005337],[-82.555529,36.004696],[-82.555921,36.00464],[-82.555985,36.004806],[-82.555111,36.00564],[-82.555121,36.005993],[-82.555374,36.005971],[-82.555943,36.005474],[-82.556141,36.005019],[-82.556409,36.004842]]]}},{"id":"12903","type":"Feature","properties":{"OBJECTID":4472,"max_category":0,"label":"0.01 to 0.10 inches","area_acres":6.5719684060944,"county":"Unicoi County","watershed":"Upper South Indian Creek"},"geometry":{"type":"Polygon","coordinates":[[[-82.568689,36.019355],[-82.568912,36.019502],[-82.569444,36.020667],[-82.569709,36.020638],[-82.569685,36.021506],[-82.569963,36.021064],[-82.569941,36.020574],[-82.569742,36.019892],[-82.569056,36.018925],[-82.569081,36.018531],[-82.569397,36.018299],[-82.569973,36.019649],[-82.57014,36.021088],[-82.569628,36.021765],[-82.569737,36.022699],[-82.569573,36.022879],[-82.569195,36.022824],[-82.56956,36.02267],[-82.569351,36.022522],[-82.56933,36.021284],[-82.569286,36.022474],[-82.569046,36.022481],[-82.569175,36.020843],[-82.568557,36.019856],[-82.568474,36.019469],[-82.568689,36.019355]]]}},{"id":"12905","type":"Feature","properties":{"OBJECTID":6524,"max_category":0,"label":"0.01 to 0.10 inches","area_acres":1.6584294485542548,"county":"Unicoi County","watershed":"Upper South Indian Creek"},"geometry":{"type":"Polygon","coordinates":[[[-82.558481,36.017288],[-82.560295,36.017655],[-82.560623,36.018044],[-82.559694,36.01794],[-82.558859,36.017475],[-82.558452,36.017507],[-82.558481,36.017288]]]}},{"id":"12907","type":"Feature","properties":{"OBJECTID":6148,"max_category":0,"label":"0.01 to 0.10 inches","area_acres":2.628005203045702,"county":"Unicoi County","watershed":"Upper South Indian Creek"},"geometry":{"type":"Polygon","coordinates":[[[-82.547683,36.024887],[-82.547728,36.025021],[-82.546221,36.02543],[-82.545561,36.025861],[-82.545241,36.025776],[-82.545441,36.02559],[-82.545099,36.025564],[-82.545287,36.02533],[-82.544961,36.02501],[-82.54506,36.024882],[-82.545379,36.02493],[-82.546209,36.025287],[-82.546503,36.025196],[-82.546245,36.024881],[-82.546299,36.02471],[-82.54685,36.025104],[-82.547683,36.024887]]]}},{"id":"12908","type":"Feature","properties":{"OBJECTID":6430,"max_category":0,"label":"0.01 to 0.10 inches","area_acres":1.7719293589418905,"county":"Unicoi County","watershed":"Rice Creek"},"geometry":{"type":"Polygon","coordinates":[[[-82.539272,36.00523],[-82.539816,36.005569],[-82.539289,36.005879],[-82.539287,36.006251],[-82.538326,36.00643],[-82.538269,36.006276],[-82.538757,36.005996],[-82.539272,36.00523]]]}},{"id":"12911","type":"Feature","properties":{"OBJECTID":21,"max_category":0,"label":"0.01 to 0.10 inches","area_acres":47.20877895060232,"county":"Unicoi County","watershed":"Rice Creek"},"geometry":{"type":"Polygon","coordinates":[[[-82.529467,35.998366],[-82.531117,36.000154],[-82.530416,36.001897],[-82.530066,36.00188],[-82.530073,36.001721],[-82.529667,36.00191],[-82.529495,36.001754],[-82.529645,36.001516],[-82.530772,36.000817],[-82.530911,36.000183],[-82.530404,35.999719],[-82.530127,35.999823],[-82.529685,36.00055],[-82.529149,36.001785],[-82.528268,36.002215],[-82.52819,36.002062],[-82.528416,36.001594],[-82.529166,36.001221],[-82.530057,35.999674],[-82.52916,35.999783],[-82.528464,36.000105],[-82.528252,36.001312],[-82.526929,36.002499],[-82.527321,36.003236],[-82.527012,36.003363],[-82.52676,36.002646],[-82.526259,36.003425],[-82.526186,36.003658],[-82.526628,36.004169],[-82.526435,36.004277],[-82.526112,36.003951],[-82.525841,36.004701],[-82.525864,36.005564],[-82.525367,36.00558],[-82.525395,36.004671],[-82.52564,36.004087],[-82.525361,36.003903],[-82.52595,36.003485],[-82.526263,36.00289],[-82.525781,36.002959],[-82.525374,36.003314],[-82.525259,36.003919],[-82.524908,36.004262],[-82.52457,36.00504],[-82.524568,36.005584],[-82.523948,36.005705],[-82.52385,36.00555],[-82.524194,36.00511],[-82.52371,36.005435],[-82.523594,36.005273],[-82.523878,36.004923],[-82.524247,36.004772],[-82.524189,36.004481],[-82.525087,36.003867],[-82.525279,36.003016],[-82.525773,36.002599],[-82.526474,36.002686],[-82.528085,36.001252],[-82.528151,36.000197],[-82.52704,36.000806],[-82.526785,36.001108],[-82.525902,36.001143],[-82.525295,36.001502],[-82.5253,36.001774],[-82.52479,36.002341],[-82.524753,36.002599],[-82.523628,36.003611],[-82.523607,36.004755],[-82.523118,36.005565],[-82.522973,36.005025],[-82.523155,36.003623],[-82.524389,36.002596],[-82.525002,36.001918],[-82.525121,36.001548],[-82.52421,36.00185],[-82.523042,36.002584],[-82.52298,36.003564],[-82.522658,36.003859],[-82.522541,36.004275],[-82.522701,36.004919],[-82.522019,36.006191],[-82.521946,36.005518],[-82.522201,36.005057],[-82.521756,36.005028],[-82.522338,36.004441],[-82.522396,36.004088],[-82.521339,36.005004],[-82.5209,36.004774],[-82.521565,36.004532],[-82.5223,36.003762],[-82.522673,36.00358],[-82.522741,36.002815],[-82.522252,36.003214],[-82.520317,36.004183],[-82.520049,36.00412],[-82.519809,36.003815],[-82.521621,36.003051],[-82.522255,36.002918],[-82.523003,36.002379],[-82.521671,36.002583],[-82.520534,36.003083],[-82.520466,36.002911],[-82.521216,36.002431],[-82.520202,36.002706],[-82.520143,36.002567],[-82.520554,36.002322],[-82.520271,36.002293],[-82.518684,36.002941],[-82.518716,36.002561],[-82.518922,36.002442],[-82.518471,36.002418],[-82.518415,36.002221],[-82.518925,36.001997],[-82.519641,36.002086],[-82.51873,36.001688],[-82.518631,36.001499],[-82.518996,36.001457],[-82.519922,36.00205],[-82.520458,36.00198],[-82.519346,36.001357],[-82.519212,36.001006],[-82.519439,36.000855],[-82.520004,36.001104],[-82.520478,36.001595],[-82.520952,36.001718],[-82.520951,36.001519],[-82.521107,36.00147],[-82.521713,36.002026],[-82.522332,36.002228],[-82.523273,36.002201],[-82.523765,36.002],[-82.523257,36.002005],[-82.522222,36.001357],[-82.521633,36.0014],[-82.520817,36.001141],[-82.520743,36.001022],[-82.520931,36.000938],[-82.520436,36.00067],[-82.520391,36.000498],[-82.520798,36.000356],[-82.521939,36.001028],[-82.522027,36.000843],[-82.522375,36.000832],[-82.5235,36.001865],[-82.5239,36.001853],[-82.524558,36.001452],[-82.523717,36.000815],[-82.523708,36.00049],[-82.524106,36.000518],[-82.525065,36.001407],[-82.525425,36.001207],[-82.524967,36.000858],[-82.524923,36.000539],[-82.525793,36.001029],[-82.525886,36.000892],[-82.525494,36.000591],[-82.525559,36.000383],[-82.526224,36.000714],[-82.526729,36.000782],[-82.527619,36.00024],[-82.527053,35.999808],[-82.527113,35.999569],[-82.527508,35.999617],[-82.528022,36.000057],[-82.528849,35.999759],[-82.528344,35.999295],[-82.528449,35.999061],[-82.529186,35.999611],[-82.530394,35.999576],[-82.529162,35.998537],[-82.529181,35.998359],[-82.529467,35.998366]]]}},{"id":"12912","type":"Feature","properties":{"OBJECTID":6549,"max_category":0,"label":"0.01 to 0.10 inches","area_acres":3.5506004174016756,"county":"Unicoi County","watershed":"Rice Creek"},"geometry":{"type":"Polygon","coordinates":[[[-82.562828,36.003885],[-82.563354,36.004227],[-82.563873,36.004224],[-82.563907,36.004432],[-82.562685,36.004417],[-82.562496,36.00453],[-82.562232,36.00421],[-82.561223,36.004181],[-82.560551,36.003972],[-82.560435,36.003774],[-82.560667,36.003701],[-82.56131,36.003902],[-82.562451,36.00396],[-82.561586,36.003377],[-82.561287,36.003337],[-82.561087,36.003146],[-82.561172,36.003026],[-82.561599,36.003166],[-82.562661,36.003915],[-82.562828,36.003885]]]}},{"id":"12917","type":"Feature","properties":{"OBJECTID":6537,"max_category":0,"label":"0.01 to 0.10 inches","area_acres":1.6521037008079718,"county":"Unicoi County","watershed":"Rice Creek"},"geometry":{"type":"Polygon","coordinates":[[[-82.559818,36.013099],[-82.560034,36.013684],[-82.560625,36.014049],[-82.560514,36.014156],[-82.559984,36.014098],[-82.560816,36.014462],[-82.560876,36.014715],[-82.560152,36.014626],[-82.559827,36.014301],[-82.55967,36.013257],[-82.559818,36.013099]]]}},{"id":"12920","type":"Feature","properties":{"OBJECTID":6126,"max_category":0,"label":"0.01 to 0.10 inches","area_acres":1.9502725460078618,"county":"Unicoi County","watershed":"Upper South Indian Creek"},"geometry":{"type":"Polygon","coordinates":[[[-82.549958,36.029659],[-82.550185,36.029756],[-82.549948,36.030245],[-82.549306,36.030773],[-82.5489,36.030777],[-82.548888,36.029934],[-82.549304,36.029937],[-82.549236,36.030486],[-82.549592,36.029862],[-82.549958,36.029659]]]}},{"id":"12926","type":"Feature","properties":{"OBJECTID":211,"max_category":0,"label":"0.01 to 0.10 inches","area_acres":7.695703892509372,"county":"Unicoi County","watershed":"Upper South Indian Creek"},"geometry":{"type":"Polygon","coordinates":[[[-82.567702,36.019085],[-82.568237,36.01938],[-82.568146,36.020388],[-82.568572,36.020872],[-82.568738,36.022288],[-82.568541,36.022429],[-82.568538,36.022945],[-82.5678,36.023097],[-82.56773,36.021901],[-82.567367,36.021625],[-82.566559,36.02138],[-82.566736,36.021308],[-82.566662,36.021091],[-82.567542,36.021298],[-82.567306,36.020671],[-82.567573,36.020516],[-82.567786,36.020726],[-82.567918,36.021344],[-82.568296,36.021637],[-82.568272,36.02109],[-82.567776,36.020539],[-82.567732,36.01955],[-82.567586,36.019353],[-82.567702,36.019085]]]}},{"id":"12930","type":"Feature","properties":{"OBJECTID":5535,"max_category":0,"label":"0.01 to 0.10 inches","area_acres":2.77071143101245,"county":"Unicoi County","watershed":"Upper South Indian Creek"},"geometry":{"type":"Polygon","coordinates":[[[-82.550507,36.022166],[-82.550834,36.022226],[-82.550905,36.022386],[-82.550515,36.022338],[-82.549948,36.022833],[-82.549962,36.023561],[-82.549635,36.023868],[-82.549042,36.023904],[-82.548982,36.023609],[-82.549513,36.023432],[-82.549771,36.023149],[-82.549661,36.022913],[-82.548832,36.023178],[-82.548743,36.022877],[-82.549389,36.022641],[-82.549882,36.022624],[-82.550507,36.022166]]]}},{"id":"12938","type":"Feature","properties":{"OBJECTID":3008,"max_category":0,"label":"0.01 to 0.10 inches","area_acres":1.5908341784091398,"county":"Unicoi County","watershed":"Rice Creek"},"geometry":{"type":"Polygon","coordinates":[[[-82.524031,35.99473],[-82.524723,35.994684],[-82.525515,35.994928],[-82.524109,35.994898],[-82.523931,35.995054],[-82.524135,35.99588],[-82.523948,35.996057],[-82.523722,35.995814],[-82.523618,35.995029],[-82.524031,35.99473]]]}},{"id":"12940","type":"Feature","properties":{"OBJECTID":3843,"max_category":0,"label":"0.01 to 0.10 inches","area_acres":1.1287791861722447,"county":"Unicoi County","watershed":"Rice Creek"},"geometry":{"type":"Polygon","coordinates":[[[-82.567094,35.98713],[-82.56762,35.987887],[-82.567664,35.988197],[-82.567468,35.988305],[-82.567156,35.988079],[-82.566918,35.987385],[-82.567094,35.98713]]]}},{"id":"12946","type":"Feature","properties":{"OBJECTID":6500,"max_category":0,"label":"0.01 to 0.10 inches","area_acres":4.599790546811181,"county":"Unicoi County","watershed":"Rice Creek"},"geometry":{"type":"Polygon","coordinates":[[[-82.559784,36.010791],[-82.560087,36.011087],[-82.560124,36.011895],[-82.560512,36.01228],[-82.560268,36.012428],[-82.559931,36.01213],[-82.560142,36.012505],[-82.559981,36.012687],[-82.559811,36.012543],[-82.559556,36.012781],[-82.558873,36.012007],[-82.559063,36.011818],[-82.558775,36.011345],[-82.558676,36.010633],[-82.558967,36.01054],[-82.559253,36.010662],[-82.559186,36.011346],[-82.559608,36.012619],[-82.55953,36.011602],[-82.559792,36.011424],[-82.559633,36.010894],[-82.559784,36.010791]]]}},{"id":"12947","type":"Feature","properties":{"OBJECTID":3868,"max_category":0,"label":"0.01 to 0.10 inches","area_acres":13.675289746101148,"county":"Unicoi County","watershed":"Rice Creek"},"geometry":{"type":"Polygon","coordinates":[[[-82.552099,35.99224],[-82.553208,35.992785],[-82.553488,35.992749],[-82.553703,35.992444],[-82.554327,35.992465],[-82.554343,35.992626],[-82.55381,35.992908],[-82.554827,35.992869],[-82.55471,35.993126],[-82.554937,35.993287],[-82.554842,35.993522],[-82.555068,35.993365],[-82.555395,35.993378],[-82.555517,35.99412],[-82.555944,35.993984],[-82.555862,35.993258],[-82.556373,35.993167],[-82.556478,35.993742],[-82.556091,35.99413],[-82.556918,35.993996],[-82.557166,35.994139],[-82.556875,35.994348],[-82.557226,35.99459],[-82.55707,35.994903],[-82.556216,35.99438],[-82.555988,35.994386],[-82.556056,35.994833],[-82.556838,35.995138],[-82.55673,35.995489],[-82.556071,35.995262],[-82.555858,35.995637],[-82.555624,35.995602],[-82.55585,35.994921],[-82.555829,35.994459],[-82.555577,35.994374],[-82.555604,35.99426],[-82.555029,35.994677],[-82.555071,35.995093],[-82.554197,35.994878],[-82.554405,35.995389],[-82.554952,35.995319],[-82.555473,35.995493],[-82.555444,35.995654],[-82.555127,35.995703],[-82.555651,35.995962],[-82.555531,35.996186],[-82.5545,35.995612],[-82.554946,35.996514],[-82.555461,35.996758],[-82.555126,35.997098],[-82.554898,35.997097],[-82.554688,35.99685],[-82.554772,35.996551],[-82.55402,35.994841],[-82.553152,35.994764],[-82.552474,35.994302],[-82.553248,35.993887],[-82.553511,35.994089],[-82.552928,35.994431],[-82.553324,35.994651],[-82.554337,35.994731],[-82.554839,35.994607],[-82.555308,35.994197],[-82.554795,35.993753],[-82.554814,35.993554],[-82.55459,35.993622],[-82.553602,35.992986],[-82.552887,35.992815],[-82.552182,35.992469],[-82.552099,35.99224]],[[-82.555856,35.994286],[-82.555741,35.994228],[-82.555705,35.994252],[-82.555856,35.994286]]]}},{"id":"12948","type":"Feature","properties":{"OBJECTID":6141,"max_category":0,"label":"0.01 to 0.10 inches","area_acres":6.887884484337627,"county":"Unicoi County","watershed":"Upper South Indian Creek"},"geometry":{"type":"Polygon","coordinates":[[[-82.55386,36.026824],[-82.554245,36.027429],[-82.554082,36.027577],[-82.554017,36.028401],[-82.554476,36.028824],[-82.554167,36.029047],[-82.553935,36.028845],[-82.553844,36.028445],[-82.553849,36.027818],[-82.553628,36.027402],[-82.55371,36.026956],[-82.553155,36.026905],[-82.553172,36.02723],[-82.552871,36.027294],[-82.552762,36.026942],[-82.552449,36.026853],[-82.552083,36.026496],[-82.551325,36.026436],[-82.55179,36.027778],[-82.55224,36.027906],[-82.553663,36.029014],[-82.553598,36.029283],[-82.553378,36.029343],[-82.552975,36.02871],[-82.552151,36.028034],[-82.551629,36.027848],[-82.551149,36.026441],[-82.55057,36.026317],[-82.551618,36.026312],[-82.551384,36.026134],[-82.552,36.025697],[-82.552247,36.02588],[-82.551917,36.026303],[-82.552342,36.026236],[-82.552676,36.025955],[-82.552923,36.025988],[-82.552362,36.026592],[-82.552538,36.026725],[-82.553027,36.026793],[-82.553047,36.026401],[-82.553237,36.026265],[-82.553458,36.026508],[-82.553383,36.026755],[-82.55386,36.026824]]]}},{"id":"12954","type":"Feature","properties":{"OBJECTID":4319,"max_category":0,"label":"0.01 to 0.10 inches","area_acres":3.4941242974641646,"county":"Unicoi County","watershed":"Rice Creek"},"geometry":{"type":"Polygon","coordinates":[[[-82.559254,35.981916],[-82.559493,35.982292],[-82.559146,35.982845],[-82.559227,35.984723],[-82.558935,35.984926],[-82.558114,35.984023],[-82.558058,35.983602],[-82.55822,35.983433],[-82.55799,35.982839],[-82.558209,35.982637],[-82.558456,35.982698],[-82.558526,35.984123],[-82.559007,35.984782],[-82.558969,35.982811],[-82.559254,35.981916]]]}},{"id":"12955","type":"Feature","properties":{"OBJECTID":6550,"max_category":0,"label":"0.01 to 0.10 inches","area_acres":5.247995509947382,"county":"Unicoi County","watershed":"Rice Creek"},"geometry":{"type":"Polygon","coordinates":[[[-82.547813,36.006301],[-82.548757,36.006961],[-82.548958,36.007379],[-82.548568,36.007617],[-82.547832,36.008487],[-82.547154,36.008902],[-82.546817,36.008916],[-82.54664,36.007011],[-82.546796,36.006816],[-82.547169,36.006698],[-82.546924,36.00717],[-82.547237,36.008144],[-82.547128,36.008721],[-82.548039,36.008068],[-82.547554,36.007594],[-82.547561,36.007374],[-82.548285,36.007797],[-82.548362,36.007701],[-82.548415,36.007374],[-82.547639,36.006589],[-82.547813,36.006301]]]}},{"id":"12958","type":"Feature","properties":{"OBJECTID":5536,"max_category":0,"label":"0.01 to 0.10 inches","area_acres":1.2551231210410942,"county":"Unicoi County","watershed":"Upper South Indian Creek"},"geometry":{"type":"Polygon","coordinates":[[[-82.551033,36.023333],[-82.551226,36.023682],[-82.550535,36.024085],[-82.550306,36.024089],[-82.55034,36.023881],[-82.549997,36.023827],[-82.550089,36.023645],[-82.551033,36.023333]]]}},{"id":"12959","type":"Feature","properties":{"OBJECTID":2987,"max_category":0,"label":"0.01 to 0.10 inches","area_acres":1.4553529814787736,"county":"Unicoi County","watershed":"Rice Creek"},"geometry":{"type":"Polygon","coordinates":[[[-82.536372,35.993823],[-82.536893,35.994471],[-82.53679,35.995177],[-82.536926,35.996038],[-82.536643,35.995798],[-82.536623,35.994604],[-82.536229,35.994096],[-82.536372,35.993823]]]}},{"id":"12962","type":"Feature","properties":{"OBJECTID":3895,"max_category":0,"label":"0.01 to 0.10 inches","area_acres":3.4900284561438077,"county":"Unicoi County","watershed":"Rice Creek"},"geometry":{"type":"Polygon","coordinates":[[[-82.549675,35.994042],[-82.550084,35.994519],[-82.550217,35.99514],[-82.550617,35.995209],[-82.55059,35.995498],[-82.549602,35.995338],[-82.549283,35.995159],[-82.548821,35.995251],[-82.54828,35.994873],[-82.548477,35.994627],[-82.548958,35.994805],[-82.548728,35.994494],[-82.548959,35.994421],[-82.549582,35.994952],[-82.549902,35.995026],[-82.549822,35.994771],[-82.549403,35.994461],[-82.549434,35.99414],[-82.549675,35.994042]]]}},{"id":"12971","type":"Feature","properties":{"OBJECTID":3847,"max_category":0,"label":"0.01 to 0.10 inches","area_acres":1.0232369175382603,"county":"Unicoi County","watershed":"Rice Creek"},"geometry":{"type":"Polygon","coordinates":[[[-82.566558,35.990306],[-82.566818,35.990485],[-82.566756,35.990736],[-82.566141,35.990764],[-82.565883,35.990964],[-82.565457,35.990831],[-82.565522,35.990722],[-82.565784,35.990809],[-82.566072,35.990473],[-82.566558,35.990306]]]}},{"id":"12973","type":"Feature","properties":{"OBJECTID":5538,"max_category":0,"label":"0.01 to 0.10 inches","area_acres":2.1743420881984643,"county":"Unicoi County","watershed":"Upper South Indian Creek"},"geometry":{"type":"Polygon","coordinates":[[[-82.540338,36.020977],[-82.541423,36.021795],[-82.54254,36.021844],[-82.542551,36.022017],[-82.542253,36.022185],[-82.542382,36.022363],[-82.542257,36.022531],[-82.541865,36.022484],[-82.540514,36.021197],[-82.539885,36.02108],[-82.540338,36.020977]]]}},{"id":"12980","type":"Feature","properties":{"OBJECTID":553,"max_category":0,"label":"0.01 to 0.10 inches","area_acres":1.083398349242616,"county":"Unicoi County","watershed":"Rice Creek"},"geometry":{"type":"Polygon","coordinates":[[[-82.540298,35.983869],[-82.540306,35.98407],[-82.539703,35.984482],[-82.539732,35.985148],[-82.539524,35.985351],[-82.539651,35.985608],[-82.539532,35.985678],[-82.539328,35.985338],[-82.539555,35.985114],[-82.539528,35.984348],[-82.540298,35.983869]]]}},{"id":"12985","type":"Feature","properties":{"OBJECTID":3867,"max_category":0,"label":"0.01 to 0.10 inches","area_acres":3.3702417005372647,"county":"Unicoi County","watershed":"Rice Creek"},"geometry":{"type":"Polygon","coordinates":[[[-82.553963,35.990014],[-82.554091,35.990169],[-82.553833,35.990449],[-82.553913,35.991142],[-82.554391,35.990978],[-82.554485,35.990223],[-82.5549,35.9902],[-82.5548,35.990924],[-82.555258,35.990705],[-82.555357,35.990308],[-82.555779,35.990044],[-82.555982,35.9901],[-82.555895,35.990579],[-82.555091,35.991053],[-82.553849,35.991282],[-82.553659,35.991185],[-82.553411,35.99023],[-82.553963,35.990014]]]}},{"id":"12987","type":"Feature","properties":{"OBJECTID":6219,"max_category":0,"label":"0.01 to 0.10 inches","area_acres":15.214663766619914,"county":"Unicoi County","watershed":"Rice Creek"},"geometry":{"type":"Polygon","coordinates":[[[-82.531661,36.014466],[-82.531775,36.015054],[-82.532255,36.015203],[-82.532188,36.015418],[-82.531683,36.015281],[-82.531889,36.016893],[-82.532405,36.017814],[-82.532895,36.018052],[-82.533173,36.018415],[-82.532979,36.018556],[-82.532699,36.01839],[-82.532669,36.018675],[-82.532079,36.018212],[-82.53192,36.018605],[-82.53152,36.0185],[-82.531443,36.01825],[-82.53189,36.017827],[-82.53183,36.017234],[-82.531396,36.017812],[-82.531084,36.017895],[-82.530869,36.017694],[-82.531078,36.01748],[-82.53076,36.017468],[-82.53114,36.016915],[-82.53171,36.016815],[-82.531519,36.015536],[-82.530491,36.015865],[-82.530628,36.016789],[-82.530133,36.01746],[-82.529886,36.017573],[-82.52964,36.017536],[-82.529606,36.017382],[-82.530152,36.016778],[-82.530173,36.016478],[-82.529952,36.016444],[-82.529927,36.01625],[-82.530326,36.015802],[-82.529993,36.015729],[-82.529716,36.015943],[-82.529642,36.016648],[-82.529333,36.017358],[-82.528988,36.017231],[-82.529264,36.016593],[-82.528767,36.017022],[-82.528567,36.016904],[-82.528904,36.016384],[-82.529981,36.015565],[-82.529279,36.01564],[-82.528882,36.015844],[-82.528454,36.016388],[-82.527756,36.016726],[-82.527485,36.01657],[-82.528451,36.015774],[-82.527654,36.016339],[-82.527354,36.016238],[-82.527667,36.01601],[-82.527558,36.015763],[-82.527968,36.015634],[-82.527595,36.015424],[-82.527753,36.01524],[-82.529931,36.015398],[-82.530431,36.015683],[-82.53133,36.015465],[-82.531599,36.015059],[-82.531661,36.014466]]]}},{"id":"12992","type":"Feature","properties":{"OBJECTID":3849,"max_category":0,"label":"0.01 to 0.10 inches","area_acres":1.2167314534253826,"county":"Unicoi County","watershed":"Rice Creek"},"geometry":{"type":"Polygon","coordinates":[[[-82.565846,35.992554],[-82.5659,35.992796],[-82.56513,35.992937],[-82.56401,35.992798],[-82.564954,35.992526],[-82.565846,35.992554]]]}},{"id":"12994","type":"Feature","properties":{"OBJECTID":559,"max_category":0,"label":"0.01 to 0.10 inches","area_acres":5.341196725971895,"county":"Unicoi County","watershed":"Rice Creek"},"geometry":{"type":"Polygon","coordinates":[[[-82.543075,35.99242],[-82.543476,35.992612],[-82.543461,35.99286],[-82.542856,35.993131],[-82.543353,35.993213],[-82.543251,35.993557],[-82.542807,35.993468],[-82.54243,35.993186],[-82.54171,35.993481],[-82.542577,35.993527],[-82.542547,35.993796],[-82.543033,35.994151],[-82.5429,35.994345],[-82.542597,35.994293],[-82.542042,35.993848],[-82.542266,35.994338],[-82.541979,35.994403],[-82.541369,35.993684],[-82.540615,35.993588],[-82.540951,35.993471],[-82.540994,35.993307],[-82.542025,35.99322],[-82.542148,35.992657],[-82.542336,35.992654],[-82.542451,35.992878],[-82.543075,35.99242]]]}},{"id":"13004","type":"Feature","properties":{"OBJECTID":3850,"max_category":0,"label":"0.01 to 0.10 inches","area_acres":1.0807262438768115,"county":"Unicoi County","watershed":"Rice Creek"},"geometry":{"type":"Polygon","coordinates":[[[-82.563494,35.995206],[-82.564556,35.995403],[-82.56471,35.995686],[-82.563845,35.995559],[-82.563442,35.995673],[-82.563494,35.995206]]]}},{"id":"13013","type":"Feature","properties":{"OBJECTID":5619,"max_category":0,"label":"0.01 to 0.10 inches","area_acres":10.91980187005229,"county":"Unicoi County","watershed":"Upper South Indian Creek"},"geometry":{"type":"Polygon","coordinates":[[[-82.523132,36.013157],[-82.522785,36.014861],[-82.522643,36.014525],[-82.521518,36.013833],[-82.521353,36.013488],[-82.521633,36.013387],[-82.522754,36.014254],[-82.522963,36.01333],[-82.522882,36.013006],[-82.522099,36.012493],[-82.520836,36.011962],[-82.520548,36.011482],[-82.520619,36.011129],[-82.520909,36.01108],[-82.521151,36.011299],[-82.521285,36.011921],[-82.521721,36.012252],[-82.522159,36.012353],[-82.521853,36.011893],[-82.521864,36.011386],[-82.521082,36.010532],[-82.521246,36.010381],[-82.521982,36.010995],[-82.52148,36.009563],[-82.521644,36.00912],[-82.522279,36.010002],[-82.522308,36.010574],[-82.522582,36.009975],[-82.522262,36.00924],[-82.522446,36.009191],[-82.523147,36.009661],[-82.52315,36.009922],[-82.522398,36.011108],[-82.522457,36.012437],[-82.522967,36.012825],[-82.523132,36.013157]]]}},{"id":"13019","type":"Feature","properties":{"OBJECTID":202,"max_category":0,"label":"0.01 to 0.10 inches","area_acres":1.3222881815970557,"county":"Unicoi County","watershed":"Rice Creek"},"geometry":{"type":"Polygon","coordinates":[[[-82.569522,36.008362],[-82.569745,36.00851],[-82.570021,36.009249],[-82.569509,36.009715],[-82.569431,36.009614],[-82.569744,36.009307],[-82.569109,36.008661],[-82.569522,36.008362]]]}},{"id":"13022","type":"Feature","properties":{"OBJECTID":5522,"max_category":0,"label":"0.01 to 0.10 inches","area_acres":8.257218018276715,"county":"Unicoi County","watershed":"Upper South Indian Creek"},"geometry":{"type":"Polygon","coordinates":[[[-82.560554,36.020352],[-82.561011,36.020548],[-82.560774,36.020795],[-82.561111,36.020793],[-82.561148,36.020927],[-82.56071,36.021156],[-82.560216,36.021199],[-82.561403,36.021279],[-82.561369,36.021633],[-82.560613,36.021764],[-82.559973,36.021264],[-82.55861,36.021029],[-82.557732,36.021285],[-82.558381,36.021281],[-82.559287,36.021691],[-82.559897,36.021653],[-82.560851,36.022051],[-82.560924,36.022417],[-82.559827,36.02179],[-82.559513,36.021827],[-82.559309,36.02224],[-82.559083,36.021784],[-82.558322,36.021422],[-82.557861,36.021435],[-82.558066,36.021988],[-82.559192,36.022471],[-82.558891,36.022747],[-82.558026,36.022365],[-82.557877,36.021695],[-82.557473,36.021337],[-82.556706,36.021191],[-82.556783,36.020994],[-82.557634,36.021161],[-82.558,36.021013],[-82.558148,36.020735],[-82.558872,36.020851],[-82.559534,36.020446],[-82.559689,36.020596],[-82.55932,36.020926],[-82.560033,36.021092],[-82.560554,36.020352]]]}},{"id":"13026","type":"Feature","properties":{"OBJECTID":3611,"max_category":0,"label":"0.01 to 0.10 inches","area_acres":1.2700086384182787,"county":"Unicoi County","watershed":"Rice Creek"},"geometry":{"type":"Polygon","coordinates":[[[-82.522903,35.992124],[-82.524188,35.993548],[-82.524168,35.993647],[-82.523954,35.993617],[-82.522888,35.992675],[-82.522751,35.992195],[-82.522903,35.992124]]]}},{"id":"13032","type":"Feature","properties":{"OBJECTID":3833,"max_category":0,"label":"0.01 to 0.10 inches","area_acres":0.3444811465321384,"county":"Unicoi County","watershed":"Rice Creek"},"geometry":{"type":"Polygon","coordinates":[[[-82.547381,35.993422],[-82.547666,35.993481],[-82.547641,35.993824],[-82.547281,35.993693],[-82.547381,35.993422]]]}},{"id":"13036","type":"Feature","properties":{"OBJECTID":3873,"max_category":0,"label":"0.01 to 0.10 inches","area_acres":21.566464688773937,"county":"Unicoi County","watershed":"Rice Creek"},"geometry":{"type":"Polygon","coordinates":[[[-82.568678,35.994643],[-82.569168,35.994958],[-82.569964,35.99491],[-82.570839,35.995267],[-82.572222,35.995281],[-82.572704,35.995049],[-82.573379,35.99504],[-82.573573,35.994868],[-82.57361,35.994468],[-82.574138,35.994232],[-82.573616,35.995186],[-82.57416,35.995234],[-82.574277,35.995462],[-82.5727,35.995273],[-82.572403,35.995496],[-82.572003,35.995538],[-82.572936,35.996644],[-82.573692,35.996794],[-82.573385,35.996902],[-82.57377,35.997141],[-82.57382,35.997454],[-82.573667,35.997544],[-82.573311,35.997233],[-82.573392,35.997559],[-82.573197,35.997758],[-82.572988,35.997607],[-82.572843,35.99703],[-82.572653,35.997452],[-82.572375,35.997414],[-82.572606,35.996771],[-82.572054,35.996269],[-82.571652,35.995413],[-82.571221,35.995399],[-82.571792,35.996518],[-82.572175,35.996871],[-82.572087,35.997131],[-82.571527,35.996637],[-82.571203,35.995604],[-82.570668,35.995515],[-82.569911,35.995052],[-82.569497,35.995119],[-82.569503,35.995238],[-82.570178,35.995988],[-82.570648,35.99616],[-82.570685,35.996742],[-82.57116,35.997527],[-82.571749,35.997759],[-82.572501,35.998434],[-82.573236,35.998486],[-82.57311,35.998735],[-82.573299,35.998878],[-82.574034,35.998929],[-82.5741,35.999096],[-82.573714,35.999119],[-82.574393,35.999307],[-82.574612,35.999762],[-82.57438,35.999779],[-82.573622,35.999397],[-82.573481,35.999592],[-82.573144,35.999483],[-82.572978,35.999016],[-82.57239,35.99873],[-82.572352,35.99939],[-82.57207,35.99939],[-82.572078,35.998547],[-82.571293,35.99798],[-82.571177,35.998251],[-82.570925,35.998152],[-82.570897,35.997839],[-82.570396,35.997156],[-82.570185,35.996294],[-82.569569,35.995851],[-82.569322,35.995124],[-82.568617,35.994789],[-82.568428,35.994903],[-82.569528,35.99588],[-82.569361,35.996616],[-82.570267,35.997491],[-82.570603,35.998271],[-82.570429,35.998256],[-82.569514,35.997165],[-82.56893,35.996773],[-82.568886,35.996546],[-82.569237,35.996263],[-82.569358,35.995933],[-82.568288,35.994992],[-82.568006,35.995053],[-82.567856,35.995478],[-82.569011,35.997133],[-82.568815,35.997228],[-82.568599,35.997056],[-82.56839,35.997185],[-82.568179,35.997085],[-82.568333,35.996486],[-82.567676,35.995362],[-82.567889,35.994931],[-82.568678,35.994643]]]}},{"id":"13041","type":"Feature","properties":{"OBJECTID":3836,"max_category":0,"label":"0.01 to 0.10 inches","area_acres":0.7924703542395282,"county":"Unicoi County","watershed":"Rice Creek"},"geometry":{"type":"Polygon","coordinates":[[[-82.557175,35.999954],[-82.557637,36.000408],[-82.557945,36.000509],[-82.55801,36.0008],[-82.557718,36.000905],[-82.557514,36.000801],[-82.557371,36.000269],[-82.557094,36.000046],[-82.557175,35.999954]]]}},{"id":"13044","type":"Feature","properties":{"OBJECTID":6132,"max_category":0,"label":"0.01 to 0.10 inches","area_acres":1.8659716452039632,"county":"Unicoi County","watershed":"Upper South Indian Creek"},"geometry":{"type":"Polygon","coordinates":[[[-82.554442,36.029281],[-82.555063,36.029511],[-82.554925,36.029709],[-82.555125,36.029941],[-82.554971,36.03004],[-82.554641,36.029913],[-82.554582,36.030045],[-82.554241,36.030034],[-82.553937,36.030228],[-82.554041,36.029818],[-82.55379,36.02934],[-82.554054,36.029252],[-82.554302,36.029643],[-82.554442,36.029281]]]}},{"id":"13046","type":"Feature","properties":{"OBJECTID":6222,"max_category":0,"label":"0.01 to 0.10 inches","area_acres":3.4939494479885274,"county":"Unicoi County","watershed":"Rice Creek"},"geometry":{"type":"Polygon","coordinates":[[[-82.530865,36.014049],[-82.530942,36.014158],[-82.529989,36.015177],[-82.529751,36.015146],[-82.529742,36.014829],[-82.529242,36.015116],[-82.528884,36.015053],[-82.52887,36.014904],[-82.529263,36.014648],[-82.529017,36.01441],[-82.528152,36.014816],[-82.527695,36.014943],[-82.5275,36.014869],[-82.527552,36.014685],[-82.528543,36.014091],[-82.528984,36.014141],[-82.529639,36.014579],[-82.530174,36.014564],[-82.530865,36.014049]]]}},{"id":"13049","type":"Feature","properties":{"OBJECTID":554,"max_category":0,"label":"0.01 to 0.10 inches","area_acres":54.794565331531736,"county":"Unicoi County","watershed":"Rice Creek"},"geometry":{"type":"Polygon","coordinates":[[[-82.535249,35.982861],[-82.538714,35.985274],[-82.538928,35.986097],[-82.538825,35.986635],[-82.537671,35.98571],[-82.537176,35.985724],[-82.538576,35.986813],[-82.538351,35.987034],[-82.538072,35.98673],[-82.53825,35.98717],[-82.53793,35.986994],[-82.536886,35.987162],[-82.536501,35.986996],[-82.536573,35.986841],[-82.537233,35.986735],[-82.537905,35.986824],[-82.537537,35.986511],[-82.537152,35.986659],[-82.535885,35.986696],[-82.535121,35.986427],[-82.535174,35.986301],[-82.535737,35.986282],[-82.537597,35.98637],[-82.536864,35.985816],[-82.535549,35.985799],[-82.53424,35.986221],[-82.534177,35.986074],[-82.534696,35.985823],[-82.5332,35.985772],[-82.533317,35.985613],[-82.534651,35.985489],[-82.534848,35.985346],[-82.533376,35.985309],[-82.533664,35.985025],[-82.534665,35.984967],[-82.534536,35.984817],[-82.534664,35.984694],[-82.537724,35.984686],[-82.537417,35.984482],[-82.53722,35.984623],[-82.534961,35.984561],[-82.535103,35.984294],[-82.537133,35.984378],[-82.535493,35.983106],[-82.535359,35.983057],[-82.534922,35.983438],[-82.534711,35.983936],[-82.534513,35.983794],[-82.534086,35.984339],[-82.533422,35.98465],[-82.533351,35.984518],[-82.534065,35.983692],[-82.535007,35.982955],[-82.534543,35.982914],[-82.534051,35.983543],[-82.533856,35.983538],[-82.533864,35.983364],[-82.533219,35.983886],[-82.533202,35.983423],[-82.53395,35.982766],[-82.532509,35.982808],[-82.53221,35.982926],[-82.532005,35.983244],[-82.532725,35.984306],[-82.532666,35.984923],[-82.532416,35.984911],[-82.532287,35.984256],[-82.532135,35.984927],[-82.531714,35.985146],[-82.532063,35.983957],[-82.531763,35.983146],[-82.531138,35.98352],[-82.531274,35.984321],[-82.531041,35.984743],[-82.530881,35.984722],[-82.530812,35.983945],[-82.530336,35.984982],[-82.530216,35.984095],[-82.531228,35.983175],[-82.530446,35.982923],[-82.529539,35.982949],[-82.528775,35.983191],[-82.526834,35.983274],[-82.52637,35.983227],[-82.524738,35.982608],[-82.524754,35.982412],[-82.52525,35.982408],[-82.525392,35.98213],[-82.526592,35.982836],[-82.527672,35.983052],[-82.526944,35.982501],[-82.525708,35.982069],[-82.525755,35.981927],[-82.526277,35.98197],[-82.52545,35.981582],[-82.525647,35.981384],[-82.525995,35.981378],[-82.526626,35.9818],[-82.526768,35.981704],[-82.524727,35.980052],[-82.525242,35.980089],[-82.525997,35.980872],[-82.526453,35.980714],[-82.526839,35.981154],[-82.527135,35.981258],[-82.527676,35.982118],[-82.528675,35.982528],[-82.529858,35.982769],[-82.528268,35.981217],[-82.52763,35.981162],[-82.527839,35.980906],[-82.527609,35.980825],[-82.527606,35.980613],[-82.526751,35.980598],[-82.527263,35.980141],[-82.526598,35.979824],[-82.526573,35.979633],[-82.52681,35.979504],[-82.526969,35.979591],[-82.527077,35.979417],[-82.527556,35.979876],[-82.527362,35.979307],[-82.527557,35.979217],[-82.527877,35.979489],[-82.528232,35.980495],[-82.52852,35.980606],[-82.528827,35.981025],[-82.529155,35.980933],[-82.529015,35.981379],[-82.529604,35.981859],[-82.5296,35.982379],[-82.530443,35.982569],[-82.530823,35.982906],[-82.531635,35.983048],[-82.532032,35.982816],[-82.531412,35.982485],[-82.530546,35.981584],[-82.530777,35.981465],[-82.532264,35.982617],[-82.533569,35.982552],[-82.532542,35.980978],[-82.531305,35.980149],[-82.529166,35.979875],[-82.528085,35.979488],[-82.527763,35.979144],[-82.527969,35.97906],[-82.530209,35.979708],[-82.530435,35.97965],[-82.531133,35.979956],[-82.53142,35.979732],[-82.531949,35.980414],[-82.532963,35.981235],[-82.533462,35.980803],[-82.533817,35.980876],[-82.533347,35.98145],[-82.53359,35.982373],[-82.533956,35.982623],[-82.535249,35.982861]],[[-82.538009,35.98493],[-82.535921,35.985018],[-82.534869,35.985565],[-82.537316,35.985388],[-82.537727,35.985504],[-82.538734,35.986452],[-82.53855,35.98534],[-82.538009,35.98493]],[[-82.526755,35.98204],[-82.527987,35.983016],[-82.528727,35.983049],[-82.529463,35.982814],[-82.529083,35.982687],[-82.528072,35.982711],[-82.526755,35.98204]]]}},{"id":"13051","type":"Feature","properties":{"OBJECTID":6510,"max_category":0,"label":"0.01 to 0.10 inches","area_acres":2.087201029247649,"county":"Unicoi County","watershed":"Rice Creek"},"geometry":{"type":"Polygon","coordinates":[[[-82.562383,36.013711],[-82.563141,36.014475],[-82.56308,36.014928],[-82.562884,36.014785],[-82.562599,36.014888],[-82.562476,36.014293],[-82.562334,36.014845],[-82.562046,36.014809],[-82.562132,36.013771],[-82.562383,36.013711]]]}},{"id":"13055","type":"Feature","properties":{"OBJECTID":3879,"max_category":0,"label":"0.01 to 0.10 inches","area_acres":0.6189690671006955,"county":"Unicoi County","watershed":"Rice Creek"},"geometry":{"type":"Polygon","coordinates":[[[-82.551232,35.995591],[-82.551796,35.995779],[-82.551825,35.995878],[-82.551574,35.995943],[-82.550613,35.995754],[-82.550702,35.995609],[-82.551232,35.995591]]]}},{"id":"13056","type":"Feature","properties":{"OBJECTID":6551,"max_category":0,"label":"0.01 to 0.10 inches","area_acres":3.200115659972064,"county":"Unicoi County","watershed":"Rice Creek"},"geometry":{"type":"Polygon","coordinates":[[[-82.547346,36.005682],[-82.547506,36.0058],[-82.547397,36.006102],[-82.546934,36.00625],[-82.545744,36.007259],[-82.54617,36.00848],[-82.546619,36.008753],[-82.54638,36.008847],[-82.545716,36.008114],[-82.545475,36.007459],[-82.544991,36.007151],[-82.545595,36.006778],[-82.545702,36.007086],[-82.546544,36.00638],[-82.546783,36.00583],[-82.547346,36.005682]]]}},{"id":"13058","type":"Feature","properties":{"OBJECTID":5594,"max_category":0,"label":"0.01 to 0.10 inches","area_acres":6.220431974328208,"county":"Unicoi County","watershed":"Rice Creek"},"geometry":{"type":"Polygon","coordinates":[[[-82.535968,36.006974],[-82.536322,36.007638],[-82.536816,36.008116],[-82.537561,36.007946],[-82.538367,36.007994],[-82.537291,36.008151],[-82.537329,36.009055],[-82.537038,36.009256],[-82.536917,36.008244],[-82.536193,36.008553],[-82.535999,36.009032],[-82.535843,36.009072],[-82.53593,36.009519],[-82.536326,36.0101],[-82.536217,36.010354],[-82.535929,36.010212],[-82.535382,36.009086],[-82.534158,36.009176],[-82.533565,36.008957],[-82.533911,36.008683],[-82.534267,36.00874],[-82.534674,36.009046],[-82.535575,36.008883],[-82.536527,36.008201],[-82.535629,36.007326],[-82.535968,36.006974]]]}},{"id":"13059","type":"Feature","properties":{"OBJECTID":201,"max_category":0,"label":"0.01 to 0.10 inches","area_acres":6.082341107965918,"county":"Unicoi County","watershed":"Upper South Indian Creek"},"geometry":{"type":"Polygon","coordinates":[[[-82.561452,36.014838],[-82.561681,36.014985],[-82.561458,36.015239],[-82.562018,36.015344],[-82.562896,36.015028],[-82.562935,36.015287],[-82.562535,36.015575],[-82.562886,36.015841],[-82.565635,36.016622],[-82.565853,36.016847],[-82.565818,36.017048],[-82.565513,36.017166],[-82.565092,36.016854],[-82.564648,36.016832],[-82.564008,36.016444],[-82.563095,36.01627],[-82.562087,36.015485],[-82.560519,36.015228],[-82.559765,36.015331],[-82.558634,36.015079],[-82.559149,36.014933],[-82.560346,36.014953],[-82.561092,36.015178],[-82.561452,36.014838]]]}},{"id":"13060","type":"Feature","properties":{"OBJECTID":6142,"max_category":0,"label":"0.01 to 0.10 inches","area_acres":4.131706281085751,"county":"Unicoi County","watershed":"Upper South Indian Creek"},"geometry":{"type":"Polygon","coordinates":[[[-82.553028,36.029459],[-82.553121,36.029629],[-82.552847,36.030082],[-82.552337,36.029952],[-82.552075,36.030042],[-82.551435,36.030798],[-82.552169,36.031091],[-82.552569,36.030774],[-82.552905,36.030718],[-82.552895,36.03098],[-82.552419,36.031253],[-82.55288,36.031337],[-82.552857,36.031582],[-82.552471,36.031751],[-82.551399,36.030942],[-82.550743,36.031583],[-82.550576,36.031369],[-82.550793,36.031408],[-82.551609,36.03024],[-82.552245,36.029799],[-82.552149,36.029341],[-82.55246,36.02923],[-82.552625,36.029471],[-82.553028,36.029459]]]}},{"id":"13062","type":"Feature","properties":{"OBJECTID":6229,"max_category":0,"label":"0.01 to 0.10 inches","area_acres":4.527646905782083,"county":"Unicoi County","watershed":"Upper South Indian Creek"},"geometry":{"type":"Polygon","coordinates":[[[-82.521019,36.016367],[-82.521344,36.01659],[-82.521514,36.017165],[-82.52195,36.017495],[-82.522745,36.017885],[-82.523063,36.017887],[-82.523108,36.018066],[-82.523844,36.018046],[-82.524049,36.018158],[-82.524008,36.018317],[-82.523439,36.018337],[-82.523491,36.018611],[-82.523037,36.018534],[-82.522679,36.018293],[-82.52308,36.018935],[-82.523598,36.019333],[-82.523437,36.019592],[-82.523126,36.019562],[-82.522657,36.019021],[-82.522448,36.019072],[-82.522496,36.01813],[-82.521357,36.017266],[-82.52118,36.016656],[-82.520873,36.016517],[-82.521019,36.016367]]]}},{"id":"13065","type":"Feature","properties":{"OBJECTID":207,"max_category":0,"label":"0.01 to 0.10 inches","area_acres":51.277217458922486,"county":"Unicoi County","watershed":"Rice Creek"},"geometry":{"type":"Polygon","coordinates":[[[-82.56623,36.000487],[-82.566365,36.000779],[-82.566176,36.001306],[-82.565328,36.002053],[-82.56618,36.001844],[-82.566796,36.000664],[-82.566982,36.00099],[-82.566513,36.001854],[-82.567119,36.001652],[-82.567671,36.000371],[-82.568124,36.000171],[-82.567964,35.999404],[-82.568412,35.999379],[-82.568724,35.998967],[-82.568996,35.998994],[-82.569134,35.999232],[-82.568825,35.999712],[-82.568353,35.999839],[-82.568177,36.000582],[-82.568731,36.000126],[-82.569002,35.999633],[-82.56928,35.999532],[-82.569507,35.999081],[-82.569744,35.999164],[-82.569543,35.99957],[-82.570074,35.999495],[-82.570522,35.999236],[-82.570762,35.999308],[-82.570499,35.999647],[-82.570714,35.999791],[-82.570504,35.999977],[-82.570207,36.000015],[-82.56992,35.999835],[-82.56915,35.999885],[-82.56894,36.000097],[-82.568967,36.000357],[-82.567956,36.001065],[-82.567351,36.001879],[-82.56566,36.002077],[-82.566283,36.002382],[-82.567672,36.002178],[-82.568823,36.000844],[-82.569902,36.00027],[-82.570092,36.000359],[-82.570052,36.000494],[-82.569273,36.000999],[-82.568261,36.002001],[-82.568495,36.002043],[-82.569194,36.001405],[-82.570071,36.000924],[-82.570287,36.000393],[-82.570692,36.000274],[-82.570776,36.000389],[-82.57048,36.001004],[-82.569015,36.002055],[-82.569339,36.002265],[-82.570053,36.002052],[-82.570794,36.001041],[-82.570824,36.001492],[-82.570412,36.002119],[-82.5709,36.00211],[-82.571298,36.001563],[-82.570939,36.000334],[-82.571085,35.999647],[-82.571315,35.999459],[-82.57189,35.999509],[-82.571371,35.999998],[-82.571504,36.000746],[-82.571825,36.000476],[-82.572151,35.999706],[-82.572308,35.999595],[-82.572506,35.999678],[-82.57245,36.000133],[-82.57163,36.001273],[-82.572644,36.000045],[-82.573035,35.999714],[-82.573193,35.999892],[-82.572413,36.001026],[-82.57125,36.002099],[-82.571803,36.001863],[-82.572711,36.001131],[-82.573551,35.99978],[-82.573781,35.999827],[-82.573773,36.000003],[-82.57417,35.999909],[-82.57424,36.000112],[-82.573525,36.000512],[-82.573463,36.000661],[-82.573774,36.0006],[-82.573814,36.000744],[-82.572289,36.001877],[-82.572785,36.001862],[-82.573137,36.001633],[-82.573421,36.001734],[-82.574812,35.999991],[-82.575273,36.000185],[-82.575336,36.000351],[-82.573806,36.001778],[-82.574537,36.001701],[-82.574999,36.001183],[-82.575257,36.001185],[-82.575533,36.000944],[-82.575968,36.000372],[-82.57614,36.00039],[-82.576163,36.000561],[-82.575772,36.001088],[-82.576411,36.000442],[-82.576604,36.000449],[-82.576815,36.000721],[-82.576058,36.001405],[-82.575065,36.001676],[-82.575744,36.001778],[-82.575667,36.00197],[-82.575036,36.002022],[-82.575285,36.002218],[-82.575244,36.002367],[-82.5749,36.002348],[-82.574314,36.002043],[-82.572799,36.002142],[-82.573733,36.002577],[-82.574279,36.002671],[-82.574304,36.00302],[-82.573927,36.003287],[-82.57369,36.003215],[-82.573282,36.002666],[-82.573297,36.003096],[-82.573117,36.003101],[-82.572809,36.002417],[-82.572514,36.002449],[-82.571987,36.002193],[-82.571427,36.002292],[-82.572666,36.002989],[-82.572424,36.003151],[-82.573084,36.003359],[-82.572982,36.003592],[-82.57226,36.003515],[-82.57187,36.003006],[-82.571554,36.002927],[-82.570855,36.002266],[-82.570597,36.002384],[-82.570817,36.002779],[-82.570708,36.002918],[-82.570422,36.00284],[-82.57019,36.00234],[-82.569631,36.002537],[-82.567899,36.00226],[-82.566423,36.002515],[-82.567234,36.002525],[-82.567864,36.002941],[-82.568457,36.002762],[-82.568576,36.003002],[-82.569192,36.003149],[-82.570225,36.002958],[-82.570281,36.003083],[-82.570075,36.003239],[-82.570387,36.003417],[-82.571079,36.003149],[-82.57166,36.00329],[-82.571641,36.00349],[-82.570867,36.003595],[-82.571505,36.003608],[-82.571614,36.003778],[-82.571238,36.003891],[-82.571204,36.004057],[-82.570746,36.003879],[-82.570808,36.004186],[-82.570619,36.00424],[-82.570266,36.003967],[-82.570173,36.003647],[-82.569845,36.003465],[-82.56934,36.003453],[-82.569192,36.003838],[-82.56903,36.003872],[-82.568862,36.003771],[-82.568842,36.003397],[-82.568533,36.003581],[-82.568431,36.003272],[-82.568106,36.003159],[-82.567965,36.003309],[-82.56842,36.003852],[-82.568042,36.003953],[-82.567844,36.00366],[-82.567663,36.003934],[-82.567428,36.003547],[-82.567642,36.003021],[-82.56717,36.002664],[-82.566911,36.002672],[-82.567042,36.0031],[-82.566867,36.003165],[-82.566682,36.002746],[-82.566342,36.002701],[-82.565935,36.002288],[-82.564922,36.002238],[-82.565127,36.002089],[-82.565042,36.001893],[-82.565549,36.001593],[-82.56623,36.000487]]]}},{"id":"13067","type":"Feature","properties":{"OBJECTID":6136,"max_category":0,"label":"0.01 to 0.10 inches","area_acres":5.362104657135411,"county":"Unicoi County","watershed":"Upper South Indian Creek"},"geometry":{"type":"Polygon","coordinates":[[[-82.558033,36.025548],[-82.558458,36.025713],[-82.558596,36.026347],[-82.557947,36.025941],[-82.557245,36.026016],[-82.55695,36.026188],[-82.557359,36.026685],[-82.556737,36.026469],[-82.556232,36.026705],[-82.556986,36.02709],[-82.557763,36.027119],[-82.557667,36.027664],[-82.557488,36.027763],[-82.557123,36.027706],[-82.556054,36.026766],[-82.555353,36.026923],[-82.554523,36.026821],[-82.554594,36.02672],[-82.555511,36.026721],[-82.555517,36.026384],[-82.555717,36.026221],[-82.555915,36.026263],[-82.555897,36.026573],[-82.556114,36.026593],[-82.556819,36.026092],[-82.556844,36.025675],[-82.557288,36.025656],[-82.557571,36.025864],[-82.558033,36.025548]]]}},{"id":"13075","type":"Feature","properties":{"OBJECTID":3821,"max_category":0,"label":"0.01 to 0.10 inches","area_acres":2.3684514006821007,"county":"Unicoi County","watershed":"Rice Creek"},"geometry":{"type":"Polygon","coordinates":[[[-82.568344,36.010788],[-82.56849,36.010976],[-82.569115,36.011085],[-82.569048,36.011288],[-82.568684,36.011222],[-82.568524,36.011347],[-82.569168,36.011574],[-82.568936,36.011846],[-82.569334,36.012205],[-82.569263,36.012438],[-82.569,36.012406],[-82.568628,36.012042],[-82.568187,36.011075],[-82.567643,36.01132],[-82.568344,36.010788]]]}},{"id":"13079","type":"Feature","properties":{"OBJECTID":6154,"max_category":0,"label":"0.01 to 0.10 inches","area_acres":1.8088873903012337,"county":"Unicoi County","watershed":"Upper South Indian Creek"},"geometry":{"type":"Polygon","coordinates":[[[-82.550076,36.027731],[-82.550846,36.02863],[-82.551311,36.02885],[-82.551599,36.028829],[-82.551909,36.029096],[-82.551824,36.029235],[-82.551507,36.029372],[-82.551131,36.029279],[-82.550046,36.027875],[-82.549422,36.028226],[-82.549816,36.027756],[-82.550076,36.027731]]]}},{"id":"13085","type":"Feature","properties":{"OBJECTID":6515,"max_category":0,"label":"0.01 to 0.10 inches","area_acres":1.0330113624977169,"county":"Unicoi County","watershed":"Rice Creek"},"geometry":{"type":"Polygon","coordinates":[[[-82.555295,36.007953],[-82.555415,36.008135],[-82.555143,36.00821],[-82.555357,36.008297],[-82.5553,36.008496],[-82.554465,36.008445],[-82.554443,36.008154],[-82.555295,36.007953]]]}},{"id":"13086","type":"Feature","properties":{"OBJECTID":6505,"max_category":0,"label":"0.01 to 0.10 inches","area_acres":0.7531654475036755,"county":"Unicoi County","watershed":"Rice Creek"},"geometry":{"type":"Polygon","coordinates":[[[-82.554284,36.012655],[-82.554401,36.012814],[-82.553862,36.013287],[-82.553336,36.013379],[-82.553369,36.013167],[-82.554284,36.012655]]]}},{"id":"13087","type":"Feature","properties":{"OBJECTID":2978,"max_category":0,"label":"0.01 to 0.10 inches","area_acres":3.9237323808799274,"county":"Unicoi County","watershed":"Rice Creek"},"geometry":{"type":"Polygon","coordinates":[[[-82.532883,35.99758],[-82.533213,35.997715],[-82.533082,35.998552],[-82.533412,35.998446],[-82.533489,35.998606],[-82.53264,35.999283],[-82.532621,35.99961],[-82.533258,35.999723],[-82.533696,35.999945],[-82.533652,36.000064],[-82.532432,35.999687],[-82.532392,35.99918],[-82.531982,35.998813],[-82.531956,35.998463],[-82.531746,35.998303],[-82.531858,35.997721],[-82.532628,35.998998],[-82.532806,35.998591],[-82.532564,35.997675],[-82.532883,35.99758]]]}},{"id":"13091","type":"Feature","properties":{"OBJECTID":3820,"max_category":0,"label":"0.01 to 0.10 inches","area_acres":3.2015670030988885,"county":"Unicoi County","watershed":"Rice Creek"},"geometry":{"type":"Polygon","coordinates":[[[-82.573679,36.004447],[-82.573936,36.005203],[-82.573679,36.005511],[-82.573616,36.00639],[-82.57394,36.006007],[-82.574288,36.006297],[-82.573726,36.006581],[-82.573423,36.007319],[-82.573293,36.004576],[-82.573679,36.004447]]]}},{"id":"13098","type":"Feature","properties":{"OBJECTID":5529,"max_category":0,"label":"0.01 to 0.10 inches","area_acres":3.353863247889113,"county":"Unicoi County","watershed":"Upper South Indian Creek"},"geometry":{"type":"Polygon","coordinates":[[[-82.543052,36.021915],[-82.543807,36.022855],[-82.544413,36.022603],[-82.544069,36.022974],[-82.544227,36.023173],[-82.544651,36.023251],[-82.544318,36.023313],[-82.544146,36.023586],[-82.543921,36.023551],[-82.543929,36.023077],[-82.542843,36.023564],[-82.542849,36.023231],[-82.543532,36.023034],[-82.543,36.023044],[-82.542599,36.022737],[-82.542699,36.022613],[-82.543198,36.02267],[-82.542543,36.022313],[-82.542693,36.021998],[-82.543052,36.021915]]]}},{"id":"13110","type":"Feature","properties":{"OBJECTID":6,"max_category":0,"label":"0.01 to 0.10 inches","area_acres":4.363000397232671,"county":"Unicoi County","watershed":"Rice Creek"},"geometry":{"type":"Polygon","coordinates":[[[-82.542233,36.000196],[-82.542344,36.000362],[-82.541714,36.000656],[-82.541724,36.000817],[-82.542898,36.001016],[-82.542873,36.001209],[-82.543183,36.001403],[-82.543097,36.001588],[-82.542277,36.001244],[-82.542431,36.001569],[-82.542039,36.001514],[-82.54127,36.000669],[-82.540905,36.000707],[-82.540638,36.001149],[-82.541396,36.00116],[-82.541576,36.001433],[-82.540433,36.001549],[-82.540522,36.000871],[-82.540805,36.000585],[-82.542233,36.000196]]]}},{"id":"13126","type":"Feature","properties":{"OBJECTID":6149,"max_category":0,"label":"0.01 to 0.10 inches","area_acres":1.5264862958152938,"county":"Unicoi County","watershed":"Upper South Indian Creek"},"geometry":{"type":"Polygon","coordinates":[[[-82.549355,36.028274],[-82.550398,36.028771],[-82.5506,36.029185],[-82.550513,36.029636],[-82.550184,36.029543],[-82.549936,36.028853],[-82.549674,36.028655],[-82.549356,36.028441],[-82.549023,36.028533],[-82.549355,36.028274]]]}},{"id":"13133","type":"Feature","properties":{"OBJECTID":22,"max_category":0,"label":"0.01 to 0.10 inches","area_acres":57.389626427686046,"county":"Unicoi County","watershed":"Upper South Indian Creek"},"geometry":{"type":"Polygon","coordinates":[[[-82.519434,36.004099],[-82.519727,36.004299],[-82.51969,36.004567],[-82.518672,36.005024],[-82.518357,36.005303],[-82.5183,36.005714],[-82.517841,36.00638],[-82.516686,36.006959],[-82.515996,36.007733],[-82.516255,36.008009],[-82.516864,36.007748],[-82.517043,36.007798],[-82.516897,36.008114],[-82.516261,36.008442],[-82.516509,36.009469],[-82.517257,36.008931],[-82.517303,36.008332],[-82.517688,36.007953],[-82.517901,36.007206],[-82.518407,36.006616],[-82.518598,36.005996],[-82.51911,36.005549],[-82.520201,36.005266],[-82.520357,36.005426],[-82.520271,36.005571],[-82.519479,36.005834],[-82.519236,36.006083],[-82.520157,36.00581],[-82.52072,36.006112],[-82.520489,36.0063],[-82.518825,36.006348],[-82.518615,36.006577],[-82.519201,36.006502],[-82.519315,36.006796],[-82.520646,36.006676],[-82.520784,36.006857],[-82.520496,36.006957],[-82.520601,36.007142],[-82.520468,36.007234],[-82.518124,36.007358],[-82.517885,36.00768],[-82.518005,36.00816],[-82.517653,36.00882],[-82.51642,36.009757],[-82.516394,36.00994],[-82.518778,36.008188],[-82.519194,36.008149],[-82.519312,36.008278],[-82.520877,36.007963],[-82.520783,36.008201],[-82.520396,36.008282],[-82.521142,36.008343],[-82.52144,36.008616],[-82.519867,36.008545],[-82.519402,36.008693],[-82.520666,36.008682],[-82.520977,36.008908],[-82.518499,36.008996],[-82.517738,36.009537],[-82.517233,36.009418],[-82.516533,36.010028],[-82.516545,36.01186],[-82.517618,36.01101],[-82.517904,36.009991],[-82.518607,36.009705],[-82.519135,36.009715],[-82.519719,36.009183],[-82.519916,36.009246],[-82.519713,36.009561],[-82.520925,36.009694],[-82.521088,36.009895],[-82.520856,36.010055],[-82.51971,36.010032],[-82.518352,36.010265],[-82.517824,36.010963],[-82.51888,36.010522],[-82.519248,36.010699],[-82.519678,36.010447],[-82.520087,36.010402],[-82.52044,36.010605],[-82.519836,36.010827],[-82.520345,36.010897],[-82.520391,36.011046],[-82.517785,36.011216],[-82.517383,36.01168],[-82.516928,36.011735],[-82.516587,36.012033],[-82.516572,36.012577],[-82.516259,36.012861],[-82.515681,36.012992],[-82.515403,36.013286],[-82.515506,36.012999],[-82.515151,36.012627],[-82.515189,36.011797],[-82.515399,36.011767],[-82.515605,36.012119],[-82.515429,36.01264],[-82.515676,36.012945],[-82.516399,36.012529],[-82.516312,36.011313],[-82.515281,36.011255],[-82.514977,36.010904],[-82.515172,36.010819],[-82.516263,36.010981],[-82.516298,36.010599],[-82.515608,36.010618],[-82.515328,36.010473],[-82.515406,36.010372],[-82.516272,36.010374],[-82.516222,36.010037],[-82.515143,36.009773],[-82.514998,36.009564],[-82.514366,36.009795],[-82.513747,36.009103],[-82.514012,36.009075],[-82.514492,36.009409],[-82.514734,36.009279],[-82.514649,36.008873],[-82.514232,36.008544],[-82.514389,36.008395],[-82.514905,36.008663],[-82.515153,36.009457],[-82.516243,36.009725],[-82.516323,36.009237],[-82.516092,36.008983],[-82.515578,36.008884],[-82.515874,36.008709],[-82.5157,36.008527],[-82.514527,36.008191],[-82.514551,36.008045],[-82.514846,36.007997],[-82.515842,36.00828],[-82.515893,36.00793],[-82.515767,36.007728],[-82.514932,36.007332],[-82.51479,36.00667],[-82.514484,36.006433],[-82.51414,36.005726],[-82.513804,36.005522],[-82.513537,36.004945],[-82.513723,36.004903],[-82.514253,36.005211],[-82.5141,36.003825],[-82.514393,36.003777],[-82.51473,36.003241],[-82.514924,36.003275],[-82.515153,36.002872],[-82.515465,36.002767],[-82.515718,36.002351],[-82.515929,36.002333],[-82.515995,36.002687],[-82.514793,36.003852],[-82.515241,36.00375],[-82.514732,36.004418],[-82.514658,36.005048],[-82.515056,36.005297],[-82.515422,36.005259],[-82.515634,36.005074],[-82.515558,36.003775],[-82.515712,36.003723],[-82.515824,36.003903],[-82.515871,36.004925],[-82.516221,36.00459],[-82.516272,36.004101],[-82.516615,36.003535],[-82.516396,36.002902],[-82.517385,36.00276],[-82.516874,36.004228],[-82.515025,36.005701],[-82.515093,36.007262],[-82.515847,36.007595],[-82.515858,36.007058],[-82.516083,36.006848],[-82.515849,36.006037],[-82.516032,36.005989],[-82.516462,36.006235],[-82.51638,36.006988],[-82.516654,36.006749],[-82.516691,36.00599],[-82.517066,36.005336],[-82.5167,36.004643],[-82.516865,36.004531],[-82.517211,36.004714],[-82.517371,36.004585],[-82.517567,36.003132],[-82.5178,36.003047],[-82.517873,36.003512],[-82.51808,36.003609],[-82.517744,36.004441],[-82.517784,36.00474],[-82.517335,36.00514],[-82.51739,36.006412],[-82.517684,36.006307],[-82.518129,36.005662],[-82.518034,36.004256],[-82.518403,36.003771],[-82.518751,36.00364],[-82.518441,36.004593],[-82.519434,36.004099]],[[-82.519018,36.006975],[-82.51848,36.00699],[-82.518389,36.00707],[-82.518815,36.00703],[-82.519018,36.006975]],[[-82.516125,36.007022],[-82.516033,36.007101],[-82.516081,36.007428],[-82.516234,36.007201],[-82.516125,36.007022]],[[-82.517186,36.005754],[-82.516866,36.006033],[-82.516829,36.006731],[-82.517218,36.006486],[-82.517186,36.005754]],[[-82.514366,36.005478],[-82.514307,36.005529],[-82.51438,36.0058],[-82.514366,36.005478]],[[-82.514567,36.00528],[-82.514612,36.006313],[-82.514886,36.006547],[-82.514875,36.005513],[-82.514567,36.00528]]]}},{"id":"13134","type":"Feature","properties":{"OBJECTID":4474,"max_category":0,"label":"0.01 to 0.10 inches","area_acres":5.864670253595852,"county":"Unicoi County","watershed":"Upper South Indian Creek"},"geometry":{"type":"Polygon","coordinates":[[[-82.571615,36.017427],[-82.57196,36.017869],[-82.572072,36.021167],[-82.572493,36.021509],[-82.572465,36.021908],[-82.57213,36.022036],[-82.57168,36.021607],[-82.571584,36.019481],[-82.57128,36.018718],[-82.57144,36.01848],[-82.571116,36.018068],[-82.571148,36.01792],[-82.571347,36.017939],[-82.571275,36.017497],[-82.571615,36.017427]]]}},{"id":"13135","type":"Feature","properties":{"OBJECTID":6172,"max_category":0,"label":"0.01 to 0.10 inches","area_acres":8.74827077313644,"county":"Unicoi County","watershed":"Upper South Indian Creek"},"geometry":{"type":"Polygon","coordinates":[[[-82.543738,36.027778],[-82.544599,36.028268],[-82.54463,36.029264],[-82.545594,36.029071],[-82.547058,36.029001],[-82.547136,36.029102],[-82.546972,36.029228],[-82.545643,36.029212],[-82.544738,36.029403],[-82.544195,36.029874],[-82.543484,36.030127],[-82.542848,36.030906],[-82.542015,36.030875],[-82.542091,36.030421],[-82.542925,36.030633],[-82.543384,36.030005],[-82.544104,36.029746],[-82.544522,36.029382],[-82.543423,36.029579],[-82.542472,36.029442],[-82.541845,36.030187],[-82.541565,36.030047],[-82.541762,36.029655],[-82.541585,36.029592],[-82.541581,36.029384],[-82.542086,36.029338],[-82.541749,36.028924],[-82.542067,36.028627],[-82.542347,36.028659],[-82.542466,36.029299],[-82.54325,36.029441],[-82.543774,36.029316],[-82.542842,36.028794],[-82.542759,36.028195],[-82.543228,36.028646],[-82.543185,36.028273],[-82.543455,36.028216],[-82.543829,36.029109],[-82.544055,36.02928],[-82.54437,36.029244],[-82.544044,36.028757],[-82.544276,36.028657],[-82.544236,36.028524],[-82.543975,36.028404],[-82.544019,36.028254],[-82.543667,36.027888],[-82.543738,36.027778]]]}},{"id":"13151","type":"Feature","properties":{"OBJECTID":2996,"max_category":0,"label":"0.01 to 0.10 inches","area_acres":5.4096511173265895,"county":"Unicoi County","watershed":"Rice Creek"},"geometry":{"type":"Polygon","coordinates":[[[-82.537805,35.991803],[-82.537886,35.991908],[-82.537287,35.992633],[-82.53719,35.993628],[-82.536917,35.993604],[-82.537111,35.992597],[-82.535968,35.993093],[-82.535725,35.993074],[-82.535692,35.992933],[-82.536032,35.99275],[-82.535667,35.992604],[-82.535752,35.992369],[-82.536688,35.992605],[-82.53756,35.992035],[-82.536915,35.991614],[-82.535888,35.991604],[-82.535802,35.991186],[-82.537573,35.991342],[-82.536626,35.990813],[-82.536891,35.990621],[-82.537485,35.990663],[-82.537559,35.99111],[-82.538038,35.99135],[-82.537898,35.991448],[-82.537984,35.991672],[-82.537129,35.99158],[-82.537541,35.991893],[-82.537805,35.991803]]]}},{"id":"13154","type":"Feature","properties":{"OBJECTID":3856,"max_category":0,"label":"0.01 to 0.10 inches","area_acres":19.76106065418273,"county":"Unicoi County","watershed":"Rice Creek"},"geometry":{"type":"Polygon","coordinates":[[[-82.565133,35.996455],[-82.565495,35.99642],[-82.565347,35.996818],[-82.565451,35.996999],[-82.564964,35.997638],[-82.565357,35.997626],[-82.566026,35.997099],[-82.565898,35.996335],[-82.566442,35.996224],[-82.566715,35.996522],[-82.566291,35.99682],[-82.566203,35.997134],[-82.567359,35.99765],[-82.56803,35.99763],[-82.568509,35.997315],[-82.568844,35.997396],[-82.569159,35.997677],[-82.568614,35.997778],[-82.569197,35.998085],[-82.570194,35.99897],[-82.569638,35.998981],[-82.56849,35.99809],[-82.567566,35.997917],[-82.566255,35.997275],[-82.5655,35.99771],[-82.566912,35.99824],[-82.56751,35.998268],[-82.567749,35.998489],[-82.567915,35.999334],[-82.567283,35.999008],[-82.566638,35.998281],[-82.564992,35.99778],[-82.564816,35.99788],[-82.564875,35.998085],[-82.564635,35.998202],[-82.564393,35.998017],[-82.563917,35.997948],[-82.563691,35.998142],[-82.56359,35.997793],[-82.563065,35.997698],[-82.561787,35.998808],[-82.5617,35.998638],[-82.561934,35.998307],[-82.562712,35.997626],[-82.561851,35.997789],[-82.561746,35.998274],[-82.56129,35.998795],[-82.561193,35.998621],[-82.561605,35.99808],[-82.561635,35.997768],[-82.561107,35.997783],[-82.561075,35.999114],[-82.560914,35.999179],[-82.560733,35.998952],[-82.560668,35.999276],[-82.560435,35.999342],[-82.560337,35.999204],[-82.560684,35.998684],[-82.560667,35.998302],[-82.55963,35.999411],[-82.559418,35.999131],[-82.559625,35.998725],[-82.560435,35.99816],[-82.559639,35.998238],[-82.55927,35.998674],[-82.559184,35.999102],[-82.558874,35.998853],[-82.558853,35.998563],[-82.558616,35.998467],[-82.558728,35.998236],[-82.559359,35.998215],[-82.558996,35.997998],[-82.559034,35.99776],[-82.559277,35.997642],[-82.559765,35.998037],[-82.560435,35.998017],[-82.561055,35.997642],[-82.560134,35.997645],[-82.559723,35.997449],[-82.559778,35.99724],[-82.560567,35.997308],[-82.560557,35.996753],[-82.560795,35.996853],[-82.560933,35.997275],[-82.561405,35.997631],[-82.563058,35.997473],[-82.56354,35.997551],[-82.563762,35.997783],[-82.564315,35.997766],[-82.564926,35.997461],[-82.564908,35.996945],[-82.565133,35.996455]]]}},{"id":"13156","type":"Feature","properties":{"OBJECTID":5633,"max_category":0,"label":"0.01 to 0.10 inches","area_acres":1.2523425431530455,"county":"Unicoi County","watershed":"Upper South Indian Creek"},"geometry":{"type":"Polygon","coordinates":[[[-82.548562,36.023322],[-82.548849,36.023562],[-82.547877,36.024242],[-82.547725,36.023653],[-82.548104,36.023691],[-82.548204,36.023433],[-82.548562,36.023322]]]}},{"id":"13159","type":"Feature","properties":{"OBJECTID":3874,"max_category":0,"label":"0.01 to 0.10 inches","area_acres":1.3017184697988187,"county":"Unicoi County","watershed":"Rice Creek"},"geometry":{"type":"Polygon","coordinates":[[[-82.57158,35.992964],[-82.571705,35.993169],[-82.571102,35.99393],[-82.570331,35.99383],[-82.570406,35.993688],[-82.570732,35.993731],[-82.57122,35.993105],[-82.57158,35.992964]]]}},{"id":"13160","type":"Feature","properties":{"OBJECTID":400,"max_category":0,"label":"0.01 to 0.10 inches","area_acres":1.6371243081052103,"county":"Unicoi County","watershed":"Upper South Indian Creek"},"geometry":{"type":"Polygon","coordinates":[[[-82.564961,36.023037],[-82.566214,36.023771],[-82.56601,36.024124],[-82.565735,36.023762],[-82.564439,36.023138],[-82.564533,36.022941],[-82.564961,36.023037]]]}},{"id":"13162","type":"Feature","properties":{"OBJECTID":6425,"max_category":0,"label":"0.01 to 0.10 inches","area_acres":1.2981439281888922,"county":"Unicoi County","watershed":"Rice Creek"},"geometry":{"type":"Polygon","coordinates":[[[-82.540687,36.00736],[-82.540813,36.007451],[-82.540762,36.007979],[-82.540103,36.008696],[-82.539842,36.008446],[-82.540386,36.007906],[-82.540381,36.007456],[-82.540687,36.00736]]]}},{"id":"13168","type":"Feature","properties":{"OBJECTID":6538,"max_category":0,"label":"0.01 to 0.10 inches","area_acres":1.863878288154716,"county":"Unicoi County","watershed":"Rice Creek"},"geometry":{"type":"Polygon","coordinates":[[[-82.560241,36.012702],[-82.561948,36.013571],[-82.561726,36.0148],[-82.561533,36.014737],[-82.56151,36.014326],[-82.561784,36.013637],[-82.561517,36.013566],[-82.561223,36.013928],[-82.561046,36.013771],[-82.561163,36.013353],[-82.560121,36.01283],[-82.560241,36.012702]]]}},{"id":"13169","type":"Feature","properties":{"OBJECTID":3004,"max_category":0,"label":"0.01 to 0.10 inches","area_acres":1.593637411871315,"county":"Unicoi County","watershed":"Rice Creek"},"geometry":{"type":"Polygon","coordinates":[[[-82.533438,35.99094],[-82.53457,35.991529],[-82.534776,35.991774],[-82.534596,35.992189],[-82.534625,35.992919],[-82.534411,35.993195],[-82.534258,35.993127],[-82.53445,35.992876],[-82.53444,35.991891],[-82.533893,35.991344],[-82.533206,35.991089],[-82.533216,35.990961],[-82.533438,35.99094]]]}},{"id":"13173","type":"Feature","properties":{"OBJECTID":4620,"max_category":0,"label":"0.01 to 0.10 inches","area_acres":1.3985126671606443,"county":"Unicoi County","watershed":"Rice Creek"},"geometry":{"type":"Polygon","coordinates":[[[-82.55169,35.979112],[-82.552841,35.979955],[-82.552911,35.980191],[-82.552632,35.98023],[-82.551465,35.979347],[-82.551457,35.979171],[-82.55169,35.979112]]]}},{"id":"13177","type":"Feature","properties":{"OBJECTID":4591,"max_category":0,"label":"0.01 to 0.10 inches","area_acres":0.7232961408553573,"county":"Unicoi County","watershed":"Rice Creek"},"geometry":{"type":"Polygon","coordinates":[[[-82.547926,35.981201],[-82.54807,35.981781],[-82.5477,35.981953],[-82.547612,35.981373],[-82.547926,35.981201]]]}},{"id":"13179","type":"Feature","properties":{"OBJECTID":3882,"max_category":0,"label":"0.01 to 0.10 inches","area_acres":2.422357941870426,"county":"Unicoi County","watershed":"Rice Creek"},"geometry":{"type":"Polygon","coordinates":[[[-82.558176,35.99811],[-82.558808,35.999275],[-82.558107,35.998915],[-82.557842,35.998923],[-82.557105,35.999482],[-82.557106,35.9993],[-82.557547,35.998885],[-82.557393,35.998137],[-82.557637,35.998127],[-82.557895,35.998639],[-82.558176,35.99811]]]}},{"id":"13181","type":"Feature","properties":{"OBJECTID":3859,"max_category":0,"label":"0.01 to 0.10 inches","area_acres":0.6177141781606421,"county":"Unicoi County","watershed":"Rice Creek"},"geometry":{"type":"Polygon","coordinates":[[[-82.563001,35.995551],[-82.56318,35.995802],[-82.562363,35.996189],[-82.562314,35.996035],[-82.563001,35.995551]]]}},{"id":"13187","type":"Feature","properties":{"OBJECTID":3872,"max_category":0,"label":"0.01 to 0.10 inches","area_acres":5.257223344549257,"county":"Unicoi County","watershed":"Rice Creek"},"geometry":{"type":"Polygon","coordinates":[[[-82.568106,35.990539],[-82.569049,35.990548],[-82.568993,35.990724],[-82.568323,35.990755],[-82.568522,35.991046],[-82.568775,35.991134],[-82.569248,35.990813],[-82.569456,35.990832],[-82.569504,35.991019],[-82.569107,35.99131],[-82.569279,35.991407],[-82.569832,35.991039],[-82.570101,35.991287],[-82.569615,35.991608],[-82.569909,35.99183],[-82.570239,35.991577],[-82.570452,35.991662],[-82.570556,35.992337],[-82.570281,35.992532],[-82.57003,35.992329],[-82.569659,35.992314],[-82.569756,35.991936],[-82.568788,35.991318],[-82.569136,35.992415],[-82.568513,35.992699],[-82.568308,35.99264],[-82.568613,35.992103],[-82.568574,35.991228],[-82.5682,35.990966],[-82.568106,35.990539]]]}},{"id":"13188","type":"Feature","properties":{"OBJECTID":210,"max_category":0,"label":"0.01 to 0.10 inches","area_acres":31.73776391637372,"county":"Unicoi County","watershed":"Upper South Indian Creek"},"geometry":{"type":"Polygon","coordinates":[[[-82.558193,36.017654],[-82.558656,36.018135],[-82.55925,36.017981],[-82.559544,36.018039],[-82.559614,36.018183],[-82.559351,36.018396],[-82.560342,36.018774],[-82.560855,36.018636],[-82.560741,36.018201],[-82.561175,36.017897],[-82.561641,36.018064],[-82.561887,36.017931],[-82.562987,36.017927],[-82.563781,36.018152],[-82.564102,36.017827],[-82.564373,36.017778],[-82.564446,36.017924],[-82.564224,36.018195],[-82.564582,36.018347],[-82.565026,36.018074],[-82.565027,36.017531],[-82.565395,36.017582],[-82.565906,36.017127],[-82.56619,36.017198],[-82.566381,36.017527],[-82.565941,36.017626],[-82.565063,36.018251],[-82.565726,36.018204],[-82.566808,36.017623],[-82.56701,36.017679],[-82.566775,36.01804],[-82.566891,36.018089],[-82.569058,36.017804],[-82.569474,36.017463],[-82.569899,36.017512],[-82.569988,36.017661],[-82.569331,36.018185],[-82.569033,36.018003],[-82.568362,36.018023],[-82.567657,36.018153],[-82.567642,36.018279],[-82.56727,36.018384],[-82.565772,36.018428],[-82.567233,36.018686],[-82.567501,36.018865],[-82.567419,36.019074],[-82.567234,36.019098],[-82.566047,36.018585],[-82.565789,36.018593],[-82.566433,36.019249],[-82.566434,36.019504],[-82.566206,36.019569],[-82.565972,36.019473],[-82.565908,36.018905],[-82.565296,36.018442],[-82.564693,36.01846],[-82.564944,36.018777],[-82.56528,36.018819],[-82.56552,36.019202],[-82.565371,36.019566],[-82.564947,36.01915],[-82.565239,36.019733],[-82.565165,36.019875],[-82.564663,36.019681],[-82.564419,36.018495],[-82.563932,36.01848],[-82.56409,36.018956],[-82.563971,36.01914],[-82.563656,36.018976],[-82.563292,36.018253],[-82.561936,36.018073],[-82.561238,36.018368],[-82.56086,36.018841],[-82.561324,36.01891],[-82.562089,36.018536],[-82.562482,36.018494],[-82.56261,36.01865],[-82.56221,36.018939],[-82.562691,36.019117],[-82.563632,36.019121],[-82.563865,36.019324],[-82.563767,36.019503],[-82.562796,36.019477],[-82.561667,36.019015],[-82.561174,36.019057],[-82.562481,36.019728],[-82.563425,36.020059],[-82.564214,36.019542],[-82.564316,36.019785],[-82.56459,36.019786],[-82.564663,36.019937],[-82.563756,36.020241],[-82.564418,36.020333],[-82.565007,36.020014],[-82.565251,36.020104],[-82.565069,36.02044],[-82.56514,36.020657],[-82.564905,36.020893],[-82.563964,36.020692],[-82.5643,36.021396],[-82.564029,36.02161],[-82.563683,36.021272],[-82.563617,36.020648],[-82.563415,36.020412],[-82.562593,36.020033],[-82.562211,36.020114],[-82.56207,36.019847],[-82.561371,36.019452],[-82.561435,36.02013],[-82.561835,36.020751],[-82.562131,36.020975],[-82.562899,36.020788],[-82.563256,36.020955],[-82.563235,36.021157],[-82.562771,36.021221],[-82.5631,36.021469],[-82.563659,36.021557],[-82.5634,36.021726],[-82.563423,36.021963],[-82.563186,36.02205],[-82.562487,36.021465],[-82.562243,36.021705],[-82.562121,36.021255],[-82.561826,36.021045],[-82.561481,36.021047],[-82.561443,36.020464],[-82.561132,36.020288],[-82.5612,36.01956],[-82.561125,36.019242],[-82.560851,36.020126],[-82.560598,36.02022],[-82.560535,36.019788],[-82.560878,36.019157],[-82.56082,36.018985],[-82.560506,36.019021],[-82.560519,36.019413],[-82.56027,36.019598],[-82.559982,36.018803],[-82.558908,36.018326],[-82.55905,36.01899],[-82.56038,36.01981],[-82.560404,36.020033],[-82.560051,36.020125],[-82.559877,36.019837],[-82.558914,36.019401],[-82.558816,36.018452],[-82.558165,36.017982],[-82.558007,36.017722],[-82.558193,36.017654]]]}},{"id":"13189","type":"Feature","properties":{"OBJECTID":6514,"max_category":0,"label":"0.01 to 0.10 inches","area_acres":8.515674188294128,"county":"Unicoi County","watershed":"Rice Creek"},"geometry":{"type":"Polygon","coordinates":[[[-82.557557,36.00632],[-82.557727,36.006858],[-82.557373,36.007059],[-82.556963,36.008011],[-82.556423,36.008533],[-82.557815,36.008001],[-82.557961,36.00813],[-82.557905,36.008502],[-82.55701,36.008431],[-82.556699,36.008616],[-82.557239,36.009023],[-82.557981,36.008684],[-82.558016,36.008918],[-82.558366,36.008956],[-82.558415,36.00954],[-82.558148,36.009739],[-82.557781,36.009306],[-82.5574,36.009243],[-82.557789,36.009738],[-82.557129,36.009874],[-82.556939,36.009635],[-82.55698,36.009049],[-82.556449,36.008749],[-82.555819,36.009356],[-82.556862,36.009773],[-82.557029,36.010003],[-82.556905,36.010261],[-82.555668,36.009569],[-82.554922,36.009826],[-82.556187,36.008711],[-82.555923,36.008382],[-82.555543,36.00841],[-82.55542,36.008181],[-82.555556,36.007867],[-82.555748,36.007748],[-82.555892,36.007819],[-82.55628,36.00843],[-82.556797,36.007951],[-82.557344,36.006398],[-82.557557,36.00632]]]}},{"id":"13199","type":"Feature","properties":{"OBJECTID":6511,"max_category":0,"label":"0.01 to 0.10 inches","area_acres":1.5353048269665641,"county":"Unicoi County","watershed":"Rice Creek"},"geometry":{"type":"Polygon","coordinates":[[[-82.560767,36.005457],[-82.562024,36.0063],[-82.561883,36.006542],[-82.560382,36.005558],[-82.560437,36.005414],[-82.560767,36.005457]]]}},{"id":"13202","type":"Feature","properties":{"OBJECTID":4615,"max_category":0,"label":"0.01 to 0.10 inches","area_acres":23.34060795581443,"county":"Unicoi County","watershed":"Rice Creek"},"geometry":{"type":"Polygon","coordinates":[[[-82.552733,35.97823],[-82.552987,35.978306],[-82.552053,35.97743],[-82.551033,35.977373],[-82.551084,35.977218],[-82.55158,35.977069],[-82.551484,35.976815],[-82.550797,35.97656],[-82.549975,35.976599],[-82.550032,35.97617],[-82.549228,35.975876],[-82.549133,35.975619],[-82.548701,35.975627],[-82.548619,35.975469],[-82.54763,35.975277],[-82.546669,35.975373],[-82.546554,35.975063],[-82.546711,35.974973],[-82.548015,35.974986],[-82.546752,35.974716],[-82.545498,35.974115],[-82.5453,35.973828],[-82.54557,35.97377],[-82.546006,35.974056],[-82.545798,35.973767],[-82.546185,35.973782],[-82.547598,35.974723],[-82.547207,35.974393],[-82.546945,35.97392],[-82.54697,35.973603],[-82.547208,35.973543],[-82.547604,35.974187],[-82.548079,35.97438],[-82.547911,35.973622],[-82.548174,35.973534],[-82.548397,35.973772],[-82.548436,35.974658],[-82.548965,35.974718],[-82.549459,35.975],[-82.549473,35.974442],[-82.549713,35.974377],[-82.549935,35.97491],[-82.549927,35.975495],[-82.550685,35.9762],[-82.551476,35.976649],[-82.550939,35.976232],[-82.550861,35.975334],[-82.55009,35.974635],[-82.550025,35.974292],[-82.550448,35.97427],[-82.550675,35.974813],[-82.551093,35.975142],[-82.551142,35.976201],[-82.551998,35.97685],[-82.552066,35.977219],[-82.552836,35.977961],[-82.552586,35.97765],[-82.552639,35.976439],[-82.552866,35.976248],[-82.553342,35.976516],[-82.553377,35.976677],[-82.552775,35.977175],[-82.552795,35.977638],[-82.553369,35.978619],[-82.553012,35.978474],[-82.552378,35.978603],[-82.551545,35.978516],[-82.550799,35.978154],[-82.550264,35.97817],[-82.549052,35.978795],[-82.549048,35.978455],[-82.549451,35.978193],[-82.549132,35.978158],[-82.549203,35.977718],[-82.549983,35.977925],[-82.55033,35.977875],[-82.55035,35.977575],[-82.549463,35.977191],[-82.549685,35.976862],[-82.550487,35.977086],[-82.550744,35.977917],[-82.551216,35.978274],[-82.552247,35.978354],[-82.552733,35.97823]]]}},{"id":"13204","type":"Feature","properties":{"OBJECTID":3005,"max_category":0,"label":"0.01 to 0.10 inches","area_acres":8.334753825847868,"county":"Unicoi County","watershed":"Rice Creek"},"geometry":{"type":"Polygon","coordinates":[[[-82.526653,35.991246],[-82.527015,35.991492],[-82.527019,35.990771],[-82.526834,35.990432],[-82.52701,35.990253],[-82.527436,35.990328],[-82.527437,35.990932],[-82.528128,35.990415],[-82.528521,35.990407],[-82.52852,35.990592],[-82.527626,35.991374],[-82.527606,35.991694],[-82.528086,35.991289],[-82.52834,35.991502],[-82.527558,35.992145],[-82.527242,35.993419],[-82.52737,35.994195],[-82.527364,35.993849],[-82.528001,35.993145],[-82.528137,35.992177],[-82.528574,35.992088],[-82.528602,35.992314],[-82.52819,35.992677],[-82.528046,35.993453],[-82.527534,35.993905],[-82.527549,35.994259],[-82.528271,35.99454],[-82.528251,35.994665],[-82.527981,35.994669],[-82.527105,35.994213],[-82.527013,35.992216],[-82.526513,35.991532],[-82.526653,35.991246]]]}},{"id":"13206","type":"Feature","properties":{"OBJECTID":3855,"max_category":0,"label":"0.01 to 0.10 inches","area_acres":2.92782169230976,"county":"Unicoi County","watershed":"Rice Creek"},"geometry":{"type":"Polygon","coordinates":[[[-82.566194,35.991252],[-82.56651,35.991462],[-82.567081,35.991424],[-82.567595,35.991699],[-82.56753,35.991889],[-82.567941,35.992258],[-82.56797,35.992531],[-82.567683,35.99257],[-82.567132,35.99207],[-82.567107,35.991711],[-82.566635,35.991602],[-82.566686,35.991966],[-82.567292,35.992702],[-82.567113,35.992793],[-82.566761,35.99256],[-82.56674,35.992835],[-82.566507,35.992849],[-82.566462,35.991647],[-82.566121,35.991384],[-82.566194,35.991252]]]}},{"id":"13210","type":"Feature","properties":{"OBJECTID":4466,"max_category":0,"label":"0.01 to 0.10 inches","area_acres":3.49363890428893,"county":"Unicoi County","watershed":"Rice Creek"},"geometry":{"type":"Polygon","coordinates":[[[-82.569775,36.005033],[-82.571469,36.004351],[-82.571634,36.003989],[-82.572358,36.004067],[-82.571211,36.004898],[-82.570493,36.005013],[-82.570184,36.005283],[-82.570186,36.005375],[-82.571255,36.00535],[-82.571185,36.005635],[-82.570841,36.005689],[-82.570244,36.005515],[-82.569838,36.0059],[-82.569775,36.005033]]]}},{"id":"13214","type":"Feature","properties":{"OBJECTID":3829,"max_category":0,"label":"0.01 to 0.10 inches","area_acres":1.652931170449894,"county":"Unicoi County","watershed":"Rice Creek"},"geometry":{"type":"Polygon","coordinates":[[[-82.54694,35.990301],[-82.547432,35.990671],[-82.547733,35.990608],[-82.547561,35.990906],[-82.546005,35.990765],[-82.545991,35.990503],[-82.546476,35.990562],[-82.54652,35.990325],[-82.54694,35.990301]]]}},{"id":"13219","type":"Feature","properties":{"OBJECTID":198,"max_category":0,"label":"0.01 to 0.10 inches","area_acres":1.2502019159987006,"county":"Unicoi County","watershed":"Rice Creek"},"geometry":{"type":"Polygon","coordinates":[[[-82.568581,36.0085],[-82.568767,36.008684],[-82.568121,36.009109],[-82.567968,36.009471],[-82.568016,36.009795],[-82.568366,36.010126],[-82.56827,36.010272],[-82.567849,36.009857],[-82.567792,36.009433],[-82.568213,36.008648],[-82.568581,36.0085]]]}},{"id":"13220","type":"Feature","properties":{"OBJECTID":6117,"max_category":0,"label":"0.01 to 0.10 inches","area_acres":1.4990652573222647,"county":"Unicoi County","watershed":"Upper South Indian Creek"},"geometry":{"type":"Polygon","coordinates":[[[-82.540945,36.02478],[-82.541246,36.025049],[-82.540685,36.025328],[-82.540774,36.026593],[-82.540604,36.026663],[-82.540394,36.024991],[-82.540607,36.024795],[-82.540945,36.02478]]]}},{"id":"13225","type":"Feature","properties":{"OBJECTID":3894,"max_category":0,"label":"0.01 to 0.10 inches","area_acres":1.2592497084840781,"county":"Unicoi County","watershed":"Rice Creek"},"geometry":{"type":"Polygon","coordinates":[[[-82.550752,35.993928],[-82.551107,35.994617],[-82.550901,35.994864],[-82.550143,35.99438],[-82.550393,35.993984],[-82.550752,35.993928]]]}},{"id":"13226","type":"Feature","properties":{"OBJECTID":3837,"max_category":0,"label":"0.01 to 0.10 inches","area_acres":3.8044769101583578,"county":"Unicoi County","watershed":"Rice Creek"},"geometry":{"type":"Polygon","coordinates":[[[-82.556544,35.98642],[-82.557189,35.986539],[-82.557734,35.986167],[-82.558321,35.986652],[-82.558221,35.986872],[-82.556963,35.986716],[-82.557816,35.988193],[-82.557089,35.988243],[-82.557147,35.987521],[-82.556847,35.986857],[-82.555628,35.986425],[-82.554572,35.986455],[-82.554491,35.986354],[-82.55567,35.986281],[-82.556382,35.986535],[-82.556544,35.98642]]]}},{"id":"13240","type":"Feature","properties":{"OBJECTID":3006,"max_category":0,"label":"0.01 to 0.10 inches","area_acres":1.6240990571965142,"county":"Unicoi County","watershed":"Rice Creek"},"geometry":{"type":"Polygon","coordinates":[[[-82.52861,35.993471],[-82.52877,35.993583],[-82.528818,35.994661],[-82.52918,35.995134],[-82.528369,35.99453],[-82.528325,35.993564],[-82.52861,35.993471]]]}},{"id":"13252","type":"Feature","properties":{"OBJECTID":3858,"max_category":0,"label":"0.01 to 0.10 inches","area_acres":2.2873763771633087,"county":"Unicoi County","watershed":"Rice Creek"},"geometry":{"type":"Polygon","coordinates":[[[-82.562638,35.994984],[-82.562697,35.99511],[-82.562344,35.995163],[-82.561771,35.995578],[-82.561836,35.996403],[-82.561544,35.996443],[-82.56147,35.995792],[-82.561334,35.995741],[-82.560491,35.996579],[-82.560026,35.996463],[-82.561164,35.995644],[-82.562263,35.99503],[-82.562638,35.994984]]]}},{"id":"13253","type":"Feature","properties":{"OBJECTID":2986,"max_category":0,"label":"0.01 to 0.10 inches","area_acres":2.4125096786287843,"county":"Unicoi County","watershed":"Rice Creek"},"geometry":{"type":"Polygon","coordinates":[[[-82.531891,35.991919],[-82.532156,35.992157],[-82.532372,35.993156],[-82.533415,35.994042],[-82.532573,35.993927],[-82.53191,35.993318],[-82.531769,35.992681],[-82.531948,35.992577],[-82.531777,35.992081],[-82.531891,35.991919]],[[-82.53242,35.993495],[-82.532652,35.993794],[-82.532815,35.993793],[-82.53242,35.993495]]]}},{"id":"13255","type":"Feature","properties":{"OBJECTID":6485,"max_category":0,"label":"0.01 to 0.10 inches","area_acres":3.8898216491772026,"county":"Unicoi County","watershed":"Upper South Indian Creek"},"geometry":{"type":"Polygon","coordinates":[[[-82.549602,36.019279],[-82.550212,36.019526],[-82.550349,36.019745],[-82.550301,36.020867],[-82.550614,36.021642],[-82.550367,36.021531],[-82.550163,36.020958],[-82.549691,36.020971],[-82.548841,36.020409],[-82.548618,36.020055],[-82.548376,36.019924],[-82.547768,36.020024],[-82.547652,36.019924],[-82.547904,36.01966],[-82.548558,36.019842],[-82.548711,36.019669],[-82.549142,36.020153],[-82.549588,36.020383],[-82.549723,36.020801],[-82.550057,36.020843],[-82.549922,36.020074],[-82.550145,36.019829],[-82.549342,36.019566],[-82.549334,36.019397],[-82.549602,36.019279]]]}},{"id":"13259","type":"Feature","properties":{"OBJECTID":4481,"max_category":0,"label":"0.01 to 0.10 inches","area_acres":4.492223799356813,"county":"Unicoi County","watershed":"Upper South Indian Creek"},"geometry":{"type":"Polygon","coordinates":[[[-82.572741,36.017642],[-82.573012,36.017994],[-82.573255,36.01962],[-82.574385,36.020753],[-82.574069,36.021125],[-82.573301,36.020458],[-82.572983,36.019742],[-82.572354,36.019227],[-82.572355,36.018977],[-82.572543,36.018978],[-82.572377,36.0182],[-82.572503,36.017794],[-82.572741,36.017642]],[[-82.573229,36.019796],[-82.573458,36.020384],[-82.57416,36.020914],[-82.574196,36.020792],[-82.573229,36.019796]]]}},{"id":"13260","type":"Feature","properties":{"OBJECTID":2985,"max_category":0,"label":"0.01 to 0.10 inches","area_acres":1.168924560329305,"county":"Unicoi County","watershed":"Rice Creek"},"geometry":{"type":"Polygon","coordinates":[[[-82.532994,35.992382],[-82.533349,35.993073],[-82.533974,35.993556],[-82.533765,35.993901],[-82.533646,35.993836],[-82.533754,35.993655],[-82.532938,35.993],[-82.532994,35.992382]]]}},{"id":"13267","type":"Feature","properties":{"OBJECTID":6526,"max_category":0,"label":"0.01 to 0.10 inches","area_acres":0.9158957593050068,"county":"Unicoi County","watershed":"Rice Creek"},"geometry":{"type":"Polygon","coordinates":[[[-82.556137,36.014003],[-82.5564,36.014145],[-82.556204,36.014576],[-82.555591,36.014895],[-82.555448,36.014691],[-82.556137,36.014003]]]}},{"id":"13276","type":"Feature","properties":{"OBJECTID":3881,"max_category":0,"label":"0.01 to 0.10 inches","area_acres":2.231837561494205,"county":"Unicoi County","watershed":"Rice Creek"},"geometry":{"type":"Polygon","coordinates":[[[-82.551602,35.997092],[-82.551819,35.9971],[-82.552144,35.996304],[-82.55237,35.996318],[-82.55251,35.99651],[-82.552323,35.99721],[-82.551352,35.99749],[-82.551127,35.997686],[-82.551283,35.997828],[-82.551159,35.9979],[-82.550862,35.997648],[-82.551122,35.997396],[-82.55122,35.996825],[-82.55141,35.996786],[-82.551602,35.997092]]]}},{"id":"13283","type":"Feature","properties":{"OBJECTID":6496,"max_category":0,"label":"0.01 to 0.10 inches","area_acres":0.8750695580059763,"county":"Unicoi County","watershed":"Upper South Indian Creek"},"geometry":{"type":"Polygon","coordinates":[[[-82.555852,36.0183],[-82.556005,36.018568],[-82.555695,36.018502],[-82.555125,36.018817],[-82.55478,36.018791],[-82.555075,36.01844],[-82.555852,36.0183]]]}},{"id":"13284","type":"Feature","properties":{"OBJECTID":3876,"max_category":0,"label":"0.01 to 0.10 inches","area_acres":0.8855635175476984,"county":"Unicoi County","watershed":"Rice Creek"},"geometry":{"type":"Polygon","coordinates":[[[-82.553418,35.992999],[-82.553977,35.993712],[-82.554276,35.993862],[-82.554183,35.994017],[-82.553848,35.994061],[-82.553619,35.993925],[-82.553301,35.99311],[-82.553418,35.992999]]]}},{"id":"13287","type":"Feature","properties":{"OBJECTID":6135,"max_category":0,"label":"0.01 to 0.10 inches","area_acres":1.945397874480139,"county":"Unicoi County","watershed":"Upper South Indian Creek"},"geometry":{"type":"Polygon","coordinates":[[[-82.560585,36.025858],[-82.560675,36.025973],[-82.560426,36.0264],[-82.560942,36.027413],[-82.560952,36.027777],[-82.560592,36.027752],[-82.56019,36.026576],[-82.559878,36.026372],[-82.559996,36.026086],[-82.560585,36.025858]]]}},{"id":"13288","type":"Feature","properties":{"OBJECTID":143,"max_category":0,"label":"0.01 to 0.10 inches","area_acres":0.7476616857235829,"county":"Unicoi County","watershed":"Rice Creek"},"geometry":{"type":"Polygon","coordinates":[[[-82.540333,35.998519],[-82.541044,35.998531],[-82.541511,35.998859],[-82.541315,35.998935],[-82.540138,35.998671],[-82.540333,35.998519]]]}},{"id":"13289","type":"Feature","properties":{"OBJECTID":3880,"max_category":0,"label":"0.01 to 0.10 inches","area_acres":0.8279319323584095,"county":"Unicoi County","watershed":"Rice Creek"},"geometry":{"type":"Polygon","coordinates":[[[-82.551124,35.993148],[-82.551693,35.993596],[-82.551254,35.993413],[-82.55067,35.993817],[-82.550656,35.993472],[-82.551124,35.993148]]]}},{"id":"13293","type":"Feature","properties":{"OBJECTID":6555,"max_category":0,"label":"0.01 to 0.10 inches","area_acres":3.321912672481032,"county":"Unicoi County","watershed":"Rice Creek"},"geometry":{"type":"Polygon","coordinates":[[[-82.553261,36.006335],[-82.554052,36.007149],[-82.553938,36.007433],[-82.55343,36.00716],[-82.55168,36.007348],[-82.551922,36.006991],[-82.552399,36.006938],[-82.552047,36.006666],[-82.552098,36.006494],[-82.552302,36.006485],[-82.552977,36.006925],[-82.552605,36.006343],[-82.552825,36.0063],[-82.553189,36.00657],[-82.553261,36.006335]]]}},{"id":"13295","type":"Feature","properties":{"OBJECTID":3624,"max_category":0,"label":"0.01 to 0.10 inches","area_acres":5.352679712249848,"county":"Unicoi County","watershed":"Rice Creek"},"geometry":{"type":"Polygon","coordinates":[[[-82.527943,35.996761],[-82.528142,35.996993],[-82.527749,35.99691],[-82.526948,35.997153],[-82.526667,35.997628],[-82.526443,35.99754],[-82.526459,35.997322],[-82.526239,35.997501],[-82.52602,35.997437],[-82.525894,35.997128],[-82.52421,35.997259],[-82.523814,35.997176],[-82.523976,35.996959],[-82.52517,35.996924],[-82.524644,35.99663],[-82.524828,35.996441],[-82.525666,35.996744],[-82.52538,35.996494],[-82.52545,35.996366],[-82.526216,35.996673],[-82.527067,35.996657],[-82.527013,35.996921],[-82.526269,35.996952],[-82.5264,35.996998],[-82.527106,35.997033],[-82.527943,35.996761]]]}},{"id":"13297","type":"Feature","properties":{"OBJECTID":3826,"max_category":0,"label":"0.01 to 0.10 inches","area_acres":0.7808001943141771,"county":"Unicoi County","watershed":"Rice Creek"},"geometry":{"type":"Polygon","coordinates":[[[-82.566514,36.012244],[-82.56718,36.012719],[-82.567171,36.012902],[-82.566388,36.012475],[-82.566056,36.012647],[-82.566514,36.012244]]]}},{"id":"13303","type":"Feature","properties":{"OBJECTID":3842,"max_category":0,"label":"0.01 to 0.10 inches","area_acres":1.9702588377360002,"county":"Unicoi County","watershed":"Rice Creek"},"geometry":{"type":"Polygon","coordinates":[[[-82.555148,35.987753],[-82.555304,35.987996],[-82.556128,35.987974],[-82.556259,35.988154],[-82.555002,35.988395],[-82.55459,35.988187],[-82.553796,35.988134],[-82.553845,35.987987],[-82.55458,35.987962],[-82.555148,35.987753]]]}},{"id":"13314","type":"Feature","properties":{"OBJECTID":3888,"max_category":0,"label":"0.01 to 0.10 inches","area_acres":1.5524623550978738,"county":"Unicoi County","watershed":"Rice Creek"},"geometry":{"type":"Polygon","coordinates":[[[-82.552281,36.000976],[-82.552344,36.001099],[-82.551721,36.001273],[-82.550858,36.002138],[-82.550228,36.002109],[-82.550274,36.001956],[-82.550695,36.001874],[-82.551211,36.001483],[-82.551239,36.001258],[-82.551493,36.001093],[-82.552281,36.000976]]]}},{"id":"13315","type":"Feature","properties":{"OBJECTID":3896,"max_category":0,"label":"0.01 to 0.10 inches","area_acres":8.037299171354253,"county":"Unicoi County","watershed":"Rice Creek"},"geometry":{"type":"Polygon","coordinates":[[[-82.549428,35.996056],[-82.551322,35.996225],[-82.551519,35.996392],[-82.550999,35.996593],[-82.550174,35.996205],[-82.548289,35.996314],[-82.548013,35.996556],[-82.548092,35.997082],[-82.547651,35.99724],[-82.547492,35.99715],[-82.547585,35.996665],[-82.547077,35.996871],[-82.546285,35.99695],[-82.54598,35.996907],[-82.545951,35.996677],[-82.547648,35.996465],[-82.547914,35.996298],[-82.547057,35.996103],[-82.54622,35.996182],[-82.545796,35.996469],[-82.54522,35.996455],[-82.545051,35.996282],[-82.54694,35.995826],[-82.547857,35.996115],[-82.547112,35.995412],[-82.547314,35.995192],[-82.54756,35.995176],[-82.547798,35.995555],[-82.548124,35.995446],[-82.548249,35.996173],[-82.549014,35.99615],[-82.54857,35.995456],[-82.548683,35.995335],[-82.549428,35.996056]]]}},{"id":"13322","type":"Feature","properties":{"OBJECTID":3897,"max_category":0,"label":"0.01 to 0.10 inches","area_acres":5.80993535131339,"county":"Unicoi County","watershed":"Rice Creek"},"geometry":{"type":"Polygon","coordinates":[[[-82.549971,35.99692],[-82.550137,35.997434],[-82.549201,35.998127],[-82.548962,35.997862],[-82.548495,35.997903],[-82.548191,35.9981],[-82.547627,35.998175],[-82.54759,35.998379],[-82.547194,35.998518],[-82.546854,35.998468],[-82.546904,35.998169],[-82.546406,35.998293],[-82.5451,35.998086],[-82.545169,35.997836],[-82.545909,35.997753],[-82.546835,35.997916],[-82.547053,35.997499],[-82.547317,35.998042],[-82.54812,35.997963],[-82.548299,35.997471],[-82.54924,35.997656],[-82.549849,35.997231],[-82.548813,35.997259],[-82.548776,35.997022],[-82.549971,35.99692]]]}},{"id":"13327","type":"Feature","properties":{"OBJECTID":5530,"max_category":0,"label":"0.01 to 0.10 inches","area_acres":4.334240763820893,"county":"Unicoi County","watershed":"Rice Creek"},"geometry":{"type":"Polygon","coordinates":[[[-82.542946,36.007954],[-82.543107,36.008071],[-82.542982,36.008329],[-82.541913,36.008608],[-82.542101,36.009044],[-82.541888,36.009072],[-82.541706,36.008672],[-82.541463,36.008714],[-82.541366,36.008585],[-82.541353,36.008241],[-82.541523,36.008106],[-82.541367,36.007884],[-82.541369,36.007166],[-82.541182,36.00676],[-82.540524,36.006203],[-82.540636,36.005977],[-82.54099,36.005898],[-82.541358,36.006148],[-82.54132,36.006669],[-82.541679,36.007923],[-82.541777,36.007997],[-82.542057,36.007595],[-82.54208,36.008227],[-82.542946,36.007954]],[[-82.541686,36.008229],[-82.541669,36.008446],[-82.541697,36.008474],[-82.541686,36.008229]]]}},{"id":"13328","type":"Feature","properties":{"OBJECTID":3857,"max_category":0,"label":"0.01 to 0.10 inches","area_acres":0.9997141328103741,"county":"Unicoi County","watershed":"Rice Creek"},"geometry":{"type":"Polygon","coordinates":[[[-82.56485,35.996047],[-82.565043,35.996153],[-82.564928,35.996292],[-82.56357,35.996485],[-82.563605,35.996198],[-82.56485,35.996047]]]}},{"id":"13332","type":"Feature","properties":{"OBJECTID":5526,"max_category":0,"label":"0.01 to 0.10 inches","area_acres":31.159233750109824,"county":"Unicoi County","watershed":"Rice Creek"},"geometry":{"type":"Polygon","coordinates":[[[-82.542945,36.014854],[-82.543077,36.015096],[-82.542837,36.015778],[-82.543179,36.016069],[-82.543272,36.016453],[-82.543525,36.016569],[-82.543904,36.016393],[-82.54404,36.016636],[-82.544574,36.016511],[-82.544761,36.016604],[-82.544734,36.017083],[-82.543944,36.016864],[-82.543594,36.016875],[-82.543586,36.017037],[-82.54383,36.01722],[-82.544774,36.017244],[-82.544703,36.017403],[-82.545065,36.017624],[-82.545091,36.017806],[-82.544301,36.017566],[-82.544772,36.01788],[-82.544747,36.018016],[-82.544313,36.017938],[-82.543597,36.017371],[-82.543592,36.01771],[-82.543345,36.017933],[-82.543019,36.018018],[-82.542121,36.018857],[-82.541793,36.01887],[-82.54173,36.018563],[-82.542792,36.017867],[-82.543419,36.017631],[-82.543432,36.017173],[-82.542758,36.017476],[-82.542314,36.017974],[-82.541585,36.018149],[-82.541658,36.017884],[-82.54236,36.017387],[-82.543424,36.016971],[-82.543244,36.016653],[-82.542616,36.017141],[-82.542384,36.017104],[-82.54306,36.016404],[-82.542979,36.016081],[-82.542663,36.015822],[-82.542846,36.015384],[-82.541963,36.015918],[-82.542195,36.016592],[-82.54211,36.016958],[-82.54166,36.016772],[-82.541728,36.016123],[-82.541245,36.016516],[-82.541668,36.017679],[-82.541661,36.017861],[-82.541393,36.018033],[-82.541134,36.017983],[-82.541251,36.017545],[-82.541073,36.016609],[-82.540783,36.017146],[-82.541019,36.01788],[-82.540783,36.017976],[-82.540418,36.017379],[-82.540363,36.018279],[-82.540017,36.018352],[-82.53998,36.017925],[-82.539547,36.018639],[-82.539193,36.018456],[-82.539761,36.017601],[-82.538745,36.01836],[-82.538425,36.017902],[-82.538563,36.017763],[-82.538162,36.017719],[-82.538058,36.017284],[-82.538707,36.017233],[-82.539185,36.017466],[-82.5405,36.017014],[-82.540912,36.01654],[-82.540383,36.016555],[-82.539257,36.016917],[-82.538951,36.016786],[-82.539218,36.016511],[-82.539664,36.016461],[-82.539939,36.016263],[-82.541212,36.016278],[-82.541589,36.016034],[-82.541667,36.015806],[-82.54124,36.015953],[-82.539209,36.016012],[-82.538647,36.01638],[-82.538408,36.016312],[-82.537848,36.016515],[-82.537709,36.017118],[-82.537237,36.016933],[-82.53665,36.017076],[-82.535626,36.018025],[-82.53529,36.01801],[-82.53553,36.017491],[-82.535236,36.017415],[-82.535307,36.01724],[-82.53621,36.017193],[-82.536408,36.017049],[-82.535616,36.016827],[-82.535679,36.016261],[-82.536172,36.01647],[-82.536643,36.016906],[-82.536975,36.016896],[-82.537571,36.016576],[-82.537337,36.016256],[-82.53743,36.016073],[-82.537959,36.016153],[-82.538801,36.015731],[-82.537813,36.015173],[-82.537448,36.015211],[-82.53684,36.015667],[-82.53597,36.015556],[-82.536101,36.015276],[-82.537172,36.015214],[-82.537496,36.015039],[-82.537272,36.01481],[-82.537473,36.014766],[-82.537511,36.014496],[-82.537831,36.014621],[-82.538073,36.015148],[-82.538462,36.015129],[-82.539205,36.015579],[-82.540024,36.015571],[-82.53894,36.014775],[-82.538907,36.014555],[-82.53918,36.014531],[-82.541027,36.015817],[-82.541627,36.015662],[-82.541816,36.015779],[-82.542561,36.015415],[-82.542872,36.0152],[-82.542945,36.014854]]]}},{"id":"13343","type":"Feature","properties":{"OBJECTID":5528,"max_category":0,"label":"0.01 to 0.10 inches","area_acres":2.7264495135130686,"county":"Unicoi County","watershed":"Upper South Indian Creek"},"geometry":{"type":"Polygon","coordinates":[[[-82.544369,36.020628],[-82.545315,36.021367],[-82.545338,36.021939],[-82.545039,36.02233],[-82.544939,36.022165],[-82.545152,36.021653],[-82.544267,36.021116],[-82.543642,36.021058],[-82.543725,36.020841],[-82.54403,36.020747],[-82.543708,36.02035],[-82.543934,36.02009],[-82.544331,36.020174],[-82.544369,36.020628]]]}},{"id":"13352","type":"Feature","properties":{"OBJECTID":4467,"max_category":0,"label":"0.01 to 0.10 inches","area_acres":7.30616356021679,"county":"Unicoi County","watershed":"Upper South Indian Creek"},"geometry":{"type":"Polygon","coordinates":[[[-82.57652,36.014343],[-82.576821,36.014634],[-82.577046,36.015827],[-82.577758,36.017415],[-82.577845,36.018651],[-82.577605,36.018556],[-82.577563,36.017712],[-82.576949,36.01685],[-82.575218,36.015153],[-82.57523,36.014982],[-82.575402,36.01496],[-82.576421,36.015619],[-82.576041,36.014666],[-82.576133,36.014451],[-82.57652,36.014343]]]}},{"id":"13361","type":"Feature","properties":{"OBJECTID":298,"max_category":0,"label":"0.01 to 0.10 inches","area_acres":4.985219549576469,"county":"Unicoi County","watershed":"Rice Creek"},"geometry":{"type":"Polygon","coordinates":[[[-82.54669,35.983078],[-82.547553,35.983597],[-82.547689,35.983872],[-82.547981,35.986535],[-82.547626,35.985599],[-82.547443,35.985536],[-82.546812,35.985851],[-82.54665,35.985602],[-82.547158,35.985466],[-82.547069,35.985229],[-82.546224,35.985189],[-82.546237,35.984869],[-82.546624,35.984868],[-82.546335,35.984636],[-82.546253,35.984331],[-82.546404,35.984269],[-82.547606,35.98515],[-82.547406,35.983681],[-82.547075,35.98343],[-82.54612,35.983457],[-82.545907,35.983333],[-82.545956,35.983186],[-82.54669,35.983078]]]}},{"id":"13366","type":"Feature","properties":{"OBJECTID":3846,"max_category":0,"label":"0.01 to 0.10 inches","area_acres":0.6494877489362894,"county":"Unicoi County","watershed":"Rice Creek"},"geometry":{"type":"Polygon","coordinates":[[[-82.56596,35.988262],[-82.566207,35.988511],[-82.565521,35.988583],[-82.565386,35.988817],[-82.56539,35.988331],[-82.56596,35.988262]]]}},{"id":"13371","type":"Feature","properties":{"OBJECTID":5620,"max_category":0,"label":"0.01 to 0.10 inches","area_acres":2.69907982918413,"county":"Unicoi County","watershed":"Rice Creek"},"geometry":{"type":"Polygon","coordinates":[[[-82.533829,36.010665],[-82.533912,36.010765],[-82.533646,36.011004],[-82.53404,36.011938],[-82.535021,36.01252],[-82.535297,36.012925],[-82.535213,36.013157],[-82.534867,36.013044],[-82.535064,36.01349],[-82.534615,36.013361],[-82.53444,36.012727],[-82.53365,36.011562],[-82.533452,36.010981],[-82.533829,36.010665]]]}},{"id":"13375","type":"Feature","properties":{"OBJECTID":3844,"max_category":0,"label":"0.01 to 0.10 inches","area_acres":0.8859079227060266,"county":"Unicoi County","watershed":"Rice Creek"},"geometry":{"type":"Polygon","coordinates":[[[-82.566432,35.987451],[-82.567048,35.988133],[-82.567017,35.988339],[-82.566738,35.988375],[-82.566553,35.988156],[-82.566252,35.987647],[-82.566432,35.987451]]]}},{"id":"13385","type":"Feature","properties":{"OBJECTID":6520,"max_category":0,"label":"0.01 to 0.10 inches","area_acres":2.512982088086872,"county":"Unicoi County","watershed":"Rice Creek"},"geometry":{"type":"Polygon","coordinates":[[[-82.55488,36.013133],[-82.555216,36.013524],[-82.554594,36.013847],[-82.554306,36.014352],[-82.554092,36.014322],[-82.554059,36.014158],[-82.554329,36.013727],[-82.553641,36.014186],[-82.553294,36.014115],[-82.553374,36.013848],[-82.55415,36.013511],[-82.554632,36.013094],[-82.55488,36.013133]]]}},{"id":"13389","type":"Feature","properties":{"OBJECTID":3610,"max_category":0,"label":"0.01 to 0.10 inches","area_acres":19.11128426757095,"county":"Unicoi County","watershed":"Rice Creek"},"geometry":{"type":"Polygon","coordinates":[[[-82.528301,35.997988],[-82.528341,35.998785],[-82.527998,35.998775],[-82.527952,35.998223],[-82.527706,35.998258],[-82.527461,35.998428],[-82.527519,35.99903],[-82.527286,35.999417],[-82.527012,35.999454],[-82.526814,35.999261],[-82.527158,35.998612],[-82.527112,35.998346],[-82.526634,35.998481],[-82.525994,35.998925],[-82.526007,35.999223],[-82.526467,35.99972],[-82.526321,35.999914],[-82.52611,35.999944],[-82.525865,35.999732],[-82.525654,35.999048],[-82.525344,35.999151],[-82.52534,36.000248],[-82.525146,36.000363],[-82.524864,36.000235],[-82.524548,36.000489],[-82.524295,36.000415],[-82.524867,35.999357],[-82.524477,35.999451],[-82.52308,36.0007],[-82.522951,36.000642],[-82.523009,36.000399],[-82.522258,36.000587],[-82.521995,36.000402],[-82.521264,36.000415],[-82.521214,36.000125],[-82.521505,36.000053],[-82.521617,35.999863],[-82.521162,35.999902],[-82.520545,35.999731],[-82.522041,35.999488],[-82.522865,35.999711],[-82.523417,35.999696],[-82.523592,35.999505],[-82.524298,35.999285],[-82.52278,35.999248],[-82.522649,35.999052],[-82.523068,35.998991],[-82.522895,35.998946],[-82.521955,35.999083],[-82.521776,35.998896],[-82.521364,35.998954],[-82.521359,35.998715],[-82.521581,35.99865],[-82.523334,35.99859],[-82.522645,35.998266],[-82.521673,35.998102],[-82.52134,35.998112],[-82.521016,35.998622],[-82.520741,35.998614],[-82.520625,35.998245],[-82.521174,35.997976],[-82.522515,35.998076],[-82.522904,35.998007],[-82.522832,35.997777],[-82.523045,35.997705],[-82.523458,35.998169],[-82.524837,35.99916],[-82.525898,35.998799],[-82.527129,35.998135],[-82.527398,35.998289],[-82.528301,35.997988]],[[-82.525073,35.999664],[-82.525049,35.999789],[-82.525085,35.999959],[-82.525073,35.999664]]]}},{"id":"13391","type":"Feature","properties":{"OBJECTID":557,"max_category":0,"label":"0.01 to 0.10 inches","area_acres":3.2816132742347235,"county":"Unicoi County","watershed":"Rice Creek"},"geometry":{"type":"Polygon","coordinates":[[[-82.542646,35.988034],[-82.543093,35.988546],[-82.542601,35.988851],[-82.542432,35.989167],[-82.543264,35.989136],[-82.543224,35.989415],[-82.542617,35.98947],[-82.543245,35.989681],[-82.543337,35.989861],[-82.543097,35.989943],[-82.542438,35.98953],[-82.541633,35.989553],[-82.54115,35.989855],[-82.541537,35.989428],[-82.541991,35.989345],[-82.542267,35.989104],[-82.542415,35.988636],[-82.542201,35.98826],[-82.542646,35.988034]]]}},{"id":"13392","type":"Feature","properties":{"OBJECTID":3900,"max_category":0,"label":"0.01 to 0.10 inches","area_acres":1.6596911522091744,"county":"Unicoi County","watershed":"Rice Creek"},"geometry":{"type":"Polygon","coordinates":[[[-82.546905,35.994123],[-82.546983,35.994232],[-82.545681,35.99574],[-82.545361,35.995932],[-82.544646,35.995791],[-82.544711,35.995508],[-82.545679,35.995533],[-82.546905,35.994123]]]}},{"id":"13397","type":"Feature","properties":{"OBJECTID":6128,"max_category":0,"label":"0.01 to 0.10 inches","area_acres":0.9804996110970816,"county":"Unicoi County","watershed":"Upper South Indian Creek"},"geometry":{"type":"Polygon","coordinates":[[[-82.550248,36.033938],[-82.55023,36.034418],[-82.549406,36.03469],[-82.549815,36.034314],[-82.54951,36.034313],[-82.549485,36.034174],[-82.550248,36.033938]]]}},{"id":"13416","type":"Feature","properties":{"OBJECTID":5521,"max_category":0,"label":"0.01 to 0.10 inches","area_acres":2.881123440790797,"county":"Unicoi County","watershed":"Rice Creek"},"geometry":{"type":"Polygon","coordinates":[[[-82.544211,36.00549],[-82.544679,36.005682],[-82.544678,36.005909],[-82.543779,36.006066],[-82.543358,36.006434],[-82.543388,36.006579],[-82.543228,36.006556],[-82.543176,36.006385],[-82.544007,36.005601],[-82.543697,36.005337],[-82.543693,36.005051],[-82.544322,36.005084],[-82.544449,36.00462],[-82.544814,36.004385],[-82.545023,36.004827],[-82.544744,36.005196],[-82.544211,36.00549]]]}},{"id":"13417","type":"Feature","properties":{"OBJECTID":5593,"max_category":0,"label":"0.01 to 0.10 inches","area_acres":3.070818016197302,"county":"Unicoi County","watershed":"Rice Creek"},"geometry":{"type":"Polygon","coordinates":[[[-82.542436,36.009426],[-82.542504,36.009573],[-82.541022,36.010668],[-82.540746,36.011335],[-82.540451,36.011354],[-82.540526,36.011072],[-82.539804,36.011374],[-82.539406,36.01136],[-82.539437,36.011128],[-82.539929,36.0109],[-82.539798,36.010672],[-82.540858,36.010544],[-82.542436,36.009426]]]}},{"id":"13418","type":"Feature","properties":{"OBJECTID":6244,"max_category":0,"label":"0.01 to 0.10 inches","area_acres":4.720454417038784,"county":"Unicoi County","watershed":"Rice Creek"},"geometry":{"type":"Polygon","coordinates":[[[-82.529294,36.011401],[-82.52956,36.012408],[-82.529132,36.012773],[-82.528826,36.012819],[-82.528755,36.012693],[-82.52917,36.012133],[-82.529187,36.011738],[-82.528792,36.011846],[-82.528772,36.012252],[-82.528399,36.012816],[-82.527963,36.012736],[-82.527981,36.01246],[-82.528601,36.011833],[-82.528197,36.011795],[-82.527281,36.012879],[-82.52662,36.013185],[-82.52615,36.013142],[-82.526991,36.012582],[-82.527242,36.012022],[-82.527757,36.011912],[-82.528104,36.011656],[-82.529064,36.011627],[-82.529294,36.011401]]]}},{"id":"13422","type":"Feature","properties":{"OBJECTID":296,"max_category":0,"label":"0.01 to 0.10 inches","area_acres":27.872535217557576,"county":"Unicoi County","watershed":"Rice Creek"},"geometry":{"type":"Polygon","coordinates":[[[-82.545754,35.977486],[-82.546703,35.977938],[-82.546881,35.978497],[-82.547933,35.979399],[-82.548033,35.979054],[-82.548272,35.97902],[-82.548482,35.979543],[-82.548457,35.980088],[-82.5487,35.980271],[-82.549981,35.980702],[-82.549988,35.979302],[-82.550273,35.979071],[-82.550427,35.979184],[-82.5505,35.980041],[-82.550796,35.980265],[-82.551837,35.980372],[-82.550917,35.979485],[-82.550932,35.979344],[-82.551135,35.979321],[-82.552623,35.980374],[-82.552485,35.980909],[-82.551952,35.980512],[-82.550591,35.980524],[-82.550344,35.980357],[-82.55022,35.980603],[-82.550782,35.981847],[-82.551817,35.982312],[-82.551931,35.982502],[-82.550636,35.981931],[-82.550128,35.980963],[-82.549487,35.980611],[-82.548538,35.980446],[-82.547996,35.980917],[-82.547606,35.980961],[-82.547495,35.98075],[-82.548249,35.980152],[-82.547575,35.980139],[-82.547321,35.979795],[-82.546721,35.979808],[-82.545476,35.979353],[-82.543376,35.979352],[-82.543371,35.979139],[-82.544308,35.979],[-82.542881,35.978979],[-82.542914,35.97874],[-82.54377,35.978631],[-82.543235,35.978374],[-82.542587,35.97833],[-82.542258,35.978115],[-82.542425,35.97787],[-82.543163,35.978002],[-82.542667,35.977348],[-82.542879,35.977175],[-82.543846,35.977926],[-82.543971,35.977727],[-82.544117,35.977759],[-82.544268,35.978298],[-82.544959,35.978767],[-82.544894,35.978576],[-82.545235,35.978345],[-82.54649,35.979263],[-82.547079,35.979393],[-82.547573,35.979763],[-82.547725,35.9797],[-82.548224,35.979964],[-82.545101,35.977769],[-82.544955,35.977155],[-82.543676,35.976314],[-82.543912,35.976101],[-82.543576,35.975727],[-82.543694,35.975486],[-82.544677,35.976219],[-82.544687,35.975959],[-82.544954,35.975951],[-82.545109,35.976652],[-82.545295,35.976687],[-82.545754,35.977486]]]}},{"id":"13423","type":"Feature","properties":{"OBJECTID":5596,"max_category":0,"label":"0.01 to 0.10 inches","area_acres":0.9012058155239031,"county":"Unicoi County","watershed":"Rice Creek"},"geometry":{"type":"Polygon","coordinates":[[[-82.527997,36.008827],[-82.528568,36.009443],[-82.528925,36.009407],[-82.528969,36.009525],[-82.528373,36.00957],[-82.527684,36.008985],[-82.527751,36.008843],[-82.527997,36.008827]]]}},{"id":"13427","type":"Feature","properties":{"OBJECTID":6127,"max_category":0,"label":"0.01 to 0.10 inches","area_acres":1.2393978011268807,"county":"Unicoi County","watershed":"Upper South Indian Creek"},"geometry":{"type":"Polygon","coordinates":[[[-82.548868,36.028728],[-82.549449,36.029383],[-82.549417,36.029563],[-82.548858,36.029286],[-82.548801,36.029564],[-82.548621,36.029526],[-82.548522,36.029019],[-82.548282,36.028881],[-82.548868,36.028728]]]}},{"id":"13434","type":"Feature","properties":{"OBJECTID":450,"max_category":0,"label":"0.01 to 0.10 inches","area_acres":0.996739020970016,"county":"Unicoi County","watershed":"Rice Creek"},"geometry":{"type":"Polygon","coordinates":[[[-82.560197,35.985654],[-82.560831,35.986573],[-82.560651,35.987129],[-82.560409,35.987053],[-82.560445,35.98638],[-82.560197,35.985654]]]}},{"id":"13439","type":"Feature","properties":{"OBJECTID":205,"max_category":0,"label":"0.01 to 0.10 inches","area_acres":8.431807592755302,"county":"Unicoi County","watershed":"Rice Creek"},"geometry":{"type":"Polygon","coordinates":[[[-82.552597,36.001242],[-82.552656,36.001681],[-82.551787,36.002355],[-82.552086,36.003023],[-82.551998,36.003424],[-82.551667,36.003433],[-82.551704,36.002935],[-82.551419,36.002506],[-82.551107,36.003062],[-82.551295,36.003834],[-82.550883,36.003853],[-82.55081,36.003377],[-82.549664,36.004319],[-82.549024,36.004239],[-82.549068,36.003949],[-82.549566,36.003886],[-82.549587,36.003561],[-82.550025,36.00357],[-82.550903,36.002671],[-82.550092,36.002994],[-82.549162,36.003079],[-82.548922,36.003374],[-82.549106,36.003714],[-82.549024,36.003883],[-82.548633,36.004056],[-82.548278,36.003925],[-82.54841,36.0033],[-82.54876,36.003277],[-82.549352,36.002826],[-82.549954,36.00272],[-82.54998,36.002505],[-82.550522,36.002566],[-82.55105,36.002088],[-82.551489,36.002263],[-82.552491,36.001604],[-82.552597,36.001242]]]}},{"id":"13440","type":"Feature","properties":{"OBJECTID":6158,"max_category":0,"label":"0.01 to 0.10 inches","area_acres":0.45932813085357155,"county":"Unicoi County","watershed":"Upper South Indian Creek"},"geometry":{"type":"Polygon","coordinates":[[[-82.546581,36.028548],[-82.547291,36.028786],[-82.547224,36.028939],[-82.546511,36.028685],[-82.546581,36.028548]]]}},{"id":"13442","type":"Feature","properties":{"OBJECTID":3887,"max_category":0,"label":"0.01 to 0.10 inches","area_acres":0.8346941232090814,"county":"Unicoi County","watershed":"Rice Creek"},"geometry":{"type":"Polygon","coordinates":[[[-82.552024,36.000516],[-82.552095,36.000718],[-82.551766,36.000749],[-82.551442,36.001026],[-82.55095,36.00098],[-82.550975,36.000636],[-82.551555,36.000695],[-82.552024,36.000516]]]}},{"id":"13444","type":"Feature","properties":{"OBJECTID":6150,"max_category":0,"label":"0.01 to 0.10 inches","area_acres":1.5342284657466627,"county":"Unicoi County","watershed":"Upper South Indian Creek"},"geometry":{"type":"Polygon","coordinates":[[[-82.547529,36.029839],[-82.547984,36.030305],[-82.547662,36.030159],[-82.546869,36.030985],[-82.546297,36.030932],[-82.546388,36.03069],[-82.54678,36.030548],[-82.547529,36.029839]]]}},{"id":"13459","type":"Feature","properties":{"OBJECTID":3835,"max_category":0,"label":"0.01 to 0.10 inches","area_acres":2.3777837128507398,"county":"Unicoi County","watershed":"Rice Creek"},"geometry":{"type":"Polygon","coordinates":[[[-82.557463,35.999588],[-82.557951,35.999849],[-82.558832,35.999615],[-82.558857,35.999776],[-82.5584,36.000031],[-82.558859,36.000181],[-82.559357,36.000012],[-82.559503,36.000145],[-82.559439,36.000549],[-82.559196,36.00067],[-82.558684,36.00054],[-82.558182,36.000325],[-82.557502,35.999757],[-82.55701,35.999691],[-82.557463,35.999588]]]}},{"id":"13462","type":"Feature","properties":{"OBJECTID":6545,"max_category":0,"label":"0.01 to 0.10 inches","area_acres":9.135989041639387,"county":"Unicoi County","watershed":"Rice Creek"},"geometry":{"type":"Polygon","coordinates":[[[-82.554021,36.005158],[-82.554006,36.005459],[-82.552927,36.005608],[-82.55215,36.006226],[-82.551219,36.006454],[-82.551217,36.006239],[-82.552195,36.005981],[-82.551018,36.006098],[-82.551188,36.005693],[-82.552456,36.005781],[-82.552816,36.005495],[-82.551089,36.005359],[-82.550554,36.005485],[-82.550166,36.005846],[-82.549802,36.005889],[-82.549743,36.005758],[-82.550039,36.005527],[-82.54899,36.00564],[-82.548564,36.005389],[-82.550023,36.00522],[-82.549784,36.00504],[-82.549022,36.004805],[-82.54868,36.00455],[-82.548411,36.00464],[-82.547952,36.004513],[-82.548183,36.004409],[-82.548201,36.004136],[-82.54855,36.004083],[-82.549097,36.004669],[-82.549534,36.004554],[-82.550713,36.005255],[-82.551578,36.005202],[-82.549944,36.004446],[-82.550071,36.004312],[-82.550794,36.004511],[-82.551127,36.004337],[-82.551286,36.004813],[-82.551891,36.005138],[-82.552698,36.005201],[-82.553087,36.005406],[-82.553492,36.005176],[-82.554021,36.005158]]]}},{"id":"13467","type":"Feature","properties":{"OBJECTID":3814,"max_category":0,"label":"0.01 to 0.10 inches","area_acres":6.557192822335636,"county":"Unicoi County","watershed":"Rice Creek"},"geometry":{"type":"Polygon","coordinates":[[[-82.574561,36.008325],[-82.575187,36.008636],[-82.57563,36.008655],[-82.575693,36.009009],[-82.575532,36.009163],[-82.575677,36.009379],[-82.576145,36.009575],[-82.576799,36.01042],[-82.577097,36.011221],[-82.577665,36.011632],[-82.577588,36.011839],[-82.577364,36.011724],[-82.57715,36.012061],[-82.57745,36.012756],[-82.577337,36.012944],[-82.576966,36.012624],[-82.577047,36.011432],[-82.576566,36.011114],[-82.576533,36.010512],[-82.576402,36.010459],[-82.576241,36.010726],[-82.576008,36.010616],[-82.575927,36.009815],[-82.575548,36.009522],[-82.575359,36.009832],[-82.575382,36.010349],[-82.575774,36.010945],[-82.575596,36.011044],[-82.575309,36.010727],[-82.575095,36.010745],[-82.57509,36.009989],[-82.575399,36.009359],[-82.575346,36.008925],[-82.575109,36.00877],[-82.575014,36.009248],[-82.574744,36.009266],[-82.574792,36.008639],[-82.574377,36.008411],[-82.574561,36.008325]]]}},{"id":"13469","type":"Feature","properties":{"OBJECTID":6497,"max_category":0,"label":"0.01 to 0.10 inches","area_acres":0.709181886864658,"county":"Unicoi County","watershed":"Upper South Indian Creek"},"geometry":{"type":"Polygon","coordinates":[[[-82.555442,36.020511],[-82.555539,36.020972],[-82.555128,36.02102],[-82.555207,36.021178],[-82.554989,36.021207],[-82.554973,36.020807],[-82.555186,36.020505],[-82.555442,36.020511]]]}},{"id":"13477","type":"Feature","properties":{"OBJECTID":453,"max_category":0,"label":"0.01 to 0.10 inches","area_acres":2.2710643107028288,"county":"Unicoi County","watershed":"Rice Creek"},"geometry":{"type":"Polygon","coordinates":[[[-82.541937,35.991133],[-82.54365,35.991685],[-82.543499,35.99205],[-82.543072,35.991902],[-82.543264,35.992319],[-82.542759,35.992108],[-82.542618,35.991709],[-82.542009,35.991301],[-82.541776,35.991281],[-82.541317,35.991627],[-82.541315,35.991389],[-82.541937,35.991133]]]}},{"id":"13484","type":"Feature","properties":{"OBJECTID":3877,"max_category":0,"label":"0.01 to 0.10 inches","area_acres":4.976108120033734,"county":"Unicoi County","watershed":"Rice Creek"},"geometry":{"type":"Polygon","coordinates":[[[-82.560887,35.994403],[-82.560968,35.994508],[-82.560653,35.994785],[-82.560001,35.994956],[-82.559525,35.995258],[-82.559366,35.995521],[-82.559684,35.995842],[-82.559609,35.99634],[-82.559297,35.996225],[-82.559103,35.9958],[-82.559198,35.99564],[-82.557981,35.995755],[-82.558025,35.995509],[-82.557292,35.995473],[-82.557019,35.995293],[-82.557185,35.995089],[-82.557693,35.995195],[-82.5575,35.994724],[-82.557797,35.994631],[-82.558073,35.994823],[-82.558435,35.995491],[-82.559175,35.995497],[-82.559348,35.995223],[-82.559058,35.995224],[-82.558322,35.994856],[-82.558132,35.994611],[-82.55852,35.994531],[-82.559591,35.99499],[-82.560558,35.99466],[-82.560887,35.994403]]]}},{"id":"13485","type":"Feature","properties":{"OBJECTID":29,"max_category":0,"label":"0.01 to 0.10 inches","area_acres":17.90799651685124,"county":"Unicoi County","watershed":"Rice Creek"},"geometry":{"type":"Polygon","coordinates":[[[-82.522824,36.006585],[-82.523103,36.006715],[-82.523097,36.006949],[-82.523359,36.007147],[-82.524041,36.007217],[-82.524666,36.007631],[-82.525055,36.007567],[-82.52552,36.007826],[-82.526594,36.007935],[-82.526851,36.00809],[-82.527786,36.008064],[-82.527439,36.007721],[-82.526694,36.007655],[-82.525037,36.006939],[-82.524284,36.006816],[-82.523781,36.006427],[-82.523987,36.006221],[-82.52491,36.006364],[-82.524888,36.006129],[-82.52504,36.006054],[-82.525355,36.006484],[-82.525425,36.006031],[-82.525593,36.00593],[-82.525759,36.006708],[-82.526448,36.00699],[-82.527199,36.007531],[-82.527357,36.007553],[-82.52734,36.007268],[-82.527616,36.006962],[-82.527843,36.006983],[-82.527833,36.007716],[-82.528831,36.0085],[-82.529908,36.008497],[-82.530672,36.008095],[-82.530828,36.008175],[-82.529979,36.008634],[-82.529007,36.008721],[-82.52828,36.008384],[-82.526218,36.008306],[-82.525588,36.008788],[-82.52367,36.009286],[-82.523022,36.009303],[-82.522718,36.009055],[-82.522751,36.008903],[-82.524335,36.008685],[-82.524723,36.008482],[-82.525409,36.008489],[-82.525788,36.008262],[-82.524655,36.008073],[-82.52344,36.008222],[-82.522923,36.008455],[-82.522311,36.008459],[-82.522667,36.008088],[-82.52302,36.007987],[-82.522894,36.007864],[-82.523017,36.007765],[-82.524334,36.007833],[-82.52284,36.007002],[-82.522336,36.006992],[-82.522394,36.006673],[-82.522824,36.006585]]]}},{"id":"13487","type":"Feature","properties":{"OBJECTID":6215,"max_category":0,"label":"0.01 to 0.10 inches","area_acres":0.7952779055402973,"county":"Unicoi County","watershed":"Rice Creek"},"geometry":{"type":"Polygon","coordinates":[[[-82.532216,36.01324],[-82.532608,36.013694],[-82.532803,36.01364],[-82.533055,36.013794],[-82.53305,36.014059],[-82.532556,36.014088],[-82.532526,36.013827],[-82.532143,36.013497],[-82.532216,36.01324]]]}},{"id":"13490","type":"Feature","properties":{"OBJECTID":4448,"max_category":0,"label":"0.01 to 0.10 inches","area_acres":29.242182078343312,"county":"Unicoi County","watershed":"Rice Creek"},"geometry":{"type":"Polygon","coordinates":[[[-82.571566,35.986532],[-82.572649,35.986765],[-82.573906,35.98814],[-82.574369,35.988319],[-82.574924,35.988299],[-82.57486,35.988567],[-82.574487,35.988636],[-82.574504,35.989016],[-82.574659,35.989108],[-82.575269,35.989255],[-82.575659,35.988714],[-82.575967,35.988657],[-82.576907,35.989454],[-82.577247,35.989552],[-82.577773,35.989419],[-82.578025,35.989849],[-82.578833,35.990353],[-82.579626,35.991115],[-82.580069,35.991368],[-82.58044,35.99133],[-82.580333,35.991568],[-82.580865,35.991757],[-82.581252,35.992448],[-82.582119,35.993185],[-82.582261,35.993566],[-82.581946,35.993643],[-82.581076,35.992879],[-82.580847,35.992893],[-82.580689,35.992111],[-82.580311,35.991822],[-82.580567,35.992291],[-82.580443,35.992542],[-82.580633,35.992994],[-82.580478,35.993121],[-82.580276,35.992992],[-82.580206,35.99265],[-82.580035,35.992604],[-82.58,35.991669],[-82.579864,35.99254],[-82.579657,35.992657],[-82.579442,35.992191],[-82.579819,35.991571],[-82.579355,35.991314],[-82.579251,35.99177],[-82.579083,35.991824],[-82.578969,35.991467],[-82.579124,35.991139],[-82.578726,35.990918],[-82.578524,35.990579],[-82.577494,35.989827],[-82.576513,35.989563],[-82.576037,35.989018],[-82.575872,35.988995],[-82.575347,35.989389],[-82.57555,35.989728],[-82.576265,35.989738],[-82.577561,35.991093],[-82.578908,35.991949],[-82.579215,35.99233],[-82.579191,35.992911],[-82.578868,35.992798],[-82.578772,35.992317],[-82.578003,35.991803],[-82.578353,35.992713],[-82.578197,35.992803],[-82.577828,35.992707],[-82.577619,35.992286],[-82.577687,35.991551],[-82.577314,35.991708],[-82.577307,35.991357],[-82.576877,35.99082],[-82.576252,35.990212],[-82.575626,35.989926],[-82.576869,35.991447],[-82.577418,35.992605],[-82.576475,35.992107],[-82.576538,35.991572],[-82.575871,35.990849],[-82.575822,35.991486],[-82.575541,35.991482],[-82.57537,35.991165],[-82.575613,35.99058],[-82.575412,35.989819],[-82.575194,35.989468],[-82.574866,35.989299],[-82.574718,35.989276],[-82.574741,35.989779],[-82.575255,35.990198],[-82.575235,35.990458],[-82.575028,35.990483],[-82.574606,35.989958],[-82.574487,35.990171],[-82.574892,35.990903],[-82.575267,35.991113],[-82.57547,35.991876],[-82.575186,35.99185],[-82.574821,35.991281],[-82.574731,35.99144],[-82.57458,35.991389],[-82.574433,35.990615],[-82.574248,35.991151],[-82.573921,35.991371],[-82.573844,35.990999],[-82.574219,35.990333],[-82.573879,35.990398],[-82.573812,35.990253],[-82.574532,35.989813],[-82.574406,35.989562],[-82.57419,35.989648],[-82.57398,35.989515],[-82.574403,35.989184],[-82.574171,35.988536],[-82.574032,35.988404],[-82.573838,35.988503],[-82.573716,35.989367],[-82.573055,35.989469],[-82.573462,35.988951],[-82.573129,35.989103],[-82.573046,35.988951],[-82.573646,35.988139],[-82.573579,35.988061],[-82.573029,35.988569],[-82.572846,35.988568],[-82.572786,35.988232],[-82.573396,35.987839],[-82.573249,35.987573],[-82.57256,35.986893],[-82.571568,35.986695],[-82.571566,35.986532]]]}},{"id":"13492","type":"Feature","properties":{"OBJECTID":206,"max_category":0,"label":"0.01 to 0.10 inches","area_acres":13.655936183021346,"county":"Unicoi County","watershed":"Rice Creek"},"geometry":{"type":"Polygon","coordinates":[[[-82.565564,35.998417],[-82.566132,35.998646],[-82.56599,35.998872],[-82.566974,35.99927],[-82.5675,35.999775],[-82.567082,35.999965],[-82.566022,35.999221],[-82.566358,35.999863],[-82.566129,35.999963],[-82.565776,35.999641],[-82.565672,35.999037],[-82.565411,35.998839],[-82.564053,35.999044],[-82.563928,35.999168],[-82.564185,35.999722],[-82.565456,35.999685],[-82.565643,35.999792],[-82.565549,35.999989],[-82.564202,36.000057],[-82.564198,36.000726],[-82.564644,36.001328],[-82.564997,36.001025],[-82.56549,36.000946],[-82.564793,36.001656],[-82.56411,36.000931],[-82.563944,36.000504],[-82.56293,36.000698],[-82.561743,36.000706],[-82.56092,36.001142],[-82.560076,36.000848],[-82.560141,36.000748],[-82.561533,36.000651],[-82.562725,36.00026],[-82.564047,36.000221],[-82.564015,35.999815],[-82.561061,35.999819],[-82.560269,36.000539],[-82.560029,36.000579],[-82.559919,36.00018],[-82.560539,35.999966],[-82.560634,35.999586],[-82.560841,35.999468],[-82.561463,35.999719],[-82.563899,35.999483],[-82.563753,35.999091],[-82.564285,35.998682],[-82.564954,35.998518],[-82.565253,35.9986],[-82.565564,35.998417]]]}},{"id":"13498","type":"Feature","properties":{"OBJECTID":452,"max_category":0,"label":"0.01 to 0.10 inches","area_acres":5.716294692951341,"county":"Unicoi County","watershed":"Rice Creek"},"geometry":{"type":"Polygon","coordinates":[[[-82.542116,35.985218],[-82.542247,35.985428],[-82.542101,35.985753],[-82.54127,35.985908],[-82.540913,35.986219],[-82.542259,35.986046],[-82.54235,35.986259],[-82.542075,35.986486],[-82.542114,35.986652],[-82.541787,35.986715],[-82.541083,35.98638],[-82.540784,35.986417],[-82.54041,35.986715],[-82.540337,35.987373],[-82.540569,35.987735],[-82.540974,35.987453],[-82.541805,35.987426],[-82.542321,35.987056],[-82.542564,35.98732],[-82.542489,35.987495],[-82.542775,35.987579],[-82.542787,35.987854],[-82.542424,35.987989],[-82.542085,35.987643],[-82.540973,35.987621],[-82.540663,35.987863],[-82.540747,35.988252],[-82.540602,35.988478],[-82.540564,35.988058],[-82.540164,35.987417],[-82.540238,35.986663],[-82.541233,35.985674],[-82.542116,35.985218]]]}},{"id":"13504","type":"Feature","properties":{"OBJECTID":6429,"max_category":0,"label":"0.01 to 0.10 inches","area_acres":1.9278975133851775,"county":"Unicoi County","watershed":"Rice Creek"},"geometry":{"type":"Polygon","coordinates":[[[-82.536079,36.004112],[-82.536684,36.004437],[-82.536193,36.004705],[-82.535932,36.005272],[-82.535541,36.005614],[-82.535376,36.005483],[-82.535513,36.005147],[-82.535393,36.005033],[-82.535974,36.004544],[-82.535742,36.004264],[-82.536079,36.004112]]]}},{"id":"13506","type":"Feature","properties":{"OBJECTID":3886,"max_category":0,"label":"0.01 to 0.10 inches","area_acres":7.206916575655379,"county":"Unicoi County","watershed":"Rice Creek"},"geometry":{"type":"Polygon","coordinates":[[[-82.556176,35.997262],[-82.556372,35.997428],[-82.556319,35.997968],[-82.554554,35.998001],[-82.554525,35.998554],[-82.554382,35.998639],[-82.553777,35.998134],[-82.553207,35.998151],[-82.552776,35.998328],[-82.55208,35.999021],[-82.552086,35.999167],[-82.552928,35.999144],[-82.552983,35.999287],[-82.552731,35.999428],[-82.551899,35.999417],[-82.551938,35.998827],[-82.55247,35.998364],[-82.551799,35.998494],[-82.551643,35.998409],[-82.552606,35.998067],[-82.552443,35.997437],[-82.552606,35.997073],[-82.552774,35.997148],[-82.552814,35.998028],[-82.553114,35.997396],[-82.553597,35.997445],[-82.553008,35.998068],[-82.554706,35.997717],[-82.555028,35.997264],[-82.555303,35.997152],[-82.555418,35.997287],[-82.55517,35.997786],[-82.555432,35.99771],[-82.555726,35.997257],[-82.556176,35.997262]]]}},{"id":"13518","type":"Feature","properties":{"OBJECTID":3825,"max_category":0,"label":"0.01 to 0.10 inches","area_acres":1.6561282552925791,"county":"Unicoi County","watershed":"Rice Creek"},"geometry":{"type":"Polygon","coordinates":[[[-82.569562,36.01078],[-82.569782,36.011475],[-82.570319,36.012167],[-82.570295,36.012566],[-82.570134,36.012599],[-82.570027,36.012434],[-82.569935,36.012836],[-82.56962,36.012536],[-82.569871,36.012105],[-82.569534,36.011357],[-82.569562,36.01078]]]}},{"id":"13519","type":"Feature","properties":{"OBJECTID":6523,"max_category":0,"label":"0.01 to 0.10 inches","area_acres":9.372339491340789,"county":"Unicoi County","watershed":"Upper South Indian Creek"},"geometry":{"type":"Polygon","coordinates":[[[-82.561044,36.015564],[-82.561707,36.015907],[-82.561663,36.016227],[-82.560252,36.016088],[-82.559628,36.016243],[-82.560931,36.01683],[-82.561401,36.016791],[-82.561641,36.016496],[-82.562021,36.016364],[-82.56212,36.016558],[-82.561864,36.016862],[-82.56209,36.016991],[-82.562737,36.017135],[-82.563584,36.01703],[-82.564216,36.017151],[-82.564733,36.017344],[-82.564791,36.017545],[-82.564399,36.017615],[-82.563566,36.017366],[-82.563959,36.017594],[-82.563929,36.017728],[-82.563695,36.017745],[-82.562073,36.017404],[-82.56147,36.017096],[-82.561533,36.017775],[-82.561364,36.017841],[-82.561126,36.017078],[-82.560616,36.016956],[-82.560596,36.017214],[-82.560881,36.017537],[-82.560636,36.017695],[-82.56044,36.017596],[-82.560298,36.016759],[-82.559276,36.016199],[-82.558858,36.016264],[-82.558615,36.01611],[-82.559116,36.016033],[-82.559389,36.01564],[-82.559515,36.015735],[-82.559419,36.016107],[-82.559711,36.016098],[-82.55989,36.015942],[-82.559934,36.015462],[-82.560163,36.015433],[-82.560252,36.015569],[-82.560633,36.015491],[-82.560389,36.015859],[-82.561044,36.015564]]]}},{"id":"13524","type":"Feature","properties":{"OBJECTID":6138,"max_category":0,"label":"0.01 to 0.10 inches","area_acres":1.2155960007945839,"county":"Unicoi County","watershed":"Upper South Indian Creek"},"geometry":{"type":"Polygon","coordinates":[[[-82.561075,36.026229],[-82.561323,36.026285],[-82.561562,36.0269],[-82.561565,36.02762],[-82.561395,36.027587],[-82.56105,36.026814],[-82.561075,36.026229]]]}},{"id":"13527","type":"Feature","properties":{"OBJECTID":3885,"max_category":0,"label":"0.01 to 0.10 inches","area_acres":2.3137946437271637,"county":"Unicoi County","watershed":"Rice Creek"},"geometry":{"type":"Polygon","coordinates":[[[-82.553993,36.000679],[-82.554513,36.000938],[-82.555111,36.000729],[-82.55534,36.000922],[-82.55498,36.001135],[-82.555017,36.001352],[-82.554822,36.001456],[-82.553978,36.001126],[-82.553398,36.001387],[-82.552867,36.001345],[-82.552885,36.001218],[-82.553551,36.001034],[-82.553993,36.000679]]]}},{"id":"13534","type":"Feature","properties":{"OBJECTID":4611,"max_category":0,"label":"0.01 to 0.10 inches","area_acres":3.9035021808689128,"county":"Unicoi County","watershed":"Rice Creek"},"geometry":{"type":"Polygon","coordinates":[[[-82.55707,35.980062],[-82.557539,35.980163],[-82.557438,35.980285],[-82.556622,35.980647],[-82.555931,35.980754],[-82.555946,35.980917],[-82.555142,35.980776],[-82.553673,35.980789],[-82.553768,35.98062],[-82.555064,35.980526],[-82.556134,35.979809],[-82.556673,35.979911],[-82.556712,35.980063],[-82.555582,35.980566],[-82.556116,35.980605],[-82.55707,35.980062]]]}},{"id":"13543","type":"Feature","properties":{"OBJECTID":208,"max_category":0,"label":"0.01 to 0.10 inches","area_acres":21.30932888574776,"county":"Unicoi County","watershed":"Rice Creek"},"geometry":{"type":"Polygon","coordinates":[[[-82.557375,36.002752],[-82.558125,36.003032],[-82.558857,36.003136],[-82.559137,36.003436],[-82.559064,36.003615],[-82.558688,36.003701],[-82.557675,36.002913],[-82.557239,36.002899],[-82.557397,36.00301],[-82.557273,36.003264],[-82.557696,36.003703],[-82.557619,36.003899],[-82.5571,36.003672],[-82.556802,36.003076],[-82.556087,36.00296],[-82.555685,36.003257],[-82.556499,36.003477],[-82.556618,36.003754],[-82.556335,36.003801],[-82.555535,36.003498],[-82.554897,36.003803],[-82.555355,36.003835],[-82.556045,36.00422],[-82.556823,36.004014],[-82.55655,36.004567],[-82.555819,36.004501],[-82.554577,36.004021],[-82.55405,36.004142],[-82.553862,36.003904],[-82.552753,36.004019],[-82.552447,36.003918],[-82.551938,36.00407],[-82.551745,36.003826],[-82.551853,36.003662],[-82.552192,36.003617],[-82.552249,36.003451],[-82.55301,36.003649],[-82.553848,36.003597],[-82.553689,36.003057],[-82.553098,36.003154],[-82.552899,36.002918],[-82.553561,36.002835],[-82.553422,36.002431],[-82.554501,36.001578],[-82.554723,36.001632],[-82.554699,36.001861],[-82.554072,36.002385],[-82.554898,36.002054],[-82.555135,36.001392],[-82.555511,36.001216],[-82.555732,36.001346],[-82.555379,36.001672],[-82.555487,36.001898],[-82.555317,36.002179],[-82.555586,36.002227],[-82.556261,36.001946],[-82.556179,36.001507],[-82.556564,36.001768],[-82.557345,36.001571],[-82.558057,36.001234],[-82.558269,36.000749],[-82.558722,36.00085],[-82.558358,36.001266],[-82.558838,36.001226],[-82.559284,36.001378],[-82.559628,36.001125],[-82.559835,36.001169],[-82.55982,36.001441],[-82.559601,36.001549],[-82.559941,36.001662],[-82.559763,36.002135],[-82.55859,36.00143],[-82.558054,36.001418],[-82.55752,36.001648],[-82.557815,36.001853],[-82.5577,36.002029],[-82.557291,36.00188],[-82.556521,36.001958],[-82.555787,36.00236],[-82.555117,36.002356],[-82.553849,36.002723],[-82.553753,36.002806],[-82.553943,36.003087],[-82.554404,36.002841],[-82.554821,36.002893],[-82.554711,36.003047],[-82.554012,36.003268],[-82.554002,36.003899],[-82.554759,36.003515],[-82.55524,36.002986],[-82.555605,36.003033],[-82.555908,36.002822],[-82.557061,36.002816],[-82.557635,36.002333],[-82.558754,36.002274],[-82.559355,36.002557],[-82.559869,36.002524],[-82.559992,36.002779],[-82.55983,36.003014],[-82.559115,36.002925],[-82.557993,36.002464],[-82.557694,36.002473],[-82.557375,36.002752]],[[-82.553687,36.002654],[-82.55374,36.002561],[-82.553662,36.002629],[-82.553687,36.002654]]]}},{"id":"13547","type":"Feature","properties":{"OBJECTID":3809,"max_category":0,"label":"0.01 to 0.10 inches","area_acres":0.6955611552164733,"county":"Unicoi County","watershed":"Rice Creek"},"geometry":{"type":"Polygon","coordinates":[[[-82.543381,35.997826],[-82.543927,35.998078],[-82.544074,35.99834],[-82.543714,35.998368],[-82.543272,35.998043],[-82.543093,35.998094],[-82.543381,35.997826]]]}},{"id":"13548","type":"Feature","properties":{"OBJECTID":6529,"max_category":0,"label":"0.01 to 0.10 inches","area_acres":7.619488943391333,"county":"Unicoi County","watershed":"Upper South Indian Creek"},"geometry":{"type":"Polygon","coordinates":[[[-82.553098,36.018381],[-82.5534,36.018565],[-82.552732,36.019206],[-82.552717,36.019655],[-82.553561,36.019171],[-82.553617,36.019421],[-82.553381,36.019669],[-82.553471,36.019948],[-82.553035,36.020007],[-82.552691,36.019854],[-82.552527,36.020518],[-82.552376,36.020341],[-82.552165,36.020401],[-82.551449,36.01978],[-82.550992,36.019886],[-82.550857,36.019703],[-82.551147,36.019472],[-82.550292,36.018799],[-82.549833,36.01893],[-82.549544,36.018412],[-82.549777,36.018258],[-82.550115,36.018317],[-82.55037,36.017979],[-82.55036,36.017537],[-82.550626,36.017397],[-82.550982,36.01789],[-82.550516,36.018061],[-82.550442,36.018691],[-82.552368,36.020314],[-82.552516,36.019802],[-82.552344,36.019724],[-82.55231,36.018998],[-82.551233,36.018203],[-82.551843,36.018052],[-82.552106,36.018256],[-82.552526,36.019128],[-82.552756,36.018548],[-82.553098,36.018381]]]}},{"id":"13553","type":"Feature","properties":{"OBJECTID":6243,"max_category":0,"label":"0.01 to 0.10 inches","area_acres":0.6619019085103676,"county":"Unicoi County","watershed":"Rice Creek"},"geometry":{"type":"Polygon","coordinates":[[[-82.529231,36.010743],[-82.52958,36.010978],[-82.530014,36.010858],[-82.530137,36.010976],[-82.529151,36.011104],[-82.528947,36.010864],[-82.529231,36.010743]]]}},{"id":"13557","type":"Feature","properties":{"OBJECTID":4622,"max_category":0,"label":"0.01 to 0.10 inches","area_acres":1.7882942069014254,"county":"Unicoi County","watershed":"Rice Creek"},"geometry":{"type":"Polygon","coordinates":[[[-82.546399,35.98185],[-82.546846,35.982362],[-82.54662,35.982645],[-82.54575,35.982023],[-82.545723,35.981558],[-82.545302,35.981193],[-82.545423,35.980651],[-82.545585,35.980708],[-82.54572,35.981334],[-82.545928,35.981504],[-82.545949,35.981932],[-82.546265,35.982224],[-82.546399,35.98185]]]}},{"id":"13565","type":"Feature","properties":{"OBJECTID":3830,"max_category":0,"label":"0.01 to 0.10 inches","area_acres":4.3969272949755345,"county":"Unicoi County","watershed":"Rice Creek"},"geometry":{"type":"Polygon","coordinates":[[[-82.547375,35.990975],[-82.547402,35.991266],[-82.54705,35.991581],[-82.546999,35.99207],[-82.546836,35.992177],[-82.546282,35.991919],[-82.546035,35.992037],[-82.545236,35.991975],[-82.545392,35.991777],[-82.546685,35.991633],[-82.544574,35.991527],[-82.544744,35.991134],[-82.545978,35.991456],[-82.546911,35.991407],[-82.546206,35.99142],[-82.54566,35.991171],[-82.545632,35.990945],[-82.546499,35.991061],[-82.546782,35.991267],[-82.547115,35.991258],[-82.547375,35.990975]]]}},{"id":"13569","type":"Feature","properties":{"OBJECTID":3865,"max_category":0,"label":"0.01 to 0.10 inches","area_acres":11.382616652762541,"county":"Unicoi County","watershed":"Rice Creek"},"geometry":{"type":"Polygon","coordinates":[[[-82.560482,35.990594],[-82.560566,35.990694],[-82.560374,35.99074],[-82.560317,35.991137],[-82.5599,35.991509],[-82.559815,35.991869],[-82.560061,35.992143],[-82.560057,35.992448],[-82.559709,35.992246],[-82.559175,35.992642],[-82.558787,35.992501],[-82.559636,35.991844],[-82.559628,35.99168],[-82.559257,35.991498],[-82.56,35.991213],[-82.560178,35.990746],[-82.559074,35.990805],[-82.558928,35.990933],[-82.55871,35.991351],[-82.558632,35.992352],[-82.558352,35.992147],[-82.558266,35.99245],[-82.558047,35.992511],[-82.557693,35.992222],[-82.558414,35.991713],[-82.558825,35.990813],[-82.557571,35.991234],[-82.557188,35.991853],[-82.556935,35.991897],[-82.556787,35.991625],[-82.556901,35.991125],[-82.558195,35.990935],[-82.558726,35.99065],[-82.557297,35.990467],[-82.556649,35.990223],[-82.556643,35.989981],[-82.557163,35.990045],[-82.557333,35.989865],[-82.557769,35.990371],[-82.558778,35.990506],[-82.558051,35.989983],[-82.557716,35.989987],[-82.5575,35.98983],[-82.557147,35.98906],[-82.556835,35.988811],[-82.55697,35.98847],[-82.557301,35.988381],[-82.557531,35.988603],[-82.557323,35.989051],[-82.557817,35.989664],[-82.557897,35.989493],[-82.558116,35.989547],[-82.55787,35.988997],[-82.558381,35.988924],[-82.558513,35.989951],[-82.559227,35.990466],[-82.559167,35.990638],[-82.560482,35.990594]]]}},{"id":"13574","type":"Feature","properties":{"OBJECTID":3807,"max_category":0,"label":"0.01 to 0.10 inches","area_acres":1.2200112961690701,"county":"Unicoi County","watershed":"Rice Creek"},"geometry":{"type":"Polygon","coordinates":[[[-82.57019,36.007408],[-82.571033,36.008044],[-82.570991,36.008228],[-82.56984,36.007946],[-82.569887,36.007618],[-82.57019,36.007408]]]}},{"id":"13585","type":"Feature","properties":{"OBJECTID":4610,"max_category":0,"label":"0.01 to 0.10 inches","area_acres":19.13836135319501,"county":"Unicoi County","watershed":"Rice Creek"},"geometry":{"type":"Polygon","coordinates":[[[-82.554656,35.978119],[-82.555576,35.978229],[-82.556547,35.978119],[-82.557486,35.977331],[-82.557664,35.977341],[-82.557691,35.977511],[-82.557385,35.977796],[-82.55825,35.9773],[-82.558366,35.977459],[-82.558142,35.977677],[-82.558279,35.977773],[-82.558189,35.977921],[-82.557263,35.978131],[-82.5567,35.97845],[-82.558159,35.978621],[-82.558701,35.978278],[-82.558809,35.977854],[-82.559109,35.977742],[-82.559192,35.977861],[-82.558899,35.978384],[-82.559797,35.978189],[-82.560141,35.977878],[-82.560338,35.977934],[-82.560336,35.978146],[-82.560938,35.977798],[-82.561435,35.978011],[-82.561019,35.978208],[-82.561442,35.97829],[-82.561626,35.978519],[-82.561471,35.97864],[-82.560789,35.97844],[-82.560424,35.9785],[-82.561458,35.978859],[-82.561091,35.979229],[-82.560116,35.978515],[-82.560026,35.978518],[-82.560945,35.979428],[-82.560854,35.979592],[-82.559679,35.978583],[-82.559245,35.978595],[-82.558847,35.978827],[-82.559059,35.979008],[-82.560028,35.979184],[-82.56059,35.979644],[-82.560495,35.979811],[-82.560283,35.979826],[-82.559224,35.979283],[-82.55982,35.979758],[-82.559778,35.979892],[-82.559525,35.97989],[-82.559522,35.980209],[-82.559267,35.980098],[-82.558812,35.979253],[-82.55841,35.97895],[-82.557602,35.978753],[-82.558964,35.979761],[-82.559057,35.980174],[-82.558797,35.980257],[-82.558397,35.979841],[-82.558307,35.98004],[-82.558052,35.980032],[-82.557931,35.979224],[-82.557248,35.978681],[-82.557688,35.979041],[-82.557701,35.979571],[-82.557552,35.979571],[-82.5573,35.979039],[-82.557334,35.979395],[-82.557162,35.979478],[-82.556902,35.978897],[-82.556318,35.978791],[-82.55697,35.97952],[-82.556923,35.979675],[-82.556423,35.979718],[-82.556262,35.979646],[-82.556126,35.978947],[-82.55583,35.978722],[-82.554337,35.978522],[-82.554659,35.978339],[-82.554471,35.978223],[-82.554656,35.978119]],[[-82.559062,35.978546],[-82.558938,35.978549],[-82.558705,35.978688],[-82.558906,35.978682],[-82.559062,35.978546]],[[-82.556087,35.978412],[-82.554778,35.978368],[-82.556597,35.978639],[-82.556087,35.978412]]]}},{"id":"13602","type":"Feature","properties":{"OBJECTID":3884,"max_category":0,"label":"0.01 to 0.10 inches","area_acres":4.268348499642746,"county":"Unicoi County","watershed":"Rice Creek"},"geometry":{"type":"Polygon","coordinates":[[[-82.555278,35.99836],[-82.55542,35.998557],[-82.555093,35.998778],[-82.554692,35.998822],[-82.554552,35.999087],[-82.554599,35.999384],[-82.554989,35.99952],[-82.555001,35.99972],[-82.554343,35.999931],[-82.553795,35.999893],[-82.553764,36.000001],[-82.554041,36.00021],[-82.554867,36.000333],[-82.554932,36.000523],[-82.554064,36.000623],[-82.553227,36.000129],[-82.552854,36.000483],[-82.552801,36.000918],[-82.552661,36.000953],[-82.552683,36.000431],[-82.55326,35.999862],[-82.553429,35.999372],[-82.553677,35.999408],[-82.553702,35.999764],[-82.554082,35.999687],[-82.554483,35.998796],[-82.555278,35.99836]]]}},{"id":"13603","type":"Feature","properties":{"OBJECTID":5595,"max_category":0,"label":"0.01 to 0.10 inches","area_acres":1.5063231967621409,"county":"Unicoi County","watershed":"Rice Creek"},"geometry":{"type":"Polygon","coordinates":[[[-82.543335,36.008328],[-82.543621,36.008493],[-82.543709,36.008796],[-82.542827,36.009746],[-82.542661,36.009523],[-82.543168,36.008843],[-82.543153,36.008441],[-82.543335,36.008328]]]}},{"id":"13607","type":"Feature","properties":{"OBJECTID":6491,"max_category":0,"label":"0.01 to 0.10 inches","area_acres":0.7097179513494624,"county":"Unicoi County","watershed":"Rice Creek"},"geometry":{"type":"Polygon","coordinates":[[[-82.548894,36.011657],[-82.549022,36.011785],[-82.548887,36.012038],[-82.548191,36.012005],[-82.548276,36.011685],[-82.548894,36.011657]]]}},{"id":"13616","type":"Feature","properties":{"OBJECTID":6217,"max_category":0,"label":"0.01 to 0.10 inches","area_acres":6.309070711269661,"county":"Unicoi County","watershed":"Rice Creek"},"geometry":{"type":"Polygon","coordinates":[[[-82.532595,36.014164],[-82.533242,36.01497],[-82.533841,36.01487],[-82.534019,36.014687],[-82.533917,36.014409],[-82.534196,36.014286],[-82.534656,36.014491],[-82.53524,36.014174],[-82.535536,36.014237],[-82.53585,36.014636],[-82.535556,36.014863],[-82.535928,36.01512],[-82.535904,36.015329],[-82.535236,36.015211],[-82.534477,36.014692],[-82.534245,36.014699],[-82.533873,36.015023],[-82.534727,36.015669],[-82.535641,36.01575],[-82.53563,36.016053],[-82.535392,36.016118],[-82.535427,36.016376],[-82.534836,36.016344],[-82.534429,36.01606],[-82.534191,36.015538],[-82.533583,36.015078],[-82.533189,36.015112],[-82.53294,36.014963],[-82.532558,36.014452],[-82.532595,36.014164]]]}},{"id":"13620","type":"Feature","properties":{"OBJECTID":558,"max_category":0,"label":"0.01 to 0.10 inches","area_acres":1.1646596812965266,"county":"Unicoi County","watershed":"Rice Creek"},"geometry":{"type":"Polygon","coordinates":[[[-82.541869,35.988056],[-82.542015,35.98825],[-82.54119,35.988714],[-82.540918,35.989174],[-82.540747,35.988749],[-82.541421,35.988219],[-82.541869,35.988056]]]}},{"id":"13621","type":"Feature","properties":{"OBJECTID":5589,"max_category":0,"label":"0.01 to 0.10 inches","area_acres":3.7861858135273736,"county":"Unicoi County","watershed":"Rice Creek"},"geometry":{"type":"Polygon","coordinates":[[[-82.542449,36.003571],[-82.542893,36.003723],[-82.543405,36.00311],[-82.543548,36.003179],[-82.544054,36.003002],[-82.544341,36.003129],[-82.543466,36.003574],[-82.543261,36.003838],[-82.543999,36.004001],[-82.544058,36.004383],[-82.54384,36.004549],[-82.543416,36.004468],[-82.542766,36.003924],[-82.540919,36.004115],[-82.540809,36.004212],[-82.540944,36.004471],[-82.540604,36.004245],[-82.540843,36.00398],[-82.54182,36.003946],[-82.542449,36.003571]]]}},{"id":"13623","type":"Feature","properties":{"OBJECTID":4,"max_category":0,"label":"0.01 to 0.10 inches","area_acres":3.525281662887907,"county":"Unicoi County","watershed":"Upper South Indian Creek"},"geometry":{"type":"Polygon","coordinates":[[[-82.565734,36.022162],[-82.567011,36.023237],[-82.566752,36.023642],[-82.566554,36.023638],[-82.566517,36.023477],[-82.565878,36.023074],[-82.565442,36.022506],[-82.564345,36.021995],[-82.564108,36.021649],[-82.564525,36.021598],[-82.564985,36.022019],[-82.565734,36.022162]]]}},{"id":"13624","type":"Feature","properties":{"OBJECTID":3860,"max_category":0,"label":"0.01 to 0.10 inches","area_acres":0.9926017994470143,"county":"Unicoi County","watershed":"Rice Creek"},"geometry":{"type":"Polygon","coordinates":[[[-82.56445,35.996938],[-82.564735,35.997075],[-82.564721,35.997278],[-82.563724,35.997404],[-82.563788,35.996944],[-82.56445,35.996938]]]}},{"id":"13627","type":"Feature","properties":{"OBJECTID":3875,"max_category":0,"label":"0.01 to 0.10 inches","area_acres":1.1150062939147034,"county":"Unicoi County","watershed":"Rice Creek"},"geometry":{"type":"Polygon","coordinates":[[[-82.570998,35.992788],[-82.571088,35.993054],[-82.570638,35.993394],[-82.569483,35.993772],[-82.569524,35.993561],[-82.570112,35.993474],[-82.570476,35.993014],[-82.570998,35.992788]]]}},{"id":"13629","type":"Feature","properties":{"OBJECTID":3851,"max_category":0,"label":"0.01 to 0.10 inches","area_acres":1.461628112574075,"county":"Unicoi County","watershed":"Rice Creek"},"geometry":{"type":"Polygon","coordinates":[[[-82.569577,35.986672],[-82.569866,35.987393],[-82.570182,35.987656],[-82.570063,35.987981],[-82.56978,35.98776],[-82.569724,35.98835],[-82.569571,35.988315],[-82.569371,35.987826],[-82.569659,35.987454],[-82.569459,35.986752],[-82.569577,35.986672]]]}},{"id":"13641","type":"Feature","properties":{"OBJECTID":28,"max_category":0,"label":"0.01 to 0.10 inches","area_acres":4.357430931232363,"county":"Unicoi County","watershed":"Rice Creek"},"geometry":{"type":"Polygon","coordinates":[[[-82.531417,36.005814],[-82.531693,36.00581],[-82.531811,36.006243],[-82.532474,36.006253],[-82.532598,36.006386],[-82.53186,36.006409],[-82.52916,36.005693],[-82.527045,36.005753],[-82.526923,36.005626],[-82.52802,36.005228],[-82.529093,36.005139],[-82.52969,36.005699],[-82.530778,36.005893],[-82.531094,36.006098],[-82.531274,36.006093],[-82.531417,36.005814]]]}},{"id":"13651","type":"Feature","properties":{"OBJECTID":6131,"max_category":0,"label":"0.01 to 0.10 inches","area_acres":1.7748009339911888,"county":"Unicoi County","watershed":"Upper South Indian Creek"},"geometry":{"type":"Polygon","coordinates":[[[-82.557225,36.027935],[-82.557288,36.028339],[-82.556702,36.028656],[-82.55671,36.028844],[-82.557437,36.029606],[-82.558094,36.029866],[-82.558067,36.030388],[-82.557936,36.02994],[-82.557344,36.029731],[-82.55654,36.028898],[-82.556595,36.028343],[-82.557225,36.027935]]]}},{"id":"13655","type":"Feature","properties":{"OBJECTID":3002,"max_category":0,"label":"0.01 to 0.10 inches","area_acres":8.91293101478109,"county":"Unicoi County","watershed":"Rice Creek"},"geometry":{"type":"Polygon","coordinates":[[[-82.532647,35.986015],[-82.532814,35.986278],[-82.532562,35.986695],[-82.532607,35.986938],[-82.533044,35.987667],[-82.533383,35.987837],[-82.533311,35.986496],[-82.533701,35.986785],[-82.533972,35.987294],[-82.534011,35.987503],[-82.533666,35.987955],[-82.533693,35.988583],[-82.5342,35.988966],[-82.535856,35.989006],[-82.535957,35.989318],[-82.535759,35.989146],[-82.534125,35.989101],[-82.53162,35.987314],[-82.531609,35.987148],[-82.531766,35.987113],[-82.532281,35.987383],[-82.531987,35.986849],[-82.531123,35.986166],[-82.531116,35.985926],[-82.531322,35.985866],[-82.531602,35.98607],[-82.531716,35.985571],[-82.532196,35.985478],[-82.532311,35.985606],[-82.532153,35.985855],[-82.532181,35.986479],[-82.532647,35.986015]]]}},{"id":"13658","type":"Feature","properties":{"OBJECTID":6546,"max_category":0,"label":"0.01 to 0.10 inches","area_acres":1.6188698113734692,"county":"Unicoi County","watershed":"Rice Creek"},"geometry":{"type":"Polygon","coordinates":[[[-82.564986,36.003712],[-82.565822,36.00421],[-82.566384,36.004291],[-82.566479,36.004525],[-82.566083,36.004675],[-82.565648,36.00459],[-82.564716,36.003909],[-82.564986,36.003712]]]}},{"id":"13660","type":"Feature","properties":{"OBJECTID":6542,"max_category":0,"label":"0.01 to 0.10 inches","area_acres":2.8931000245775915,"county":"Unicoi County","watershed":"Rice Creek"},"geometry":{"type":"Polygon","coordinates":[[[-82.562376,36.002771],[-82.563059,36.002916],[-82.563671,36.002933],[-82.564509,36.003389],[-82.564231,36.003459],[-82.563843,36.003173],[-82.562165,36.003301],[-82.562076,36.003177],[-82.562311,36.003026],[-82.561796,36.002949],[-82.561161,36.002562],[-82.561525,36.00233],[-82.562376,36.002771]]]}},{"id":"13662","type":"Feature","properties":{"OBJECTID":8,"max_category":0,"label":"0.01 to 0.10 inches","area_acres":11.449143072908303,"county":"Unicoi County","watershed":"Upper South Indian Creek"},"geometry":{"type":"Polygon","coordinates":[[[-82.56373,36.021973],[-82.563664,36.02232],[-82.563979,36.022293],[-82.563967,36.022568],[-82.562795,36.022968],[-82.562667,36.02308],[-82.562889,36.023283],[-82.562823,36.023425],[-82.562091,36.023236],[-82.561116,36.023265],[-82.560894,36.023458],[-82.561469,36.023606],[-82.562447,36.023583],[-82.562609,36.023722],[-82.562501,36.023931],[-82.561738,36.024124],[-82.561437,36.02375],[-82.561031,36.023647],[-82.561508,36.024153],[-82.561286,36.024359],[-82.560651,36.02358],[-82.559597,36.023677],[-82.560403,36.024153],[-82.560731,36.024535],[-82.561278,36.024578],[-82.561148,36.024797],[-82.561343,36.024987],[-82.561074,36.025432],[-82.560876,36.025422],[-82.560649,36.025116],[-82.560369,36.025143],[-82.560191,36.024294],[-82.559682,36.023856],[-82.559022,36.023721],[-82.559598,36.023496],[-82.559836,36.023146],[-82.559545,36.022584],[-82.559959,36.022544],[-82.560068,36.022889],[-82.560436,36.022599],[-82.560707,36.022605],[-82.560788,36.022837],[-82.560096,36.023157],[-82.559838,36.023439],[-82.56071,36.023381],[-82.561421,36.021911],[-82.561664,36.021975],[-82.56169,36.022144],[-82.5626,36.021926],[-82.563014,36.022217],[-82.562577,36.022562],[-82.561415,36.022376],[-82.561159,36.023065],[-82.562115,36.022955],[-82.562421,36.023056],[-82.563127,36.022583],[-82.563336,36.022143],[-82.56373,36.021973]]]}},{"id":"13666","type":"Feature","properties":{"OBJECTID":5618,"max_category":0,"label":"0.01 to 0.10 inches","area_acres":3.0117910840113047,"county":"Unicoi County","watershed":"Rice Creek"},"geometry":{"type":"Polygon","coordinates":[[[-82.540924,36.013897],[-82.542301,36.014684],[-82.542492,36.014565],[-82.54257,36.014673],[-82.542098,36.014966],[-82.54158,36.014651],[-82.540115,36.014627],[-82.540597,36.01425],[-82.540397,36.013973],[-82.540924,36.013897]]]}},{"id":"13669","type":"Feature","properties":{"OBJECTID":197,"max_category":0,"label":"0.01 to 0.10 inches","area_acres":2.661223446702511,"county":"Unicoi County","watershed":"Rice Creek"},"geometry":{"type":"Polygon","coordinates":[[[-82.567264,36.006257],[-82.567908,36.006503],[-82.569116,36.00755],[-82.569619,36.007532],[-82.56963,36.007704],[-82.569381,36.007795],[-82.569724,36.007993],[-82.569608,36.008238],[-82.5693,36.008318],[-82.569036,36.008081],[-82.568871,36.008143],[-82.56879,36.007578],[-82.567819,36.006631],[-82.567569,36.007081],[-82.56737,36.007087],[-82.567264,36.006257]]]}},{"id":"13674","type":"Feature","properties":{"OBJECTID":6434,"max_category":0,"label":"0.01 to 0.10 inches","area_acres":1.058966580165972,"county":"Unicoi County","watershed":"Rice Creek"},"geometry":{"type":"Polygon","coordinates":[[[-82.537648,36.003627],[-82.537995,36.003783],[-82.538042,36.004002],[-82.537123,36.004351],[-82.536978,36.004222],[-82.537051,36.004034],[-82.537648,36.003627]]]}},{"id":"13683","type":"Feature","properties":{"OBJECTID":6506,"max_category":0,"label":"0.01 to 0.10 inches","area_acres":3.11817206808899,"county":"Unicoi County","watershed":"Rice Creek"},"geometry":{"type":"Polygon","coordinates":[[[-82.558877,36.006337],[-82.55927,36.006557],[-82.55926,36.006889],[-82.560118,36.007565],[-82.560415,36.007577],[-82.560452,36.007735],[-82.559156,36.007816],[-82.558547,36.007632],[-82.558208,36.007324],[-82.557838,36.007283],[-82.557772,36.006939],[-82.558186,36.006386],[-82.558248,36.006947],[-82.558622,36.006811],[-82.558785,36.006914],[-82.558466,36.007302],[-82.558627,36.007498],[-82.559209,36.007674],[-82.559835,36.007546],[-82.558748,36.006667],[-82.558661,36.006391],[-82.558877,36.006337]]]}},{"id":"13701","type":"Feature","properties":{"OBJECTID":6488,"max_category":0,"label":"0.01 to 0.10 inches","area_acres":2.0670121957549403,"county":"Unicoi County","watershed":"Upper South Indian Creek"},"geometry":{"type":"Polygon","coordinates":[[[-82.547973,36.017622],[-82.548007,36.017856],[-82.547438,36.018025],[-82.546337,36.018059],[-82.545774,36.018268],[-82.545375,36.018199],[-82.546036,36.017872],[-82.545857,36.017654],[-82.545948,36.01749],[-82.546184,36.017491],[-82.54663,36.017798],[-82.547874,36.017734],[-82.547973,36.017622]]]}},{"id":"13703","type":"Feature","properties":{"OBJECTID":3845,"max_category":0,"label":"0.01 to 0.10 inches","area_acres":0.35375604216518414,"county":"Unicoi County","watershed":"Rice Creek"},"geometry":{"type":"Polygon","coordinates":[[[-82.56597,35.987712],[-82.566229,35.987914],[-82.566189,35.988091],[-82.565909,35.988095],[-82.565728,35.987901],[-82.56597,35.987712]]]}},{"id":"13706","type":"Feature","properties":{"OBJECTID":3813,"max_category":0,"label":"0.01 to 0.10 inches","area_acres":8.774628987370564,"county":"Unicoi County","watershed":"Rice Creek"},"geometry":{"type":"Polygon","coordinates":[[[-82.578126,36.012723],[-82.578317,36.013463],[-82.577933,36.013637],[-82.57765,36.013368],[-82.577614,36.012751],[-82.578455,36.011938],[-82.57851,36.010839],[-82.578107,36.010755],[-82.578121,36.01188],[-82.577869,36.012075],[-82.577688,36.011384],[-82.577746,36.010394],[-82.577227,36.010002],[-82.577018,36.01007],[-82.576758,36.009911],[-82.576657,36.009492],[-82.575713,36.008536],[-82.575487,36.00806],[-82.576876,36.009278],[-82.577136,36.009789],[-82.578145,36.010502],[-82.578794,36.010648],[-82.578964,36.011012],[-82.578897,36.011786],[-82.579135,36.012076],[-82.579611,36.012273],[-82.579705,36.012493],[-82.579228,36.012496],[-82.579506,36.012823],[-82.57895,36.01292],[-82.57868,36.012358],[-82.578694,36.011939],[-82.578347,36.012356],[-82.578611,36.012983],[-82.578434,36.013037],[-82.578126,36.012723]]]}},{"id":"13709","type":"Feature","properties":{"OBJECTID":39,"max_category":0,"label":"0.01 to 0.10 inches","area_acres":2.9008050837771653,"county":"Unicoi County","watershed":"Upper South Indian Creek"},"geometry":{"type":"Polygon","coordinates":[[[-82.563183,36.023391],[-82.563411,36.023598],[-82.563429,36.023907],[-82.564298,36.024585],[-82.564368,36.025252],[-82.564218,36.025368],[-82.563011,36.024402],[-82.563023,36.024241],[-82.563225,36.024222],[-82.563951,36.024748],[-82.562952,36.023827],[-82.56294,36.023493],[-82.563183,36.023391]]]}},{"id":"13722","type":"Feature","properties":{"OBJECTID":4446,"max_category":0,"label":"0.01 to 0.10 inches","area_acres":42.471118190022935,"county":"Unicoi County","watershed":"Rice Creek"},"geometry":{"type":"Polygon","coordinates":[[[-82.578007,35.992968],[-82.578465,35.993172],[-82.577755,35.993338],[-82.577302,35.993649],[-82.577785,35.993702],[-82.578131,35.993464],[-82.578889,35.993272],[-82.579016,35.993403],[-82.577986,35.993793],[-82.578371,35.993917],[-82.578147,35.994205],[-82.577809,35.994177],[-82.577366,35.993817],[-82.576829,35.993805],[-82.576619,35.993989],[-82.576514,35.994783],[-82.576191,35.995275],[-82.576562,35.995402],[-82.577162,35.995329],[-82.577334,35.994755],[-82.577835,35.994292],[-82.57799,35.994552],[-82.577447,35.995119],[-82.57744,35.995293],[-82.577769,35.995284],[-82.578716,35.994229],[-82.579584,35.993895],[-82.579625,35.993697],[-82.580131,35.993565],[-82.580423,35.993665],[-82.580381,35.994181],[-82.579453,35.99414],[-82.578032,35.995462],[-82.577005,35.995532],[-82.577755,35.995724],[-82.579264,35.995432],[-82.580123,35.994597],[-82.581273,35.994192],[-82.581623,35.993769],[-82.582611,35.993926],[-82.582528,35.994098],[-82.581693,35.994317],[-82.582351,35.9943],[-82.582513,35.994455],[-82.581026,35.994666],[-82.581605,35.994656],[-82.582219,35.995086],[-82.581578,35.994985],[-82.580774,35.995064],[-82.580515,35.995368],[-82.578983,35.995688],[-82.580699,35.995748],[-82.581166,35.995408],[-82.582138,35.995346],[-82.582977,35.994692],[-82.583265,35.994766],[-82.583327,35.995041],[-82.582845,35.995195],[-82.582651,35.995364],[-82.582802,35.995687],[-82.582375,35.995841],[-82.577942,35.995862],[-82.57836,35.996284],[-82.579282,35.996476],[-82.580733,35.99646],[-82.581831,35.996255],[-82.581841,35.996386],[-82.581537,35.996523],[-82.579944,35.996765],[-82.580112,35.996892],[-82.581188,35.99686],[-82.581792,35.996572],[-82.582004,35.996629],[-82.58194,35.996839],[-82.582131,35.997024],[-82.58192,35.997147],[-82.58191,35.99738],[-82.581582,35.997397],[-82.581164,35.997087],[-82.580626,35.997102],[-82.580758,35.997371],[-82.580528,35.997682],[-82.580362,35.997584],[-82.580306,35.997207],[-82.579731,35.996799],[-82.578647,35.996501],[-82.578702,35.996803],[-82.578542,35.996851],[-82.577881,35.996405],[-82.57792,35.99604],[-82.577122,35.995748],[-82.577265,35.996357],[-82.577811,35.996877],[-82.578265,35.996986],[-82.578261,35.997402],[-82.578936,35.997543],[-82.579251,35.997916],[-82.58012,35.998338],[-82.58012,35.998601],[-82.57985,35.998659],[-82.578822,35.997916],[-82.578868,35.99818],[-82.579329,35.998659],[-82.579292,35.998809],[-82.579042,35.998745],[-82.578899,35.998884],[-82.579188,35.999341],[-82.579075,35.999484],[-82.57871,35.999277],[-82.57873,35.998271],[-82.578644,35.997861],[-82.578371,35.997652],[-82.57853,35.998966],[-82.578266,35.999107],[-82.578159,35.9976],[-82.577673,35.99718],[-82.57768,35.998878],[-82.577221,35.998422],[-82.577477,35.997478],[-82.577442,35.996686],[-82.577062,35.996365],[-82.576926,35.995739],[-82.576322,35.995442],[-82.575759,35.995458],[-82.577335,35.997223],[-82.576882,35.997842],[-82.576708,35.997673],[-82.576738,35.996845],[-82.576535,35.996691],[-82.576279,35.997023],[-82.576195,35.997406],[-82.576684,35.997866],[-82.576772,35.998225],[-82.576642,35.998291],[-82.576038,35.997807],[-82.576012,35.997175],[-82.576359,35.996686],[-82.576203,35.996201],[-82.575511,35.995465],[-82.574618,35.995437],[-82.575255,35.997571],[-82.576013,35.997945],[-82.575865,35.998269],[-82.575656,35.998229],[-82.575809,35.998627],[-82.577839,35.999458],[-82.577842,35.999791],[-82.57745,35.999969],[-82.577299,35.999576],[-82.576672,35.999271],[-82.57666,36.000295],[-82.576425,36.000385],[-82.576202,35.999996],[-82.576341,35.999326],[-82.576213,35.999073],[-82.575742,35.998973],[-82.57547,35.999355],[-82.575694,36.000069],[-82.575478,36.000057],[-82.57525,35.999642],[-82.575008,35.999715],[-82.575595,35.998527],[-82.575472,35.998036],[-82.575091,35.997637],[-82.574783,35.996918],[-82.574435,35.995219],[-82.575035,35.995048],[-82.575174,35.994358],[-82.575773,35.994325],[-82.575851,35.994485],[-82.575141,35.995251],[-82.575975,35.995254],[-82.57634,35.994735],[-82.576458,35.993921],[-82.577484,35.99294],[-82.578007,35.992968]]]}},{"id":"13726","type":"Feature","properties":{"OBJECTID":5533,"max_category":0,"label":"0.01 to 0.10 inches","area_acres":3.965860940823405,"county":"Unicoi County","watershed":"Rice Creek"},"geometry":{"type":"Polygon","coordinates":[[[-82.543306,36.010748],[-82.543388,36.01088],[-82.543001,36.01105],[-82.542791,36.011479],[-82.542621,36.011456],[-82.542629,36.011197],[-82.542457,36.01108],[-82.541934,36.01104],[-82.541756,36.011196],[-82.541807,36.01171],[-82.541616,36.011819],[-82.541456,36.011343],[-82.54128,36.012119],[-82.540871,36.01233],[-82.540711,36.01214],[-82.541122,36.011558],[-82.540183,36.012187],[-82.539767,36.012229],[-82.539426,36.012086],[-82.539595,36.01188],[-82.541066,36.011417],[-82.541858,36.010905],[-82.542837,36.010926],[-82.543306,36.010748]]]}},{"id":"13729","type":"Feature","properties":{"OBJECTID":6525,"max_category":0,"label":"0.01 to 0.10 inches","area_acres":2.5265349651641067,"county":"Unicoi County","watershed":"Upper South Indian Creek"},"geometry":{"type":"Polygon","coordinates":[[[-82.557,36.019778],[-82.557609,36.019815],[-82.558288,36.019439],[-82.558157,36.019803],[-82.558621,36.01957],[-82.558881,36.01959],[-82.559161,36.02002],[-82.559018,36.020391],[-82.558672,36.020476],[-82.558058,36.020028],[-82.556966,36.019995],[-82.557,36.019778]]]}},{"id":"13745","type":"Feature","properties":{"OBJECTID":6498,"max_category":0,"label":"0.01 to 0.10 inches","area_acres":0.571845936481258,"county":"Unicoi County","watershed":"Upper South Indian Creek"},"geometry":{"type":"Polygon","coordinates":[[[-82.555243,36.015211],[-82.555652,36.015738],[-82.555609,36.01586],[-82.555006,36.015537],[-82.554972,36.015333],[-82.555243,36.015211]]]}},{"id":"13749","type":"Feature","properties":{"OBJECTID":3819,"max_category":0,"label":"0.01 to 0.10 inches","area_acres":9.060481787927845,"county":"Unicoi County","watershed":"Rice Creek"},"geometry":{"type":"Polygon","coordinates":[[[-82.573803,36.013005],[-82.573997,36.013513],[-82.573619,36.013322],[-82.573855,36.014094],[-82.573654,36.014145],[-82.573241,36.013831],[-82.573119,36.013211],[-82.572871,36.013571],[-82.572748,36.012904],[-82.572382,36.012627],[-82.571872,36.012534],[-82.57198,36.012978],[-82.572442,36.013594],[-82.571847,36.013742],[-82.5717,36.013611],[-82.571751,36.013318],[-82.57148,36.013256],[-82.571565,36.012896],[-82.571403,36.012338],[-82.570772,36.011676],[-82.570891,36.012845],[-82.571246,36.013263],[-82.571045,36.013352],[-82.570612,36.013222],[-82.570381,36.01217],[-82.57056,36.011622],[-82.569907,36.011125],[-82.569806,36.010654],[-82.569524,36.010384],[-82.569967,36.010584],[-82.570031,36.011001],[-82.570259,36.0112],[-82.570529,36.011302],[-82.570979,36.011136],[-82.571133,36.011443],[-82.570959,36.011569],[-82.571336,36.011855],[-82.571928,36.012223],[-82.572657,36.012351],[-82.573381,36.01295],[-82.573803,36.013005]]]}},{"id":"13756","type":"Feature","properties":{"OBJECTID":3891,"max_category":0,"label":"0.01 to 0.10 inches","area_acres":0.8941364050833993,"county":"Unicoi County","watershed":"Rice Creek"},"geometry":{"type":"Polygon","coordinates":[[[-82.553296,35.991765],[-82.554073,35.99198],[-82.554059,35.992246],[-82.553776,35.99224],[-82.553639,35.992392],[-82.55333,35.992329],[-82.553178,35.991868],[-82.553296,35.991765]]]}},{"id":"13759","type":"Feature","properties":{"OBJECTID":6509,"max_category":0,"label":"0.01 to 0.10 inches","area_acres":0.6178558978224931,"county":"Unicoi County","watershed":"Rice Creek"},"geometry":{"type":"Polygon","coordinates":[[[-82.561448,36.008626],[-82.5618,36.008895],[-82.561544,36.008863],[-82.56101,36.009124],[-82.561013,36.008776],[-82.561448,36.008626]]]}},{"id":"13761","type":"Feature","properties":{"OBJECTID":6157,"max_category":0,"label":"0.01 to 0.10 inches","area_acres":0.5891499113629709,"county":"Unicoi County","watershed":"Upper South Indian Creek"},"geometry":{"type":"Polygon","coordinates":[[[-82.552613,36.024634],[-82.553094,36.025144],[-82.552868,36.025428],[-82.552623,36.025296],[-82.552494,36.024709],[-82.552613,36.024634]]]}},{"id":"13766","type":"Feature","properties":{"OBJECTID":2976,"max_category":0,"label":"0.01 to 0.10 inches","area_acres":0.5291018053495669,"county":"Unicoi County","watershed":"Rice Creek"},"geometry":{"type":"Polygon","coordinates":[[[-82.533507,36.001768],[-82.533843,36.002063],[-82.533648,36.00229],[-82.533088,36.001893],[-82.533507,36.001768]]]}},{"id":"13770","type":"Feature","properties":{"OBJECTID":315,"max_category":0,"label":"0.01 to 0.10 inches","area_acres":1.0197442829256531,"county":"Unicoi County","watershed":"Rice Creek"},"geometry":{"type":"Polygon","coordinates":[[[-82.555785,35.984546],[-82.556491,35.985107],[-82.556548,35.985397],[-82.556157,35.985286],[-82.555755,35.98469],[-82.554901,35.984803],[-82.555351,35.984562],[-82.555785,35.984546]]]}},{"id":"13774","type":"Feature","properties":{"OBJECTID":5590,"max_category":0,"label":"0.01 to 0.10 inches","area_acres":5.354838676127477,"county":"Unicoi County","watershed":"Rice Creek"},"geometry":{"type":"Polygon","coordinates":[[[-82.540108,36.008806],[-82.540262,36.008928],[-82.539681,36.009414],[-82.539452,36.010459],[-82.539159,36.010952],[-82.538524,36.011564],[-82.538445,36.01189],[-82.53777,36.012361],[-82.537542,36.012365],[-82.537392,36.01214],[-82.537617,36.011862],[-82.537555,36.011661],[-82.538346,36.011258],[-82.538815,36.010645],[-82.538607,36.010506],[-82.538852,36.01025],[-82.538418,36.010259],[-82.538298,36.0101],[-82.539038,36.009909],[-82.539322,36.009376],[-82.540108,36.008806]]]}},{"id":"13776","type":"Feature","properties":{"OBJECTID":2999,"max_category":0,"label":"0.01 to 0.10 inches","area_acres":1.6801013767877233,"county":"Unicoi County","watershed":"Rice Creek"},"geometry":{"type":"Polygon","coordinates":[[[-82.536976,35.987539],[-82.537286,35.987984],[-82.53827,35.988839],[-82.536009,35.987556],[-82.536976,35.987539]]]}},{"id":"13777","type":"Feature","properties":{"OBJECTID":4457,"max_category":0,"label":"0.01 to 0.10 inches","area_acres":2.2857283246935203,"county":"Unicoi County","watershed":"Rice Creek"},"geometry":{"type":"Polygon","coordinates":[[[-82.570075,36.00403],[-82.570236,36.004494],[-82.568947,36.005104],[-82.569179,36.005576],[-82.568812,36.005655],[-82.56862,36.005261],[-82.568223,36.005181],[-82.56821,36.004831],[-82.568362,36.004835],[-82.568383,36.005099],[-82.568666,36.005116],[-82.569336,36.004616],[-82.56968,36.00406],[-82.570075,36.00403]]]}},{"id":"13781","type":"Feature","properties":{"OBJECTID":6221,"max_category":0,"label":"0.01 to 0.10 inches","area_acres":3.4931931433032744,"county":"Unicoi County","watershed":"Upper South Indian Creek"},"geometry":{"type":"Polygon","coordinates":[[[-82.521907,36.015792],[-82.522894,36.016139],[-82.523678,36.016786],[-82.52387,36.017146],[-82.524417,36.017424],[-82.524474,36.017622],[-82.524241,36.017653],[-82.524255,36.017969],[-82.524012,36.017949],[-82.523793,36.017601],[-82.523573,36.017563],[-82.523396,36.017031],[-82.522609,36.01641],[-82.522646,36.016855],[-82.522425,36.016854],[-82.522273,36.016103],[-82.52188,36.015938],[-82.52163,36.016004],[-82.521907,36.015792]]]}},{"id":"13800","type":"Feature","properties":{"OBJECTID":2983,"max_category":0,"label":"0.01 to 0.10 inches","area_acres":0.8720355126809023,"county":"Unicoi County","watershed":"Rice Creek"},"geometry":{"type":"Polygon","coordinates":[[[-82.5321,36.000544],[-82.532328,36.000801],[-82.532057,36.001245],[-82.53173,36.001352],[-82.53176,36.00096],[-82.53156,36.000879],[-82.5321,36.000544]]]}},{"id":"13804","type":"Feature","properties":{"OBJECTID":6249,"max_category":0,"label":"0.01 to 0.10 inches","area_acres":11.754694321974535,"county":"Unicoi County","watershed":"Upper South Indian Creek"},"geometry":{"type":"Polygon","coordinates":[[[-82.53292,36.020498],[-82.533828,36.020369],[-82.533822,36.020222],[-82.533096,36.019718],[-82.533092,36.018823],[-82.533481,36.018973],[-82.533669,36.019328],[-82.533886,36.019185],[-82.534087,36.019282],[-82.533938,36.01968],[-82.534054,36.020733],[-82.534676,36.021177],[-82.534699,36.02102],[-82.534952,36.020961],[-82.53538,36.021658],[-82.536312,36.022468],[-82.537216,36.022199],[-82.536996,36.022471],[-82.53646,36.022606],[-82.536832,36.022846],[-82.536429,36.022827],[-82.535997,36.023332],[-82.535547,36.023236],[-82.534917,36.023393],[-82.534951,36.023172],[-82.534429,36.023186],[-82.533425,36.023611],[-82.533299,36.023325],[-82.534035,36.02295],[-82.534565,36.022821],[-82.535953,36.022891],[-82.536179,36.022722],[-82.535438,36.022277],[-82.533749,36.022685],[-82.533342,36.022969],[-82.533048,36.022928],[-82.533134,36.022593],[-82.535223,36.022061],[-82.53451,36.021947],[-82.533858,36.022108],[-82.533831,36.021873],[-82.534106,36.021762],[-82.534062,36.021608],[-82.534864,36.021621],[-82.53376,36.020733],[-82.533152,36.02069],[-82.53292,36.020498]]]}},{"id":"13810","type":"Feature","properties":{"OBJECTID":145,"max_category":0,"label":"0.01 to 0.10 inches","area_acres":0.46341046099834016,"county":"Unicoi County","watershed":"Rice Creek"},"geometry":{"type":"Polygon","coordinates":[[[-82.535787,36.002087],[-82.535862,36.0022],[-82.535477,36.002266],[-82.535416,36.002531],[-82.535123,36.002492],[-82.5352,36.002143],[-82.535787,36.002087]]]}},{"id":"13818","type":"Feature","properties":{"OBJECTID":5524,"max_category":0,"label":"0.01 to 0.10 inches","area_acres":0.867903120703788,"county":"Unicoi County","watershed":"Upper South Indian Creek"},"geometry":{"type":"Polygon","coordinates":[[[-82.558727,36.022861],[-82.558922,36.022987],[-82.558689,36.02355],[-82.557514,36.023298],[-82.557772,36.023192],[-82.558459,36.023391],[-82.558727,36.022861]]]}},{"id":"13822","type":"Feature","properties":{"OBJECTID":6527,"max_category":0,"label":"0.01 to 0.10 inches","area_acres":4.095355885145104,"county":"Unicoi County","watershed":"Upper South Indian Creek"},"geometry":{"type":"Polygon","coordinates":[[[-82.553919,36.014343],[-82.55415,36.014522],[-82.553851,36.015431],[-82.554196,36.015675],[-82.554024,36.015747],[-82.554384,36.016109],[-82.554325,36.016397],[-82.55388,36.015834],[-82.55313,36.015873],[-82.552391,36.015557],[-82.552317,36.015314],[-82.551973,36.015267],[-82.551831,36.015006],[-82.552112,36.014813],[-82.553128,36.015548],[-82.553726,36.015558],[-82.553455,36.015034],[-82.552657,36.014547],[-82.553024,36.014261],[-82.553781,36.01476],[-82.553919,36.014343]],[[-82.553606,36.015704],[-82.553312,36.015713],[-82.553375,36.01576],[-82.553606,36.015704]]]}},{"id":"13824","type":"Feature","properties":{"OBJECTID":5534,"max_category":0,"label":"0.01 to 0.10 inches","area_acres":0.8573254851242008,"county":"Unicoi County","watershed":"Upper South Indian Creek"},"geometry":{"type":"Polygon","coordinates":[[[-82.550421,36.021729],[-82.550484,36.021852],[-82.550128,36.021935],[-82.549388,36.022522],[-82.54903,36.02254],[-82.549175,36.022217],[-82.550421,36.021729]]]}},{"id":"13829","type":"Feature","properties":{"OBJECTID":5523,"max_category":0,"label":"0.01 to 0.10 inches","area_acres":1.8605610013629652,"county":"Unicoi County","watershed":"Upper South Indian Creek"},"geometry":{"type":"Polygon","coordinates":[[[-82.556156,36.021342],[-82.556637,36.021387],[-82.55685,36.022052],[-82.557398,36.022339],[-82.557308,36.022566],[-82.556618,36.022485],[-82.556466,36.022351],[-82.556356,36.021739],[-82.555988,36.02179],[-82.556156,36.021342]]]}},{"id":"13846","type":"Feature","properties":{"OBJECTID":6553,"max_category":0,"label":"0.01 to 0.10 inches","area_acres":7.42886348708334,"county":"Unicoi County","watershed":"Rice Creek"},"geometry":{"type":"Polygon","coordinates":[[[-82.558061,36.003941],[-82.558151,36.004147],[-82.557417,36.004996],[-82.557435,36.005511],[-82.557169,36.005754],[-82.557525,36.005661],[-82.557961,36.005196],[-82.558774,36.004778],[-82.558838,36.005204],[-82.558386,36.005433],[-82.558615,36.005504],[-82.558546,36.005691],[-82.557955,36.005709],[-82.558389,36.005966],[-82.558388,36.006115],[-82.557565,36.006131],[-82.557248,36.005935],[-82.555731,36.006269],[-82.556093,36.006473],[-82.556552,36.006404],[-82.556789,36.006508],[-82.556809,36.006747],[-82.556484,36.007043],[-82.555434,36.00658],[-82.554956,36.006747],[-82.554775,36.006568],[-82.555077,36.006544],[-82.555016,36.006346],[-82.555258,36.006414],[-82.556218,36.00587],[-82.556888,36.00579],[-82.557197,36.00552],[-82.55718,36.00514],[-82.556807,36.004855],[-82.556762,36.004592],[-82.55698,36.004496],[-82.557244,36.004625],[-82.557472,36.004282],[-82.558061,36.003941]]]}},{"id":"13848","type":"Feature","properties":{"OBJECTID":314,"max_category":0,"label":"0.01 to 0.10 inches","area_acres":6.087389980671742,"county":"Unicoi County","watershed":"Rice Creek"},"geometry":{"type":"Polygon","coordinates":[[[-82.559919,35.980137],[-82.560141,35.980257],[-82.560237,35.980744],[-82.560146,35.982503],[-82.560625,35.982028],[-82.560739,35.981217],[-82.561036,35.981039],[-82.561202,35.98117],[-82.561084,35.981686],[-82.560851,35.981897],[-82.561037,35.982082],[-82.561005,35.982329],[-82.559961,35.982931],[-82.559536,35.984744],[-82.559462,35.984006],[-82.559734,35.983291],[-82.559794,35.982315],[-82.559394,35.980929],[-82.559765,35.980928],[-82.559635,35.980258],[-82.559919,35.980137]]]}},{"id":"13856","type":"Feature","properties":{"OBJECTID":6522,"max_category":0,"label":"0.01 to 0.10 inches","area_acres":0.7344995942202116,"county":"Unicoi County","watershed":"Rice Creek"},"geometry":{"type":"Polygon","coordinates":[[[-82.55122,36.010683],[-82.551294,36.010795],[-82.550736,36.011219],[-82.550489,36.011222],[-82.550308,36.011028],[-82.550715,36.01073],[-82.55122,36.010683]]]}},{"id":"13859","type":"Feature","properties":{"OBJECTID":3841,"max_category":0,"label":"0.01 to 0.10 inches","area_acres":0.4149413727701962,"county":"Unicoi County","watershed":"Rice Creek"},"geometry":{"type":"Polygon","coordinates":[[[-82.554123,35.986738],[-82.554343,35.987008],[-82.553853,35.987097],[-82.553815,35.986779],[-82.554123,35.986738]]]}},{"id":"13861","type":"Feature","properties":{"OBJECTID":4447,"max_category":0,"label":"0.01 to 0.10 inches","area_acres":25.478189303741654,"county":"Unicoi County","watershed":"Rice Creek"},"geometry":{"type":"Polygon","coordinates":[[[-82.57357,35.98672],[-82.574349,35.986808],[-82.575124,35.98633],[-82.574673,35.987155],[-82.575375,35.987712],[-82.576183,35.987236],[-82.576221,35.987515],[-82.575828,35.987864],[-82.575994,35.987941],[-82.576595,35.987869],[-82.577076,35.987609],[-82.578503,35.987401],[-82.578961,35.987143],[-82.579918,35.987964],[-82.580585,35.988177],[-82.580903,35.987966],[-82.581098,35.988033],[-82.581122,35.988256],[-82.580871,35.988392],[-82.581034,35.988545],[-82.581925,35.988668],[-82.581594,35.989042],[-82.582558,35.989031],[-82.582641,35.98927],[-82.582131,35.989398],[-82.582458,35.989566],[-82.58306,35.989569],[-82.582877,35.989752],[-82.58336,35.989905],[-82.58323,35.990231],[-82.582921,35.990238],[-82.582003,35.989787],[-82.581226,35.988964],[-82.579497,35.988104],[-82.579176,35.987704],[-82.577136,35.987748],[-82.576666,35.988006],[-82.576075,35.988082],[-82.578097,35.988895],[-82.579511,35.988615],[-82.580528,35.989513],[-82.580519,35.989669],[-82.580115,35.989631],[-82.579118,35.989092],[-82.578564,35.989079],[-82.579599,35.989925],[-82.580302,35.990192],[-82.580607,35.98993],[-82.58096,35.989922],[-82.580753,35.990346],[-82.581003,35.990406],[-82.581383,35.990187],[-82.581531,35.990361],[-82.581221,35.990568],[-82.581322,35.990644],[-82.582155,35.9904],[-82.582701,35.990624],[-82.582835,35.990786],[-82.582701,35.990883],[-82.581689,35.990815],[-82.58188,35.991013],[-82.583184,35.991442],[-82.583696,35.991458],[-82.583679,35.991899],[-82.583482,35.991957],[-82.583149,35.991777],[-82.582996,35.992304],[-82.582796,35.992184],[-82.582608,35.991598],[-82.581674,35.991314],[-82.580696,35.990604],[-82.580712,35.990951],[-82.5819,35.992066],[-82.583593,35.993024],[-82.583516,35.99364],[-82.583164,35.993501],[-82.583096,35.993002],[-82.582728,35.992644],[-82.582453,35.992787],[-82.581978,35.992501],[-82.581673,35.992535],[-82.581572,35.992195],[-82.581029,35.991808],[-82.580929,35.991416],[-82.580548,35.991068],[-82.580486,35.99058],[-82.580032,35.990572],[-82.579286,35.9902],[-82.578179,35.989204],[-82.57803,35.989444],[-82.577795,35.989391],[-82.577773,35.988897],[-82.576686,35.988394],[-82.576099,35.988292],[-82.575411,35.987881],[-82.575073,35.988261],[-82.574895,35.988063],[-82.575117,35.987738],[-82.574328,35.987088],[-82.573255,35.986824],[-82.57357,35.98672]]]}},{"id":"13866","type":"Feature","properties":{"OBJECTID":3902,"max_category":0,"label":"0.01 to 0.10 inches","area_acres":6.037994873510904,"county":"Unicoi County","watershed":"Rice Creek"},"geometry":{"type":"Polygon","coordinates":[[[-82.566308,35.993517],[-82.566787,35.993761],[-82.566314,35.994299],[-82.566931,35.994144],[-82.567125,35.994274],[-82.566667,35.994609],[-82.566694,35.995032],[-82.566259,35.994552],[-82.566514,35.995309],[-82.566051,35.995102],[-82.56593,35.994509],[-82.565169,35.994378],[-82.565184,35.994732],[-82.565824,35.995428],[-82.566581,35.995825],[-82.566495,35.996072],[-82.565985,35.996209],[-82.565457,35.995556],[-82.565343,35.995852],[-82.565102,35.995867],[-82.56522,35.995324],[-82.564995,35.994424],[-82.564753,35.994233],[-82.565328,35.993724],[-82.565416,35.993921],[-82.565178,35.994199],[-82.565818,35.994286],[-82.566308,35.993517]]]}},{"id":"13873","type":"Feature","properties":{"OBJECTID":6531,"max_category":0,"label":"0.01 to 0.10 inches","area_acres":4.179961496345856,"county":"Unicoi County","watershed":"Rice Creek"},"geometry":{"type":"Polygon","coordinates":[[[-82.545596,36.013595],[-82.545679,36.015778],[-82.546439,36.016139],[-82.546332,36.016328],[-82.546454,36.016578],[-82.546234,36.016688],[-82.545626,36.016114],[-82.545609,36.016495],[-82.546278,36.017124],[-82.545974,36.017438],[-82.545687,36.017383],[-82.545444,36.016757],[-82.545128,36.017186],[-82.544833,36.016689],[-82.54548,36.016032],[-82.545385,36.01386],[-82.545596,36.013595]]]}},{"id":"13877","type":"Feature","properties":{"OBJECTID":3001,"max_category":0,"label":"0.01 to 0.10 inches","area_acres":2.625758690588817,"county":"Unicoi County","watershed":"Rice Creek"},"geometry":{"type":"Polygon","coordinates":[[[-82.534432,35.986736],[-82.535281,35.987266],[-82.535806,35.988164],[-82.536255,35.988589],[-82.536275,35.988838],[-82.536537,35.989036],[-82.537058,35.98906],[-82.537105,35.989257],[-82.536467,35.989173],[-82.536125,35.988919],[-82.536091,35.988655],[-82.53541,35.988139],[-82.534256,35.986814],[-82.534432,35.986736]]]}},{"id":"13879","type":"Feature","properties":{"OBJECTID":3861,"max_category":0,"label":"0.01 to 0.10 inches","area_acres":0.45742080621535913,"county":"Unicoi County","watershed":"Rice Creek"},"geometry":{"type":"Polygon","coordinates":[[[-82.562104,35.994367],[-82.562237,35.994733],[-82.561896,35.994897],[-82.561762,35.994646],[-82.56191,35.994363],[-82.562104,35.994367]]]}},{"id":"13882","type":"Feature","properties":{"OBJECTID":6489,"max_category":0,"label":"0.01 to 0.10 inches","area_acres":0.8617065129592051,"county":"Unicoi County","watershed":"Upper South Indian Creek"},"geometry":{"type":"Polygon","coordinates":[[[-82.546276,36.018737],[-82.547524,36.018707],[-82.547604,36.018785],[-82.547426,36.019039],[-82.546846,36.019062],[-82.546276,36.018737]]]}},{"id":"13892","type":"Feature","properties":{"OBJECTID":146,"max_category":0,"label":"0.01 to 0.10 inches","area_acres":3.834482398453501,"county":"Unicoi County","watershed":"Rice Creek"},"geometry":{"type":"Polygon","coordinates":[[[-82.534854,36.003956],[-82.534942,36.004107],[-82.534549,36.004572],[-82.535054,36.00518],[-82.534851,36.005208],[-82.534295,36.004695],[-82.534011,36.005439],[-82.534462,36.005754],[-82.535076,36.005654],[-82.535374,36.005807],[-82.534721,36.006109],[-82.535328,36.006409],[-82.535362,36.006606],[-82.535121,36.0067],[-82.534626,36.006471],[-82.534459,36.006776],[-82.534135,36.006435],[-82.53414,36.005864],[-82.533816,36.005422],[-82.534069,36.004697],[-82.534289,36.004648],[-82.534854,36.003956]]]}},{"id":"13897","type":"Feature","properties":{"OBJECTID":3839,"max_category":0,"label":"0.01 to 0.10 inches","area_acres":1.7467431436972385,"county":"Unicoi County","watershed":"Rice Creek"},"geometry":{"type":"Polygon","coordinates":[[[-82.558846,35.988772],[-82.559594,35.989266],[-82.559645,35.99033],[-82.559887,35.990435],[-82.559698,35.990563],[-82.559378,35.990446],[-82.559227,35.98944],[-82.558773,35.988956],[-82.558846,35.988772]]]}},{"id":"13898","type":"Feature","properties":{"OBJECTID":6503,"max_category":0,"label":"0.01 to 0.10 inches","area_acres":1.3881321867846552,"county":"Unicoi County","watershed":"Rice Creek"},"geometry":{"type":"Polygon","coordinates":[[[-82.556279,36.011085],[-82.55644,36.011207],[-82.556423,36.013143],[-82.556665,36.013153],[-82.556618,36.01328],[-82.556255,36.013214],[-82.556189,36.011821],[-82.555835,36.011449],[-82.555912,36.011343],[-82.556122,36.01142],[-82.556279,36.011085]]]}},{"id":"13908","type":"Feature","properties":{"OBJECTID":6140,"max_category":0,"label":"0.01 to 0.10 inches","area_acres":5.390308497848652,"county":"Unicoi County","watershed":"Upper South Indian Creek"},"geometry":{"type":"Polygon","coordinates":[[[-82.553854,36.031305],[-82.554031,36.031889],[-82.553441,36.032215],[-82.553391,36.032572],[-82.553752,36.032765],[-82.553811,36.03299],[-82.553294,36.033302],[-82.552986,36.033228],[-82.552835,36.032797],[-82.552501,36.032779],[-82.552075,36.033035],[-82.551531,36.032602],[-82.551627,36.032364],[-82.551216,36.032156],[-82.550698,36.032233],[-82.550969,36.031861],[-82.551934,36.031748],[-82.552071,36.031946],[-82.551706,36.032329],[-82.552224,36.032644],[-82.552792,36.032408],[-82.553031,36.032648],[-82.553246,36.032206],[-82.552977,36.031558],[-82.553146,36.031494],[-82.55341,36.031656],[-82.553629,36.031356],[-82.553854,36.031305]]]}},{"id":"13911","type":"Feature","properties":{"OBJECTID":2981,"max_category":0,"label":"0.01 to 0.10 inches","area_acres":0.6979345712117141,"county":"Unicoi County","watershed":"Rice Creek"},"geometry":{"type":"Polygon","coordinates":[[[-82.53246,36.003365],[-82.532738,36.003558],[-82.532111,36.003765],[-82.53161,36.003622],[-82.531726,36.003473],[-82.53246,36.003365]]]}},{"id":"13917","type":"Feature","properties":{"OBJECTID":5532,"max_category":0,"label":"0.01 to 0.10 inches","area_acres":2.167547677194034,"county":"Unicoi County","watershed":"Rice Creek"},"geometry":{"type":"Polygon","coordinates":[[[-82.543827,36.011832],[-82.543898,36.011949],[-82.543199,36.012431],[-82.541983,36.012468],[-82.541633,36.012343],[-82.541799,36.012139],[-82.54313,36.012127],[-82.542277,36.011941],[-82.542543,36.011624],[-82.543194,36.011988],[-82.543827,36.011832]]]}},{"id":"13932","type":"Feature","properties":{"OBJECTID":3834,"max_category":0,"label":"0.01 to 0.10 inches","area_acres":3.595051055258679,"county":"Unicoi County","watershed":"Rice Creek"},"geometry":{"type":"Polygon","coordinates":[[[-82.543208,35.990052],[-82.5434,35.990314],[-82.542836,35.990783],[-82.543113,35.990934],[-82.543673,35.990853],[-82.543651,35.991324],[-82.543099,35.991294],[-82.542639,35.991008],[-82.541992,35.990917],[-82.541324,35.99118],[-82.542035,35.989878],[-82.542415,35.990114],[-82.541694,35.990783],[-82.542222,35.990768],[-82.54272,35.990276],[-82.543208,35.990052]]]}},{"id":"13935","type":"Feature","properties":{"OBJECTID":6216,"max_category":0,"label":"0.01 to 0.10 inches","area_acres":2.2237368723199458,"county":"Unicoi County","watershed":"Rice Creek"},"geometry":{"type":"Polygon","coordinates":[[[-82.533105,36.012665],[-82.533572,36.0136],[-82.533822,36.013661],[-82.534459,36.013456],[-82.534425,36.013715],[-82.534838,36.013842],[-82.534849,36.014001],[-82.534382,36.014145],[-82.534011,36.013986],[-82.534139,36.0142],[-82.533973,36.014321],[-82.533651,36.0142],[-82.533144,36.013194],[-82.533105,36.012665]]]}},{"id":"13937","type":"Feature","properties":{"OBJECTID":6495,"max_category":0,"label":"0.01 to 0.10 inches","area_acres":0.95222844324077,"county":"Unicoi County","watershed":"Upper South Indian Creek"},"geometry":{"type":"Polygon","coordinates":[[[-82.554453,36.01878],[-82.554549,36.018996],[-82.554358,36.019241],[-82.554321,36.019888],[-82.553893,36.018804],[-82.554453,36.01878]]]}},{"id":"13938","type":"Feature","properties":{"OBJECTID":6486,"max_category":0,"label":"0.01 to 0.10 inches","area_acres":0.7825566576291098,"county":"Unicoi County","watershed":"Rice Creek"},"geometry":{"type":"Polygon","coordinates":[[[-82.548251,36.015497],[-82.548383,36.015713],[-82.54905,36.015993],[-82.549086,36.01623],[-82.548276,36.016027],[-82.548251,36.015497]]]}},{"id":"13942","type":"Feature","properties":{"OBJECTID":4463,"max_category":0,"label":"0.01 to 0.10 inches","area_acres":5.05313133310552,"county":"Unicoi County","watershed":"Rice Creek"},"geometry":{"type":"Polygon","coordinates":[[[-82.576244,36.001496],[-82.576716,36.001622],[-82.576128,36.002003],[-82.576149,36.002507],[-82.576287,36.002592],[-82.575159,36.00533],[-82.575185,36.005902],[-82.575398,36.006141],[-82.575293,36.006272],[-82.574976,36.005915],[-82.574996,36.004022],[-82.575222,36.00384],[-82.575746,36.002475],[-82.575905,36.002469],[-82.575885,36.001811],[-82.576244,36.001496]]]}},{"id":"13967","type":"Feature","properties":{"OBJECTID":6220,"max_category":0,"label":"0.01 to 0.10 inches","area_acres":6.898736715425655,"county":"Unicoi County","watershed":"Upper South Indian Creek"},"geometry":{"type":"Polygon","coordinates":[[[-82.524466,36.010853],[-82.524811,36.011319],[-82.525019,36.011139],[-82.525248,36.011301],[-82.524289,36.012553],[-82.523991,36.013462],[-82.525039,36.013012],[-82.525858,36.012941],[-82.52597,36.013185],[-82.525613,36.013535],[-82.524873,36.013525],[-82.524932,36.013726],[-82.52532,36.013841],[-82.525192,36.014053],[-82.524825,36.013997],[-82.524278,36.013585],[-82.523732,36.01362],[-82.524052,36.012693],[-82.523923,36.012069],[-82.523013,36.01136],[-82.523175,36.010867],[-82.523493,36.010701],[-82.523593,36.011333],[-82.524078,36.011733],[-82.524195,36.012398],[-82.524403,36.012216],[-82.524316,36.010979],[-82.524466,36.010853]]]}},{"id":"13972","type":"Feature","properties":{"OBJECTID":4614,"max_category":0,"label":"0.01 to 0.10 inches","area_acres":0.8490223436043931,"county":"Unicoi County","watershed":"Rice Creek"},"geometry":{"type":"Polygon","coordinates":[[[-82.555139,35.977449],[-82.55644,35.97741],[-82.556678,35.977573],[-82.556163,35.977778],[-82.555676,35.977545],[-82.555091,35.977596],[-82.555139,35.977449]]]}},{"id":"13979","type":"Feature","properties":{"OBJECTID":6507,"max_category":0,"label":"0.01 to 0.10 inches","area_acres":7.926663254402934,"county":"Unicoi County","watershed":"Rice Creek"},"geometry":{"type":"Polygon","coordinates":[[[-82.563355,36.006618],[-82.564619,36.007599],[-82.564961,36.007671],[-82.565292,36.007606],[-82.56557,36.007352],[-82.565775,36.007763],[-82.566113,36.00783],[-82.566467,36.007358],[-82.567539,36.007338],[-82.567498,36.00751],[-82.567039,36.007616],[-82.567006,36.007742],[-82.566162,36.007971],[-82.566252,36.00817],[-82.566643,36.008337],[-82.567141,36.007845],[-82.567656,36.007907],[-82.567649,36.008087],[-82.566755,36.008471],[-82.566997,36.008574],[-82.567985,36.00816],[-82.568347,36.008216],[-82.568354,36.00839],[-82.567728,36.008555],[-82.567998,36.008639],[-82.56779,36.00899],[-82.567227,36.00882],[-82.56754,36.009473],[-82.567234,36.009451],[-82.567018,36.008812],[-82.566574,36.008553],[-82.566524,36.008959],[-82.566857,36.009621],[-82.566396,36.009719],[-82.566397,36.008527],[-82.565967,36.00799],[-82.565086,36.00781],[-82.565274,36.008269],[-82.56516,36.008529],[-82.564948,36.008544],[-82.564808,36.007804],[-82.564378,36.008195],[-82.56424,36.007956],[-82.564361,36.007625],[-82.563224,36.006765],[-82.563355,36.006618]]]}},{"id":"13982","type":"Feature","properties":{"OBJECTID":3863,"max_category":0,"label":"0.01 to 0.10 inches","area_acres":2.165331880586685,"county":"Unicoi County","watershed":"Rice Creek"},"geometry":{"type":"Polygon","coordinates":[[[-82.56119,35.992058],[-82.561679,35.992346],[-82.562172,35.992334],[-82.562543,35.992497],[-82.562578,35.992733],[-82.562157,35.992585],[-82.561488,35.992632],[-82.561088,35.992942],[-82.560504,35.992951],[-82.560414,35.992761],[-82.561047,35.992694],[-82.560819,35.992479],[-82.561132,35.992417],[-82.56073,35.992248],[-82.560713,35.992103],[-82.56119,35.992058]]]}},{"id":"13987","type":"Feature","properties":{"OBJECTID":3854,"max_category":0,"label":"0.01 to 0.10 inches","area_acres":1.8282215871032854,"county":"Unicoi County","watershed":"Rice Creek"},"geometry":{"type":"Polygon","coordinates":[[[-82.568487,35.986512],[-82.568499,35.987075],[-82.568822,35.987508],[-82.568519,35.987542],[-82.568809,35.988049],[-82.568445,35.988183],[-82.56826,35.987773],[-82.568,35.988233],[-82.567889,35.987902],[-82.568238,35.98744],[-82.568305,35.986597],[-82.568487,35.986512]]]}},{"id":"13990","type":"Feature","properties":{"OBJECTID":6543,"max_category":0,"label":"0.01 to 0.10 inches","area_acres":2.670214710043869,"county":"Unicoi County","watershed":"Rice Creek"},"geometry":{"type":"Polygon","coordinates":[[[-82.565733,36.003003],[-82.566047,36.003159],[-82.566614,36.003163],[-82.56672,36.003456],[-82.567196,36.003715],[-82.567265,36.004125],[-82.567061,36.004197],[-82.566602,36.003853],[-82.566717,36.004219],[-82.566475,36.004261],[-82.566209,36.003529],[-82.565703,36.003147],[-82.564982,36.003168],[-82.565,36.003636],[-82.56485,36.003669],[-82.564831,36.003047],[-82.565733,36.003003]]]}},{"id":"13991","type":"Feature","properties":{"OBJECTID":3866,"max_category":0,"label":"0.01 to 0.10 inches","area_acres":2.713488489835723,"county":"Unicoi County","watershed":"Rice Creek"},"geometry":{"type":"Polygon","coordinates":[[[-82.553634,35.988704],[-82.554493,35.988954],[-82.555173,35.988969],[-82.556134,35.989532],[-82.556157,35.989668],[-82.555773,35.989767],[-82.555001,35.989082],[-82.554574,35.989095],[-82.554837,35.989453],[-82.555595,35.989901],[-82.555147,35.990143],[-82.554646,35.989657],[-82.554587,35.9893],[-82.554186,35.988996],[-82.553266,35.988909],[-82.553634,35.988704]]]}},{"id":"13995","type":"Feature","properties":{"OBJECTID":455,"max_category":0,"label":"0.01 to 0.10 inches","area_acres":3.9537639977017403,"county":"Unicoi County","watershed":"Rice Creek"},"geometry":{"type":"Polygon","coordinates":[[[-82.542216,35.995193],[-82.54232,35.995453],[-82.541694,35.995599],[-82.542279,35.995797],[-82.542171,35.996078],[-82.541589,35.99593],[-82.541145,35.996082],[-82.540167,35.996026],[-82.540207,35.995807],[-82.53995,35.995838],[-82.539716,35.995681],[-82.54022,35.99565],[-82.54041,35.995089],[-82.540889,35.994628],[-82.541121,35.994711],[-82.541138,35.994966],[-82.540935,35.995322],[-82.540323,35.995771],[-82.540919,35.995753],[-82.541671,35.995217],[-82.542216,35.995193]]]}},{"id":"13996","type":"Feature","properties":{"OBJECTID":6494,"max_category":0,"label":"0.01 to 0.10 inches","area_acres":1.0129844268192365,"county":"Unicoi County","watershed":"Rice Creek"},"geometry":{"type":"Polygon","coordinates":[[[-82.549448,36.011944],[-82.550322,36.012576],[-82.55052,36.012462],[-82.550595,36.012575],[-82.550078,36.012851],[-82.549347,36.012215],[-82.5493,36.011996],[-82.549448,36.011944]]]}},{"id":"14003","type":"Feature","properties":{"OBJECTID":4608,"max_category":0,"label":"0.01 to 0.10 inches","area_acres":1.1767839649834846,"county":"Unicoi County","watershed":"Rice Creek"},"geometry":{"type":"Polygon","coordinates":[[[-82.554668,35.981472],[-82.555125,35.981659],[-82.555003,35.981926],[-82.55434,35.981762],[-82.553344,35.981761],[-82.553742,35.981555],[-82.554668,35.981472]]]}},{"id":"14008","type":"Feature","properties":{"OBJECTID":3828,"max_category":0,"label":"0.01 to 0.10 inches","area_acres":0.8300480651236728,"county":"Unicoi County","watershed":"Rice Creek"},"geometry":{"type":"Polygon","coordinates":[[[-82.548033,35.989774],[-82.548005,35.990163],[-82.547154,35.990189],[-82.546911,35.990034],[-82.547065,35.989832],[-82.547918,35.989942],[-82.548033,35.989774]]]}},{"id":"14013","type":"Feature","properties":{"OBJECTID":6133,"max_category":0,"label":"0.01 to 0.10 inches","area_acres":1.9332151756049971,"county":"Unicoi County","watershed":"Upper South Indian Creek"},"geometry":{"type":"Polygon","coordinates":[[[-82.555452,36.029939],[-82.555635,36.030001],[-82.555728,36.030355],[-82.555646,36.031581],[-82.555282,36.031708],[-82.555282,36.031144],[-82.554965,36.03084],[-82.555075,36.03072],[-82.555267,36.030808],[-82.555142,36.030225],[-82.555343,36.030226],[-82.555452,36.029939]]]}},{"id":"14015","type":"Feature","properties":{"OBJECTID":3862,"max_category":0,"label":"0.01 to 0.10 inches","area_acres":3.229335197807363,"county":"Unicoi County","watershed":"Rice Creek"},"geometry":{"type":"Polygon","coordinates":[[[-82.561488,35.98809],[-82.562093,35.988211],[-82.560913,35.98737],[-82.561008,35.987175],[-82.561541,35.987307],[-82.56169,35.987604],[-82.562686,35.988358],[-82.562987,35.988373],[-82.562834,35.988496],[-82.562878,35.988793],[-82.561143,35.988286],[-82.560548,35.987686],[-82.560802,35.987653],[-82.561488,35.98809]]]}},{"id":"14016","type":"Feature","properties":{"OBJECTID":6124,"max_category":0,"label":"0.01 to 0.10 inches","area_acres":1.8538052798073057,"county":"Unicoi County","watershed":"Upper South Indian Creek"},"geometry":{"type":"Polygon","coordinates":[[[-82.547085,36.023585],[-82.547191,36.024008],[-82.547501,36.024253],[-82.546854,36.024106],[-82.545772,36.024453],[-82.545438,36.024734],[-82.545131,36.024687],[-82.545346,36.024165],[-82.545996,36.024276],[-82.546777,36.023966],[-82.54659,36.023446],[-82.546887,36.023673],[-82.547085,36.023585]]]}},{"id":"14018","type":"Feature","properties":{"OBJECTID":4458,"max_category":0,"label":"0.01 to 0.10 inches","area_acres":3.7024470891562165,"county":"Unicoi County","watershed":"Rice Creek"},"geometry":{"type":"Polygon","coordinates":[[[-82.578994,36.001488],[-82.579659,36.001857],[-82.579897,36.00257],[-82.58025,36.002648],[-82.581384,36.003374],[-82.581447,36.003728],[-82.581222,36.004082],[-82.579965,36.00366],[-82.579921,36.003503],[-82.580086,36.003465],[-82.581146,36.003884],[-82.581264,36.003529],[-82.58024,36.002941],[-82.579647,36.002809],[-82.578964,36.002295],[-82.578936,36.002024],[-82.579341,36.002085],[-82.578715,36.001595],[-82.578994,36.001488]]]}},{"id":"14021","type":"Feature","properties":{"OBJECTID":6130,"max_category":0,"label":"0.01 to 0.10 inches","area_acres":0.854342568321952,"county":"Unicoi County","watershed":"Upper South Indian Creek"},"geometry":{"type":"Polygon","coordinates":[[[-82.559835,36.028024],[-82.560048,36.028132],[-82.560039,36.028363],[-82.560247,36.028387],[-82.560348,36.02858],[-82.559838,36.028605],[-82.559473,36.028393],[-82.559402,36.028144],[-82.559835,36.028024]]]}},{"id":"14036","type":"Feature","properties":{"OBJECTID":6518,"max_category":0,"label":"0.01 to 0.10 inches","area_acres":2.678073802240321,"county":"Unicoi County","watershed":"Rice Creek"},"geometry":{"type":"Polygon","coordinates":[[[-82.562457,36.011565],[-82.56272,36.011757],[-82.562325,36.011981],[-82.563238,36.012156],[-82.563388,36.012406],[-82.563222,36.012537],[-82.562775,36.012492],[-82.561719,36.012004],[-82.562048,36.012574],[-82.562046,36.012784],[-82.561871,36.012846],[-82.561543,36.011995],[-82.561167,36.011896],[-82.561029,36.011706],[-82.561808,36.011789],[-82.562457,36.011565]]]}},{"id":"14044","type":"Feature","properties":{"OBJECTID":6218,"max_category":0,"label":"0.01 to 0.10 inches","area_acres":6.323994499105591,"county":"Unicoi County","watershed":"Rice Creek"},"geometry":{"type":"Polygon","coordinates":[[[-82.533029,36.015581],[-82.533172,36.016058],[-82.533614,36.016499],[-82.534728,36.016635],[-82.535103,36.016902],[-82.53504,36.017066],[-82.534623,36.016997],[-82.535113,36.017269],[-82.534921,36.017563],[-82.534505,36.017315],[-82.534337,36.0174],[-82.533431,36.016555],[-82.533923,36.017742],[-82.534578,36.018022],[-82.534357,36.018392],[-82.534,36.018389],[-82.533714,36.01859],[-82.533371,36.018428],[-82.533604,36.017986],[-82.533349,36.017884],[-82.533298,36.016779],[-82.53291,36.017481],[-82.532705,36.017128],[-82.533186,36.016525],[-82.532923,36.015935],[-82.533029,36.015581]]]}},{"id":"14050","type":"Feature","properties":{"OBJECTID":5527,"max_category":0,"label":"0.01 to 0.10 inches","area_acres":6.170534762762266,"county":"Unicoi County","watershed":"Rice Creek"},"geometry":{"type":"Polygon","coordinates":[[[-82.543418,36.017924],[-82.545038,36.01825],[-82.544766,36.018435],[-82.543996,36.01832],[-82.544915,36.019225],[-82.544475,36.019759],[-82.54419,36.019668],[-82.5443,36.019203],[-82.544085,36.018934],[-82.543772,36.019696],[-82.543423,36.019758],[-82.543741,36.018764],[-82.543622,36.018404],[-82.543426,36.018831],[-82.543248,36.018856],[-82.543388,36.018295],[-82.543094,36.018564],[-82.543033,36.019487],[-82.542721,36.019353],[-82.542747,36.018825],[-82.542462,36.019154],[-82.542167,36.019067],[-82.543034,36.018195],[-82.543418,36.017924]]]}},{"id":"14051","type":"Feature","properties":{"OBJECTID":305,"max_category":0,"label":"0.01 to 0.10 inches","area_acres":10.387225946638472,"county":"Unicoi County","watershed":"Rice Creek"},"geometry":{"type":"Polygon","coordinates":[[[-82.557346,35.980844],[-82.557589,35.98092],[-82.557567,35.981055],[-82.55657,35.981948],[-82.557467,35.981529],[-82.557634,35.981604],[-82.557566,35.981797],[-82.557292,35.98203],[-82.556627,35.982108],[-82.555667,35.982946],[-82.555469,35.983829],[-82.556428,35.982813],[-82.557284,35.98255],[-82.557754,35.982111],[-82.557753,35.981275],[-82.558022,35.980708],[-82.558175,35.9806],[-82.55834,35.98069],[-82.558103,35.981436],[-82.558685,35.980985],[-82.558723,35.980495],[-82.559272,35.980401],[-82.559181,35.980988],[-82.557388,35.982669],[-82.556994,35.982757],[-82.555331,35.984235],[-82.555204,35.984112],[-82.555284,35.983615],[-82.554864,35.984502],[-82.554342,35.984808],[-82.553884,35.984839],[-82.553888,35.98472],[-82.554711,35.984426],[-82.555085,35.983701],[-82.555433,35.982399],[-82.555476,35.981421],[-82.55566,35.981373],[-82.556052,35.981732],[-82.555597,35.982123],[-82.555284,35.983477],[-82.555503,35.982881],[-82.556363,35.982014],[-82.55636,35.981619],[-82.557346,35.980844]]]}},{"id":"14053","type":"Feature","properties":{"OBJECTID":2989,"max_category":0,"label":"0.01 to 0.10 inches","area_acres":1.3549343078449363,"county":"Unicoi County","watershed":"Rice Creek"},"geometry":{"type":"Polygon","coordinates":[[[-82.537214,35.993744],[-82.537743,35.994657],[-82.537963,35.995511],[-82.537087,35.994282],[-82.537214,35.993744]]]}},{"id":"14056","type":"Feature","properties":{"OBJECTID":2977,"max_category":0,"label":"0.01 to 0.10 inches","area_acres":1.152309747448898,"county":"Unicoi County","watershed":"Rice Creek"},"geometry":{"type":"Polygon","coordinates":[[[-82.53539,35.996876],[-82.535423,35.997125],[-82.534626,35.997151],[-82.534235,35.997409],[-82.533902,35.997283],[-82.534152,35.996941],[-82.53539,35.996876]]]}},{"id":"14062","type":"Feature","properties":{"OBJECTID":5531,"max_category":0,"label":"0.01 to 0.10 inches","area_acres":0.9650311110475638,"county":"Unicoi County","watershed":"Rice Creek"},"geometry":{"type":"Polygon","coordinates":[[[-82.54416,36.009403],[-82.544456,36.009718],[-82.543652,36.010268],[-82.543468,36.010068],[-82.543831,36.009575],[-82.54416,36.009403]]]}},{"id":"14064","type":"Feature","properties":{"OBJECTID":3817,"max_category":0,"label":"0.01 to 0.10 inches","area_acres":1.5800209131957919,"county":"Unicoi County","watershed":"Rice Creek"},"geometry":{"type":"Polygon","coordinates":[[[-82.572067,36.008535],[-82.572708,36.009204],[-82.573461,36.009481],[-82.573758,36.009739],[-82.573708,36.009904],[-82.57259,36.009601],[-82.572445,36.00912],[-82.571992,36.008714],[-82.572067,36.008535]]]}},{"id":"64401","type":"Feature","properties":{"OBJECTID":4508,"max_category":0,"label":"0.01 to 0.10 inches","area_acres":5.506001695947862,"county":"Carter County","watershed":"Buck Creek"},"geometry":{"type":"Polygon","coordinates":[[[-82.015023,36.163661],[-82.015127,36.164086],[-82.016038,36.165004],[-82.016123,36.166027],[-82.015938,36.165977],[-82.015868,36.16506],[-82.015463,36.164617],[-82.014119,36.164019],[-82.012617,36.163646],[-82.012604,36.163314],[-82.013175,36.163432],[-82.012656,36.163061],[-82.012642,36.162825],[-82.012831,36.162754],[-82.013066,36.16294],[-82.01327,36.162887],[-82.013653,36.163228],[-82.014002,36.163149],[-82.014156,36.163505],[-82.014777,36.163873],[-82.015023,36.163661]]]}},{"id":"64424","type":"Feature","properties":{"OBJECTID":4692,"max_category":0,"label":"0.01 to 0.10 inches","area_acres":61.276401850783266,"county":"Carter County","watershed":"Upper Doe River"},"geometry":{"type":"Polygon","coordinates":[[[-82.105423,36.108634],[-82.105726,36.10894],[-82.105931,36.112483],[-82.106098,36.11261],[-82.106007,36.110252],[-82.106267,36.110014],[-82.106442,36.112582],[-82.106455,36.112091],[-82.106853,36.111597],[-82.107131,36.111992],[-82.106891,36.112225],[-82.107041,36.112365],[-82.106753,36.112741],[-82.106807,36.113252],[-82.107411,36.112766],[-82.107502,36.112903],[-82.10713,36.113664],[-82.107333,36.113734],[-82.107604,36.113525],[-82.107869,36.113603],[-82.107383,36.114127],[-82.107478,36.114841],[-82.107289,36.115362],[-82.108309,36.114593],[-82.108689,36.113925],[-82.108698,36.113577],[-82.108951,36.113684],[-82.108925,36.113016],[-82.108126,36.11219],[-82.10813,36.111939],[-82.108485,36.112138],[-82.10853,36.111877],[-82.108812,36.111835],[-82.109126,36.113668],[-82.109939,36.112958],[-82.110212,36.112127],[-82.11019,36.111554],[-82.109789,36.110825],[-82.110002,36.109837],[-82.110321,36.109994],[-82.110518,36.110316],[-82.110386,36.111216],[-82.110563,36.11141],[-82.110427,36.111695],[-82.110751,36.11189],[-82.110108,36.112766],[-82.110494,36.113212],[-82.11023,36.11338],[-82.109838,36.113254],[-82.109539,36.113399],[-82.10827,36.114864],[-82.107135,36.115617],[-82.106797,36.116108],[-82.106844,36.116349],[-82.106005,36.117047],[-82.106018,36.117388],[-82.10643,36.117529],[-82.105968,36.117845],[-82.106079,36.118127],[-82.106919,36.117561],[-82.107228,36.117683],[-82.107718,36.117183],[-82.107878,36.117491],[-82.108042,36.117349],[-82.108134,36.116704],[-82.108436,36.116478],[-82.108649,36.11653],[-82.108373,36.117268],[-82.107805,36.117847],[-82.107345,36.117989],[-82.10634,36.118855],[-82.10591,36.118974],[-82.107217,36.119012],[-82.108009,36.119503],[-82.10809,36.119757],[-82.107803,36.11978],[-82.107013,36.11918],[-82.105741,36.119432],[-82.106527,36.119551],[-82.106814,36.119805],[-82.105578,36.119601],[-82.105118,36.119885],[-82.105798,36.120243],[-82.105796,36.120433],[-82.105489,36.120388],[-82.104978,36.120001],[-82.104519,36.12026],[-82.103716,36.121407],[-82.10174,36.123516],[-82.101775,36.123104],[-82.103458,36.12145],[-82.104001,36.120584],[-82.102859,36.119662],[-82.102475,36.118473],[-82.102809,36.118615],[-82.103021,36.119592],[-82.104131,36.120438],[-82.10439,36.120135],[-82.104203,36.119676],[-82.103415,36.119074],[-82.103217,36.118577],[-82.103602,36.11865],[-82.103791,36.119007],[-82.104169,36.119003],[-82.104413,36.119854],[-82.104497,36.119287],[-82.104811,36.11875],[-82.104713,36.11796],[-82.102739,36.116375],[-82.102532,36.115871],[-82.101814,36.115322],[-82.101782,36.115068],[-82.102072,36.115085],[-82.102746,36.115679],[-82.1047,36.117648],[-82.104543,36.117084],[-82.103715,36.116291],[-82.103268,36.115557],[-82.103923,36.11567],[-82.105127,36.117287],[-82.105053,36.117837],[-82.105264,36.118067],[-82.105005,36.118337],[-82.104595,36.120014],[-82.105644,36.119278],[-82.105881,36.118393],[-82.105818,36.116777],[-82.105417,36.116417],[-82.104877,36.116379],[-82.104776,36.116088],[-82.104194,36.115694],[-82.104348,36.115523],[-82.102974,36.114476],[-82.102823,36.114169],[-82.103017,36.114127],[-82.105156,36.115757],[-82.105056,36.11545],[-82.102496,36.113499],[-82.102456,36.113323],[-82.10265,36.11327],[-82.103094,36.113493],[-82.105002,36.114929],[-82.104714,36.114497],[-82.103508,36.113497],[-82.102792,36.113165],[-82.102637,36.112855],[-82.103709,36.113112],[-82.10403,36.11344],[-82.103521,36.112478],[-82.103687,36.112293],[-82.104209,36.112804],[-82.104651,36.11404],[-82.104636,36.113209],[-82.104994,36.113184],[-82.105076,36.114046],[-82.105167,36.113792],[-82.105373,36.113864],[-82.105496,36.11527],[-82.105802,36.115332],[-82.105582,36.115778],[-82.105993,36.116736],[-82.107117,36.115311],[-82.107115,36.114381],[-82.106815,36.113646],[-82.106206,36.113181],[-82.105148,36.112961],[-82.105188,36.112792],[-82.105844,36.112773],[-82.105642,36.112619],[-82.104554,36.112584],[-82.103186,36.111717],[-82.103256,36.111556],[-82.103447,36.111579],[-82.104448,36.112259],[-82.104833,36.112249],[-82.104982,36.11197],[-82.105408,36.112271],[-82.105153,36.111822],[-82.105352,36.111705],[-82.104581,36.110971],[-82.104692,36.110802],[-82.10442,36.110375],[-82.104618,36.110239],[-82.104211,36.109336],[-82.104408,36.109274],[-82.104796,36.109573],[-82.104938,36.110634],[-82.104932,36.110253],[-82.105286,36.109986],[-82.104941,36.108923],[-82.105345,36.108899],[-82.105423,36.108634]],[[-82.106622,36.118131],[-82.106149,36.118423],[-82.106099,36.11862],[-82.106623,36.118319],[-82.106622,36.118131]],[[-82.106888,36.118147],[-82.106794,36.118182],[-82.106796,36.118227],[-82.106888,36.118147]],[[-82.105062,36.11103],[-82.105067,36.111158],[-82.105236,36.111314],[-82.105229,36.111158],[-82.105062,36.11103]]]}},{"id":"64425","type":"Feature","properties":{"OBJECTID":351,"max_category":0,"label":"0.01 to 0.10 inches","area_acres":1.4805966385006926,"county":"Carter County","watershed":"Buck Creek"},"geometry":{"type":"Polygon","coordinates":[[[-82.045323,36.17176],[-82.045577,36.172576],[-82.04518,36.172758],[-82.044946,36.172546],[-82.044729,36.172631],[-82.04462,36.172499],[-82.045015,36.171655],[-82.045323,36.17176]]]}},{"id":"64429","type":"Feature","properties":{"OBJECTID":2395,"max_category":0,"label":"0.01 to 0.10 inches","area_acres":2.2802139977590103,"county":"Carter County","watershed":"Upper Doe River"},"geometry":{"type":"Polygon","coordinates":[[[-82.067797,36.17359],[-82.068021,36.173765],[-82.067619,36.174012],[-82.068924,36.174423],[-82.069083,36.174672],[-82.068312,36.174649],[-82.067373,36.1741],[-82.066785,36.174307],[-82.066264,36.174238],[-82.066234,36.174407],[-82.066091,36.174399],[-82.066146,36.174108],[-82.066732,36.174166],[-82.067298,36.173905],[-82.067478,36.17361],[-82.067797,36.17359]]]}},{"id":"64443","type":"Feature","properties":{"OBJECTID":4070,"max_category":0,"label":"0.01 to 0.10 inches","area_acres":0.7218422486350513,"county":"Carter County","watershed":"Upper Doe River"},"geometry":{"type":"Polygon","coordinates":[[[-82.108175,36.137806],[-82.109182,36.137865],[-82.109251,36.138033],[-82.108735,36.138099],[-82.108643,36.138236],[-82.107941,36.137954],[-82.108175,36.137806]]]}},{"id":"64444","type":"Feature","properties":{"OBJECTID":4082,"max_category":0,"label":"0.01 to 0.10 inches","area_acres":0.7358973572549182,"county":"Carter County","watershed":"Upper Doe River"},"geometry":{"type":"Polygon","coordinates":[[[-82.105312,36.143512],[-82.105372,36.143694],[-82.10495,36.143719],[-82.104524,36.144052],[-82.104166,36.143974],[-82.104169,36.143816],[-82.104432,36.143679],[-82.105312,36.143512]]]}},{"id":"64450","type":"Feature","properties":{"OBJECTID":3987,"max_category":0,"label":"0.01 to 0.10 inches","area_acres":12.271532122310427,"county":"Carter County","watershed":"Upper Doe River"},"geometry":{"type":"Polygon","coordinates":[[[-82.061807,36.142657],[-82.061957,36.142816],[-82.061428,36.143276],[-82.062004,36.143093],[-82.062075,36.143311],[-82.06131,36.143775],[-82.06007,36.144844],[-82.06094,36.144173],[-82.061918,36.143946],[-82.062115,36.144026],[-82.061983,36.144213],[-82.060995,36.144415],[-82.060576,36.144777],[-82.060936,36.144768],[-82.062738,36.144118],[-82.063106,36.144249],[-82.062882,36.144572],[-82.062476,36.144597],[-82.062319,36.144819],[-82.061056,36.145045],[-82.059082,36.144875],[-82.058152,36.145442],[-82.057675,36.145432],[-82.05766,36.145043],[-82.058897,36.144174],[-82.059774,36.14319],[-82.060218,36.142382],[-82.060547,36.142336],[-82.060398,36.142652],[-82.060649,36.142652],[-82.060633,36.142825],[-82.059744,36.143793],[-82.057821,36.145112],[-82.057829,36.14534],[-82.059506,36.144584],[-82.059948,36.144202],[-82.060063,36.143876],[-82.060262,36.143903],[-82.061807,36.142657]]]}},{"id":"64475","type":"Feature","properties":{"OBJECTID":628,"max_category":0,"label":"0.01 to 0.10 inches","area_acres":1.229716432018917,"county":"Carter County","watershed":"Buck Creek"},"geometry":{"type":"Polygon","coordinates":[[[-82.0515,36.182709],[-82.052208,36.18386],[-82.052659,36.184017],[-82.052685,36.184187],[-82.052342,36.184201],[-82.051845,36.183989],[-82.051594,36.183027],[-82.051383,36.182797],[-82.0515,36.182709]]]}},{"id":"64489","type":"Feature","properties":{"OBJECTID":2410,"max_category":0,"label":"0.01 to 0.10 inches","area_acres":1.230230034339797,"county":"Carter County","watershed":"Upper Doe River"},"geometry":{"type":"Polygon","coordinates":[[[-82.075754,36.165393],[-82.076054,36.165617],[-82.075843,36.166419],[-82.075351,36.167194],[-82.075118,36.167224],[-82.075667,36.166373],[-82.075536,36.165515],[-82.075754,36.165393]]]}},{"id":"64490","type":"Feature","properties":{"OBJECTID":3951,"max_category":0,"label":"0.01 to 0.10 inches","area_acres":3.324879498760975,"county":"Carter County","watershed":"Buck Creek"},"geometry":{"type":"Polygon","coordinates":[[[-82.037115,36.148275],[-82.037204,36.148422],[-82.036901,36.148834],[-82.035254,36.150483],[-82.035144,36.151168],[-82.035659,36.151355],[-82.035229,36.151397],[-82.034979,36.151234],[-82.03496,36.150955],[-82.035197,36.149819],[-82.036823,36.148354],[-82.037115,36.148275]],[[-82.035795,36.149733],[-82.035374,36.150095],[-82.035372,36.150172],[-82.035699,36.14989],[-82.035795,36.149733]]]}},{"id":"64495","type":"Feature","properties":{"OBJECTID":4773,"max_category":0,"label":"0.01 to 0.10 inches","area_acres":44.20787267921974,"county":"Carter County","watershed":"Buck Creek"},"geometry":{"type":"Polygon","coordinates":[[[-82.032394,36.136272],[-82.032554,36.136468],[-82.032251,36.136711],[-82.031429,36.137041],[-82.030393,36.137069],[-82.029758,36.137277],[-82.028655,36.138115],[-82.028495,36.140176],[-82.02912,36.140818],[-82.029604,36.141822],[-82.029653,36.140497],[-82.029969,36.139892],[-82.029953,36.139349],[-82.030333,36.139209],[-82.030677,36.138773],[-82.030848,36.138814],[-82.030658,36.139359],[-82.030207,36.139753],[-82.029861,36.140448],[-82.029876,36.141774],[-82.029611,36.142006],[-82.028956,36.140883],[-82.028322,36.140223],[-82.028409,36.138973],[-82.028176,36.137082],[-82.027991,36.13856],[-82.027372,36.140043],[-82.027396,36.14162],[-82.027168,36.141834],[-82.027519,36.143078],[-82.027709,36.14472],[-82.026926,36.144495],[-82.02742,36.144202],[-82.027354,36.143768],[-82.025677,36.143729],[-82.025847,36.14358],[-82.02736,36.143515],[-82.027143,36.142247],[-82.026417,36.141372],[-82.025565,36.141256],[-82.023878,36.141298],[-82.022746,36.141897],[-82.022523,36.141828],[-82.02279,36.141548],[-82.023825,36.141157],[-82.025602,36.141112],[-82.026394,36.14123],[-82.026154,36.140692],[-82.024588,36.14073],[-82.02381,36.14053],[-82.021853,36.140606],[-82.021586,36.140777],[-82.020414,36.140675],[-82.020572,36.140413],[-82.022611,36.140279],[-82.021923,36.140124],[-82.022017,36.139937],[-82.022487,36.140035],[-82.021899,36.139493],[-82.022042,36.139386],[-82.022285,36.139543],[-82.022572,36.139443],[-82.023673,36.140363],[-82.02463,36.140587],[-82.026009,36.140552],[-82.024979,36.138755],[-82.024612,36.138421],[-82.024063,36.138243],[-82.021699,36.138301],[-82.020456,36.138826],[-82.020277,36.138641],[-82.020847,36.13824],[-82.017219,36.138329],[-82.01659,36.138173],[-82.017005,36.138054],[-82.020599,36.137965],[-82.023711,36.138081],[-82.022567,36.137208],[-82.021991,36.136981],[-82.021971,36.136726],[-82.021137,36.136088],[-82.020855,36.135397],[-82.021023,36.135263],[-82.021564,36.13606],[-82.024371,36.138202],[-82.025062,36.13857],[-82.025588,36.13961],[-82.025585,36.138658],[-82.02419,36.136686],[-82.023674,36.136234],[-82.023478,36.135772],[-82.023583,36.135477],[-82.024091,36.135913],[-82.024441,36.136868],[-82.025753,36.138597],[-82.025739,36.139859],[-82.026052,36.140266],[-82.025899,36.136165],[-82.02629,36.135779],[-82.026303,36.134979],[-82.026685,36.13456],[-82.026815,36.134024],[-82.02706,36.133938],[-82.027086,36.134354],[-82.026483,36.13531],[-82.026751,36.135361],[-82.026739,36.135833],[-82.026359,36.136523],[-82.026199,36.137681],[-82.026273,36.14056],[-82.026993,36.141856],[-82.02722,36.141581],[-82.027196,36.140003],[-82.027637,36.139152],[-82.02788,36.137458],[-82.028128,36.136887],[-82.027931,36.135582],[-82.028173,36.135611],[-82.028339,36.13605],[-82.028474,36.13798],[-82.028694,36.136404],[-82.029846,36.135326],[-82.030109,36.135354],[-82.030142,36.135492],[-82.028869,36.136598],[-82.028642,36.137775],[-82.029554,36.136989],[-82.029751,36.136424],[-82.030327,36.135925],[-82.03056,36.135329],[-82.031051,36.134939],[-82.031312,36.135138],[-82.0305,36.135975],[-82.030825,36.135709],[-82.031146,36.135675],[-82.031235,36.135799],[-82.029892,36.137076],[-82.031465,36.136872],[-82.032138,36.136321],[-82.032394,36.136272]]]}},{"id":"64496","type":"Feature","properties":{"OBJECTID":2454,"max_category":0,"label":"0.01 to 0.10 inches","area_acres":5.424468685657186,"county":"Carter County","watershed":"Upper Doe River"},"geometry":{"type":"Polygon","coordinates":[[[-82.06253,36.175838],[-82.063437,36.175952],[-82.06254,36.174901],[-82.062912,36.174674],[-82.063174,36.174735],[-82.063527,36.175745],[-82.063789,36.175971],[-82.064487,36.175926],[-82.063751,36.175255],[-82.063784,36.175009],[-82.064734,36.175865],[-82.065386,36.175822],[-82.0655,36.175922],[-82.061754,36.176302],[-82.061882,36.175912],[-82.061247,36.175668],[-82.06114,36.175458],[-82.061581,36.175314],[-82.06253,36.175838]]]}},{"id":"64498","type":"Feature","properties":{"OBJECTID":4130,"max_category":0,"label":"0.01 to 0.10 inches","area_acres":1.2968372938541621,"county":"Carter County","watershed":"Upper Doe River"},"geometry":{"type":"Polygon","coordinates":[[[-82.091021,36.145496],[-82.091171,36.145654],[-82.090098,36.146499],[-82.090029,36.146955],[-82.089605,36.147061],[-82.0899,36.14683],[-82.089932,36.146293],[-82.091021,36.145496]]]}},{"id":"64512","type":"Feature","properties":{"OBJECTID":2477,"max_category":0,"label":"0.01 to 0.10 inches","area_acres":2.8182782240068147,"county":"Carter County","watershed":"Buck Creek"},"geometry":{"type":"Polygon","coordinates":[[[-82.048151,36.180209],[-82.04866,36.180611],[-82.04853,36.18161],[-82.049184,36.181585],[-82.050566,36.180054],[-82.050784,36.18027],[-82.049279,36.18171],[-82.048669,36.181699],[-82.048238,36.182493],[-82.048146,36.182323],[-82.048411,36.181939],[-82.048194,36.181864],[-82.048361,36.181798],[-82.048425,36.180825],[-82.047974,36.180468],[-82.048151,36.180209]]]}},{"id":"64526","type":"Feature","properties":{"OBJECTID":4027,"max_category":0,"label":"0.01 to 0.10 inches","area_acres":1.2157449701300995,"county":"Carter County","watershed":"Upper Doe River"},"geometry":{"type":"Polygon","coordinates":[[[-82.07202,36.135036],[-82.072313,36.135494],[-82.072045,36.135288],[-82.070664,36.135322],[-82.070344,36.135154],[-82.070456,36.135048],[-82.07202,36.135036]]]}},{"id":"64530","type":"Feature","properties":{"OBJECTID":4700,"max_category":0,"label":"0.01 to 0.10 inches","area_acres":2.0110995621633574,"county":"Carter County","watershed":"Upper Doe River"},"geometry":{"type":"Polygon","coordinates":[[[-82.102664,36.124919],[-82.102819,36.124995],[-82.102785,36.125215],[-82.102205,36.125663],[-82.101822,36.126278],[-82.101846,36.126916],[-82.10162,36.12719],[-82.101565,36.127916],[-82.101444,36.127151],[-82.101669,36.126882],[-82.101646,36.126239],[-82.101965,36.125775],[-82.102015,36.125203],[-82.102664,36.124919]]]}},{"id":"64531","type":"Feature","properties":{"OBJECTID":2342,"max_category":0,"label":"0.01 to 0.10 inches","area_acres":0.8018757611925881,"county":"Carter County","watershed":"Buck Creek"},"geometry":{"type":"Polygon","coordinates":[[[-82.045715,36.183018],[-82.045856,36.183188],[-82.044939,36.183747],[-82.044476,36.18365],[-82.044602,36.18344],[-82.045185,36.183416],[-82.045715,36.183018]]]}},{"id":"64543","type":"Feature","properties":{"OBJECTID":2408,"max_category":0,"label":"0.01 to 0.10 inches","area_acres":2.8419459614549347,"county":"Carter County","watershed":"Upper Doe River"},"geometry":{"type":"Polygon","coordinates":[[[-82.076668,36.168887],[-82.076853,36.169072],[-82.076674,36.16906],[-82.076333,36.169354],[-82.076266,36.169692],[-82.075918,36.170024],[-82.076061,36.170694],[-82.075643,36.170896],[-82.074929,36.170928],[-82.074875,36.170802],[-82.075466,36.170493],[-82.075743,36.17007],[-82.074804,36.17023],[-82.074662,36.170145],[-82.074739,36.169926],[-82.075817,36.169761],[-82.076668,36.168887]]]}},{"id":"64547","type":"Feature","properties":{"OBJECTID":4698,"max_category":0,"label":"0.01 to 0.10 inches","area_acres":20.034681670523785,"county":"Carter County","watershed":"Upper Doe River"},"geometry":{"type":"Polygon","coordinates":[[[-82.108701,36.131251],[-82.108817,36.133731],[-82.10894,36.133287],[-82.109257,36.13301],[-82.109341,36.132378],[-82.109753,36.131816],[-82.109986,36.131805],[-82.110068,36.131962],[-82.109565,36.132915],[-82.110365,36.132231],[-82.110666,36.132482],[-82.109052,36.13368],[-82.108735,36.134227],[-82.110335,36.133194],[-82.110732,36.1331],[-82.110937,36.133355],[-82.110889,36.133532],[-82.110418,36.133549],[-82.109617,36.133844],[-82.108804,36.134376],[-82.108848,36.134532],[-82.109217,36.134372],[-82.110273,36.134317],[-82.110857,36.134001],[-82.111103,36.134152],[-82.110649,36.134613],[-82.108872,36.134743],[-82.108201,36.135323],[-82.108408,36.136297],[-82.108999,36.135985],[-82.109217,36.135263],[-82.109519,36.13503],[-82.109817,36.135078],[-82.109596,36.135423],[-82.109966,36.135454],[-82.109345,36.136072],[-82.110018,36.135762],[-82.110564,36.135146],[-82.110904,36.13516],[-82.110592,36.135839],[-82.108563,36.136372],[-82.108499,36.136703],[-82.108242,36.136492],[-82.108217,36.135927],[-82.107761,36.135433],[-82.107735,36.13484],[-82.1074,36.134051],[-82.106426,36.133272],[-82.106381,36.132236],[-82.106203,36.132014],[-82.10676,36.131508],[-82.106918,36.131517],[-82.106791,36.133018],[-82.107194,36.133328],[-82.107221,36.133639],[-82.107493,36.133847],[-82.107458,36.132847],[-82.107644,36.132684],[-82.107842,36.132727],[-82.10781,36.133982],[-82.107999,36.134125],[-82.108527,36.133414],[-82.108118,36.131543],[-82.108221,36.131356],[-82.108455,36.131474],[-82.108701,36.131251]],[[-82.107981,36.135074],[-82.107952,36.135027],[-82.107995,36.135436],[-82.107981,36.135074]],[[-82.108618,36.134419],[-82.108373,36.134521],[-82.108159,36.135122],[-82.10871,36.134646],[-82.108618,36.134419]],[[-82.10761,36.134051],[-82.107614,36.134152],[-82.107831,36.134698],[-82.107812,36.134206],[-82.10761,36.134051]],[[-82.108637,36.133641],[-82.108157,36.134197],[-82.108082,36.134876],[-82.108209,36.134456],[-82.10856,36.134278],[-82.108637,36.133641]]]}},{"id":"64549","type":"Feature","properties":{"OBJECTID":2421,"max_category":0,"label":"0.01 to 0.10 inches","area_acres":4.351852305843341,"county":"Carter County","watershed":"Upper Doe River"},"geometry":{"type":"Polygon","coordinates":[[[-82.075055,36.17472],[-82.07608,36.175636],[-82.076078,36.175979],[-82.076882,36.176623],[-82.075922,36.176057],[-82.075407,36.176088],[-82.074927,36.175725],[-82.074199,36.175756],[-82.074136,36.175582],[-82.074512,36.175482],[-82.074501,36.175294],[-82.07367,36.175112],[-82.073713,36.17498],[-82.073416,36.174711],[-82.073838,36.174702],[-82.073778,36.174427],[-82.073939,36.174379],[-82.074227,36.174839],[-82.075649,36.175866],[-82.075931,36.17587],[-82.075839,36.175647],[-82.074869,36.175172],[-82.074863,36.174725],[-82.075055,36.17472]],[[-82.075163,36.175691],[-82.075141,36.175692],[-82.07551,36.175956],[-82.075163,36.175691]]]}},{"id":"64552","type":"Feature","properties":{"OBJECTID":4261,"max_category":0,"label":"0.01 to 0.10 inches","area_acres":1.3176688246242583,"county":"Carter County","watershed":"Upper Doe River"},"geometry":{"type":"Polygon","coordinates":[[[-82.095841,36.124569],[-82.096041,36.124846],[-82.096032,36.125486],[-82.096572,36.125741],[-82.096647,36.126282],[-82.096411,36.12581],[-82.096075,36.125766],[-82.095656,36.125438],[-82.09566,36.124741],[-82.095841,36.124569]]]}},{"id":"64567","type":"Feature","properties":{"OBJECTID":342,"max_category":0,"label":"0.01 to 0.10 inches","area_acres":6.747996486642143,"county":"Carter County","watershed":"Buck Creek"},"geometry":{"type":"Polygon","coordinates":[[[-82.039297,36.171965],[-82.040035,36.172579],[-82.040933,36.173023],[-82.041586,36.17243],[-82.041917,36.17258],[-82.041575,36.17298],[-82.042218,36.172854],[-82.042398,36.172999],[-82.042282,36.173489],[-82.041681,36.17323],[-82.041057,36.173163],[-82.041099,36.173363],[-82.041889,36.173646],[-82.041931,36.173839],[-82.041694,36.173943],[-82.041113,36.173724],[-82.04154,36.174266],[-82.041431,36.174466],[-82.041207,36.174408],[-82.041109,36.174913],[-82.040809,36.174715],[-82.040822,36.174267],[-82.040618,36.174486],[-82.040455,36.17443],[-82.040919,36.173262],[-82.040369,36.172878],[-82.040412,36.174088],[-82.040172,36.174332],[-82.039942,36.174303],[-82.039832,36.174043],[-82.040182,36.173496],[-82.040191,36.17284],[-82.039232,36.172081],[-82.039297,36.171965]]]}},{"id":"64568","type":"Feature","properties":{"OBJECTID":4496,"max_category":0,"label":"0.01 to 0.10 inches","area_acres":1.0326222467893085,"county":"Carter County","watershed":"Upper Doe River"},"geometry":{"type":"Polygon","coordinates":[[[-82.044264,36.142875],[-82.044579,36.14306],[-82.04531,36.143044],[-82.045785,36.143262],[-82.044652,36.143201],[-82.043895,36.143373],[-82.043797,36.143221],[-82.044137,36.143153],[-82.044049,36.142925],[-82.044264,36.142875]]]}},{"id":"64586","type":"Feature","properties":{"OBJECTID":3986,"max_category":0,"label":"0.01 to 0.10 inches","area_acres":3.720571971297742,"county":"Carter County","watershed":"Upper Doe River"},"geometry":{"type":"Polygon","coordinates":[[[-82.05957,36.141751],[-82.059995,36.141996],[-82.059978,36.142284],[-82.059339,36.141983],[-82.05816,36.142012],[-82.05795,36.142278],[-82.058104,36.142542],[-82.057645,36.142739],[-82.056941,36.143487],[-82.056678,36.143364],[-82.056729,36.142926],[-82.058028,36.141692],[-82.05957,36.141751]]]}},{"id":"64589","type":"Feature","properties":{"OBJECTID":4127,"max_category":0,"label":"0.01 to 0.10 inches","area_acres":1.3498126035441032,"county":"Carter County","watershed":"Upper Doe River"},"geometry":{"type":"Polygon","coordinates":[[[-82.102714,36.148195],[-82.104453,36.148179],[-82.104603,36.148338],[-82.104356,36.148461],[-82.102957,36.148497],[-82.102789,36.148393],[-82.102512,36.148499],[-82.102714,36.148195]]]}},{"id":"64593","type":"Feature","properties":{"OBJECTID":4033,"max_category":0,"label":"0.01 to 0.10 inches","area_acres":1.4411994904889323,"county":"Carter County","watershed":"Upper Doe River"},"geometry":{"type":"Polygon","coordinates":[[[-82.098976,36.148812],[-82.099003,36.149063],[-82.098074,36.14906],[-82.097098,36.149305],[-82.096803,36.149172],[-82.097166,36.148887],[-82.098976,36.148812]]]}},{"id":"64595","type":"Feature","properties":{"OBJECTID":339,"max_category":0,"label":"0.01 to 0.10 inches","area_acres":3.182577436532638,"county":"Carter County","watershed":"Upper Doe River"},"geometry":{"type":"Polygon","coordinates":[[[-82.054859,36.170286],[-82.0548,36.170879],[-82.055089,36.171505],[-82.054685,36.171411],[-82.054441,36.172437],[-82.053736,36.172842],[-82.053609,36.172473],[-82.054674,36.171162],[-82.053795,36.171714],[-82.05354,36.171599],[-82.053783,36.17139],[-82.054252,36.171318],[-82.054628,36.170993],[-82.054859,36.170286]]]}},{"id":"64597","type":"Feature","properties":{"OBJECTID":2434,"max_category":0,"label":"0.01 to 0.10 inches","area_acres":4.589341005892954,"county":"Carter County","watershed":"Upper Doe River"},"geometry":{"type":"Polygon","coordinates":[[[-82.068574,36.176813],[-82.070335,36.176886],[-82.070459,36.177309],[-82.070158,36.177436],[-82.069075,36.176943],[-82.068335,36.176962],[-82.067835,36.177167],[-82.067557,36.177574],[-82.067356,36.177492],[-82.067735,36.177044],[-82.068537,36.176636],[-82.068887,36.17577],[-82.069268,36.175779],[-82.069897,36.175323],[-82.069984,36.175475],[-82.069719,36.17574],[-82.070478,36.175584],[-82.070727,36.175688],[-82.070692,36.176021],[-82.06915,36.176117],[-82.068574,36.176813]]]}},{"id":"64603","type":"Feature","properties":{"OBJECTID":2443,"max_category":0,"label":"0.01 to 0.10 inches","area_acres":1.186272753441776,"county":"Carter County","watershed":"Upper Doe River"},"geometry":{"type":"Polygon","coordinates":[[[-82.066194,36.163544],[-82.066722,36.16392],[-82.067029,36.164473],[-82.067261,36.164574],[-82.067202,36.164694],[-82.066849,36.164584],[-82.066028,36.163769],[-82.066194,36.163544]]]}},{"id":"64617","type":"Feature","properties":{"OBJECTID":4044,"max_category":0,"label":"0.01 to 0.10 inches","area_acres":0.8120996582846944,"county":"Carter County","watershed":"Upper Doe River"},"geometry":{"type":"Polygon","coordinates":[[[-82.102202,36.141063],[-82.102549,36.141219],[-82.102539,36.141402],[-82.102072,36.141291],[-82.10122,36.141434],[-82.10139,36.141089],[-82.102202,36.141063]]]}},{"id":"64627","type":"Feature","properties":{"OBJECTID":3035,"max_category":0,"label":"0.01 to 0.10 inches","area_acres":7.894970554414224,"county":"Carter County","watershed":"Upper Doe River"},"geometry":{"type":"Polygon","coordinates":[[[-82.084367,36.171689],[-82.084686,36.17241],[-82.08548,36.172942],[-82.085553,36.17379],[-82.086002,36.174069],[-82.086012,36.174277],[-82.085738,36.174242],[-82.085826,36.174717],[-82.086436,36.175616],[-82.086176,36.175682],[-82.085782,36.175358],[-82.085696,36.175765],[-82.085999,36.176602],[-82.085901,36.176766],[-82.08563,36.176735],[-82.085451,36.176534],[-82.085288,36.175887],[-82.085369,36.175368],[-82.085193,36.175543],[-82.085037,36.175495],[-82.085272,36.174612],[-82.084909,36.174942],[-82.084675,36.1749],[-82.085154,36.174185],[-82.084975,36.173039],[-82.084871,36.172934],[-82.084413,36.173114],[-82.084623,36.172714],[-82.084548,36.172505],[-82.084195,36.172979],[-82.083986,36.172828],[-82.0844,36.172254],[-82.084225,36.172039],[-82.084367,36.171689]],[[-82.084902,36.172752],[-82.085142,36.172978],[-82.085284,36.173478],[-82.085312,36.173003],[-82.084902,36.172752]]]}},{"id":"64643","type":"Feature","properties":{"OBJECTID":2346,"max_category":0,"label":"0.01 to 0.10 inches","area_acres":1.4970571777804031,"county":"Carter County","watershed":"Upper Doe River"},"geometry":{"type":"Polygon","coordinates":[[[-82.062014,36.187283],[-82.062009,36.187451],[-82.060976,36.187562],[-82.060041,36.188935],[-82.059747,36.189049],[-82.059533,36.188971],[-82.060596,36.187965],[-82.060881,36.187436],[-82.062014,36.187283]]]}},{"id":"64653","type":"Feature","properties":{"OBJECTID":3950,"max_category":0,"label":"0.01 to 0.10 inches","area_acres":12.36696689643403,"county":"Carter County","watershed":"Buck Creek"},"geometry":{"type":"Polygon","coordinates":[[[-82.032516,36.151219],[-82.032588,36.151364],[-82.032289,36.151423],[-82.031686,36.152028],[-82.031616,36.152985],[-82.03094,36.153805],[-82.030895,36.15451],[-82.030704,36.154745],[-82.03068,36.155814],[-82.030063,36.155592],[-82.030121,36.155106],[-82.029732,36.155436],[-82.029502,36.155387],[-82.030379,36.154374],[-82.029559,36.154868],[-82.029329,36.154821],[-82.029306,36.154622],[-82.030415,36.153965],[-82.030579,36.153822],[-82.030303,36.153607],[-82.030735,36.153489],[-82.031473,36.152853],[-82.031481,36.152035],[-82.03204,36.151429],[-82.0308,36.15146],[-82.029768,36.152378],[-82.029303,36.153706],[-82.029079,36.153878],[-82.028969,36.154699],[-82.028654,36.155095],[-82.028221,36.155341],[-82.028008,36.155241],[-82.028507,36.154541],[-82.02767,36.154969],[-82.027403,36.154872],[-82.028496,36.153946],[-82.028147,36.153966],[-82.028071,36.153803],[-82.028731,36.153521],[-82.029607,36.152309],[-82.0307,36.151337],[-82.032516,36.151219]]]}},{"id":"64659","type":"Feature","properties":{"OBJECTID":3984,"max_category":0,"label":"0.01 to 0.10 inches","area_acres":1.8887258753564382,"county":"Carter County","watershed":"Upper Doe River"},"geometry":{"type":"Polygon","coordinates":[[[-82.068143,36.139998],[-82.068377,36.140293],[-82.068025,36.140816],[-82.067816,36.142374],[-82.067667,36.140457],[-82.068143,36.139998]]]}},{"id":"64669","type":"Feature","properties":{"OBJECTID":4274,"max_category":0,"label":"0.01 to 0.10 inches","area_acres":21.68659206014697,"county":"Carter County","watershed":"Upper Doe River"},"geometry":{"type":"Polygon","coordinates":[[[-82.084153,36.105956],[-82.084449,36.106121],[-82.084633,36.108254],[-82.084764,36.108288],[-82.0848,36.107074],[-82.085327,36.106997],[-82.085012,36.107463],[-82.085204,36.108129],[-82.08579,36.107207],[-82.086304,36.106821],[-82.086474,36.106858],[-82.086445,36.107218],[-82.086729,36.107296],[-82.085233,36.108861],[-82.085177,36.110054],[-82.086052,36.109569],[-82.085851,36.10999],[-82.087134,36.108932],[-82.087326,36.10899],[-82.087336,36.109195],[-82.086646,36.109797],[-82.087274,36.109643],[-82.087469,36.109782],[-82.087194,36.110055],[-82.086586,36.11016],[-82.085193,36.111363],[-82.085027,36.112338],[-82.086236,36.111333],[-82.086416,36.111467],[-82.086365,36.111684],[-82.085229,36.11253],[-82.08481,36.112462],[-82.084175,36.111499],[-82.083232,36.110733],[-82.083425,36.110538],[-82.08376,36.110773],[-82.084333,36.111319],[-82.084632,36.111917],[-82.084419,36.109019],[-82.08391,36.1081],[-82.084177,36.107998],[-82.083987,36.107466],[-82.083936,36.106143],[-82.084153,36.105956]]]}},{"id":"64673","type":"Feature","properties":{"OBJECTID":3913,"max_category":0,"label":"0.01 to 0.10 inches","area_acres":3.2895835426130255,"county":"Carter County","watershed":"Buck Creek"},"geometry":{"type":"Polygon","coordinates":[[[-82.037514,36.182177],[-82.037708,36.18234],[-82.037688,36.18273],[-82.036723,36.184029],[-82.036704,36.184425],[-82.037082,36.184563],[-82.036806,36.184699],[-82.036217,36.184246],[-82.036141,36.182182],[-82.036471,36.18213],[-82.036695,36.182424],[-82.03644,36.182827],[-82.03639,36.184198],[-82.036524,36.184334],[-82.036585,36.183916],[-82.03697,36.183579],[-82.037144,36.182615],[-82.037514,36.182177]]]}},{"id":"64675","type":"Feature","properties":{"OBJECTID":4813,"max_category":0,"label":"0.01 to 0.10 inches","area_acres":1.7166825901069365,"county":"Carter County","watershed":"Buck Creek"},"geometry":{"type":"Polygon","coordinates":[[[-82.022547,36.168175],[-82.022702,36.16847],[-82.02229,36.168571],[-82.022809,36.168773],[-82.022919,36.169222],[-82.022162,36.168769],[-82.021401,36.169122],[-82.021567,36.168791],[-82.021922,36.168767],[-82.022189,36.168568],[-82.022031,36.168413],[-82.021786,36.168642],[-82.021879,36.168295],[-82.022547,36.168175]]]}},{"id":"64685","type":"Feature","properties":{"OBJECTID":2381,"max_category":0,"label":"0.01 to 0.10 inches","area_acres":0.9944154674649336,"county":"Carter County","watershed":"Upper Doe River"},"geometry":{"type":"Polygon","coordinates":[[[-82.065033,36.179187],[-82.065959,36.179466],[-82.06584,36.179651],[-82.065198,36.17965],[-82.064718,36.179477],[-82.065033,36.179187]]]}},{"id":"64688","type":"Feature","properties":{"OBJECTID":4276,"max_category":0,"label":"0.01 to 0.10 inches","area_acres":20.335877460615354,"county":"Carter County","watershed":"Upper Doe River"},"geometry":{"type":"Polygon","coordinates":[[[-82.062942,36.113717],[-82.063137,36.113907],[-82.063159,36.114441],[-82.063534,36.114631],[-82.063988,36.115926],[-82.063859,36.114884],[-82.064159,36.115027],[-82.064366,36.115889],[-82.064354,36.114747],[-82.064462,36.114641],[-82.064784,36.114724],[-82.064419,36.116388],[-82.064993,36.117226],[-82.066664,36.118614],[-82.067133,36.117584],[-82.067028,36.115695],[-82.06661,36.115236],[-82.066555,36.114816],[-82.066853,36.114809],[-82.0672,36.115647],[-82.067252,36.116971],[-82.067195,36.11387],[-82.067316,36.113598],[-82.067517,36.113635],[-82.067891,36.114251],[-82.067778,36.114767],[-82.068149,36.114521],[-82.068614,36.114714],[-82.068527,36.114887],[-82.068041,36.115024],[-82.06773,36.115292],[-82.067448,36.115877],[-82.067328,36.117189],[-82.068121,36.11675],[-82.068551,36.116772],[-82.068633,36.116944],[-82.067651,36.117233],[-82.067307,36.117529],[-82.066721,36.119024],[-82.067068,36.120142],[-82.068141,36.121043],[-82.068959,36.12265],[-82.069579,36.123233],[-82.070153,36.124143],[-82.068797,36.12272],[-82.067979,36.121113],[-82.066904,36.120207],[-82.066509,36.118978],[-82.065042,36.118232],[-82.063553,36.118352],[-82.063108,36.118219],[-82.063023,36.118083],[-82.063234,36.117838],[-82.062417,36.117716],[-82.062229,36.117521],[-82.062197,36.117337],[-82.062424,36.117306],[-82.06371,36.117874],[-82.06388,36.117734],[-82.064455,36.11789],[-82.065667,36.118303],[-82.066536,36.118803],[-82.06632,36.118461],[-82.064838,36.117303],[-82.064019,36.116279],[-82.062817,36.116077],[-82.062726,36.115317],[-82.063972,36.11611],[-82.063434,36.115425],[-82.062843,36.114199],[-82.062758,36.113835],[-82.062942,36.113717]],[[-82.067463,36.11557],[-82.067432,36.115465],[-82.067437,36.1156],[-82.067463,36.11557]]]}},{"id":"64693","type":"Feature","properties":{"OBJECTID":4096,"max_category":0,"label":"0.01 to 0.10 inches","area_acres":1.2040522114010592,"county":"Carter County","watershed":"Upper Doe River"},"geometry":{"type":"Polygon","coordinates":[[[-82.102481,36.143034],[-82.102558,36.143144],[-82.102321,36.143237],[-82.10259,36.143276],[-82.102564,36.143445],[-82.10113,36.143497],[-82.101568,36.14309],[-82.102481,36.143034]]]}},{"id":"64694","type":"Feature","properties":{"OBJECTID":3985,"max_category":0,"label":"0.01 to 0.10 inches","area_acres":1.735842623830971,"county":"Carter County","watershed":"Upper Doe River"},"geometry":{"type":"Polygon","coordinates":[[[-82.071674,36.14285],[-82.071903,36.143062],[-82.071811,36.143249],[-82.070651,36.143486],[-82.070185,36.143717],[-82.069113,36.144558],[-82.069166,36.144739],[-82.068998,36.144708],[-82.068923,36.144513],[-82.069759,36.143792],[-82.070575,36.14335],[-82.071011,36.143306],[-82.071674,36.14285]]]}},{"id":"64705","type":"Feature","properties":{"OBJECTID":352,"max_category":0,"label":"0.01 to 0.10 inches","area_acres":9.973360464443195,"county":"Carter County","watershed":"Buck Creek"},"geometry":{"type":"Polygon","coordinates":[[[-82.042492,36.173974],[-82.043058,36.174537],[-82.043439,36.174669],[-82.043553,36.175155],[-82.044078,36.174533],[-82.045176,36.173784],[-82.04543,36.173338],[-82.045507,36.172677],[-82.045938,36.172659],[-82.046044,36.172841],[-82.046647,36.173104],[-82.045872,36.173208],[-82.045384,36.173765],[-82.046716,36.17378],[-82.046691,36.174009],[-82.045884,36.174032],[-82.046541,36.17442],[-82.046545,36.174627],[-82.044909,36.174194],[-82.043804,36.174977],[-82.043622,36.175549],[-82.043826,36.175322],[-82.044539,36.175297],[-82.045627,36.174721],[-82.045933,36.17483],[-82.045705,36.175076],[-82.046097,36.175073],[-82.046165,36.175238],[-82.043906,36.175456],[-82.043637,36.176011],[-82.043423,36.175745],[-82.043387,36.175304],[-82.042178,36.175139],[-82.042428,36.174965],[-82.043363,36.175134],[-82.043267,36.174812],[-82.041525,36.174756],[-82.041632,36.17455],[-82.042334,36.174445],[-82.042176,36.174113],[-82.042492,36.173974]]]}},{"id":"64712","type":"Feature","properties":{"OBJECTID":323,"max_category":0,"label":"0.01 to 0.10 inches","area_acres":5.987093188594776,"county":"Carter County","watershed":"Upper Doe River"},"geometry":{"type":"Polygon","coordinates":[[[-82.070104,36.156768],[-82.070448,36.156921],[-82.070445,36.157077],[-82.070076,36.156913],[-82.068734,36.157275],[-82.070274,36.158495],[-82.070571,36.158481],[-82.070492,36.158632],[-82.070185,36.158622],[-82.068948,36.157627],[-82.068215,36.157627],[-82.068565,36.157279],[-82.066347,36.15747],[-82.066177,36.157382],[-82.066314,36.157134],[-82.065546,36.156845],[-82.065472,36.156676],[-82.065981,36.156461],[-82.066828,36.156987],[-82.067182,36.157007],[-82.067862,36.156852],[-82.06767,36.156566],[-82.067874,36.156495],[-82.068832,36.157102],[-82.070104,36.156768]]]}},{"id":"64724","type":"Feature","properties":{"OBJECTID":4500,"max_category":0,"label":"0.01 to 0.10 inches","area_acres":0.8290467326722345,"county":"Carter County","watershed":"Upper Doe River"},"geometry":{"type":"Polygon","coordinates":[[[-82.052695,36.1472],[-82.053032,36.147551],[-82.052989,36.148241],[-82.052526,36.147702],[-82.052695,36.1472]]]}},{"id":"64726","type":"Feature","properties":{"OBJECTID":2396,"max_category":0,"label":"0.01 to 0.10 inches","area_acres":0.6106355815799476,"county":"Carter County","watershed":"Upper Doe River"},"geometry":{"type":"Polygon","coordinates":[[[-82.066749,36.17455],[-82.06705,36.174591],[-82.067104,36.174817],[-82.066379,36.17502],[-82.06631,36.17473],[-82.066749,36.17455]]]}},{"id":"64731","type":"Feature","properties":{"OBJECTID":4742,"max_category":0,"label":"0.01 to 0.10 inches","area_acres":59.104665549168004,"county":"Carter County","watershed":"Upper Doe River"},"geometry":{"type":"Polygon","coordinates":[[[-82.0791,36.108447],[-82.07926,36.10857],[-82.079201,36.109803],[-82.078388,36.110545],[-82.078661,36.110637],[-82.078459,36.11105],[-82.078542,36.111226],[-82.077796,36.111907],[-82.077672,36.112202],[-82.078859,36.111589],[-82.079036,36.111854],[-82.078023,36.112108],[-82.075342,36.114592],[-82.076849,36.113368],[-82.07919,36.11331],[-82.079311,36.113438],[-82.079166,36.113563],[-82.07676,36.113623],[-82.075783,36.114467],[-82.077921,36.114387],[-82.078743,36.114173],[-82.078998,36.114411],[-82.078066,36.11491],[-82.075414,36.114729],[-82.074114,36.115709],[-82.073505,36.116736],[-82.075585,36.116478],[-82.075996,36.116688],[-82.077427,36.116652],[-82.077703,36.116803],[-82.077249,36.117017],[-82.07672,36.11706],[-82.0736,36.116891],[-82.073108,36.117741],[-82.073027,36.118301],[-82.075094,36.11803],[-82.076274,36.117369],[-82.076485,36.11738],[-82.076585,36.117564],[-82.075732,36.117744],[-82.075607,36.117852],[-82.075785,36.117946],[-82.075745,36.118101],[-82.075068,36.118446],[-82.074378,36.118575],[-82.072952,36.118556],[-82.072705,36.119782],[-82.072382,36.120408],[-82.071869,36.120795],[-82.071647,36.121195],[-82.072398,36.121038],[-82.074063,36.120309],[-82.074637,36.119814],[-82.074946,36.11915],[-82.075167,36.119121],[-82.075212,36.119346],[-82.076573,36.118625],[-82.077971,36.11716],[-82.078077,36.117609],[-82.077354,36.118471],[-82.077419,36.11867],[-82.076868,36.119027],[-82.076061,36.119247],[-82.074802,36.120071],[-82.076402,36.119976],[-82.078123,36.120238],[-82.078248,36.120417],[-82.077091,36.120568],[-82.077747,36.120849],[-82.07756,36.121023],[-82.076924,36.12071],[-82.076198,36.120645],[-82.076072,36.120813],[-82.075633,36.120605],[-82.074547,36.12055],[-82.073875,36.120567],[-82.072845,36.121002],[-82.074692,36.12101],[-82.075154,36.121244],[-82.075067,36.121388],[-82.072404,36.121208],[-82.071703,36.121336],[-82.071151,36.122629],[-82.070576,36.123301],[-82.070741,36.124103],[-82.070922,36.124098],[-82.072754,36.122578],[-82.074788,36.122435],[-82.075526,36.121869],[-82.075741,36.122001],[-82.07543,36.122334],[-82.076039,36.12181],[-82.076449,36.121751],[-82.07647,36.121899],[-82.076014,36.122294],[-82.076138,36.122291],[-82.077077,36.122047],[-82.077697,36.121649],[-82.077819,36.121864],[-82.078341,36.121973],[-82.078234,36.122128],[-82.077862,36.122143],[-82.078191,36.12242],[-82.076813,36.122554],[-82.077022,36.122711],[-82.076914,36.122881],[-82.076037,36.122682],[-82.074908,36.122849],[-82.074224,36.122729],[-82.072808,36.122765],[-82.071017,36.124224],[-82.070662,36.124248],[-82.07052,36.124484],[-82.070355,36.127363],[-82.069625,36.128574],[-82.069529,36.129022],[-82.069031,36.129505],[-82.06898,36.129353],[-82.069362,36.128961],[-82.069454,36.128521],[-82.070181,36.127319],[-82.070343,36.12445],[-82.070565,36.124067],[-82.070403,36.123253],[-82.071141,36.122293],[-82.071538,36.120935],[-82.072218,36.120342],[-82.072533,36.11973],[-82.072934,36.117693],[-82.074062,36.115404],[-82.0741,36.114638],[-82.072862,36.113666],[-82.072643,36.113255],[-82.072857,36.113203],[-82.073363,36.113559],[-82.074146,36.114265],[-82.074232,36.114515],[-82.074392,36.114296],[-82.074291,36.112544],[-82.07374,36.112116],[-82.07355,36.111741],[-82.073629,36.111159],[-82.072812,36.109996],[-82.073086,36.109963],[-82.073638,36.110576],[-82.073814,36.111399],[-82.074368,36.112247],[-82.074464,36.110788],[-82.075202,36.109377],[-82.075395,36.109468],[-82.075411,36.109839],[-82.074714,36.111022],[-82.074662,36.111428],[-82.07513,36.110777],[-82.07519,36.111083],[-82.075585,36.110707],[-82.07572,36.110766],[-82.075663,36.111044],[-82.075924,36.110865],[-82.076267,36.11094],[-82.074533,36.112483],[-82.074569,36.114331],[-82.074313,36.114715],[-82.074235,36.115339],[-82.077074,36.11269],[-82.076864,36.110787],[-82.077217,36.111021],[-82.077275,36.11246],[-82.077433,36.112324],[-82.07762,36.111907],[-82.077602,36.111191],[-82.078217,36.110698],[-82.078246,36.110091],[-82.078892,36.109731],[-82.078889,36.108762],[-82.0791,36.108447]]]}},{"id":"64735","type":"Feature","properties":{"OBJECTID":4505,"max_category":0,"label":"0.01 to 0.10 inches","area_acres":0.6485610606183301,"county":"Carter County","watershed":"Buck Creek"},"geometry":{"type":"Polygon","coordinates":[[[-82.031096,36.165682],[-82.031211,36.165814],[-82.030532,36.166375],[-82.030443,36.166629],[-82.030365,36.166313],[-82.030668,36.165879],[-82.031096,36.165682]]]}},{"id":"64739","type":"Feature","properties":{"OBJECTID":4524,"max_category":0,"label":"0.01 to 0.10 inches","area_acres":2.191889213865322,"county":"Carter County","watershed":"Buck Creek"},"geometry":{"type":"Polygon","coordinates":[[[-82.03195,36.161374],[-82.032445,36.161857],[-82.033526,36.161961],[-82.034253,36.162841],[-82.034282,36.163142],[-82.033431,36.162085],[-82.031576,36.16211],[-82.031451,36.161891],[-82.03195,36.161911],[-82.031662,36.16148],[-82.03195,36.161374]]]}},{"id":"64741","type":"Feature","properties":{"OBJECTID":2403,"max_category":0,"label":"0.01 to 0.10 inches","area_acres":0.7803397716837259,"county":"Carter County","watershed":"Upper Doe River"},"geometry":{"type":"Polygon","coordinates":[[[-82.074862,36.180173],[-82.074935,36.180448],[-82.074779,36.180318],[-82.074227,36.180332],[-82.073631,36.180781],[-82.07344,36.180633],[-82.074156,36.180194],[-82.074862,36.180173]]]}},{"id":"64753","type":"Feature","properties":{"OBJECTID":2420,"max_category":0,"label":"0.01 to 0.10 inches","area_acres":0.9256457484345684,"county":"Carter County","watershed":"Upper Doe River"},"geometry":{"type":"Polygon","coordinates":[[[-82.07807,36.17542],[-82.078747,36.176071],[-82.078794,36.17636],[-82.077978,36.17573],[-82.077498,36.175762],[-82.077583,36.1755],[-82.07807,36.17542]]]}},{"id":"64755","type":"Feature","properties":{"OBJECTID":4280,"max_category":0,"label":"0.01 to 0.10 inches","area_acres":4.94440222294047,"county":"Carter County","watershed":"Upper Doe River"},"geometry":{"type":"Polygon","coordinates":[[[-82.061802,36.117594],[-82.061656,36.118568],[-82.062086,36.118201],[-82.062288,36.118267],[-82.062184,36.118575],[-82.061448,36.119325],[-82.061486,36.120309],[-82.061612,36.120966],[-82.062395,36.12213],[-82.062323,36.12223],[-82.061805,36.121975],[-82.061358,36.121464],[-82.061404,36.121225],[-82.061588,36.121267],[-82.0614,36.1209],[-82.061245,36.119495],[-82.06091,36.118706],[-82.060593,36.118387],[-82.060707,36.118176],[-82.060952,36.118251],[-82.061213,36.118568],[-82.061272,36.119133],[-82.061418,36.117707],[-82.061802,36.117594]]]}},{"id":"64757","type":"Feature","properties":{"OBJECTID":4486,"max_category":0,"label":"0.01 to 0.10 inches","area_acres":5.294884997466204,"county":"Carter County","watershed":"Upper Doe River"},"geometry":{"type":"Polygon","coordinates":[[[-82.067074,36.131505],[-82.067075,36.131672],[-82.066407,36.131692],[-82.065301,36.132022],[-82.063888,36.132798],[-82.06371,36.132545],[-82.064142,36.132165],[-82.066164,36.131616],[-82.064678,36.131681],[-82.06428,36.13196],[-82.063643,36.132064],[-82.062232,36.132895],[-82.061638,36.132878],[-82.061271,36.132615],[-82.061402,36.132473],[-82.062298,36.132449],[-82.06361,36.131731],[-82.064302,36.131712],[-82.064833,36.131506],[-82.067074,36.131505]]]}},{"id":"64759","type":"Feature","properties":{"OBJECTID":4089,"max_category":0,"label":"0.01 to 0.10 inches","area_acres":3.3930550621193296,"county":"Carter County","watershed":"Upper Doe River"},"geometry":{"type":"Polygon","coordinates":[[[-82.104851,36.136846],[-82.105035,36.136936],[-82.10501,36.137105],[-82.104639,36.13726],[-82.104555,36.137448],[-82.103738,36.137564],[-82.103771,36.136604],[-82.103591,36.136608],[-82.103011,36.137051],[-82.102481,36.137241],[-82.102487,36.137554],[-82.102322,36.137554],[-82.102326,36.137123],[-82.10292,36.136922],[-82.103538,36.136449],[-82.105156,36.1361],[-82.105146,36.136451],[-82.103949,36.136654],[-82.103967,36.137115],[-82.104851,36.136846]]]}},{"id":"64765","type":"Feature","properties":{"OBJECTID":3907,"max_category":0,"label":"0.01 to 0.10 inches","area_acres":1.955733708683151,"county":"Carter County","watershed":"Buck Creek"},"geometry":{"type":"Polygon","coordinates":[[[-82.007613,36.171236],[-82.007805,36.171344],[-82.007829,36.171956],[-82.008241,36.172089],[-82.008118,36.172732],[-82.00771,36.172943],[-82.007474,36.172602],[-82.007427,36.17133],[-82.007613,36.171236]],[[-82.007669,36.172193],[-82.007679,36.172458],[-82.007825,36.172751],[-82.007871,36.172347],[-82.007669,36.172193]]]}},{"id":"64778","type":"Feature","properties":{"OBJECTID":4507,"max_category":0,"label":"0.01 to 0.10 inches","area_acres":2.8302253963397814,"county":"Carter County","watershed":"Buck Creek"},"geometry":{"type":"Polygon","coordinates":[[[-82.044671,36.167077],[-82.044829,36.16725],[-82.044473,36.167568],[-82.044389,36.168168],[-82.043877,36.168846],[-82.043844,36.169183],[-82.04287,36.169893],[-82.042842,36.169757],[-82.043678,36.169122],[-82.043706,36.168794],[-82.044024,36.168426],[-82.04408,36.166735],[-82.044337,36.166688],[-82.044353,36.167087],[-82.044671,36.167077]]]}},{"id":"64779","type":"Feature","properties":{"OBJECTID":4793,"max_category":0,"label":"0.01 to 0.10 inches","area_acres":18.36849079119411,"county":"Carter County","watershed":"Upper Doe River"},"geometry":{"type":"Polygon","coordinates":[[[-82.038849,36.145731],[-82.042198,36.146417],[-82.043644,36.146436],[-82.042677,36.145778],[-82.042027,36.145677],[-82.04113,36.145185],[-82.040604,36.14539],[-82.038189,36.14545],[-82.037634,36.145369],[-82.037598,36.145138],[-82.039801,36.144965],[-82.040196,36.144763],[-82.040804,36.14486],[-82.042097,36.14554],[-82.042757,36.145646],[-82.043823,36.146376],[-82.044359,36.146422],[-82.045264,36.146835],[-82.046063,36.146988],[-82.045204,36.146976],[-82.04406,36.146513],[-82.041762,36.146543],[-82.040984,36.146988],[-82.040781,36.147412],[-82.040137,36.147463],[-82.039444,36.147885],[-82.03879,36.148044],[-82.038189,36.148001],[-82.038137,36.147792],[-82.03942,36.147448],[-82.039819,36.147196],[-82.037912,36.147243],[-82.037837,36.147029],[-82.038547,36.146865],[-82.040751,36.14681],[-82.040942,36.146673],[-82.038063,36.146744],[-82.037576,36.146466],[-82.037619,36.146344],[-82.038146,36.146271],[-82.039546,36.146235],[-82.03869,36.146042],[-82.037822,36.146061],[-82.037655,36.145988],[-82.037735,36.145846],[-82.038849,36.145731]],[[-82.040648,36.145169],[-82.040491,36.145173],[-82.040399,36.145252],[-82.040556,36.145248],[-82.040648,36.145169]]]}},{"id":"64802","type":"Feature","properties":{"OBJECTID":3908,"max_category":0,"label":"0.01 to 0.10 inches","area_acres":9.462354862611187,"county":"Carter County","watershed":"Buck Creek"},"geometry":{"type":"Polygon","coordinates":[[[-82.011222,36.177111],[-82.011167,36.17733],[-82.010542,36.177408],[-82.010558,36.177899],[-82.010313,36.17844],[-82.009998,36.178453],[-82.010163,36.177416],[-82.009381,36.178109],[-82.009386,36.178927],[-82.009075,36.178915],[-82.009045,36.17837],[-82.008754,36.178564],[-82.008772,36.179625],[-82.008561,36.179592],[-82.008433,36.179207],[-82.008025,36.179702],[-82.007681,36.179867],[-82.007731,36.179156],[-82.008315,36.178847],[-82.007712,36.17878],[-82.007764,36.178529],[-82.008301,36.178407],[-82.007901,36.1781],[-82.00816,36.178013],[-82.008591,36.178302],[-82.008891,36.178295],[-82.010037,36.177307],[-82.008967,36.176704],[-82.008283,36.176556],[-82.007683,36.176681],[-82.006516,36.178536],[-82.006638,36.179086],[-82.006473,36.17921],[-82.006452,36.179718],[-82.006303,36.179871],[-82.006094,36.179817],[-82.006133,36.179356],[-82.005897,36.179209],[-82.005923,36.178989],[-82.006281,36.178785],[-82.006413,36.178364],[-82.006984,36.177641],[-82.007303,36.176775],[-82.007858,36.176268],[-82.00942,36.176697],[-82.010178,36.177219],[-82.010784,36.177259],[-82.011222,36.177111]]]}},{"id":"64809","type":"Feature","properties":{"OBJECTID":281,"max_category":0,"label":"0.01 to 0.10 inches","area_acres":14.172169217427694,"county":"Carter County","watershed":"Buck Creek"},"geometry":{"type":"Polygon","coordinates":[[[-82.051405,36.170372],[-82.051435,36.170859],[-82.050755,36.171451],[-82.050776,36.172067],[-82.050615,36.172223],[-82.050769,36.172905],[-82.050223,36.17299],[-82.050183,36.173358],[-82.050849,36.173443],[-82.0509,36.173612],[-82.050703,36.173746],[-82.050078,36.173763],[-82.049702,36.174087],[-82.050226,36.17427],[-82.050186,36.174463],[-82.049145,36.174596],[-82.049216,36.175623],[-82.048934,36.176168],[-82.048954,36.176821],[-82.048649,36.177093],[-82.048811,36.176689],[-82.048759,36.176124],[-82.04904,36.175584],[-82.048989,36.175123],[-82.046942,36.174828],[-82.046699,36.174623],[-82.047573,36.174344],[-82.047907,36.174581],[-82.048946,36.174894],[-82.048851,36.174164],[-82.048625,36.173992],[-82.046979,36.17407],[-82.046874,36.17384],[-82.047037,36.173753],[-82.048269,36.17372],[-82.047725,36.173464],[-82.047333,36.173459],[-82.046979,36.172949],[-82.047114,36.172815],[-82.047557,36.172929],[-82.047955,36.172833],[-82.048392,36.173512],[-82.048944,36.173932],[-82.048937,36.172767],[-82.049309,36.172558],[-82.049049,36.174386],[-82.049199,36.174004],[-82.049611,36.173646],[-82.049839,36.172998],[-82.050141,36.172959],[-82.050076,36.17247],[-82.049625,36.17273],[-82.049508,36.172465],[-82.050128,36.172027],[-82.050422,36.17139],[-82.051405,36.170372]]]}},{"id":"64813","type":"Feature","properties":{"OBJECTID":4772,"max_category":0,"label":"0.01 to 0.10 inches","area_acres":8.464411019673209,"county":"Carter County","watershed":"Upper Doe River"},"geometry":{"type":"Polygon","coordinates":[[[-82.037023,36.135499],[-82.039976,36.135576],[-82.040831,36.136228],[-82.041411,36.136457],[-82.042093,36.13735],[-82.043702,36.13746],[-82.044186,36.137833],[-82.044197,36.138261],[-82.04404,36.138248],[-82.044022,36.137898],[-82.043518,36.13754],[-82.042007,36.137481],[-82.041635,36.137194],[-82.041471,36.136752],[-82.041029,36.136681],[-82.040035,36.135923],[-82.037809,36.136061],[-82.036715,36.13661],[-82.036436,36.13651],[-82.036423,36.13637],[-82.035817,36.136467],[-82.035698,36.136333],[-82.034612,36.136302],[-82.034942,36.136018],[-82.037005,36.135938],[-82.037434,36.135751],[-82.037027,36.135681],[-82.037023,36.135499]]]}},{"id":"64821","type":"Feature","properties":{"OBJECTID":4282,"max_category":0,"label":"0.01 to 0.10 inches","area_acres":4.815622737994203,"county":"Carter County","watershed":"Upper Doe River"},"geometry":{"type":"Polygon","coordinates":[[[-82.06793,36.123734],[-82.068025,36.123942],[-82.06717,36.12417],[-82.066892,36.12441],[-82.066929,36.125367],[-82.067247,36.125737],[-82.067137,36.125899],[-82.065819,36.12471],[-82.065764,36.123314],[-82.066031,36.123095],[-82.066267,36.123247],[-82.066062,36.12396],[-82.066474,36.124281],[-82.066713,36.125229],[-82.06676,36.123781],[-82.066615,36.123139],[-82.067136,36.12313],[-82.0673,36.123569],[-82.067229,36.123971],[-82.06793,36.123734]],[[-82.065967,36.124137],[-82.065987,36.124649],[-82.066469,36.125043],[-82.066346,36.124479],[-82.065967,36.124137]]]}},{"id":"64834","type":"Feature","properties":{"OBJECTID":4489,"max_category":0,"label":"0.01 to 0.10 inches","area_acres":2.886625663521604,"county":"Carter County","watershed":"Upper Doe River"},"geometry":{"type":"Polygon","coordinates":[[[-82.057865,36.137892],[-82.058,36.138244],[-82.057749,36.139014],[-82.056262,36.140644],[-82.056371,36.140836],[-82.056246,36.140898],[-82.056085,36.140609],[-82.056372,36.140142],[-82.056362,36.139645],[-82.057603,36.138655],[-82.057685,36.138027],[-82.057865,36.137892]],[[-82.057578,36.138912],[-82.056531,36.139702],[-82.056536,36.139832],[-82.057124,36.139436],[-82.057578,36.138912]]]}},{"id":"64837","type":"Feature","properties":{"OBJECTID":4049,"max_category":0,"label":"0.01 to 0.10 inches","area_acres":0.6209004385624919,"county":"Carter County","watershed":"Upper Doe River"},"geometry":{"type":"Polygon","coordinates":[[[-82.093321,36.131731],[-82.093927,36.131462],[-82.09406,36.131538],[-82.093987,36.13215],[-82.093321,36.131731]]]}},{"id":"64849","type":"Feature","properties":{"OBJECTID":356,"max_category":0,"label":"0.01 to 0.10 inches","area_acres":5.967973039666519,"county":"Carter County","watershed":"Buck Creek"},"geometry":{"type":"Polygon","coordinates":[[[-82.048426,36.185671],[-82.048753,36.18573],[-82.048531,36.186127],[-82.048556,36.186776],[-82.049544,36.186179],[-82.050214,36.185091],[-82.050299,36.18437],[-82.050532,36.184485],[-82.050556,36.18497],[-82.051088,36.184877],[-82.051076,36.184444],[-82.051377,36.184086],[-82.051774,36.18417],[-82.051852,36.18432],[-82.051323,36.184655],[-82.051296,36.18483],[-82.05225,36.184586],[-82.052582,36.184828],[-82.052322,36.185],[-82.051629,36.185047],[-82.05219,36.185346],[-82.051967,36.185614],[-82.051566,36.185406],[-82.05138,36.18553],[-82.051077,36.185033],[-82.050344,36.185216],[-82.049697,36.186256],[-82.047891,36.187364],[-82.047835,36.187229],[-82.048379,36.186758],[-82.048207,36.185798],[-82.048426,36.185671]]]}},{"id":"64867","type":"Feature","properties":{"OBJECTID":2348,"max_category":0,"label":"0.01 to 0.10 inches","area_acres":1.765284681650696,"county":"Carter County","watershed":"Buck Creek"},"geometry":{"type":"Polygon","coordinates":[[[-82.057744,36.188982],[-82.056236,36.189038],[-82.056302,36.188938],[-82.057663,36.188848],[-82.058375,36.188405],[-82.058572,36.188002],[-82.0589,36.18803],[-82.059083,36.188206],[-82.059079,36.188566],[-82.058372,36.188616],[-82.057744,36.188982]]]}},{"id":"64870","type":"Feature","properties":{"OBJECTID":4284,"max_category":0,"label":"0.01 to 0.10 inches","area_acres":15.52253381879798,"county":"Carter County","watershed":"Upper Doe River"},"geometry":{"type":"Polygon","coordinates":[[[-82.059407,36.120512],[-82.060202,36.121463],[-82.060226,36.120912],[-82.060513,36.120955],[-82.060704,36.122033],[-82.061378,36.12284],[-82.061849,36.123199],[-82.062482,36.123363],[-82.063502,36.12414],[-82.063752,36.124677],[-82.064885,36.125541],[-82.065784,36.125831],[-82.067187,36.126595],[-82.064885,36.125684],[-82.064311,36.125808],[-82.063053,36.12562],[-82.061853,36.125621],[-82.060632,36.125186],[-82.059451,36.125188],[-82.058171,36.12544],[-82.057258,36.125332],[-82.05729,36.125129],[-82.058186,36.125104],[-82.058167,36.124955],[-82.058599,36.124822],[-82.059526,36.124769],[-82.059099,36.124406],[-82.059285,36.12428],[-82.059992,36.124742],[-82.060214,36.124676],[-82.061009,36.125171],[-82.061902,36.125479],[-82.063096,36.125477],[-82.064348,36.125665],[-82.064674,36.125577],[-82.063908,36.124939],[-82.063162,36.124796],[-82.063297,36.12418],[-82.062397,36.123493],[-82.061228,36.123055],[-82.059198,36.123105],[-82.059208,36.12281],[-82.059791,36.122783],[-82.05954,36.122586],[-82.059567,36.12235],[-82.060581,36.122818],[-82.061205,36.122885],[-82.060847,36.122391],[-82.059852,36.121605],[-82.058609,36.121187],[-82.058386,36.120898],[-82.057849,36.120794],[-82.057731,36.12063],[-82.057815,36.120524],[-82.0585,36.120597],[-82.060005,36.121499],[-82.059267,36.120701],[-82.059407,36.120512]]]}},{"id":"64878","type":"Feature","properties":{"OBJECTID":3969,"max_category":0,"label":"0.01 to 0.10 inches","area_acres":1.546550891502863,"county":"Carter County","watershed":"Upper Doe River"},"geometry":{"type":"Polygon","coordinates":[[[-82.085872,36.162307],[-82.086729,36.162506],[-82.087027,36.162388],[-82.088943,36.162396],[-82.089091,36.162696],[-82.088758,36.162762],[-82.087335,36.162523],[-82.086681,36.162648],[-82.085755,36.162438],[-82.085872,36.162307]]]}},{"id":"64890","type":"Feature","properties":{"OBJECTID":4097,"max_category":0,"label":"0.01 to 0.10 inches","area_acres":4.326138828074844,"county":"Carter County","watershed":"Upper Doe River"},"geometry":{"type":"Polygon","coordinates":[[[-82.088094,36.136308],[-82.088214,36.13649],[-82.087566,36.137026],[-82.087551,36.137323],[-82.086618,36.137505],[-82.086386,36.137875],[-82.086194,36.137879],[-82.086241,36.137593],[-82.08609,36.137511],[-82.086413,36.137189],[-82.086252,36.135629],[-82.086398,36.135245],[-82.086725,36.135078],[-82.086988,36.135225],[-82.08661,36.135952],[-82.086656,36.137162],[-82.086522,36.13735],[-82.087406,36.13656],[-82.088094,36.136308]]]}},{"id":"64895","type":"Feature","properties":{"OBJECTID":4120,"max_category":0,"label":"0.01 to 0.10 inches","area_acres":6.958593383244988,"county":"Carter County","watershed":"Upper Doe River"},"geometry":{"type":"Polygon","coordinates":[[[-82.095756,36.15115],[-82.096382,36.151478],[-82.096402,36.151832],[-82.097361,36.152563],[-82.098221,36.152899],[-82.099762,36.15278],[-82.099825,36.15302],[-82.099656,36.152923],[-82.098167,36.15304],[-82.096472,36.152556],[-82.096167,36.152351],[-82.095697,36.152473],[-82.095289,36.152854],[-82.095248,36.15323],[-82.095025,36.153217],[-82.094561,36.153879],[-82.094247,36.153982],[-82.094242,36.153754],[-82.094716,36.153168],[-82.093986,36.153726],[-82.093639,36.1536],[-82.093448,36.153243],[-82.094043,36.153171],[-82.094185,36.15273],[-82.095058,36.152731],[-82.09552,36.15234],[-82.096528,36.152231],[-82.095797,36.151674],[-82.095338,36.151577],[-82.095756,36.15115]]]}},{"id":"64898","type":"Feature","properties":{"OBJECTID":2467,"max_category":0,"label":"0.01 to 0.10 inches","area_acres":1.3214183874389511,"county":"Carter County","watershed":"Upper Doe River"},"geometry":{"type":"Polygon","coordinates":[[[-82.073443,36.188288],[-82.073679,36.188643],[-82.073433,36.188734],[-82.073517,36.18893],[-82.073281,36.189113],[-82.072786,36.188915],[-82.072204,36.188921],[-82.072264,36.188786],[-82.072921,36.188822],[-82.073107,36.188321],[-82.073443,36.188288]]]}},{"id":"64912","type":"Feature","properties":{"OBJECTID":2351,"max_category":0,"label":"0.01 to 0.10 inches","area_acres":1.4197063201457403,"county":"Carter County","watershed":"Buck Creek"},"geometry":{"type":"Polygon","coordinates":[[[-82.045946,36.181061],[-82.046111,36.18136],[-82.046405,36.181383],[-82.046448,36.181627],[-82.045704,36.181759],[-82.045028,36.182286],[-82.044969,36.182157],[-82.045575,36.181634],[-82.045576,36.181267],[-82.045765,36.181301],[-82.045773,36.181097],[-82.045946,36.181061]]]}},{"id":"64921","type":"Feature","properties":{"OBJECTID":4105,"max_category":0,"label":"0.01 to 0.10 inches","area_acres":1.235034172988592,"county":"Carter County","watershed":"Upper Doe River"},"geometry":{"type":"Polygon","coordinates":[[[-82.10748,36.145271],[-82.10853,36.146069],[-82.108865,36.146164],[-82.109114,36.146478],[-82.108476,36.14633],[-82.107522,36.145601],[-82.107362,36.14535],[-82.10748,36.145271]]]}},{"id":"64923","type":"Feature","properties":{"OBJECTID":3928,"max_category":0,"label":"0.01 to 0.10 inches","area_acres":0.982553528991258,"county":"Carter County","watershed":"Buck Creek"},"geometry":{"type":"Polygon","coordinates":[[[-82.009103,36.17392],[-82.009292,36.174156],[-82.008556,36.174838],[-82.008269,36.174585],[-82.009103,36.17392]]]}},{"id":"64927","type":"Feature","properties":{"OBJECTID":4106,"max_category":0,"label":"0.01 to 0.10 inches","area_acres":2.414540812455442,"county":"Carter County","watershed":"Upper Doe River"},"geometry":{"type":"Polygon","coordinates":[[[-82.106843,36.145425],[-82.107451,36.145647],[-82.108752,36.146637],[-82.108757,36.146786],[-82.108073,36.146711],[-82.107071,36.146086],[-82.106913,36.146125],[-82.107137,36.145683],[-82.106782,36.145572],[-82.106843,36.145425]]]}},{"id":"64947","type":"Feature","properties":{"OBJECTID":4801,"max_category":0,"label":"0.01 to 0.10 inches","area_acres":78.11695161833227,"county":"Carter County","watershed":"Buck Creek"},"geometry":{"type":"Polygon","coordinates":[[[-82.020207,36.160387],[-82.021708,36.161719],[-82.021589,36.160282],[-82.022116,36.160024],[-82.022233,36.160275],[-82.021923,36.160993],[-82.022143,36.161455],[-82.021881,36.161642],[-82.021888,36.161816],[-82.022102,36.16181],[-82.022871,36.161118],[-82.02316,36.160672],[-82.022923,36.159795],[-82.023224,36.159681],[-82.022927,36.158998],[-82.023161,36.158913],[-82.023068,36.158221],[-82.023255,36.157897],[-82.023492,36.157883],[-82.02364,36.158033],[-82.023636,36.158806],[-82.024121,36.158655],[-82.024314,36.15879],[-82.023776,36.159356],[-82.024432,36.159253],[-82.024646,36.159497],[-82.02348,36.160008],[-82.023165,36.161043],[-82.022201,36.161933],[-82.021829,36.162055],[-82.021515,36.162723],[-82.021896,36.164749],[-82.02146,36.165905],[-82.021162,36.166208],[-82.020616,36.165562],[-82.020054,36.165441],[-82.020053,36.164572],[-82.019785,36.163755],[-82.019588,36.163471],[-82.019262,36.163358],[-82.01928,36.162835],[-82.019633,36.162435],[-82.019401,36.161651],[-82.019407,36.160906],[-82.018509,36.160294],[-82.018641,36.159468],[-82.018099,36.158574],[-82.017081,36.158064],[-82.016696,36.158062],[-82.015579,36.157452],[-82.015458,36.157225],[-82.013996,36.15691],[-82.014012,36.156713],[-82.014635,36.156624],[-82.013302,36.15625],[-82.013301,36.155934],[-82.013575,36.155896],[-82.01328,36.15565],[-82.013509,36.155445],[-82.013136,36.154891],[-82.013719,36.155143],[-82.013876,36.155426],[-82.014181,36.155524],[-82.014254,36.155791],[-82.014848,36.155916],[-82.015054,36.155815],[-82.01532,36.156179],[-82.015465,36.155712],[-82.01567,36.155626],[-82.016069,36.15667],[-82.016269,36.156541],[-82.016467,36.156607],[-82.016389,36.157021],[-82.016746,36.15756],[-82.017115,36.157921],[-82.018249,36.158467],[-82.018724,36.159336],[-82.019113,36.15849],[-82.018773,36.157569],[-82.017995,36.157453],[-82.01677,36.156553],[-82.01682,36.15631],[-82.01723,36.156414],[-82.018205,36.157179],[-82.018503,36.157227],[-82.018255,36.156399],[-82.017762,36.155773],[-82.017831,36.15565],[-82.016905,36.155156],[-82.016132,36.155202],[-82.015388,36.155468],[-82.015129,36.155254],[-82.014311,36.155034],[-82.014574,36.154852],[-82.016403,36.154613],[-82.015964,36.154464],[-82.01526,36.154478],[-82.015197,36.154346],[-82.014448,36.154502],[-82.014119,36.154434],[-82.01434,36.154101],[-82.014744,36.154022],[-82.014061,36.153987],[-82.013992,36.153864],[-82.014639,36.153667],[-82.014691,36.153502],[-82.01413,36.152922],[-82.014065,36.152214],[-82.014124,36.151741],[-82.014638,36.151208],[-82.014682,36.150784],[-82.015058,36.150753],[-82.015248,36.151067],[-82.014294,36.151798],[-82.014336,36.152919],[-82.014771,36.153305],[-82.015015,36.153228],[-82.015852,36.153776],[-82.015835,36.153326],[-82.01547,36.15261],[-82.015591,36.152438],[-82.016041,36.152435],[-82.016174,36.15315],[-82.016615,36.153462],[-82.016684,36.154085],[-82.017059,36.154333],[-82.017029,36.153544],[-82.016454,36.15265],[-82.016688,36.152307],[-82.017034,36.152365],[-82.017039,36.152716],[-82.017539,36.153433],[-82.017742,36.155199],[-82.018022,36.155606],[-82.018011,36.154388],[-82.018228,36.153872],[-82.017711,36.152418],[-82.017966,36.152413],[-82.018275,36.152726],[-82.018589,36.152809],[-82.018925,36.154215],[-82.018421,36.155241],[-82.018449,36.156172],[-82.01881,36.155832],[-82.018854,36.155096],[-82.019262,36.154088],[-82.019484,36.153948],[-82.019564,36.153372],[-82.019396,36.153004],[-82.019894,36.152948],[-82.02011,36.153407],[-82.020347,36.153225],[-82.020611,36.15334],[-82.019912,36.154325],[-82.01994,36.15448],[-82.020212,36.1545],[-82.020186,36.154709],[-82.018529,36.156311],[-82.018656,36.156985],[-82.02036,36.154808],[-82.020687,36.154782],[-82.020922,36.154533],[-82.021286,36.15452],[-82.02205,36.154039],[-82.022344,36.154167],[-82.022305,36.154386],[-82.021639,36.154991],[-82.020147,36.156078],[-82.019827,36.156155],[-82.018697,36.157158],[-82.019282,36.158296],[-82.018851,36.159463],[-82.018809,36.160147],[-82.019153,36.160463],[-82.019273,36.160166],[-82.019526,36.160187],[-82.019712,36.160754],[-82.019575,36.161612],[-82.019811,36.162465],[-82.019602,36.163233],[-82.019956,36.163702],[-82.020319,36.165166],[-82.020896,36.165582],[-82.021131,36.166048],[-82.021719,36.164719],[-82.021338,36.162697],[-82.02168,36.161894],[-82.020119,36.160541],[-82.019983,36.159969],[-82.020758,36.158093],[-82.020783,36.156834],[-82.0212,36.156014],[-82.021486,36.155822],[-82.021547,36.155378],[-82.021876,36.155138],[-82.022118,36.155305],[-82.022376,36.155],[-82.022993,36.154808],[-82.023427,36.155289],[-82.023019,36.155417],[-82.02271,36.155683],[-82.02276,36.155839],[-82.022304,36.156058],[-82.021646,36.156856],[-82.02104,36.157293],[-82.020934,36.158083],[-82.021585,36.15755],[-82.022695,36.156144],[-82.023644,36.156022],[-82.023595,36.156423],[-82.02292,36.15675],[-82.023452,36.156639],[-82.023558,36.156844],[-82.023421,36.157021],[-82.02272,36.157202],[-82.022899,36.157444],[-82.021658,36.157809],[-82.022233,36.157884],[-82.022317,36.158061],[-82.02139,36.158068],[-82.020748,36.158537],[-82.020159,36.160008],[-82.020207,36.160387]]]}},{"id":"64948","type":"Feature","properties":{"OBJECTID":4502,"max_category":0,"label":"0.01 to 0.10 inches","area_acres":6.090542011756624,"county":"Carter County","watershed":"Upper Doe River"},"geometry":{"type":"Polygon","coordinates":[[[-82.047882,36.148475],[-82.048402,36.148798],[-82.048124,36.149417],[-82.048566,36.150379],[-82.048393,36.150431],[-82.048151,36.15014],[-82.048143,36.150613],[-82.047415,36.150499],[-82.047841,36.149882],[-82.04744,36.150292],[-82.0472,36.150244],[-82.048163,36.148839],[-82.047833,36.148618],[-82.047399,36.148656],[-82.045728,36.150232],[-82.045466,36.150112],[-82.045771,36.149682],[-82.045373,36.149806],[-82.044778,36.149717],[-82.044845,36.149549],[-82.045597,36.149304],[-82.046164,36.149286],[-82.046837,36.148707],[-82.047296,36.14852],[-82.047882,36.148475]]]}},{"id":"64968","type":"Feature","properties":{"OBJECTID":2393,"max_category":0,"label":"0.01 to 0.10 inches","area_acres":1.4735166557516508,"county":"Carter County","watershed":"Upper Doe River"},"geometry":{"type":"Polygon","coordinates":[[[-82.067092,36.186221],[-82.067484,36.186416],[-82.067656,36.187129],[-82.068157,36.187831],[-82.068678,36.188041],[-82.068708,36.188181],[-82.068002,36.187908],[-82.067365,36.186783],[-82.066693,36.186562],[-82.067092,36.186221]]]}},{"id":"64981","type":"Feature","properties":{"OBJECTID":4026,"max_category":0,"label":"0.01 to 0.10 inches","area_acres":2.839772930670273,"county":"Carter County","watershed":"Upper Doe River"},"geometry":{"type":"Polygon","coordinates":[[[-82.052799,36.159756],[-82.053306,36.160085],[-82.052914,36.160459],[-82.05293,36.160889],[-82.053251,36.16079],[-82.053405,36.160907],[-82.053389,36.16107],[-82.053013,36.161281],[-82.053066,36.161798],[-82.053607,36.162237],[-82.054464,36.162491],[-82.054936,36.162484],[-82.054951,36.162612],[-82.053778,36.162478],[-82.052904,36.161867],[-82.052695,36.160245],[-82.052519,36.160055],[-82.052563,36.159845],[-82.052799,36.159756]]]}},{"id":"64998","type":"Feature","properties":{"OBJECTID":4490,"max_category":0,"label":"0.01 to 0.10 inches","area_acres":6.1824550720147124,"county":"Carter County","watershed":"Upper Doe River"},"geometry":{"type":"Polygon","coordinates":[[[-82.057849,36.135693],[-82.058006,36.135797],[-82.057956,36.135978],[-82.056327,36.137014],[-82.055631,36.138296],[-82.05528,36.139757],[-82.055467,36.140247],[-82.056089,36.140779],[-82.055986,36.140908],[-82.055229,36.1402],[-82.055087,36.139319],[-82.055918,36.13713],[-82.056011,36.13587],[-82.056266,36.135487],[-82.056441,36.135617],[-82.056473,36.136028],[-82.056862,36.135698],[-82.0573,36.135646],[-82.056592,36.136389],[-82.056707,36.136383],[-82.057849,36.135693]]]}},{"id":"65003","type":"Feature","properties":{"OBJECTID":4509,"max_category":0,"label":"0.01 to 0.10 inches","area_acres":11.074305981812733,"county":"Carter County","watershed":"Buck Creek"},"geometry":{"type":"Polygon","coordinates":[[[-82.013155,36.164476],[-82.01329,36.164829],[-82.012961,36.16598],[-82.013326,36.166685],[-82.014181,36.167364],[-82.014787,36.167587],[-82.014797,36.167736],[-82.013696,36.167217],[-82.013093,36.167641],[-82.012532,36.167475],[-82.01275,36.167213],[-82.013549,36.167078],[-82.013134,36.166681],[-82.011845,36.166893],[-82.012009,36.166573],[-82.013022,36.166409],[-82.011091,36.166429],[-82.011134,36.166245],[-82.011705,36.166025],[-82.012823,36.166079],[-82.012414,36.165572],[-82.011436,36.165541],[-82.010966,36.165745],[-82.010505,36.165625],[-82.01104,36.16542],[-82.010419,36.165133],[-82.010749,36.164784],[-82.012268,36.165378],[-82.011015,36.164475],[-82.011244,36.164256],[-82.011429,36.164307],[-82.011573,36.16468],[-82.012037,36.164822],[-82.012111,36.163961],[-82.012309,36.163895],[-82.012562,36.164048],[-82.012677,36.164729],[-82.012509,36.16521],[-82.012736,36.165595],[-82.012804,36.164561],[-82.013155,36.164476]]]}},{"id":"65006","type":"Feature","properties":{"OBJECTID":278,"max_category":0,"label":"0.01 to 0.10 inches","area_acres":70.29409513232838,"county":"Carter County","watershed":"Upper Doe River"},"geometry":{"type":"Polygon","coordinates":[[[-82.094858,36.157506],[-82.096799,36.159091],[-82.097108,36.159619],[-82.097682,36.159874],[-82.097324,36.159978],[-82.096345,36.159154],[-82.097137,36.159883],[-82.097399,36.160391],[-82.097225,36.160384],[-82.096266,36.159467],[-82.094987,36.158812],[-82.093758,36.158644],[-82.093304,36.158379],[-82.093488,36.158241],[-82.093825,36.158424],[-82.094183,36.15839],[-82.094982,36.15862],[-82.096213,36.159285],[-82.094861,36.158183],[-82.093023,36.157954],[-82.093081,36.15779],[-82.093863,36.157873],[-82.093918,36.15768],[-82.094574,36.157855],[-82.093545,36.157018],[-82.093409,36.157091],[-82.092751,36.156886],[-82.093257,36.157296],[-82.093203,36.157452],[-82.092956,36.157422],[-82.090784,36.155923],[-82.091562,36.156703],[-82.091935,36.157346],[-82.092973,36.157848],[-82.092822,36.158121],[-82.092169,36.158113],[-82.092089,36.158442],[-82.091887,36.158395],[-82.091743,36.158099],[-82.091535,36.158431],[-82.091256,36.158313],[-82.091467,36.157579],[-82.091181,36.157225],[-82.091331,36.156747],[-82.090625,36.155995],[-82.089991,36.155805],[-82.089105,36.155965],[-82.089185,36.156274],[-82.089757,36.156631],[-82.090124,36.15718],[-82.090891,36.157465],[-82.090867,36.15772],[-82.090475,36.157685],[-82.090833,36.158013],[-82.090835,36.15823],[-82.0906,36.158346],[-82.090201,36.158096],[-82.089889,36.158199],[-82.089838,36.158577],[-82.089251,36.159226],[-82.09018,36.158503],[-82.09044,36.158455],[-82.090513,36.158591],[-82.089959,36.159072],[-82.0915,36.158538],[-82.092067,36.158952],[-82.091508,36.159038],[-82.092037,36.159287],[-82.091286,36.159455],[-82.091387,36.159725],[-82.090769,36.159605],[-82.090978,36.159785],[-82.090904,36.159932],[-82.09053,36.159814],[-82.090165,36.159456],[-82.089118,36.1594],[-82.088643,36.159753],[-82.089108,36.159817],[-82.089205,36.160006],[-82.087976,36.160087],[-82.087985,36.16033],[-82.088966,36.160362],[-82.089924,36.160177],[-82.090058,36.160376],[-82.0895,36.160487],[-82.090337,36.160764],[-82.090096,36.161101],[-82.089198,36.160745],[-82.087872,36.160503],[-82.087082,36.161299],[-82.086734,36.161336],[-82.087777,36.160377],[-82.087818,36.160002],[-82.088584,36.159313],[-82.088989,36.159275],[-82.088987,36.158939],[-82.08998,36.157742],[-82.089579,36.157696],[-82.089722,36.157199],[-82.089368,36.156636],[-82.08866,36.157385],[-82.08849,36.157378],[-82.088504,36.157063],[-82.088768,36.15677],[-82.088585,36.15663],[-82.088875,36.15631],[-82.088929,36.155955],[-82.088319,36.15549],[-82.087759,36.155328],[-82.087772,36.155651],[-82.088257,36.155938],[-82.087989,36.156046],[-82.088294,36.156945],[-82.088141,36.157236],[-82.087952,36.15721],[-82.087561,36.156492],[-82.087542,36.155138],[-82.086534,36.155123],[-82.086462,36.155022],[-82.088321,36.15466],[-82.090499,36.152696],[-82.09078,36.152896],[-82.091511,36.152588],[-82.0915,36.152317],[-82.090949,36.151551],[-82.090635,36.152247],[-82.090448,36.152329],[-82.090282,36.152181],[-82.090614,36.151295],[-82.090511,36.151174],[-82.09016,36.151455],[-82.089909,36.151362],[-82.090326,36.150859],[-82.089794,36.150957],[-82.090179,36.15056],[-82.089864,36.149985],[-82.090017,36.149955],[-82.090272,36.1502],[-82.089975,36.149621],[-82.089557,36.149328],[-82.08962,36.14916],[-82.090128,36.149531],[-82.090347,36.149937],[-82.09089,36.149876],[-82.092514,36.150684],[-82.092547,36.150852],[-82.092324,36.15088],[-82.090896,36.150231],[-82.090303,36.150232],[-82.090394,36.150692],[-82.090581,36.150729],[-82.090607,36.150934],[-82.090974,36.151241],[-82.09218,36.15124],[-82.092852,36.151555],[-82.092759,36.151778],[-82.091536,36.151672],[-82.091752,36.151815],[-82.091857,36.152208],[-82.093221,36.152264],[-82.093114,36.15248],[-82.092274,36.152532],[-82.092414,36.152606],[-82.093208,36.152657],[-82.094358,36.151719],[-82.094458,36.15081],[-82.094329,36.150081],[-82.094048,36.150124],[-82.093353,36.150631],[-82.093158,36.150483],[-82.093351,36.150206],[-82.094206,36.14995],[-82.094416,36.149684],[-82.094559,36.149733],[-82.094549,36.15034],[-82.095069,36.150443],[-82.095464,36.150747],[-82.095629,36.151112],[-82.095269,36.151384],[-82.094575,36.151029],[-82.094598,36.151631],[-82.094896,36.151916],[-82.093783,36.152732],[-82.093366,36.152862],[-82.093215,36.152684],[-82.093145,36.152886],[-82.092763,36.152905],[-82.093084,36.153253],[-82.092487,36.153213],[-82.092083,36.152894],[-82.091573,36.152738],[-82.091708,36.153164],[-82.091148,36.153165],[-82.090246,36.153463],[-82.088309,36.15499],[-82.088846,36.154732],[-82.089775,36.154596],[-82.090672,36.153681],[-82.091791,36.153336],[-82.092102,36.153334],[-82.092154,36.153453],[-82.090449,36.154337],[-82.089865,36.154837],[-82.08891,36.154871],[-82.088498,36.155085],[-82.088652,36.155202],[-82.090204,36.155163],[-82.091384,36.154995],[-82.092212,36.154195],[-82.09329,36.153546],[-82.093487,36.153603],[-82.093367,36.153993],[-82.093823,36.153754],[-82.094024,36.153834],[-82.094103,36.154502],[-82.092992,36.154411],[-82.092657,36.154501],[-82.091992,36.155037],[-82.090252,36.155304],[-82.088609,36.155345],[-82.08834,36.15516],[-82.087717,36.155102],[-82.089213,36.15582],[-82.089746,36.155669],[-82.090463,36.155733],[-82.090783,36.155478],[-82.092178,36.155388],[-82.093462,36.154779],[-82.093677,36.154793],[-82.093726,36.154991],[-82.094177,36.154909],[-82.094254,36.155095],[-82.094078,36.155255],[-82.093095,36.155315],[-82.092796,36.155488],[-82.09352,36.155583],[-82.093422,36.155774],[-82.093589,36.155846],[-82.094338,36.15591],[-82.094313,36.156074],[-82.093804,36.156143],[-82.093999,36.156315],[-82.09384,36.15653],[-82.092363,36.15572],[-82.092268,36.155885],[-82.09151,36.15563],[-82.090872,36.155646],[-82.090714,36.155782],[-82.09147,36.15623],[-82.092596,36.156238],[-82.092527,36.15645],[-82.093258,36.156581],[-82.09355,36.156991],[-82.093966,36.156909],[-82.093814,36.156587],[-82.094378,36.156366],[-82.094858,36.157506]],[[-82.088191,36.154857],[-82.087521,36.154878],[-82.087455,36.154936],[-82.088063,36.154997],[-82.088191,36.154857]]]}},{"id":"65012","type":"Feature","properties":{"OBJECTID":4015,"max_category":0,"label":"0.01 to 0.10 inches","area_acres":2.851493045411511,"county":"Carter County","watershed":"Upper Doe River"},"geometry":{"type":"Polygon","coordinates":[[[-82.061668,36.157721],[-82.061624,36.157936],[-82.061071,36.157989],[-82.060776,36.158215],[-82.060993,36.158096],[-82.061633,36.158108],[-82.061663,36.158324],[-82.060815,36.15838],[-82.059192,36.158996],[-82.058721,36.158942],[-82.059999,36.15845],[-82.06078,36.157668],[-82.061668,36.157721]]]}},{"id":"65015","type":"Feature","properties":{"OBJECTID":3967,"max_category":0,"label":"0.01 to 0.10 inches","area_acres":0.5401630454371935,"county":"Carter County","watershed":"Upper Doe River"},"geometry":{"type":"Polygon","coordinates":[[[-82.080332,36.145957],[-82.080475,36.146096],[-82.079859,36.146485],[-82.079498,36.146447],[-82.079583,36.146263],[-82.080332,36.145957]]]}},{"id":"65032","type":"Feature","properties":{"OBJECTID":4792,"max_category":0,"label":"0.01 to 0.10 inches","area_acres":10.702176217676406,"county":"Carter County","watershed":"Upper Doe River"},"geometry":{"type":"Polygon","coordinates":[[[-82.036617,36.143313],[-82.038261,36.143547],[-82.040331,36.143386],[-82.04091,36.143701],[-82.041032,36.143588],[-82.04138,36.143667],[-82.043673,36.145089],[-82.044851,36.145321],[-82.045927,36.146176],[-82.045726,36.14621],[-82.044662,36.145399],[-82.043592,36.145221],[-82.04239,36.144466],[-82.038517,36.144565],[-82.038988,36.144188],[-82.042025,36.144335],[-82.04132,36.143943],[-82.038165,36.144076],[-82.037048,36.143932],[-82.036541,36.143473],[-82.036617,36.143313]]]}},{"id":"65036","type":"Feature","properties":{"OBJECTID":4791,"max_category":0,"label":"0.01 to 0.10 inches","area_acres":3.1533687515047744,"county":"Carter County","watershed":"Upper Doe River"},"geometry":{"type":"Polygon","coordinates":[[[-82.047906,36.154052],[-82.048071,36.154289],[-82.04788,36.15493],[-82.046676,36.155942],[-82.045127,36.155885],[-82.045241,36.155714],[-82.046877,36.155589],[-82.04571,36.155568],[-82.045568,36.155432],[-82.047101,36.155227],[-82.047707,36.154704],[-82.047906,36.154052]]]}},{"id":"65037","type":"Feature","properties":{"OBJECTID":3947,"max_category":0,"label":"0.01 to 0.10 inches","area_acres":3.806577450261037,"county":"Carter County","watershed":"Buck Creek"},"geometry":{"type":"Polygon","coordinates":[[[-82.04074,36.150053],[-82.041093,36.15019],[-82.041142,36.150575],[-82.041495,36.150656],[-82.040863,36.151865],[-82.041347,36.151825],[-82.041844,36.151455],[-82.042113,36.15184],[-82.040918,36.152005],[-82.04011,36.152561],[-82.039878,36.152936],[-82.039946,36.152496],[-82.04069,36.151938],[-82.040786,36.150852],[-82.04042,36.150183],[-82.04074,36.150053]]]}},{"id":"65042","type":"Feature","properties":{"OBJECTID":2449,"max_category":0,"label":"0.01 to 0.10 inches","area_acres":1.0967293844367803,"county":"Carter County","watershed":"Upper Doe River"},"geometry":{"type":"Polygon","coordinates":[[[-82.065687,36.174247],[-82.065669,36.174528],[-82.064495,36.174556],[-82.064146,36.174362],[-82.064291,36.174227],[-82.065687,36.174247]]]}},{"id":"65047","type":"Feature","properties":{"OBJECTID":4000,"max_category":0,"label":"0.01 to 0.10 inches","area_acres":4.264010929131208,"county":"Carter County","watershed":"Upper Doe River"},"geometry":{"type":"Polygon","coordinates":[[[-82.074974,36.155601],[-82.07508,36.155772],[-82.074525,36.156025],[-82.074956,36.156066],[-82.074864,36.156242],[-82.075355,36.156558],[-82.075281,36.156694],[-82.073985,36.156401],[-82.07229,36.156251],[-82.071062,36.156991],[-82.070536,36.156934],[-82.070592,36.156813],[-82.07112,36.156797],[-82.072353,36.156055],[-82.073359,36.155917],[-82.073802,36.156043],[-82.074974,36.155601]]]}},{"id":"65052","type":"Feature","properties":{"OBJECTID":358,"max_category":0,"label":"0.01 to 0.10 inches","area_acres":1.2120809292013894,"county":"Carter County","watershed":"Buck Creek"},"geometry":{"type":"Polygon","coordinates":[[[-82.046912,36.185542],[-82.047743,36.185386],[-82.047892,36.185485],[-82.047819,36.185629],[-82.047129,36.185791],[-82.047138,36.186033],[-82.047634,36.186107],[-82.047563,36.186299],[-82.046909,36.186298],[-82.046912,36.185542]]]}},{"id":"65055","type":"Feature","properties":{"OBJECTID":2347,"max_category":0,"label":"0.01 to 0.10 inches","area_acres":2.0361437582854007,"county":"Carter County","watershed":"Buck Creek"},"geometry":{"type":"Polygon","coordinates":[[[-82.056959,36.185403],[-82.057008,36.185592],[-82.056616,36.185962],[-82.056799,36.186069],[-82.056745,36.18646],[-82.056326,36.186949],[-82.05617,36.187706],[-82.056073,36.186697],[-82.056334,36.18645],[-82.056347,36.185769],[-82.05664,36.185451],[-82.056959,36.185403]]]}},{"id":"65056","type":"Feature","properties":{"OBJECTID":2453,"max_category":0,"label":"0.01 to 0.10 inches","area_acres":21.496408959381974,"county":"Carter County","watershed":"Upper Doe River"},"geometry":{"type":"Polygon","coordinates":[[[-82.057054,36.175776],[-82.05604,36.176085],[-82.055947,36.175869],[-82.056392,36.175446],[-82.055978,36.175644],[-82.055719,36.175594],[-82.055976,36.175219],[-82.056708,36.174871],[-82.056738,36.174751],[-82.055955,36.174677],[-82.056121,36.17435],[-82.056877,36.17433],[-82.056408,36.17422],[-82.05637,36.174],[-82.057279,36.173908],[-82.05791,36.174112],[-82.05735,36.173679],[-82.057233,36.173472],[-82.057417,36.173382],[-82.058395,36.174072],[-82.058957,36.174003],[-82.058057,36.173316],[-82.057973,36.172963],[-82.05824,36.172995],[-82.059335,36.173829],[-82.059567,36.173823],[-82.060805,36.173572],[-82.060491,36.17333],[-82.060256,36.172808],[-82.059919,36.172626],[-82.060068,36.172384],[-82.060442,36.172569],[-82.060791,36.173312],[-82.061052,36.173511],[-82.061892,36.173408],[-82.062334,36.173507],[-82.063116,36.172725],[-82.064617,36.172555],[-82.064333,36.1728],[-82.063148,36.1729],[-82.062761,36.173428],[-82.063356,36.174043],[-82.063088,36.174006],[-82.063069,36.174187],[-82.062852,36.174199],[-82.062696,36.173681],[-82.062463,36.173617],[-82.062564,36.174516],[-82.062359,36.174851],[-82.062141,36.174828],[-82.062118,36.174518],[-82.061917,36.174982],[-82.061671,36.174949],[-82.062017,36.173655],[-82.061426,36.173562],[-82.061177,36.173664],[-82.061122,36.175065],[-82.060897,36.175169],[-82.06072,36.175025],[-82.060452,36.175503],[-82.060061,36.175601],[-82.059849,36.175413],[-82.06098,36.174022],[-82.061002,36.173699],[-82.05963,36.173978],[-82.059435,36.175181],[-82.059154,36.175512],[-82.058891,36.175226],[-82.059221,36.174111],[-82.058593,36.174401],[-82.058379,36.17501],[-82.058474,36.175814],[-82.058227,36.175722],[-82.057841,36.176365],[-82.057604,36.176358],[-82.057571,36.17617],[-82.057821,36.175575],[-82.057508,36.175635],[-82.05741,36.175473],[-82.057932,36.174978],[-82.058289,36.174273],[-82.057217,36.174724],[-82.056968,36.175307],[-82.057054,36.175776]]]}},{"id":"65061","type":"Feature","properties":{"OBJECTID":3996,"max_category":0,"label":"0.01 to 0.10 inches","area_acres":1.0548744517579638,"county":"Carter County","watershed":"Upper Doe River"},"geometry":{"type":"Polygon","coordinates":[[[-82.080253,36.157172],[-82.081467,36.158042],[-82.08147,36.158143],[-82.080325,36.157368],[-82.079765,36.157707],[-82.07959,36.157634],[-82.079996,36.157193],[-82.080253,36.157172]]]}},{"id":"65064","type":"Feature","properties":{"OBJECTID":4805,"max_category":0,"label":"0.01 to 0.10 inches","area_acres":1.8802855941181278,"county":"Carter County","watershed":"Buck Creek"},"geometry":{"type":"Polygon","coordinates":[[[-82.011711,36.16091],[-82.011524,36.1611],[-82.011348,36.161061],[-82.011736,36.160596],[-82.011772,36.160255],[-82.012746,36.159018],[-82.013098,36.158911],[-82.013204,36.159282],[-82.012832,36.159378],[-82.012016,36.160251],[-82.012346,36.160815],[-82.011711,36.16091]]]}},{"id":"65065","type":"Feature","properties":{"OBJECTID":2475,"max_category":0,"label":"0.01 to 0.10 inches","area_acres":3.1914628722685463,"county":"Carter County","watershed":"Buck Creek"},"geometry":{"type":"Polygon","coordinates":[[[-82.048357,36.178472],[-82.049758,36.178773],[-82.050177,36.179032],[-82.050849,36.179015],[-82.051828,36.178387],[-82.052383,36.178641],[-82.05155,36.179015],[-82.051423,36.179182],[-82.05167,36.179515],[-82.051478,36.179582],[-82.050962,36.17932],[-82.050384,36.179327],[-82.049693,36.178912],[-82.048358,36.178635],[-82.048357,36.178472]]]}},{"id":"65074","type":"Feature","properties":{"OBJECTID":2480,"max_category":0,"label":"0.01 to 0.10 inches","area_acres":6.598675455088025,"county":"Carter County","watershed":"Upper Doe River"},"geometry":{"type":"Polygon","coordinates":[[[-82.057984,36.182932],[-82.058506,36.183302],[-82.058619,36.183164],[-82.058879,36.18324],[-82.058804,36.183479],[-82.058845,36.183826],[-82.05909,36.183365],[-82.059337,36.183409],[-82.059057,36.183885],[-82.059331,36.184861],[-82.059216,36.185045],[-82.058101,36.184992],[-82.057709,36.184703],[-82.056248,36.184542],[-82.055919,36.184264],[-82.056011,36.184109],[-82.056601,36.184152],[-82.057096,36.184493],[-82.057769,36.184562],[-82.058161,36.184851],[-82.058389,36.184845],[-82.057842,36.18419],[-82.056565,36.183216],[-82.056125,36.182679],[-82.056364,36.182535],[-82.056898,36.182849],[-82.057244,36.183459],[-82.057924,36.183978],[-82.058548,36.184773],[-82.05874,36.184919],[-82.059103,36.18491],[-82.059031,36.184271],[-82.058116,36.183706],[-82.057638,36.183122],[-82.057664,36.182952],[-82.057984,36.182932]]]}},{"id":"65076","type":"Feature","properties":{"OBJECTID":2384,"max_category":0,"label":"0.01 to 0.10 inches","area_acres":2.7985512305433007,"county":"Carter County","watershed":"Upper Doe River"},"geometry":{"type":"Polygon","coordinates":[[[-82.064959,36.180943],[-82.065642,36.181501],[-82.065726,36.18198],[-82.065398,36.182133],[-82.065675,36.182431],[-82.065622,36.182634],[-82.065236,36.182276],[-82.065251,36.182027],[-82.064397,36.181375],[-82.06406,36.181378],[-82.063867,36.181198],[-82.063974,36.18103],[-82.064261,36.181016],[-82.064577,36.181237],[-82.064959,36.180943]]]}},{"id":"65091","type":"Feature","properties":{"OBJECTID":2398,"max_category":0,"label":"0.01 to 0.10 inches","area_acres":1.8379696149473472,"county":"Carter County","watershed":"Upper Doe River"},"geometry":{"type":"Polygon","coordinates":[[[-82.064873,36.167122],[-82.065215,36.167248],[-82.065484,36.167623],[-82.065225,36.167819],[-82.065439,36.168279],[-82.065025,36.168361],[-82.064127,36.168872],[-82.064258,36.168615],[-82.064994,36.16815],[-82.065012,36.167742],[-82.064661,36.167423],[-82.064665,36.167218],[-82.064873,36.167122]]]}},{"id":"65095","type":"Feature","properties":{"OBJECTID":4271,"max_category":0,"label":"0.01 to 0.10 inches","area_acres":1.9732748408692597,"county":"Carter County","watershed":"Upper Doe River"},"geometry":{"type":"Polygon","coordinates":[[[-82.098578,36.120872],[-82.098941,36.121127],[-82.09889,36.121405],[-82.096553,36.121863],[-82.095804,36.122765],[-82.095603,36.122821],[-82.096013,36.122123],[-82.096458,36.121738],[-82.09799,36.121492],[-82.098578,36.120872]]]}},{"id":"65105","type":"Feature","properties":{"OBJECTID":2409,"max_category":0,"label":"0.01 to 0.10 inches","area_acres":4.101591150449127,"county":"Carter County","watershed":"Upper Doe River"},"geometry":{"type":"Polygon","coordinates":[[[-82.076318,36.161504],[-82.076635,36.162194],[-82.076565,36.163903],[-82.076946,36.16428],[-82.077618,36.165742],[-82.077515,36.166766],[-82.076883,36.167266],[-82.076803,36.167153],[-82.077344,36.166714],[-82.077444,36.165781],[-82.076779,36.164341],[-82.076394,36.163955],[-82.076391,36.163059],[-82.075403,36.162042],[-82.075454,36.161821],[-82.075647,36.161844],[-82.076414,36.162774],[-82.076181,36.162018],[-82.076318,36.161504]]]}},{"id":"65113","type":"Feature","properties":{"OBJECTID":3943,"max_category":0,"label":"0.01 to 0.10 inches","area_acres":2.0332656394416486,"county":"Carter County","watershed":"Upper Doe River"},"geometry":{"type":"Polygon","coordinates":[[[-82.054213,36.154142],[-82.054645,36.15445],[-82.054184,36.154288],[-82.053909,36.154526],[-82.053945,36.155618],[-82.053551,36.155966],[-82.053334,36.155978],[-82.053195,36.155366],[-82.053614,36.154969],[-82.053715,36.154485],[-82.054213,36.154142]]]}},{"id":"65142","type":"Feature","properties":{"OBJECTID":2445,"max_category":0,"label":"0.01 to 0.10 inches","area_acres":2.9407643609983483,"county":"Carter County","watershed":"Upper Doe River"},"geometry":{"type":"Polygon","coordinates":[[[-82.067397,36.170192],[-82.067633,36.170638],[-82.067125,36.170972],[-82.067403,36.170971],[-82.067482,36.171136],[-82.066862,36.171652],[-82.067195,36.171961],[-82.06556,36.172317],[-82.065568,36.172141],[-82.066193,36.17205],[-82.066995,36.170848],[-82.066951,36.170294],[-82.067397,36.170192]]]}},{"id":"65146","type":"Feature","properties":{"OBJECTID":4012,"max_category":0,"label":"0.01 to 0.10 inches","area_acres":20.072075012047794,"county":"Carter County","watershed":"Upper Doe River"},"geometry":{"type":"Polygon","coordinates":[[[-82.064224,36.151858],[-82.064694,36.152174],[-82.064362,36.15257],[-82.064613,36.152945],[-82.0641,36.152994],[-82.063536,36.15331],[-82.063147,36.153873],[-82.062772,36.154082],[-82.063526,36.154074],[-82.064233,36.153731],[-82.064481,36.15376],[-82.064549,36.153877],[-82.064251,36.154166],[-82.064679,36.154159],[-82.064737,36.15428],[-82.06416,36.154449],[-82.064848,36.154839],[-82.064784,36.155041],[-82.063504,36.154383],[-82.062148,36.154224],[-82.060814,36.155148],[-82.061793,36.155574],[-82.06259,36.155064],[-82.063218,36.155169],[-82.063156,36.155451],[-82.062265,36.155513],[-82.061937,36.155713],[-82.062024,36.155858],[-82.062398,36.156329],[-82.063171,36.156309],[-82.063791,36.156114],[-82.063854,36.156239],[-82.063377,36.156623],[-82.06374,36.1569],[-82.064469,36.157003],[-82.064683,36.157282],[-82.064468,36.157654],[-82.063787,36.157291],[-82.063628,36.157562],[-82.063284,36.157066],[-82.062647,36.156599],[-82.063238,36.157478],[-82.063014,36.157843],[-82.062667,36.157837],[-82.062429,36.156868],[-82.061742,36.155732],[-82.06137,36.15559],[-82.061459,36.156147],[-82.061988,36.156726],[-82.06197,36.157472],[-82.061735,36.157432],[-82.061361,36.157062],[-82.061262,36.156463],[-82.061058,36.15653],[-82.060925,36.156405],[-82.061239,36.155865],[-82.061086,36.155418],[-82.059065,36.154761],[-82.059448,36.15473],[-82.06062,36.155107],[-82.062015,36.154017],[-82.062038,36.153583],[-82.062388,36.153129],[-82.062487,36.152363],[-82.06275,36.152306],[-82.062976,36.152005],[-82.063264,36.152091],[-82.062819,36.152682],[-82.062477,36.153647],[-82.063692,36.152656],[-82.063784,36.152098],[-82.064224,36.151858]],[[-82.063013,36.153507],[-82.062418,36.15402],[-82.062741,36.153929],[-82.063013,36.153507]]]}},{"id":"65149","type":"Feature","properties":{"OBJECTID":2476,"max_category":0,"label":"0.01 to 0.10 inches","area_acres":6.641846906832894,"county":"Carter County","watershed":"Upper Doe River"},"geometry":{"type":"Polygon","coordinates":[[[-82.057034,36.182439],[-82.05656,36.182199],[-82.056547,36.181848],[-82.057861,36.182303],[-82.059687,36.182339],[-82.060025,36.182227],[-82.059483,36.182235],[-82.058888,36.181815],[-82.05832,36.181729],[-82.058508,36.18127],[-82.059149,36.181525],[-82.059216,36.181816],[-82.059582,36.182095],[-82.061296,36.182149],[-82.062282,36.1829],[-82.062599,36.183433],[-82.062412,36.183462],[-82.062347,36.183199],[-82.061737,36.182761],[-82.061303,36.182799],[-82.060705,36.183429],[-82.060412,36.183457],[-82.06045,36.183204],[-82.060174,36.183095],[-82.060302,36.182916],[-82.060659,36.182892],[-82.060797,36.182644],[-82.061657,36.18262],[-82.061211,36.182279],[-82.057862,36.18269],[-82.057577,36.182682],[-82.057524,36.182481],[-82.057034,36.182439]]]}},{"id":"65162","type":"Feature","properties":{"OBJECTID":4696,"max_category":0,"label":"0.01 to 0.10 inches","area_acres":4.232653876585738,"county":"Carter County","watershed":"Upper Doe River"},"geometry":{"type":"Polygon","coordinates":[[[-82.107846,36.130174],[-82.10785,36.130423],[-82.106507,36.130516],[-82.106103,36.130663],[-82.10677,36.131112],[-82.106676,36.131308],[-82.104976,36.130472],[-82.104452,36.130528],[-82.10461,36.130216],[-82.105921,36.129591],[-82.106389,36.129714],[-82.105977,36.129842],[-82.106141,36.130122],[-82.105203,36.130081],[-82.104905,36.130331],[-82.105424,36.130538],[-82.106062,36.130521],[-82.106647,36.129984],[-82.106826,36.130008],[-82.106814,36.130146],[-82.107238,36.130052],[-82.107846,36.130174]]]}},{"id":"65163","type":"Feature","properties":{"OBJECTID":4830,"max_category":0,"label":"0.01 to 0.10 inches","area_acres":4.3270431833268725,"county":"Carter County","watershed":"Upper Doe River"},"geometry":{"type":"Polygon","coordinates":[[[-82.073222,36.136353],[-82.073217,36.136521],[-82.071911,36.136556],[-82.07121,36.136821],[-82.070127,36.137669],[-82.070065,36.137497],[-82.070372,36.137062],[-82.069667,36.13767],[-82.069431,36.13827],[-82.069252,36.138408],[-82.069021,36.138352],[-82.069357,36.137663],[-82.068905,36.137753],[-82.068822,36.137512],[-82.06963,36.137295],[-82.070027,36.13696],[-82.070529,36.136887],[-82.070305,36.136781],[-82.070439,36.136487],[-82.070864,36.136632],[-82.071501,36.136616],[-82.071858,36.136415],[-82.073222,36.136353]]]}},{"id":"65164","type":"Feature","properties":{"OBJECTID":4495,"max_category":0,"label":"0.01 to 0.10 inches","area_acres":17.169761663890274,"county":"Carter County","watershed":"Upper Doe River"},"geometry":{"type":"Polygon","coordinates":[[[-82.03941,36.140688],[-82.040208,36.141116],[-82.040338,36.141559],[-82.040551,36.141587],[-82.041297,36.14229],[-82.042899,36.142979],[-82.044273,36.143947],[-82.045906,36.144553],[-82.04683,36.145348],[-82.045717,36.144631],[-82.0451,36.144502],[-82.043963,36.143933],[-82.043582,36.143932],[-82.042857,36.143383],[-82.041861,36.143023],[-82.039185,36.143117],[-82.038845,36.142988],[-82.0378,36.143014],[-82.03743,36.143155],[-82.037305,36.143023],[-82.037499,36.142802],[-82.037005,36.142806],[-82.036915,36.142603],[-82.037463,36.142468],[-82.03629,36.142018],[-82.036477,36.141764],[-82.036688,36.141747],[-82.037083,36.141955],[-82.039132,36.142323],[-82.039966,36.142927],[-82.041545,36.142888],[-82.040472,36.142123],[-82.039596,36.142031],[-82.039464,36.141846],[-82.038505,36.141866],[-82.038342,36.141697],[-82.038654,36.141509],[-82.036934,36.141274],[-82.037071,36.141085],[-82.037501,36.140984],[-82.038511,36.140958],[-82.039496,36.141432],[-82.039223,36.140796],[-82.03941,36.140688]],[[-82.041339,36.142482],[-82.041826,36.142854],[-82.042731,36.143145],[-82.043658,36.143797],[-82.043747,36.143795],[-82.042813,36.143109],[-82.041339,36.142482]]]}},{"id":"65165","type":"Feature","properties":{"OBJECTID":320,"max_category":0,"label":"0.01 to 0.10 inches","area_acres":2.4140553270640073,"county":"Carter County","watershed":"Upper Doe River"},"geometry":{"type":"Polygon","coordinates":[[[-82.07863,36.157268],[-82.080034,36.158469],[-82.080935,36.158477],[-82.080989,36.158643],[-82.079958,36.158605],[-82.078776,36.157627],[-82.077168,36.157615],[-82.077423,36.157328],[-82.07863,36.157268]]]}},{"id":"65171","type":"Feature","properties":{"OBJECTID":2343,"max_category":0,"label":"0.01 to 0.10 inches","area_acres":0.5367782205820822,"county":"Carter County","watershed":"Buck Creek"},"geometry":{"type":"Polygon","coordinates":[[[-82.044907,36.178668],[-82.045311,36.179142],[-82.045271,36.179346],[-82.044736,36.178991],[-82.044694,36.178713],[-82.044907,36.178668]]]}},{"id":"65202","type":"Feature","properties":{"OBJECTID":4056,"max_category":0,"label":"0.01 to 0.10 inches","area_acres":0.35083586575658166,"county":"Carter County","watershed":"Upper Doe River"},"geometry":{"type":"Polygon","coordinates":[[[-82.103666,36.135089],[-82.103785,36.135272],[-82.103407,36.135534],[-82.103291,36.135331],[-82.103666,36.135089]]]}},{"id":"65205","type":"Feature","properties":{"OBJECTID":4045,"max_category":0,"label":"0.01 to 0.10 inches","area_acres":1.1531027996227394,"county":"Carter County","watershed":"Upper Doe River"},"geometry":{"type":"Polygon","coordinates":[[[-82.103879,36.137997],[-82.104002,36.138143],[-82.10377,36.138268],[-82.104078,36.138393],[-82.10397,36.138599],[-82.103371,36.138444],[-82.102462,36.138489],[-82.10318,36.138372],[-82.103565,36.138015],[-82.103879,36.137997]]]}},{"id":"65211","type":"Feature","properties":{"OBJECTID":4521,"max_category":0,"label":"0.01 to 0.10 inches","area_acres":3.526474716541944,"county":"Carter County","watershed":"Buck Creek"},"geometry":{"type":"Polygon","coordinates":[[[-82.041676,36.158659],[-82.04171,36.158808],[-82.041323,36.158952],[-82.04261,36.159558],[-82.042682,36.159782],[-82.042018,36.159911],[-82.040737,36.15899],[-82.038793,36.159114],[-82.039092,36.158752],[-82.041676,36.158659]]]}},{"id":"65216","type":"Feature","properties":{"OBJECTID":4016,"max_category":0,"label":"0.01 to 0.10 inches","area_acres":2.4817847561094353,"county":"Carter County","watershed":"Upper Doe River"},"geometry":{"type":"Polygon","coordinates":[[[-82.059532,36.145215],[-82.059757,36.145295],[-82.059655,36.145626],[-82.059017,36.145915],[-82.061767,36.145901],[-82.062188,36.146072],[-82.061734,36.146237],[-82.05874,36.146064],[-82.058229,36.145905],[-82.058278,36.145799],[-82.059075,36.145721],[-82.059532,36.145215]]]}},{"id":"65227","type":"Feature","properties":{"OBJECTID":337,"max_category":0,"label":"0.01 to 0.10 inches","area_acres":0.7902200018768293,"county":"Carter County","watershed":"Upper Doe River"},"geometry":{"type":"Polygon","coordinates":[[[-82.057401,36.168491],[-82.058459,36.169056],[-82.058479,36.169156],[-82.057293,36.168841],[-82.057116,36.168578],[-82.057401,36.168491]]]}},{"id":"65230","type":"Feature","properties":{"OBJECTID":4107,"max_category":0,"label":"0.01 to 0.10 inches","area_acres":16.797832420617237,"county":"Carter County","watershed":"Upper Doe River"},"geometry":{"type":"Polygon","coordinates":[[[-82.104708,36.146303],[-82.105264,36.146591],[-82.106282,36.146834],[-82.107569,36.148374],[-82.109764,36.148319],[-82.111161,36.147574],[-82.11151,36.147701],[-82.111459,36.147884],[-82.11011,36.148398],[-82.10956,36.148873],[-82.110292,36.148827],[-82.111543,36.148063],[-82.1122,36.147881],[-82.112325,36.148244],[-82.110638,36.1489],[-82.11128,36.148967],[-82.112637,36.148532],[-82.112663,36.148975],[-82.111714,36.149197],[-82.112359,36.149572],[-82.112376,36.149843],[-82.112006,36.149995],[-82.111244,36.149318],[-82.11133,36.149679],[-82.1112,36.149743],[-82.110339,36.149134],[-82.109306,36.14905],[-82.110367,36.149787],[-82.110989,36.149863],[-82.111419,36.150235],[-82.111248,36.150402],[-82.110765,36.150328],[-82.11019,36.15014],[-82.109718,36.149727],[-82.109704,36.149994],[-82.109537,36.150016],[-82.109097,36.149041],[-82.108546,36.148932],[-82.108668,36.149185],[-82.10918,36.1495],[-82.109275,36.149974],[-82.109055,36.150068],[-82.108761,36.149822],[-82.108566,36.149966],[-82.108454,36.149058],[-82.108037,36.148767],[-82.10825,36.14912],[-82.108004,36.149167],[-82.107822,36.149463],[-82.107676,36.149425],[-82.107652,36.149186],[-82.107906,36.14893],[-82.10783,36.148716],[-82.107182,36.14822],[-82.106187,36.146958],[-82.105458,36.146773],[-82.105493,36.147715],[-82.105204,36.147807],[-82.10506,36.147165],[-82.104501,36.146733],[-82.104697,36.146643],[-82.105225,36.147069],[-82.105212,36.146734],[-82.104752,36.146531],[-82.104708,36.146303]],[[-82.109662,36.148491],[-82.107853,36.148537],[-82.108432,36.148792],[-82.10921,36.148882],[-82.109662,36.148491]]]}},{"id":"65234","type":"Feature","properties":{"OBJECTID":4275,"max_category":0,"label":"0.01 to 0.10 inches","area_acres":8.10109342578197,"county":"Carter County","watershed":"Upper Doe River"},"geometry":{"type":"Polygon","coordinates":[[[-82.070863,36.112694],[-82.071034,36.113096],[-82.070938,36.114179],[-82.070748,36.114475],[-82.07078,36.115322],[-82.071472,36.116598],[-82.071463,36.117299],[-82.071124,36.11812],[-82.071324,36.118933],[-82.071254,36.119396],[-82.070886,36.118291],[-82.069105,36.116877],[-82.069192,36.116698],[-82.069542,36.116752],[-82.071039,36.117843],[-82.071287,36.11726],[-82.071297,36.116632],[-82.069661,36.113703],[-82.069864,36.113436],[-82.070125,36.113783],[-82.070262,36.113157],[-82.070542,36.113115],[-82.070611,36.113569],[-82.070525,36.113958],[-82.070594,36.115054],[-82.070679,36.112844],[-82.070863,36.112694]]]}},{"id":"65235","type":"Feature","properties":{"OBJECTID":4128,"max_category":0,"label":"0.01 to 0.10 inches","area_acres":4.201312490752056,"county":"Carter County","watershed":"Upper Doe River"},"geometry":{"type":"Polygon","coordinates":[[[-82.099837,36.150934],[-82.099897,36.151088],[-82.099364,36.151237],[-82.099747,36.151369],[-82.099892,36.151621],[-82.099653,36.151494],[-82.098679,36.151573],[-82.098185,36.152026],[-82.097892,36.151966],[-82.098147,36.15155],[-82.097483,36.151822],[-82.097176,36.151755],[-82.097368,36.151448],[-82.097888,36.151341],[-82.09727,36.151196],[-82.09719,36.150675],[-82.098049,36.151062],[-82.098284,36.150953],[-82.098561,36.151159],[-82.099199,36.151142],[-82.099837,36.150934]],[[-82.09924,36.151339],[-82.098677,36.151354],[-82.099303,36.151387],[-82.09924,36.151339]]]}},{"id":"65237","type":"Feature","properties":{"OBJECTID":353,"max_category":0,"label":"0.01 to 0.10 inches","area_acres":6.288936835558857,"county":"Carter County","watershed":"Buck Creek"},"geometry":{"type":"Polygon","coordinates":[[[-82.041179,36.175106],[-82.041514,36.175146],[-82.04193,36.17565],[-82.041932,36.175449],[-82.042092,36.175428],[-82.04354,36.176531],[-82.044006,36.176437],[-82.044288,36.176212],[-82.045497,36.176208],[-82.045717,36.176338],[-82.045656,36.176605],[-82.043746,36.176614],[-82.0436,36.17688],[-82.043246,36.176896],[-82.042545,36.176342],[-82.041945,36.176408],[-82.041413,36.175985],[-82.040734,36.175867],[-82.040768,36.175613],[-82.041396,36.175705],[-82.040933,36.175339],[-82.041179,36.175106]]]}},{"id":"65240","type":"Feature","properties":{"OBJECTID":2446,"max_category":0,"label":"0.01 to 0.10 inches","area_acres":4.192974625509329,"county":"Carter County","watershed":"Upper Doe River"},"geometry":{"type":"Polygon","coordinates":[[[-82.06258,36.170093],[-82.062704,36.170266],[-82.06226,36.170944],[-82.062716,36.171411],[-82.06248,36.171658],[-82.062277,36.171682],[-82.062086,36.171402],[-82.061765,36.171685],[-82.060919,36.171484],[-82.061872,36.171155],[-82.062174,36.170629],[-82.060924,36.171263],[-82.060443,36.17116],[-82.060501,36.170951],[-82.061016,36.170852],[-82.060502,36.170857],[-82.060489,36.170649],[-82.062117,36.170462],[-82.06258,36.170093]]]}},{"id":"65243","type":"Feature","properties":{"OBJECTID":4029,"max_category":0,"label":"0.01 to 0.10 inches","area_acres":0.7378921775564712,"county":"Carter County","watershed":"Upper Doe River"},"geometry":{"type":"Polygon","coordinates":[[[-82.096533,36.14695],[-82.096833,36.147293],[-82.096849,36.147589],[-82.097136,36.147701],[-82.097113,36.147813],[-82.096832,36.14782],[-82.096581,36.147629],[-82.096279,36.147056],[-82.096533,36.14695]]]}},{"id":"65246","type":"Feature","properties":{"OBJECTID":4485,"max_category":0,"label":"0.01 to 0.10 inches","area_acres":2.725275853285134,"county":"Carter County","watershed":"Upper Doe River"},"geometry":{"type":"Polygon","coordinates":[[[-82.069795,36.133553],[-82.069982,36.133793],[-82.068791,36.135022],[-82.067856,36.135064],[-82.067023,36.135867],[-82.066334,36.136039],[-82.066664,36.1356],[-82.067286,36.135347],[-82.067771,36.134932],[-82.068692,36.1349],[-82.069815,36.133694],[-82.069107,36.134015],[-82.068854,36.133986],[-82.068917,36.133772],[-82.069795,36.133553]]]}},{"id":"65251","type":"Feature","properties":{"OBJECTID":2415,"max_category":0,"label":"0.01 to 0.10 inches","area_acres":0.873657817006778,"county":"Carter County","watershed":"Upper Doe River"},"geometry":{"type":"Polygon","coordinates":[[[-82.083722,36.17165],[-82.083844,36.172543],[-82.083726,36.172645],[-82.083505,36.172552],[-82.083437,36.171828],[-82.083265,36.171761],[-82.083722,36.17165]]]}},{"id":"65266","type":"Feature","properties":{"OBJECTID":4269,"max_category":0,"label":"0.01 to 0.10 inches","area_acres":12.089575915093565,"county":"Carter County","watershed":"Upper Doe River"},"geometry":{"type":"Polygon","coordinates":[[[-82.091765,36.111041],[-82.091971,36.111469],[-82.091715,36.111869],[-82.091929,36.112344],[-82.092241,36.112332],[-82.091965,36.113085],[-82.092309,36.113219],[-82.091534,36.114208],[-82.091739,36.11438],[-82.092118,36.114061],[-82.092379,36.114147],[-82.0915,36.115079],[-82.091497,36.115894],[-82.09192,36.115474],[-82.092126,36.115523],[-82.091708,36.11609],[-82.091593,36.116615],[-82.091794,36.11834],[-82.09193,36.117457],[-82.092411,36.117034],[-82.093277,36.116966],[-82.093684,36.11649],[-82.094034,36.116684],[-82.09373,36.117091],[-82.09251,36.117156],[-82.092101,36.11751],[-82.091877,36.11872],[-82.09214,36.119401],[-82.093029,36.120672],[-82.093032,36.120963],[-82.091822,36.119154],[-82.091309,36.11646],[-82.09113,36.111779],[-82.091465,36.111654],[-82.091492,36.111339],[-82.091765,36.111041]]]}},{"id":"65269","type":"Feature","properties":{"OBJECTID":4499,"max_category":0,"label":"0.01 to 0.10 inches","area_acres":0.8088701677539272,"county":"Carter County","watershed":"Upper Doe River"},"geometry":{"type":"Polygon","coordinates":[[[-82.052996,36.146712],[-82.053894,36.147186],[-82.053767,36.14775],[-82.053609,36.14767],[-82.053697,36.147331],[-82.052941,36.14688],[-82.052996,36.146712]]]}},{"id":"65279","type":"Feature","properties":{"OBJECTID":2456,"max_category":0,"label":"0.01 to 0.10 inches","area_acres":3.7993766704293255,"county":"Carter County","watershed":"Upper Doe River"},"geometry":{"type":"Polygon","coordinates":[[[-82.064514,36.178151],[-82.064629,36.178283],[-82.063985,36.17887],[-82.063855,36.179319],[-82.063407,36.179709],[-82.063423,36.180217],[-82.062941,36.180105],[-82.062764,36.179842],[-82.063751,36.179119],[-82.063809,36.178834],[-82.063208,36.178657],[-82.062909,36.178664],[-82.062549,36.17892],[-82.06066,36.17891],[-82.061169,36.178593],[-82.063245,36.178513],[-82.063955,36.178688],[-82.064514,36.178151]]]}},{"id":"65287","type":"Feature","properties":{"OBJECTID":4790,"max_category":0,"label":"0.01 to 0.10 inches","area_acres":4.000967118637679,"county":"Carter County","watershed":"Buck Creek"},"geometry":{"type":"Polygon","coordinates":[[[-82.041614,36.156133],[-82.041697,36.156378],[-82.042611,36.156218],[-82.04293,36.156469],[-82.042176,36.156646],[-82.040708,36.156682],[-82.040439,36.156497],[-82.039447,36.156634],[-82.039469,36.156171],[-82.03992,36.155847],[-82.041154,36.155622],[-82.041555,36.155821],[-82.041381,36.155951],[-82.039984,36.155986],[-82.039627,36.156292],[-82.040666,36.156156],[-82.041229,36.156253],[-82.041614,36.156133]]]}},{"id":"65289","type":"Feature","properties":{"OBJECTID":4024,"max_category":0,"label":"0.01 to 0.10 inches","area_acres":1.3041672032729699,"county":"Carter County","watershed":"Upper Doe River"},"geometry":{"type":"Polygon","coordinates":[[[-82.055951,36.158881],[-82.05598,36.159048],[-82.055182,36.15907],[-82.054841,36.159476],[-82.054298,36.159827],[-82.054147,36.159775],[-82.054179,36.159472],[-82.055027,36.158913],[-82.055951,36.158881]]]}},{"id":"65295","type":"Feature","properties":{"OBJECTID":4262,"max_category":0,"label":"0.01 to 0.10 inches","area_acres":1.3338627435717751,"county":"Carter County","watershed":"Upper Doe River"},"geometry":{"type":"Polygon","coordinates":[[[-82.099352,36.122502],[-82.099479,36.123502],[-82.099655,36.123688],[-82.099601,36.124397],[-82.0994,36.124258],[-82.099482,36.123754],[-82.099095,36.123381],[-82.099136,36.122615],[-82.099352,36.122502]]]}},{"id":"65298","type":"Feature","properties":{"OBJECTID":4022,"max_category":0,"label":"0.01 to 0.10 inches","area_acres":2.2203636731010095,"county":"Carter County","watershed":"Upper Doe River"},"geometry":{"type":"Polygon","coordinates":[[[-82.059758,36.155598],[-82.060006,36.155839],[-82.06047,36.155873],[-82.060441,36.156159],[-82.060879,36.156347],[-82.060657,36.156698],[-82.06035,36.15667],[-82.060075,36.156301],[-82.059869,36.15649],[-82.059685,36.156003],[-82.058682,36.155435],[-82.05954,36.15567],[-82.059758,36.155598]]]}},{"id":"65314","type":"Feature","properties":{"OBJECTID":4047,"max_category":0,"label":"0.01 to 0.10 inches","area_acres":1.4442412343357958,"county":"Carter County","watershed":"Upper Doe River"},"geometry":{"type":"Polygon","coordinates":[[[-82.102563,36.13902],[-82.102709,36.139236],[-82.103494,36.139381],[-82.103177,36.139503],[-82.103325,36.139816],[-82.102506,36.139539],[-82.102129,36.139256],[-82.101895,36.139395],[-82.101942,36.139103],[-82.102563,36.13902]]]}},{"id":"65321","type":"Feature","properties":{"OBJECTID":4048,"max_category":0,"label":"0.01 to 0.10 inches","area_acres":0.41636430426704935,"county":"Carter County","watershed":"Upper Doe River"},"geometry":{"type":"Polygon","coordinates":[[[-82.098564,36.136345],[-82.098757,36.13648],[-82.098657,36.136693],[-82.098337,36.136734],[-82.098184,36.13645],[-82.098564,36.136345]]]}},{"id":"65326","type":"Feature","properties":{"OBJECTID":322,"max_category":0,"label":"0.01 to 0.10 inches","area_acres":10.468721665417439,"county":"Carter County","watershed":"Upper Doe River"},"geometry":{"type":"Polygon","coordinates":[[[-82.074215,36.15977],[-82.07556,36.158672],[-82.075883,36.158696],[-82.075619,36.159335],[-82.074959,36.159592],[-82.074178,36.160266],[-82.074856,36.159761],[-82.075599,36.159625],[-82.076068,36.15926],[-82.076322,36.159317],[-82.076145,36.159789],[-82.075481,36.160013],[-82.076208,36.160142],[-82.076238,36.16036],[-82.075259,36.160409],[-82.076183,36.160497],[-82.076266,36.160756],[-82.075951,36.160941],[-82.074933,36.160687],[-82.075272,36.161171],[-82.075194,36.161367],[-82.074847,36.161216],[-82.074276,36.160461],[-82.071385,36.16049],[-82.071492,36.16022],[-82.071931,36.15994],[-82.074215,36.15977]],[[-82.074216,36.159968],[-82.071996,36.160079],[-82.071651,36.160291],[-82.073862,36.160274],[-82.074216,36.159968]]]}},{"id":"65352","type":"Feature","properties":{"OBJECTID":4132,"max_category":0,"label":"0.01 to 0.10 inches","area_acres":1.7283042867843068,"county":"Carter County","watershed":"Upper Doe River"},"geometry":{"type":"Polygon","coordinates":[[[-82.092835,36.146851],[-82.092999,36.147061],[-82.092806,36.147348],[-82.093047,36.147435],[-82.092908,36.147587],[-82.091648,36.147629],[-82.091344,36.147853],[-82.091034,36.147801],[-82.092835,36.146851]]]}},{"id":"65356","type":"Feature","properties":{"OBJECTID":2487,"max_category":0,"label":"0.01 to 0.10 inches","area_acres":1.1076390784377548,"county":"Carter County","watershed":"Buck Creek"},"geometry":{"type":"Polygon","coordinates":[[[-82.048308,36.182568],[-82.048652,36.182752],[-82.049222,36.182524],[-82.049272,36.182647],[-82.049007,36.182881],[-82.049527,36.182815],[-82.049661,36.183018],[-82.049044,36.183182],[-82.048247,36.182688],[-82.048308,36.182568]]]}},{"id":"65359","type":"Feature","properties":{"OBJECTID":2485,"max_category":0,"label":"0.01 to 0.10 inches","area_acres":0.5434793410141195,"county":"Carter County","watershed":"Upper Doe River"},"geometry":{"type":"Polygon","coordinates":[[[-82.073304,36.185413],[-82.073521,36.185673],[-82.073153,36.185875],[-82.07276,36.185798],[-82.072767,36.185636],[-82.073126,36.185445],[-82.073304,36.185413]]]}},{"id":"65364","type":"Feature","properties":{"OBJECTID":2486,"max_category":0,"label":"0.01 to 0.10 inches","area_acres":1.5776816933979054,"county":"Carter County","watershed":"Upper Doe River"},"geometry":{"type":"Polygon","coordinates":[[[-82.065277,36.169723],[-82.065832,36.169773],[-82.065872,36.16998],[-82.065328,36.170084],[-82.064641,36.170671],[-82.064339,36.170641],[-82.064256,36.17046],[-82.065277,36.169723]]]}},{"id":"65371","type":"Feature","properties":{"OBJECTID":4272,"max_category":0,"label":"0.01 to 0.10 inches","area_acres":24.74864907070084,"county":"Carter County","watershed":"Upper Doe River"},"geometry":{"type":"Polygon","coordinates":[[[-82.087043,36.114211],[-82.087457,36.114771],[-82.087274,36.115295],[-82.087272,36.116251],[-82.086757,36.11682],[-82.086798,36.117881],[-82.087093,36.117591],[-82.087396,36.117597],[-82.087438,36.117795],[-82.086674,36.118196],[-82.086656,36.12002],[-82.086305,36.119969],[-82.085933,36.119689],[-82.085902,36.119425],[-82.08539,36.118875],[-82.082571,36.11875],[-82.082658,36.11857],[-82.082465,36.118126],[-82.082683,36.118003],[-82.084375,36.118758],[-82.085313,36.118734],[-82.084207,36.117174],[-82.081455,36.117187],[-82.079953,36.116934],[-82.080258,36.116746],[-82.081297,36.116817],[-82.080299,36.116031],[-82.080212,36.11587],[-82.080367,36.115753],[-82.08151,36.116149],[-82.08278,36.116929],[-82.084164,36.117032],[-82.084,36.115763],[-82.083051,36.115279],[-82.082023,36.115293],[-82.081761,36.114802],[-82.081347,36.114476],[-82.081658,36.114079],[-82.082033,36.114651],[-82.082258,36.114588],[-82.082948,36.115111],[-82.083601,36.115294],[-82.084062,36.115614],[-82.084017,36.114443],[-82.083834,36.11409],[-82.082908,36.113331],[-82.082081,36.113018],[-82.082078,36.112802],[-82.082516,36.112845],[-82.082061,36.112496],[-82.081923,36.112162],[-82.082657,36.112526],[-82.081519,36.111524],[-82.08098,36.110949],[-82.081019,36.110795],[-82.082477,36.111503],[-82.083239,36.112702],[-82.083258,36.113029],[-82.08352,36.113099],[-82.083544,36.113407],[-82.084148,36.114277],[-82.08426,36.115307],[-82.084416,36.115143],[-82.084416,36.114165],[-82.08474,36.113476],[-82.086111,36.112378],[-82.086495,36.112273],[-82.086613,36.112369],[-82.084904,36.113541],[-82.084532,36.114458],[-82.084591,36.115187],[-82.084301,36.11548],[-82.08415,36.115979],[-82.084397,36.117123],[-82.086066,36.11936],[-82.086085,36.119609],[-82.08646,36.119843],[-82.08658,36.116786],[-82.086873,36.116483],[-82.08679,36.114307],[-82.087043,36.114211]]]}},{"id":"65372","type":"Feature","properties":{"OBJECTID":631,"max_category":0,"label":"0.01 to 0.10 inches","area_acres":2.3048498142966536,"county":"Carter County","watershed":"Buck Creek"},"geometry":{"type":"Polygon","coordinates":[[[-82.044481,36.172798],[-82.044792,36.1729],[-82.044809,36.173112],[-82.043742,36.173329],[-82.043751,36.174523],[-82.043458,36.174553],[-82.043394,36.174162],[-82.04277,36.1739],[-82.042708,36.173706],[-82.043152,36.173659],[-82.043554,36.173929],[-82.043577,36.173237],[-82.044481,36.172798]]]}},{"id":"65394","type":"Feature","properties":{"OBJECTID":335,"max_category":0,"label":"0.01 to 0.10 inches","area_acres":19.881393424787024,"county":"Carter County","watershed":"Upper Doe River"},"geometry":{"type":"Polygon","coordinates":[[[-82.064466,36.159687],[-82.066259,36.15992],[-82.067236,36.160577],[-82.068348,36.160636],[-82.069434,36.161061],[-82.068438,36.160992],[-82.067762,36.161421],[-82.067653,36.16127],[-82.06797,36.160933],[-82.067587,36.160904],[-82.066682,36.161711],[-82.065834,36.162019],[-82.065276,36.162438],[-82.065081,36.162408],[-82.064882,36.16267],[-82.065258,36.162779],[-82.065249,36.163119],[-82.064248,36.163158],[-82.064705,36.163448],[-82.064683,36.163633],[-82.064293,36.16359],[-82.063534,36.163176],[-82.062384,36.163095],[-82.061189,36.164347],[-82.061209,36.163823],[-82.061541,36.163528],[-82.060411,36.163721],[-82.060219,36.163628],[-82.060734,36.163516],[-82.061307,36.163021],[-82.061091,36.162653],[-82.06118,36.162338],[-82.061417,36.162384],[-82.06151,36.162821],[-82.061757,36.162803],[-82.062298,36.162337],[-82.062342,36.161664],[-82.062508,36.161477],[-82.063102,36.161395],[-82.063188,36.161497],[-82.06256,36.161922],[-82.062452,36.162413],[-82.061049,36.163453],[-82.06154,36.163331],[-82.06317,36.162],[-82.063415,36.16201],[-82.063505,36.162211],[-82.063068,36.162363],[-82.062453,36.162951],[-82.063017,36.162936],[-82.063502,36.162522],[-82.064278,36.162332],[-82.064215,36.162564],[-82.063426,36.162954],[-82.064096,36.1628],[-82.064754,36.162351],[-82.065051,36.162378],[-82.065085,36.162147],[-82.065335,36.161987],[-82.065325,36.161712],[-82.066015,36.161542],[-82.066999,36.160891],[-82.065995,36.160916],[-82.065634,36.161145],[-82.06539,36.161041],[-82.064371,36.161574],[-82.06477,36.16097],[-82.064139,36.161177],[-82.064103,36.160773],[-82.064672,36.160658],[-82.064549,36.160375],[-82.06534,36.160625],[-82.066931,36.16064],[-82.066407,36.160301],[-82.064649,36.160068],[-82.064378,36.159914],[-82.064466,36.159687]],[[-82.061899,36.163428],[-82.061381,36.163875],[-82.061383,36.16394],[-82.061869,36.163529],[-82.061899,36.163428]]]}},{"id":"65395","type":"Feature","properties":{"OBJECTID":2416,"max_category":0,"label":"0.01 to 0.10 inches","area_acres":0.5596297579396318,"county":"Carter County","watershed":"Upper Doe River"},"geometry":{"type":"Polygon","coordinates":[[[-82.082396,36.171546],[-82.082507,36.172179],[-82.08227,36.172241],[-82.082108,36.171584],[-82.082396,36.171546]]]}},{"id":"65398","type":"Feature","properties":{"OBJECTID":4701,"max_category":0,"label":"0.01 to 0.10 inches","area_acres":0.6993099406855461,"county":"Carter County","watershed":"Upper Doe River"},"geometry":{"type":"Polygon","coordinates":[[[-82.102663,36.12753],[-82.10272,36.127881],[-82.101756,36.127962],[-82.102014,36.127665],[-82.102663,36.12753]]]}},{"id":"65405","type":"Feature","properties":{"OBJECTID":4053,"max_category":0,"label":"0.01 to 0.10 inches","area_acres":0.9077052292676003,"county":"Carter County","watershed":"Upper Doe River"},"geometry":{"type":"Polygon","coordinates":[[[-82.099556,36.130439],[-82.099819,36.130751],[-82.099674,36.130854],[-82.099365,36.130754],[-82.099089,36.130964],[-82.098981,36.131753],[-82.098832,36.131859],[-82.098789,36.131107],[-82.099556,36.130439]]]}},{"id":"65407","type":"Feature","properties":{"OBJECTID":3948,"max_category":0,"label":"0.01 to 0.10 inches","area_acres":6.278654181292602,"county":"Carter County","watershed":"Buck Creek"},"geometry":{"type":"Polygon","coordinates":[[[-82.038211,36.148577],[-82.038337,36.148742],[-82.037928,36.149759],[-82.037019,36.150577],[-82.037044,36.152451],[-82.036201,36.153153],[-82.035917,36.153931],[-82.035414,36.154625],[-82.035183,36.154593],[-82.035129,36.15436],[-82.034813,36.154625],[-82.034262,36.154662],[-82.034331,36.154273],[-82.035652,36.15356],[-82.036271,36.152799],[-82.036876,36.15235],[-82.03684,36.150364],[-82.037524,36.149763],[-82.03757,36.149113],[-82.037806,36.148756],[-82.038211,36.148577]]]}},{"id":"65412","type":"Feature","properties":{"OBJECTID":4527,"max_category":0,"label":"0.01 to 0.10 inches","area_acres":2.2011374159049755,"county":"Carter County","watershed":"Buck Creek"},"geometry":{"type":"Polygon","coordinates":[[[-82.011305,36.162131],[-82.011446,36.162301],[-82.010725,36.162453],[-82.008943,36.164458],[-82.007683,36.164922],[-82.007925,36.16459],[-82.009023,36.16418],[-82.010671,36.162137],[-82.011305,36.162131]]]}},{"id":"65415","type":"Feature","properties":{"OBJECTID":4501,"max_category":0,"label":"0.01 to 0.10 inches","area_acres":2.671624250101445,"county":"Carter County","watershed":"Upper Doe River"},"geometry":{"type":"Polygon","coordinates":[[[-82.04948,36.15176],[-82.04982,36.152157],[-82.049447,36.153043],[-82.049469,36.153615],[-82.049963,36.153651],[-82.050015,36.153811],[-82.049495,36.153795],[-82.048987,36.153561],[-82.049195,36.151847],[-82.04948,36.15176]]]}},{"id":"65423","type":"Feature","properties":{"OBJECTID":4034,"max_category":0,"label":"0.01 to 0.10 inches","area_acres":2.077647067483637,"county":"Carter County","watershed":"Upper Doe River"},"geometry":{"type":"Polygon","coordinates":[[[-82.095501,36.149202],[-82.095721,36.149554],[-82.096386,36.149682],[-82.095956,36.149923],[-82.096173,36.15031],[-82.095844,36.150765],[-82.095642,36.150663],[-82.095472,36.149831],[-82.095169,36.149896],[-82.095286,36.149252],[-82.095501,36.149202]]]}},{"id":"65440","type":"Feature","properties":{"OBJECTID":4008,"max_category":0,"label":"0.01 to 0.10 inches","area_acres":11.559850372823075,"county":"Carter County","watershed":"Upper Doe River"},"geometry":{"type":"Polygon","coordinates":[[[-82.05758,36.147325],[-82.058994,36.147922],[-82.060513,36.147911],[-82.060922,36.147531],[-82.061051,36.146968],[-82.061306,36.146849],[-82.061509,36.146941],[-82.061484,36.147161],[-82.060795,36.147877],[-82.061155,36.147868],[-82.062459,36.14683],[-82.063211,36.146613],[-82.063283,36.146751],[-82.062952,36.146866],[-82.062512,36.147302],[-82.062022,36.147357],[-82.0617,36.147635],[-82.061886,36.147796],[-82.062319,36.147579],[-82.062171,36.147909],[-82.06157,36.148],[-82.062211,36.148006],[-82.06285,36.147526],[-82.063874,36.147485],[-82.06393,36.147828],[-82.062651,36.147863],[-82.062287,36.148142],[-82.061822,36.148159],[-82.063805,36.148338],[-82.063679,36.148592],[-82.06333,36.148671],[-82.063716,36.148966],[-82.063802,36.149302],[-82.063663,36.149332],[-82.062673,36.148577],[-82.061345,36.148088],[-82.061942,36.14881],[-82.062629,36.148857],[-82.063269,36.149411],[-82.062952,36.149582],[-82.062339,36.149122],[-82.062394,36.149571],[-82.062247,36.149629],[-82.061624,36.148839],[-82.061497,36.1484],[-82.061061,36.148068],[-82.0592,36.14806],[-82.060206,36.148528],[-82.060509,36.149009],[-82.060155,36.149102],[-82.059135,36.148199],[-82.057993,36.147568],[-82.057566,36.147481],[-82.05758,36.147325]]]}},{"id":"65441","type":"Feature","properties":{"OBJECTID":2429,"max_category":0,"label":"0.01 to 0.10 inches","area_acres":8.603133402844852,"county":"Carter County","watershed":"Upper Doe River"},"geometry":{"type":"Polygon","coordinates":[[[-82.074832,36.172286],[-82.075426,36.172684],[-82.075759,36.172675],[-82.075952,36.172319],[-82.076296,36.172339],[-82.077616,36.173233],[-82.078347,36.173285],[-82.078554,36.173615],[-82.078229,36.173416],[-82.077894,36.173424],[-82.077227,36.173904],[-82.076312,36.173896],[-82.076409,36.173654],[-82.077488,36.173566],[-82.077665,36.173413],[-82.076915,36.173145],[-82.076258,36.173511],[-82.076183,36.173277],[-82.076683,36.172878],[-82.07607,36.1727],[-82.075062,36.173344],[-82.074937,36.173901],[-82.074318,36.174063],[-82.073623,36.173877],[-82.073653,36.173645],[-82.07453,36.173421],[-82.073417,36.173394],[-82.073297,36.173071],[-82.073498,36.173034],[-82.073564,36.172813],[-82.075027,36.173023],[-82.074985,36.172783],[-82.07394,36.172504],[-82.074161,36.172196],[-82.074832,36.172286]]]}},{"id":"65450","type":"Feature","properties":{"OBJECTID":2392,"max_category":0,"label":"0.01 to 0.10 inches","area_acres":1.768882756292222,"county":"Carter County","watershed":"Upper Doe River"},"geometry":{"type":"Polygon","coordinates":[[[-82.067687,36.184915],[-82.068003,36.184944],[-82.068726,36.185439],[-82.069964,36.185902],[-82.070896,36.185935],[-82.070996,36.186062],[-82.0699,36.186041],[-82.068646,36.185571],[-82.068031,36.185132],[-82.067591,36.18536],[-82.067343,36.185299],[-82.067284,36.18509],[-82.067687,36.184915]]]}},{"id":"65452","type":"Feature","properties":{"OBJECTID":2387,"max_category":0,"label":"0.01 to 0.10 inches","area_acres":1.290959536015381,"county":"Carter County","watershed":"Upper Doe River"},"geometry":{"type":"Polygon","coordinates":[[[-82.066271,36.186022],[-82.066465,36.186208],[-82.06648,36.186602],[-82.065989,36.186982],[-82.065834,36.187603],[-82.065658,36.187368],[-82.065972,36.186704],[-82.065919,36.186139],[-82.066271,36.186022]]]}},{"id":"65454","type":"Feature","properties":{"OBJECTID":350,"max_category":0,"label":"0.01 to 0.10 inches","area_acres":2.86714576437247,"county":"Carter County","watershed":"Buck Creek"},"geometry":{"type":"Polygon","coordinates":[[[-82.045785,36.171419],[-82.046807,36.171425],[-82.04664,36.171645],[-82.046075,36.171692],[-82.046624,36.172057],[-82.047212,36.172188],[-82.047081,36.172381],[-82.047177,36.172636],[-82.046747,36.17255],[-82.047008,36.172893],[-82.046232,36.172645],[-82.045985,36.171872],[-82.045676,36.171704],[-82.045785,36.171419]]]}},{"id":"65455","type":"Feature","properties":{"OBJECTID":2455,"max_category":0,"label":"0.01 to 0.10 inches","area_acres":11.239812943983592,"county":"Carter County","watershed":"Upper Doe River"},"geometry":{"type":"Polygon","coordinates":[[[-82.061086,36.176259],[-82.062471,36.176966],[-82.06378,36.177192],[-82.064083,36.17737],[-82.064444,36.177962],[-82.063899,36.177952],[-82.063364,36.178235],[-82.062703,36.178367],[-82.061483,36.178231],[-82.060936,36.178408],[-82.06117,36.178076],[-82.060096,36.177985],[-82.059437,36.177423],[-82.060474,36.177403],[-82.060988,36.177691],[-82.060822,36.177392],[-82.061231,36.177415],[-82.061365,36.177722],[-82.062248,36.178236],[-82.063289,36.1781],[-82.063839,36.177812],[-82.064224,36.177829],[-82.063944,36.177484],[-82.063425,36.177222],[-82.06236,36.17722],[-82.061699,36.177375],[-82.061512,36.17729],[-82.061638,36.17706],[-82.061315,36.176973],[-82.060476,36.177159],[-82.060351,36.177052],[-82.059055,36.17708],[-82.058539,36.176884],[-82.058157,36.176435],[-82.058422,36.176362],[-82.059249,36.176909],[-82.059424,36.176839],[-82.058883,36.176425],[-82.058957,36.176288],[-82.059306,36.176315],[-82.060027,36.176862],[-82.060244,36.17672],[-82.06106,36.176726],[-82.060419,36.176171],[-82.059882,36.176089],[-82.059934,36.175917],[-82.060416,36.175726],[-82.061086,36.176259]]]}},{"id":"65468","type":"Feature","properties":{"OBJECTID":3960,"max_category":0,"label":"0.01 to 0.10 inches","area_acres":0.9838735194408295,"county":"Carter County","watershed":"Upper Doe River"},"geometry":{"type":"Polygon","coordinates":[[[-82.045975,36.147807],[-82.04661,36.14811],[-82.045882,36.147952],[-82.045638,36.148191],[-82.045557,36.148842],[-82.045408,36.14892],[-82.045146,36.148641],[-82.045512,36.148063],[-82.045975,36.147807]]]}},{"id":"65478","type":"Feature","properties":{"OBJECTID":4005,"max_category":0,"label":"0.01 to 0.10 inches","area_acres":7.064120690329293,"county":"Carter County","watershed":"Upper Doe River"},"geometry":{"type":"Polygon","coordinates":[[[-82.069171,36.147392],[-82.069257,36.147606],[-82.068268,36.14764],[-82.067815,36.148031],[-82.069363,36.147997],[-82.069471,36.14853],[-82.068968,36.148365],[-82.067907,36.148472],[-82.067863,36.148255],[-82.067614,36.148261],[-82.066496,36.149086],[-82.066243,36.148954],[-82.066672,36.148756],[-82.06805,36.147563],[-82.06703,36.148133],[-82.066257,36.148213],[-82.065562,36.148725],[-82.065149,36.1487],[-82.064959,36.148517],[-82.065686,36.148075],[-82.064723,36.14769],[-82.065021,36.147579],[-82.066746,36.147838],[-82.067319,36.147768],[-82.067969,36.147424],[-82.069171,36.147392]]]}},{"id":"65497","type":"Feature","properties":{"OBJECTID":282,"max_category":0,"label":"0.01 to 0.10 inches","area_acres":4.953636015395682,"county":"Carter County","watershed":"Upper Doe River"},"geometry":{"type":"Polygon","coordinates":[[[-82.047702,36.167441],[-82.04799,36.167533],[-82.047994,36.168355],[-82.048611,36.168856],[-82.048686,36.169203],[-82.049539,36.169059],[-82.049556,36.168623],[-82.048914,36.167785],[-82.049074,36.167391],[-82.049463,36.167449],[-82.049663,36.167725],[-82.049642,36.168036],[-82.049861,36.167937],[-82.050083,36.168048],[-82.049693,36.168482],[-82.049686,36.169192],[-82.049866,36.169354],[-82.049428,36.169245],[-82.048616,36.16934],[-82.048449,36.168925],[-82.0477,36.168353],[-82.046669,36.168073],[-82.046783,36.167751],[-82.047306,36.167891],[-82.047269,36.1677],[-82.047702,36.167441]]]}},{"id":"65521","type":"Feature","properties":{"OBJECTID":2377,"max_category":0,"label":"0.01 to 0.10 inches","area_acres":1.7077197670626383,"county":"Carter County","watershed":"Upper Doe River"},"geometry":{"type":"Polygon","coordinates":[[[-82.06487,36.183941],[-82.065141,36.183986],[-82.065381,36.184382],[-82.066061,36.184823],[-82.066042,36.185043],[-82.065739,36.184913],[-82.065688,36.185243],[-82.065508,36.185165],[-82.065421,36.184715],[-82.064991,36.184109],[-82.064864,36.184148],[-82.065148,36.184496],[-82.065067,36.184913],[-82.064814,36.18472],[-82.064651,36.184073],[-82.06487,36.183941]]]}},{"id":"65524","type":"Feature","properties":{"OBJECTID":4794,"max_category":0,"label":"0.01 to 0.10 inches","area_acres":5.90277136079678,"county":"Carter County","watershed":"Buck Creek"},"geometry":{"type":"Polygon","coordinates":[[[-82.036891,36.145917],[-82.036966,36.146143],[-82.035121,36.147762],[-82.034455,36.147741],[-82.033713,36.148268],[-82.033714,36.149198],[-82.033857,36.149389],[-82.033717,36.149449],[-82.03354,36.149236],[-82.033541,36.148215],[-82.035151,36.147046],[-82.035474,36.146627],[-82.035551,36.145893],[-82.035845,36.145679],[-82.035918,36.145137],[-82.036198,36.145056],[-82.036273,36.145179],[-82.036166,36.145997],[-82.035939,36.146395],[-82.036477,36.145991],[-82.036891,36.145917]]]}},{"id":"65531","type":"Feature","properties":{"OBJECTID":4798,"max_category":0,"label":"0.01 to 0.10 inches","area_acres":25.370682413633258,"county":"Carter County","watershed":"Buck Creek"},"geometry":{"type":"Polygon","coordinates":[[[-82.027513,36.160016],[-82.027271,36.161669],[-82.027707,36.162457],[-82.027179,36.16397],[-82.027038,36.163724],[-82.027525,36.162299],[-82.026849,36.16137],[-82.026498,36.160236],[-82.025882,36.159179],[-82.024932,36.158561],[-82.024511,36.157866],[-82.024246,36.157765],[-82.024331,36.157569],[-82.023593,36.157192],[-82.02366,36.156952],[-82.023943,36.156873],[-82.023875,36.156483],[-82.024093,36.156499],[-82.024364,36.156972],[-82.024625,36.156887],[-82.024915,36.1571],[-82.025312,36.158256],[-82.026178,36.159052],[-82.026386,36.159767],[-82.026565,36.160035],[-82.026798,36.160089],[-82.026837,36.160965],[-82.027128,36.161454],[-82.027339,36.16005],[-82.0269,36.159166],[-82.026879,36.158633],[-82.026287,36.15799],[-82.025694,36.156875],[-82.025003,36.156615],[-82.024931,36.156399],[-82.024358,36.155989],[-82.023863,36.155934],[-82.024123,36.155703],[-82.023744,36.15536],[-82.023841,36.155211],[-82.024141,36.155234],[-82.024226,36.154835],[-82.024569,36.154895],[-82.024773,36.155631],[-82.025289,36.155332],[-82.025383,36.155804],[-82.02542,36.154842],[-82.026058,36.155038],[-82.02623,36.155624],[-82.026665,36.154872],[-82.027084,36.154979],[-82.026418,36.15654],[-82.026742,36.15753],[-82.026625,36.15803],[-82.027009,36.158516],[-82.027008,36.156639],[-82.027273,36.156503],[-82.027297,36.155313],[-82.027458,36.155097],[-82.02787,36.155332],[-82.027789,36.155639],[-82.02793,36.155814],[-82.028256,36.155915],[-82.028227,36.156143],[-82.027655,36.15658],[-82.027595,36.156811],[-82.027926,36.156839],[-82.028041,36.156999],[-82.027717,36.15732],[-82.027604,36.15815],[-82.02706,36.158766],[-82.027149,36.159336],[-82.027513,36.160016]],[[-82.025676,36.155315],[-82.02571,36.156212],[-82.025776,36.156252],[-82.025849,36.15558],[-82.025676,36.155315]]]}},{"id":"65541","type":"Feature","properties":{"OBJECTID":3053,"max_category":0,"label":"0.01 to 0.10 inches","area_acres":1.5644256881071312,"county":"Carter County","watershed":"Upper Doe River"},"geometry":{"type":"Polygon","coordinates":[[[-82.078709,36.179719],[-82.078843,36.180032],[-82.07956,36.180475],[-82.079615,36.180727],[-82.079891,36.180924],[-82.079826,36.181171],[-82.079408,36.181112],[-82.078617,36.180186],[-82.078709,36.179719]]]}},{"id":"65552","type":"Feature","properties":{"OBJECTID":3997,"max_category":0,"label":"0.01 to 0.10 inches","area_acres":15.210171692950642,"county":"Carter County","watershed":"Upper Doe River"},"geometry":{"type":"Polygon","coordinates":[[[-82.077939,36.151968],[-82.078419,36.152347],[-82.078093,36.152463],[-82.077943,36.152962],[-82.078202,36.153548],[-82.078073,36.15374],[-82.078183,36.154048],[-82.077763,36.154109],[-82.077459,36.154415],[-82.077263,36.154367],[-82.077135,36.154088],[-82.077551,36.153517],[-82.077978,36.152354],[-82.077061,36.152504],[-82.07685,36.152742],[-82.076386,36.153908],[-82.076526,36.154896],[-82.076373,36.155376],[-82.076689,36.155703],[-82.076461,36.155816],[-82.076217,36.15567],[-82.076132,36.156362],[-82.075719,36.156625],[-82.075749,36.156018],[-82.075379,36.156171],[-82.075205,36.155928],[-82.075452,36.155555],[-82.076087,36.15512],[-82.076179,36.153924],[-82.076456,36.153252],[-82.076073,36.153487],[-82.075438,36.153506],[-82.075148,36.15365],[-82.074943,36.153484],[-82.075436,36.153228],[-82.0762,36.153179],[-82.077084,36.152339],[-82.075932,36.151488],[-82.075375,36.151246],[-82.075339,36.151117],[-82.075559,36.151],[-82.075207,36.150679],[-82.075344,36.150175],[-82.07552,36.150092],[-82.075722,36.1502],[-82.07596,36.150727],[-82.07648,36.15121],[-82.076497,36.151482],[-82.077456,36.152213],[-82.077942,36.152201],[-82.077491,36.151077],[-82.076971,36.150644],[-82.07706,36.150428],[-82.076406,36.150053],[-82.076323,36.149593],[-82.076631,36.149559],[-82.078082,36.150643],[-82.077801,36.151014],[-82.07782,36.151532],[-82.077939,36.151968]]]}},{"id":"65556","type":"Feature","properties":{"OBJECTID":4028,"max_category":0,"label":"0.01 to 0.10 inches","area_acres":1.6637221640289235,"county":"Carter County","watershed":"Upper Doe River"},"geometry":{"type":"Polygon","coordinates":[[[-82.067437,36.142791],[-82.067814,36.143069],[-82.066734,36.142952],[-82.065995,36.143135],[-82.065518,36.143419],[-82.064855,36.143439],[-82.064384,36.143749],[-82.063864,36.14374],[-82.063977,36.14357],[-82.064796,36.143298],[-82.065454,36.143281],[-82.066232,36.142906],[-82.067437,36.142791]]]}},{"id":"65560","type":"Feature","properties":{"OBJECTID":2478,"max_category":0,"label":"0.01 to 0.10 inches","area_acres":2.3529563123769393,"county":"Carter County","watershed":"Buck Creek"},"geometry":{"type":"Polygon","coordinates":[[[-82.04699,36.175073],[-82.047675,36.175179],[-82.0483,36.175715],[-82.048377,36.177235],[-82.048135,36.176738],[-82.047679,36.176317],[-82.047895,36.176126],[-82.048193,36.176487],[-82.048176,36.176022],[-82.046892,36.175187],[-82.04699,36.175073]]]}},{"id":"65566","type":"Feature","properties":{"OBJECTID":2425,"max_category":0,"label":"0.01 to 0.10 inches","area_acres":3.388347474049034,"county":"Carter County","watershed":"Upper Doe River"},"geometry":{"type":"Polygon","coordinates":[[[-82.07113,36.169439],[-82.071216,36.169563],[-82.070868,36.170037],[-82.071256,36.170556],[-82.071226,36.170776],[-82.070943,36.171042],[-82.070685,36.170731],[-82.070143,36.171248],[-82.070024,36.171022],[-82.070669,36.170317],[-82.070693,36.17006],[-82.07004,36.170532],[-82.069786,36.170932],[-82.069367,36.170755],[-82.069656,36.170482],[-82.06956,36.170342],[-82.069668,36.170195],[-82.070723,36.169889],[-82.07113,36.169439]]]}},{"id":"65567","type":"Feature","properties":{"OBJECTID":2423,"max_category":0,"label":"0.01 to 0.10 inches","area_acres":1.963991781107995,"county":"Carter County","watershed":"Upper Doe River"},"geometry":{"type":"Polygon","coordinates":[[[-82.074848,36.17715],[-82.074928,36.177314],[-82.074183,36.177845],[-82.074025,36.178181],[-82.073457,36.176193],[-82.074021,36.176395],[-82.073904,36.176753],[-82.074036,36.177565],[-82.074401,36.177253],[-82.074848,36.17715]]]}},{"id":"65591","type":"Feature","properties":{"OBJECTID":2474,"max_category":0,"label":"0.01 to 0.10 inches","area_acres":0.7217013404111658,"county":"Carter County","watershed":"Buck Creek"},"geometry":{"type":"Polygon","coordinates":[[[-82.050979,36.180578],[-82.051058,36.180742],[-82.05058,36.181156],[-82.050567,36.181367],[-82.050351,36.181412],[-82.050308,36.180901],[-82.050979,36.180578]]]}},{"id":"65593","type":"Feature","properties":{"OBJECTID":4054,"max_category":0,"label":"0.01 to 0.10 inches","area_acres":1.4417263445426065,"county":"Carter County","watershed":"Upper Doe River"},"geometry":{"type":"Polygon","coordinates":[[[-82.100441,36.130527],[-82.100539,36.130825],[-82.100314,36.131098],[-82.100329,36.131506],[-82.100786,36.132],[-82.100613,36.132204],[-82.099887,36.131386],[-82.099826,36.130921],[-82.100441,36.130527]]]}},{"id":"65597","type":"Feature","properties":{"OBJECTID":4135,"max_category":0,"label":"0.01 to 0.10 inches","area_acres":5.274009772706904,"county":"Carter County","watershed":"Upper Doe River"},"geometry":{"type":"Polygon","coordinates":[[[-82.091346,36.142492],[-82.091489,36.142717],[-82.090792,36.143007],[-82.091344,36.143051],[-82.091336,36.143246],[-82.090835,36.14328],[-82.090893,36.143469],[-82.089627,36.14353],[-82.089294,36.143676],[-82.088494,36.144829],[-82.088434,36.144643],[-82.088721,36.144359],[-82.08876,36.143366],[-82.089578,36.142853],[-82.089759,36.14247],[-82.089921,36.142423],[-82.090096,36.142576],[-82.090559,36.14227],[-82.090805,36.142294],[-82.090146,36.142989],[-82.090516,36.14298],[-82.091346,36.142492]],[[-82.090008,36.143163],[-82.089207,36.143183],[-82.088929,36.143423],[-82.088877,36.143835],[-82.089599,36.143262],[-82.090008,36.143163]]]}},{"id":"65601","type":"Feature","properties":{"OBJECTID":4122,"max_category":0,"label":"0.01 to 0.10 inches","area_acres":1.772589472997967,"county":"Carter County","watershed":"Upper Doe River"},"geometry":{"type":"Polygon","coordinates":[[[-82.098056,36.156585],[-82.098289,36.156628],[-82.098678,36.157049],[-82.097976,36.15717],[-82.097561,36.157063],[-82.096433,36.156208],[-82.096693,36.156135],[-82.097438,36.15654],[-82.097768,36.156977],[-82.098239,36.157021],[-82.097952,36.15693],[-82.098056,36.156585]]]}},{"id":"65612","type":"Feature","properties":{"OBJECTID":2427,"max_category":0,"label":"0.01 to 0.10 inches","area_acres":1.8798094876848328,"county":"Carter County","watershed":"Upper Doe River"},"geometry":{"type":"Polygon","coordinates":[[[-82.069245,36.168002],[-82.069354,36.168575],[-82.069072,36.169152],[-82.069093,36.169697],[-82.069474,36.169946],[-82.069081,36.170673],[-82.068797,36.170766],[-82.068707,36.170381],[-82.068962,36.170002],[-82.068895,36.169117],[-82.069149,36.168678],[-82.069245,36.168002]]]}},{"id":"65617","type":"Feature","properties":{"OBJECTID":4788,"max_category":0,"label":"0.01 to 0.10 inches","area_acres":5.076667599795649,"county":"Carter County","watershed":"Upper Doe River"},"geometry":{"type":"Polygon","coordinates":[[[-82.047286,36.1511],[-82.047395,36.151661],[-82.047699,36.151871],[-82.047718,36.152122],[-82.048169,36.151102],[-82.04839,36.15102],[-82.048664,36.151205],[-82.048659,36.151424],[-82.047952,36.152036],[-82.047763,36.152425],[-82.047958,36.15327],[-82.046927,36.153175],[-82.046419,36.153613],[-82.045841,36.154847],[-82.045503,36.155019],[-82.045409,36.154799],[-82.045832,36.153912],[-82.046836,36.153047],[-82.047352,36.153022],[-82.047327,36.151832],[-82.047032,36.151205],[-82.047286,36.1511]]]}},{"id":"65629","type":"Feature","properties":{"OBJECTID":334,"max_category":0,"label":"0.01 to 0.10 inches","area_acres":7.272280342670408,"county":"Carter County","watershed":"Upper Doe River"},"geometry":{"type":"Polygon","coordinates":[[[-82.070727,36.159444],[-82.070694,36.160083],[-82.070613,36.159976],[-82.070081,36.15998],[-82.069321,36.159404],[-82.067078,36.159459],[-82.06659,36.15932],[-82.066464,36.159118],[-82.065451,36.159145],[-82.064375,36.159385],[-82.064588,36.159004],[-82.065469,36.158838],[-82.065313,36.158377],[-82.064569,36.158396],[-82.06431,36.158088],[-82.064469,36.157845],[-82.065005,36.15805],[-82.065382,36.157967],[-82.065981,36.158767],[-82.06617,36.158625],[-82.066687,36.1587],[-82.067523,36.159223],[-82.070224,36.159159],[-82.070727,36.159444]],[[-82.069997,36.159359],[-82.069535,36.159371],[-82.070157,36.159844],[-82.070574,36.159834],[-82.070565,36.159592],[-82.069997,36.159359]]]}},{"id":"65630","type":"Feature","properties":{"OBJECTID":4018,"max_category":0,"label":"0.01 to 0.10 inches","area_acres":3.994537437759111,"county":"Carter County","watershed":"Upper Doe River"},"geometry":{"type":"Polygon","coordinates":[[[-82.058857,36.148832],[-82.059122,36.149227],[-82.058286,36.149332],[-82.058287,36.150274],[-82.058127,36.150528],[-82.059209,36.150143],[-82.060204,36.149352],[-82.060425,36.149483],[-82.060084,36.149873],[-82.060824,36.149473],[-82.060999,36.149624],[-82.060397,36.15014],[-82.059418,36.15017],[-82.058184,36.150668],[-82.057719,36.150927],[-82.057487,36.151256],[-82.057438,36.150965],[-82.05811,36.150239],[-82.058117,36.149275],[-82.058857,36.148832]]]}},{"id":"65631","type":"Feature","properties":{"OBJECTID":4774,"max_category":0,"label":"0.01 to 0.10 inches","area_acres":9.349707789193166,"county":"Carter County","watershed":"Buck Creek"},"geometry":{"type":"Polygon","coordinates":[[[-82.035475,36.14161],[-82.035661,36.141704],[-82.035749,36.142064],[-82.035472,36.14247],[-82.032937,36.144316],[-82.0323,36.14495],[-82.031989,36.145672],[-82.032422,36.147299],[-82.0323,36.147403],[-82.031812,36.145642],[-82.03251,36.144394],[-82.032171,36.144259],[-82.032258,36.144016],[-82.031925,36.143029],[-82.032189,36.142846],[-82.032557,36.142935],[-82.032309,36.143383],[-82.032391,36.144191],[-82.032575,36.144249],[-82.033448,36.143213],[-82.033431,36.142675],[-82.033861,36.141808],[-82.034059,36.141649],[-82.034353,36.141669],[-82.034456,36.141968],[-82.03381,36.142741],[-82.033621,36.143263],[-82.035475,36.14161]]]}},{"id":"65637","type":"Feature","properties":{"OBJECTID":336,"max_category":0,"label":"0.01 to 0.10 inches","area_acres":1.071440283540315,"county":"Carter County","watershed":"Upper Doe River"},"geometry":{"type":"Polygon","coordinates":[[[-82.060311,36.162125],[-82.06044,36.162303],[-82.060313,36.162485],[-82.059877,36.162361],[-82.058647,36.162504],[-82.059775,36.162003],[-82.060311,36.162125]]]}},{"id":"65642","type":"Feature","properties":{"OBJECTID":4478,"max_category":0,"label":"0.01 to 0.10 inches","area_acres":3.682025512057871,"county":"Carter County","watershed":"Upper Doe River"},"geometry":{"type":"Polygon","coordinates":[[[-82.047553,36.164427],[-82.049279,36.165176],[-82.050838,36.164879],[-82.050763,36.165092],[-82.049928,36.165728],[-82.050163,36.166581],[-82.049789,36.167087],[-82.049544,36.167012],[-82.049383,36.166623],[-82.049738,36.166278],[-82.049727,36.165667],[-82.050451,36.165125],[-82.049689,36.165336],[-82.048304,36.165148],[-82.047338,36.164471],[-82.047553,36.164427]]]}},{"id":"65646","type":"Feature","properties":{"OBJECTID":630,"max_category":0,"label":"0.01 to 0.10 inches","area_acres":2.2717630109518674,"county":"Carter County","watershed":"Upper Doe River"},"geometry":{"type":"Polygon","coordinates":[[[-82.077718,36.160891],[-82.078626,36.16145],[-82.078689,36.161843],[-82.079443,36.162446],[-82.079438,36.162814],[-82.079678,36.163006],[-82.079291,36.162897],[-82.079282,36.162517],[-82.077593,36.161335],[-82.077465,36.16095],[-82.077718,36.160891]]]}},{"id":"65648","type":"Feature","properties":{"OBJECTID":340,"max_category":0,"label":"0.01 to 0.10 inches","area_acres":12.172554662860419,"county":"Carter County","watershed":"Upper Doe River"},"geometry":{"type":"Polygon","coordinates":[[[-82.05242,36.170319],[-82.051975,36.173234],[-82.05194,36.173739],[-82.052131,36.173845],[-82.052364,36.173812],[-82.05256,36.172748],[-82.052647,36.170353],[-82.052981,36.170358],[-82.052852,36.170451],[-82.052874,36.171031],[-82.053735,36.170406],[-82.053903,36.170482],[-82.052997,36.171587],[-82.053087,36.172165],[-82.052922,36.172303],[-82.052938,36.172755],[-82.053199,36.173339],[-82.052958,36.173376],[-82.053045,36.173861],[-82.052493,36.173868],[-82.052681,36.174149],[-82.052267,36.174286],[-82.052025,36.174551],[-82.051636,36.17571],[-82.051055,36.176205],[-82.050414,36.176252],[-82.050408,36.176117],[-82.050975,36.176071],[-82.051449,36.175634],[-82.051371,36.174415],[-82.05156,36.174065],[-82.051765,36.174144],[-82.051781,36.173773],[-82.051119,36.173675],[-82.050927,36.173437],[-82.051478,36.172887],[-82.051141,36.172864],[-82.051633,36.172442],[-82.051705,36.172126],[-82.051525,36.171971],[-82.052109,36.171578],[-82.052106,36.170577],[-82.05242,36.170319]],[[-82.053468,36.170738],[-82.052915,36.171205],[-82.052923,36.171415],[-82.05309,36.171158],[-82.053468,36.170738]]]}},{"id":"65652","type":"Feature","properties":{"OBJECTID":4697,"max_category":0,"label":"0.01 to 0.10 inches","area_acres":3.2323983118519863,"county":"Carter County","watershed":"Upper Doe River"},"geometry":{"type":"Polygon","coordinates":[[[-82.105129,36.128236],[-82.10525,36.128505],[-82.104375,36.129236],[-82.104125,36.129687],[-82.104375,36.128549],[-82.103811,36.127893],[-82.103852,36.127227],[-82.104415,36.126383],[-82.104874,36.126154],[-82.104965,36.126397],[-82.104419,36.126871],[-82.104194,36.128055],[-82.104555,36.128645],[-82.105129,36.128236]],[[-82.104248,36.126991],[-82.104059,36.127183],[-82.104037,36.127504],[-82.10416,36.127341],[-82.104248,36.126991]]]}},{"id":"65660","type":"Feature","properties":{"OBJECTID":4497,"max_category":0,"label":"0.01 to 0.10 inches","area_acres":1.6471135843428089,"county":"Carter County","watershed":"Upper Doe River"},"geometry":{"type":"Polygon","coordinates":[[[-82.085888,36.151232],[-82.086292,36.151249],[-82.086655,36.151075],[-82.087262,36.151144],[-82.087747,36.151549],[-82.087497,36.151664],[-82.086626,36.151492],[-82.085878,36.151565],[-82.085888,36.151232]]]}},{"id":"65663","type":"Feature","properties":{"OBJECTID":3991,"max_category":0,"label":"0.01 to 0.10 inches","area_acres":5.946695008713186,"county":"Carter County","watershed":"Upper Doe River"},"geometry":{"type":"Polygon","coordinates":[[[-82.080668,36.149439],[-82.080749,36.149544],[-82.080395,36.14974],[-82.080113,36.150238],[-82.079366,36.150707],[-82.079,36.150721],[-82.078937,36.150599],[-82.079156,36.150402],[-82.080014,36.150115],[-82.080156,36.14987],[-82.079094,36.149842],[-82.078585,36.150279],[-82.078098,36.150466],[-82.078019,36.150221],[-82.078742,36.149738],[-82.077982,36.149265],[-82.07613,36.14889],[-82.075564,36.148439],[-82.0759,36.148351],[-82.076696,36.148578],[-82.076439,36.148358],[-82.076453,36.148168],[-82.076659,36.148146],[-82.079054,36.1497],[-82.080203,36.149726],[-82.080668,36.149439]]]}},{"id":"65664","type":"Feature","properties":{"OBJECTID":4475,"max_category":0,"label":"0.01 to 0.10 inches","area_acres":10.107656400459069,"county":"Carter County","watershed":"Upper Doe River"},"geometry":{"type":"Polygon","coordinates":[[[-82.055287,36.158348],[-82.056423,36.158348],[-82.056558,36.158502],[-82.055329,36.15849],[-82.05439,36.158733],[-82.053858,36.159446],[-82.05387,36.159998],[-82.053588,36.160154],[-82.053261,36.159848],[-82.054164,36.158766],[-82.053613,36.158807],[-82.053502,36.159015],[-82.052374,36.15958],[-82.051919,36.159245],[-82.052667,36.158968],[-82.051791,36.159018],[-82.051326,36.159194],[-82.051062,36.159051],[-82.051836,36.158792],[-82.053266,36.158707],[-82.052846,36.158387],[-82.052502,36.158258],[-82.051798,36.158303],[-82.051115,36.158703],[-82.051007,36.158567],[-82.051316,36.158232],[-82.050097,36.158508],[-82.049882,36.158403],[-82.050277,36.15799],[-82.050975,36.15784],[-82.050803,36.157688],[-82.05091,36.157468],[-82.051693,36.157925],[-82.051726,36.157789],[-82.051906,36.157804],[-82.052799,36.158217],[-82.052154,36.157572],[-82.052292,36.157159],[-82.052562,36.157097],[-82.052716,36.157932],[-82.053572,36.158638],[-82.054244,36.158621],[-82.055287,36.158348]]]}},{"id":"65681","type":"Feature","properties":{"OBJECTID":3998,"max_category":0,"label":"0.01 to 0.10 inches","area_acres":1.5852023816898362,"county":"Carter County","watershed":"Upper Doe River"},"geometry":{"type":"Polygon","coordinates":[[[-82.082245,36.151681],[-82.082308,36.151847],[-82.080617,36.152002],[-82.080608,36.152778],[-82.080351,36.152801],[-82.080312,36.152174],[-82.080018,36.152146],[-82.080068,36.151857],[-82.082245,36.151681]]]}},{"id":"65689","type":"Feature","properties":{"OBJECTID":2426,"max_category":0,"label":"0.01 to 0.10 inches","area_acres":4.531175811430651,"county":"Carter County","watershed":"Upper Doe River"},"geometry":{"type":"Polygon","coordinates":[[[-82.076297,36.170711],[-82.07694,36.171519],[-82.078116,36.171466],[-82.078516,36.171865],[-82.078057,36.171606],[-82.076879,36.171691],[-82.076511,36.172194],[-82.076328,36.172068],[-82.076525,36.171617],[-82.076165,36.171626],[-82.075096,36.172115],[-82.074729,36.172109],[-82.07466,36.171794],[-82.074874,36.171659],[-82.074586,36.171539],[-82.074695,36.171361],[-82.075206,36.171288],[-82.076383,36.17145],[-82.075986,36.171097],[-82.075991,36.170832],[-82.076297,36.170711]]]}},{"id":"65694","type":"Feature","properties":{"OBJECTID":3936,"max_category":0,"label":"0.01 to 0.10 inches","area_acres":1.7752481223937226,"county":"Carter County","watershed":"Buck Creek"},"geometry":{"type":"Polygon","coordinates":[[[-82.038964,36.149685],[-82.039193,36.149843],[-82.038739,36.150369],[-82.038737,36.151189],[-82.039286,36.151613],[-82.039348,36.152143],[-82.038779,36.152993],[-82.038761,36.15273],[-82.039171,36.152113],[-82.039158,36.15176],[-82.038567,36.151246],[-82.038533,36.15045],[-82.038964,36.149685]]]}},{"id":"65698","type":"Feature","properties":{"OBJECTID":4283,"max_category":0,"label":"0.01 to 0.10 inches","area_acres":0.9005093339930239,"county":"Carter County","watershed":"Upper Doe River"},"geometry":{"type":"Polygon","coordinates":[[[-82.063345,36.12165],[-82.063608,36.121792],[-82.063518,36.123355],[-82.063413,36.122189],[-82.063202,36.121977],[-82.063345,36.12165]]]}},{"id":"65699","type":"Feature","properties":{"OBJECTID":4487,"max_category":0,"label":"0.01 to 0.10 inches","area_acres":4.196219665559373,"county":"Carter County","watershed":"Upper Doe River"},"geometry":{"type":"Polygon","coordinates":[[[-82.071818,36.130644],[-82.072012,36.130756],[-82.071915,36.131102],[-82.071326,36.131417],[-82.071146,36.132189],[-82.070926,36.132258],[-82.070676,36.132067],[-82.07055,36.13164],[-82.071133,36.130978],[-82.07126,36.13036],[-82.072987,36.128953],[-82.073637,36.12883],[-82.073612,36.129075],[-82.071899,36.130015],[-82.071424,36.130425],[-82.07131,36.131014],[-82.071818,36.130644]],[[-82.071145,36.13129],[-82.07078,36.13169],[-82.070966,36.132098],[-82.070961,36.13174],[-82.071145,36.13129]]]}},{"id":"65709","type":"Feature","properties":{"OBJECTID":2414,"max_category":0,"label":"0.01 to 0.10 inches","area_acres":0.9118664892220628,"county":"Carter County","watershed":"Upper Doe River"},"geometry":{"type":"Polygon","coordinates":[[[-82.080962,36.175705],[-82.081087,36.175906],[-82.080835,36.176067],[-82.079773,36.176049],[-82.07982,36.17582],[-82.080962,36.175705]]]}},{"id":"65715","type":"Feature","properties":{"OBJECTID":4470,"max_category":0,"label":"0.01 to 0.10 inches","area_acres":3.1649868261704115,"county":"Carter County","watershed":"Upper Doe River"},"geometry":{"type":"Polygon","coordinates":[[[-82.067433,36.132018],[-82.068226,36.132328],[-82.068694,36.132234],[-82.068781,36.132326],[-82.068184,36.132471],[-82.067402,36.132162],[-82.066933,36.132174],[-82.066036,36.132636],[-82.064954,36.133508],[-82.064442,36.133473],[-82.0634,36.133907],[-82.063155,36.13385],[-82.064193,36.133232],[-82.065101,36.133121],[-82.065777,36.132539],[-82.066853,36.13204],[-82.067433,36.132018]]]}},{"id":"65723","type":"Feature","properties":{"OBJECTID":4519,"max_category":0,"label":"0.01 to 0.10 inches","area_acres":1.8700715186894414,"county":"Carter County","watershed":"Buck Creek"},"geometry":{"type":"Polygon","coordinates":[[[-82.034023,36.160359],[-82.034052,36.160059],[-82.034445,36.160182],[-82.034615,36.160513],[-82.034956,36.160638],[-82.035193,36.161445],[-82.035748,36.161682],[-82.035773,36.161825],[-82.035303,36.161724],[-82.034654,36.16123],[-82.034517,36.160779],[-82.034023,36.160359]]]}},{"id":"65736","type":"Feature","properties":{"OBJECTID":280,"max_category":0,"label":"0.01 to 0.10 inches","area_acres":5.128409819121514,"county":"Carter County","watershed":"Upper Doe River"},"geometry":{"type":"Polygon","coordinates":[[[-82.093287,36.158602],[-82.094588,36.159085],[-82.096167,36.160289],[-82.096664,36.161085],[-82.096397,36.161006],[-82.096048,36.16042],[-82.095336,36.159958],[-82.092967,36.159832],[-82.092955,36.159624],[-82.093335,36.159456],[-82.092862,36.159136],[-82.092924,36.158996],[-82.093759,36.15936],[-82.094944,36.159632],[-82.094532,36.159318],[-82.093349,36.158976],[-82.093071,36.158771],[-82.093287,36.158602]]]}},{"id":"65738","type":"Feature","properties":{"OBJECTID":3939,"max_category":0,"label":"0.01 to 0.10 inches","area_acres":1.7284070218908494,"county":"Carter County","watershed":"Upper Doe River"},"geometry":{"type":"Polygon","coordinates":[[[-82.056439,36.166769],[-82.057325,36.166934],[-82.056387,36.16692],[-82.055309,36.16613],[-82.054596,36.16588],[-82.054478,36.165651],[-82.054673,36.165536],[-82.054851,36.165612],[-82.054909,36.165393],[-82.055191,36.165368],[-82.055187,36.165895],[-82.056439,36.166769]]]}},{"id":"65740","type":"Feature","properties":{"OBJECTID":3953,"max_category":0,"label":"0.01 to 0.10 inches","area_acres":2.1229936629025086,"county":"Carter County","watershed":"Buck Creek"},"geometry":{"type":"Polygon","coordinates":[[[-82.029009,36.14897],[-82.029328,36.149691],[-82.029868,36.150103],[-82.030415,36.150254],[-82.031208,36.15022],[-82.031652,36.150032],[-82.031772,36.150136],[-82.031248,36.150375],[-82.030379,36.150398],[-82.029243,36.15006],[-82.028814,36.149715],[-82.028792,36.149056],[-82.029009,36.14897]]]}},{"id":"65744","type":"Feature","properties":{"OBJECTID":4451,"max_category":0,"label":"0.01 to 0.10 inches","area_acres":1.29140075851804,"county":"Carter County","watershed":"Upper Doe River"},"geometry":{"type":"Polygon","coordinates":[[[-82.107278,36.13563],[-82.10764,36.135718],[-82.10813,36.136115],[-82.108152,36.136801],[-82.107563,36.137607],[-82.107471,36.137483],[-82.107978,36.136753],[-82.107956,36.136181],[-82.107625,36.135929],[-82.107054,36.13584],[-82.107278,36.13563]]]}},{"id":"65752","type":"Feature","properties":{"OBJECTID":2459,"max_category":0,"label":"0.01 to 0.10 inches","area_acres":2.4358182837690467,"county":"Carter County","watershed":"Upper Doe River"},"geometry":{"type":"Polygon","coordinates":[[[-82.069662,36.181601],[-82.071376,36.182691],[-82.071109,36.182958],[-82.069693,36.182159],[-82.069193,36.181804],[-82.069175,36.181624],[-82.069662,36.181601]]]}},{"id":"65765","type":"Feature","properties":{"OBJECTID":4833,"max_category":0,"label":"0.01 to 0.10 inches","area_acres":1.315559514913696,"county":"Carter County","watershed":"Buck Creek"},"geometry":{"type":"Polygon","coordinates":[[[-82.03391,36.163029],[-82.034874,36.163576],[-82.03495,36.163785],[-82.033914,36.1632],[-82.032477,36.163234],[-82.032329,36.16297],[-82.03391,36.163029]]]}},{"id":"65785","type":"Feature","properties":{"OBJECTID":3979,"max_category":0,"label":"0.01 to 0.10 inches","area_acres":1.2668415899886805,"county":"Carter County","watershed":"Upper Doe River"},"geometry":{"type":"Polygon","coordinates":[[[-82.075088,36.139081],[-82.075048,36.139361],[-82.073747,36.139395],[-82.073417,36.139541],[-82.073254,36.13946],[-82.073683,36.139118],[-82.075088,36.139081]]]}},{"id":"65813","type":"Feature","properties":{"OBJECTID":4133,"max_category":0,"label":"0.01 to 0.10 inches","area_acres":3.331869148091093,"county":"Carter County","watershed":"Upper Doe River"},"geometry":{"type":"Polygon","coordinates":[[[-82.092941,36.147838],[-82.093037,36.148054],[-82.092897,36.148146],[-82.091627,36.148179],[-82.091401,36.148075],[-82.092579,36.149452],[-82.09299,36.14964],[-82.092871,36.149931],[-82.093017,36.150203],[-82.0928,36.150485],[-82.092415,36.149656],[-82.091129,36.147951],[-82.092941,36.147838]]]}},{"id":"65816","type":"Feature","properties":{"OBJECTID":3060,"max_category":0,"label":"0.01 to 0.10 inches","area_acres":3.182586236084835,"county":"Carter County","watershed":"Upper Doe River"},"geometry":{"type":"Polygon","coordinates":[[[-82.080212,36.177373],[-82.081816,36.177607],[-82.082886,36.177555],[-82.083301,36.177907],[-82.082983,36.178023],[-82.082608,36.177922],[-82.082091,36.178345],[-82.08169,36.177973],[-82.081305,36.178105],[-82.080828,36.177583],[-82.080204,36.177559],[-82.080212,36.177373]]]}},{"id":"65830","type":"Feature","properties":{"OBJECTID":2473,"max_category":0,"label":"0.01 to 0.10 inches","area_acres":5.331394717224026,"county":"Carter County","watershed":"Buck Creek"},"geometry":{"type":"Polygon","coordinates":[[[-82.053001,36.18028],[-82.053214,36.180559],[-82.052846,36.180808],[-82.052313,36.180825],[-82.051903,36.181178],[-82.051869,36.18166],[-82.05128,36.182015],[-82.051642,36.18162],[-82.051875,36.179528],[-82.052836,36.178746],[-82.053035,36.178972],[-82.052426,36.17976],[-82.053165,36.179237],[-82.053406,36.179206],[-82.053488,36.17935],[-82.052079,36.180459],[-82.051796,36.181034],[-82.052479,36.180446],[-82.053001,36.18028]]]}},{"id":"65843","type":"Feature","properties":{"OBJECTID":2428,"max_category":0,"label":"0.01 to 0.10 inches","area_acres":1.5911425893277786,"county":"Carter County","watershed":"Upper Doe River"},"geometry":{"type":"Polygon","coordinates":[[[-82.067969,36.167429],[-82.068055,36.167553],[-82.067264,36.16884],[-82.067242,36.169166],[-82.06749,36.169473],[-82.067223,36.169555],[-82.0671,36.17012],[-82.066939,36.169395],[-82.067089,36.168796],[-82.067969,36.167429]]]}},{"id":"65854","type":"Feature","properties":{"OBJECTID":3941,"max_category":0,"label":"0.01 to 0.10 inches","area_acres":2.098880790993424,"county":"Carter County","watershed":"Upper Doe River"},"geometry":{"type":"Polygon","coordinates":[[[-82.053526,36.166416],[-82.054713,36.166783],[-82.05446,36.166887],[-82.054058,36.167384],[-82.053994,36.167804],[-82.05376,36.167955],[-82.053595,36.167819],[-82.053849,36.167419],[-82.053143,36.167638],[-82.053039,36.167265],[-82.053894,36.167259],[-82.054335,36.16688],[-82.053873,36.166688],[-82.053137,36.166741],[-82.053129,36.16653],[-82.053526,36.166416]]]}},{"id":"65873","type":"Feature","properties":{"OBJECTID":4020,"max_category":0,"label":"0.01 to 0.10 inches","area_acres":1.6497779764072649,"county":"Carter County","watershed":"Upper Doe River"},"geometry":{"type":"Polygon","coordinates":[[[-82.051343,36.142809],[-82.051556,36.143589],[-82.050309,36.145033],[-82.050226,36.144851],[-82.051057,36.143847],[-82.051064,36.143061],[-82.051343,36.142809]]]}},{"id":"65877","type":"Feature","properties":{"OBJECTID":3978,"max_category":0,"label":"0.01 to 0.10 inches","area_acres":1.3014480706415306,"county":"Carter County","watershed":"Upper Doe River"},"geometry":{"type":"Polygon","coordinates":[[[-82.070618,36.137889],[-82.07184,36.137911],[-82.07187,36.138064],[-82.07102,36.138062],[-82.070191,36.13866],[-82.070106,36.138449],[-82.070618,36.137889]]]}},{"id":"65881","type":"Feature","properties":{"OBJECTID":4050,"max_category":0,"label":"0.01 to 0.10 inches","area_acres":0.565596635908979,"county":"Carter County","watershed":"Upper Doe River"},"geometry":{"type":"Polygon","coordinates":[[[-82.098098,36.139188],[-82.098241,36.13944],[-82.097692,36.139561],[-82.097552,36.139739],[-82.097498,36.13942],[-82.098098,36.139188]]]}},{"id":"65888","type":"Feature","properties":{"OBJECTID":4046,"max_category":0,"label":"0.01 to 0.10 inches","area_acres":2.98740363288891,"county":"Carter County","watershed":"Upper Doe River"},"geometry":{"type":"Polygon","coordinates":[[[-82.104269,36.134937],[-82.104489,36.135053],[-82.104459,36.135231],[-82.103542,36.136027],[-82.105188,36.135326],[-82.105419,36.135391],[-82.105417,36.135741],[-82.104276,36.135904],[-82.102906,36.136406],[-82.102451,36.136729],[-82.102802,36.136286],[-82.103537,36.135794],[-82.103971,36.135051],[-82.104269,36.134937]]]}},{"id":"65894","type":"Feature","properties":{"OBJECTID":4010,"max_category":0,"label":"0.01 to 0.10 inches","area_acres":12.942676766260607,"county":"Carter County","watershed":"Upper Doe River"},"geometry":{"type":"Polygon","coordinates":[[[-82.066185,36.152634],[-82.066869,36.153398],[-82.066924,36.153701],[-82.067953,36.154486],[-82.068284,36.154498],[-82.0701,36.156014],[-82.069848,36.15602],[-82.068649,36.155106],[-82.067977,36.155123],[-82.067337,36.155674],[-82.067044,36.155743],[-82.067041,36.155581],[-82.067559,36.155133],[-82.067368,36.155138],[-82.065579,36.15583],[-82.065258,36.156221],[-82.065335,36.156775],[-82.06499,36.15698],[-82.064792,36.156937],[-82.064455,36.156368],[-82.065023,36.156098],[-82.065021,36.155848],[-82.065808,36.155342],[-82.065379,36.155225],[-82.065282,36.155002],[-82.06631,36.155077],[-82.066444,36.155018],[-82.065808,36.154813],[-82.06623,36.154694],[-82.068607,36.154941],[-82.068225,36.154649],[-82.067889,36.154652],[-82.066818,36.15419],[-82.065439,36.154444],[-82.06549,36.154227],[-82.066206,36.154062],[-82.066049,36.153964],[-82.066125,36.15382],[-82.06529,36.153664],[-82.065295,36.153458],[-82.064861,36.153311],[-82.064797,36.153074],[-82.065037,36.153022],[-82.06573,36.153254],[-82.065607,36.153104],[-82.065713,36.152978],[-82.066196,36.153306],[-82.065966,36.152738],[-82.066185,36.152634]]]}},{"id":"65896","type":"Feature","properties":{"OBJECTID":2406,"max_category":0,"label":"0.01 to 0.10 inches","area_acres":1.2901221802368268,"county":"Carter County","watershed":"Upper Doe River"},"geometry":{"type":"Polygon","coordinates":[[[-82.073055,36.180795],[-82.073211,36.180973],[-82.072591,36.18143],[-82.072459,36.182494],[-82.072241,36.182547],[-82.072381,36.181241],[-82.072596,36.180822],[-82.073055,36.180795]]]}},{"id":"65899","type":"Feature","properties":{"OBJECTID":3956,"max_category":0,"label":"0.01 to 0.10 inches","area_acres":20.972716229499163,"county":"Carter County","watershed":"Buck Creek"},"geometry":{"type":"Polygon","coordinates":[[[-82.010275,36.160946],[-82.010606,36.161913],[-82.010525,36.162101],[-82.010181,36.161534],[-82.010089,36.160968],[-82.010047,36.159833],[-82.010353,36.158047],[-82.010207,36.156873],[-82.008699,36.155828],[-82.008596,36.155481],[-82.009378,36.155556],[-82.008995,36.155137],[-82.008936,36.154593],[-82.009163,36.154311],[-82.009362,36.154301],[-82.010414,36.156976],[-82.010256,36.15547],[-82.010047,36.155217],[-82.009724,36.153915],[-82.010241,36.153611],[-82.010399,36.153696],[-82.010428,36.154431],[-82.0107,36.154259],[-82.010865,36.154395],[-82.010783,36.155769],[-82.011347,36.153818],[-82.011696,36.153939],[-82.011471,36.154231],[-82.011486,36.154635],[-82.012376,36.154355],[-82.012536,36.154642],[-82.011665,36.155339],[-82.012102,36.155186],[-82.012206,36.155353],[-82.011073,36.156274],[-82.011148,36.156564],[-82.010763,36.157051],[-82.010501,36.158194],[-82.011344,36.157816],[-82.012048,36.157153],[-82.012339,36.156789],[-82.012416,36.155965],[-82.012712,36.155887],[-82.012789,36.155587],[-82.013009,36.155675],[-82.013066,36.156113],[-82.012573,36.15722],[-82.011835,36.157769],[-82.010475,36.158405],[-82.010224,36.159868],[-82.010275,36.160946]]]}},{"id":"65914","type":"Feature","properties":{"OBJECTID":3992,"max_category":0,"label":"0.01 to 0.10 inches","area_acres":13.253535821962554,"county":"Carter County","watershed":"Upper Doe River"},"geometry":{"type":"Polygon","coordinates":[[[-82.074945,36.151315],[-82.075105,36.151428],[-82.075006,36.151609],[-82.074285,36.151694],[-82.073719,36.152032],[-82.075083,36.152112],[-82.074912,36.152361],[-82.074216,36.152383],[-82.07504,36.152616],[-82.074984,36.152774],[-82.074328,36.152737],[-82.074854,36.153139],[-82.074795,36.153321],[-82.074387,36.153295],[-82.073354,36.152294],[-82.072458,36.152482],[-82.073532,36.153274],[-82.074482,36.153625],[-82.074541,36.153906],[-82.073727,36.153644],[-82.072349,36.152595],[-82.0712,36.152913],[-82.072119,36.152222],[-82.072534,36.152117],[-82.073324,36.151095],[-82.073373,36.150528],[-82.073656,36.150015],[-82.07365,36.148867],[-82.07388,36.148853],[-82.07394,36.149295],[-82.074123,36.148959],[-82.074105,36.148469],[-82.073848,36.147951],[-82.073844,36.147676],[-82.074043,36.147518],[-82.074341,36.147605],[-82.074418,36.148112],[-82.074688,36.147833],[-82.075035,36.147976],[-82.074602,36.148933],[-82.075313,36.149041],[-82.07437,36.149378],[-82.075138,36.149417],[-82.075235,36.149615],[-82.074075,36.149748],[-82.073862,36.149931],[-82.073141,36.151769],[-82.072629,36.152243],[-82.072409,36.152263],[-82.072112,36.152434],[-82.073643,36.151897],[-82.074305,36.151391],[-82.074945,36.151315]]]}},{"id":"65916","type":"Feature","properties":{"OBJECTID":355,"max_category":0,"label":"0.01 to 0.10 inches","area_acres":3.339409682398253,"county":"Carter County","watershed":"Buck Creek"},"geometry":{"type":"Polygon","coordinates":[[[-82.049761,36.184209],[-82.050026,36.184452],[-82.04967,36.184652],[-82.048558,36.184601],[-82.048186,36.184854],[-82.047636,36.184857],[-82.047895,36.184997],[-82.048295,36.18496],[-82.048929,36.184642],[-82.049544,36.184788],[-82.0495,36.184934],[-82.048472,36.185016],[-82.048837,36.185278],[-82.048623,36.185501],[-82.048251,36.185491],[-82.048216,36.185132],[-82.047304,36.185056],[-82.047622,36.184661],[-82.048116,36.184717],[-82.048642,36.184214],[-82.048935,36.18434],[-82.049761,36.184209]]]}},{"id":"65923","type":"Feature","properties":{"OBJECTID":4755,"max_category":0,"label":"0.01 to 0.10 inches","area_acres":2.3899149473649843,"county":"Carter County","watershed":"Upper Doe River"},"geometry":{"type":"Polygon","coordinates":[[[-82.048368,36.136727],[-82.050156,36.137662],[-82.050416,36.138059],[-82.048594,36.137973],[-82.048458,36.137767],[-82.04869,36.137627],[-82.049855,36.137762],[-82.048889,36.137132],[-82.048357,36.137072],[-82.048182,36.136826],[-82.048368,36.136727]]]}},{"id":"65924","type":"Feature","properties":{"OBJECTID":4800,"max_category":0,"label":"0.01 to 0.10 inches","area_acres":11.065982489106867,"county":"Carter County","watershed":"Buck Creek"},"geometry":{"type":"Polygon","coordinates":[[[-82.028347,36.159641],[-82.028195,36.161014],[-82.028826,36.161743],[-82.028961,36.162477],[-82.028967,36.163535],[-82.028769,36.16367],[-82.02869,36.164372],[-82.028537,36.163976],[-82.028789,36.16346],[-82.028658,36.161804],[-82.028102,36.161238],[-82.028006,36.160664],[-82.028204,36.159509],[-82.028752,36.158884],[-82.028582,36.157979],[-82.028746,36.157813],[-82.02884,36.156672],[-82.02841,36.155986],[-82.028495,36.155426],[-82.028748,36.15538],[-82.028935,36.15547],[-82.028947,36.155775],[-82.02932,36.155909],[-82.029354,36.156299],[-82.029368,36.156032],[-82.029752,36.155659],[-82.030063,36.155739],[-82.029827,36.156068],[-82.030488,36.156205],[-82.030375,36.156502],[-82.029634,36.156859],[-82.030014,36.157165],[-82.029615,36.157328],[-82.029361,36.157774],[-82.029037,36.159323],[-82.028591,36.159402],[-82.028347,36.159641]]]}},{"id":"65944","type":"Feature","properties":{"OBJECTID":4055,"max_category":0,"label":"0.01 to 0.10 inches","area_acres":1.3703291913229607,"county":"Carter County","watershed":"Upper Doe River"},"geometry":{"type":"Polygon","coordinates":[[[-82.102405,36.134022],[-82.102967,36.134977],[-82.102726,36.135194],[-82.102087,36.135382],[-82.101944,36.135851],[-82.10178,36.13544],[-82.102773,36.13495],[-82.102133,36.134449],[-82.102405,36.134022]]]}},{"id":"65948","type":"Feature","properties":{"OBJECTID":4796,"max_category":0,"label":"0.01 to 0.10 inches","area_acres":6.222837413019927,"county":"Carter County","watershed":"Buck Creek"},"geometry":{"type":"Polygon","coordinates":[[[-82.034051,36.155084],[-82.034386,36.155634],[-82.034759,36.155651],[-82.034782,36.15596],[-82.035213,36.156608],[-82.037495,36.158269],[-82.037862,36.158335],[-82.0379,36.158661],[-82.036346,36.157588],[-82.033311,36.156179],[-82.032873,36.155651],[-82.032949,36.155501],[-82.033242,36.155558],[-82.034386,36.156368],[-82.033885,36.155668],[-82.033835,36.155197],[-82.034051,36.155084]]]}},{"id":"65954","type":"Feature","properties":{"OBJECTID":4812,"max_category":0,"label":"0.01 to 0.10 inches","area_acres":2.325313566124862,"county":"Carter County","watershed":"Buck Creek"},"geometry":{"type":"Polygon","coordinates":[[[-82.042397,36.163541],[-82.04367,36.163376],[-82.043401,36.163697],[-82.042719,36.163806],[-82.042141,36.164092],[-82.0397,36.16424],[-82.039937,36.16409],[-82.041571,36.164021],[-82.042397,36.163541]]]}},{"id":"65958","type":"Feature","properties":{"OBJECTID":2433,"max_category":0,"label":"0.01 to 0.10 inches","area_acres":5.5185555757644735,"county":"Carter County","watershed":"Upper Doe River"},"geometry":{"type":"Polygon","coordinates":[[[-82.070817,36.177224],[-82.071444,36.177436],[-82.071769,36.178534],[-82.072309,36.178945],[-82.072595,36.178801],[-82.072866,36.17887],[-82.071945,36.17918],[-82.071183,36.179951],[-82.070785,36.180088],[-82.070568,36.17994],[-82.070616,36.179806],[-82.071121,36.179372],[-82.07197,36.179014],[-82.070989,36.178984],[-82.070389,36.179629],[-82.070306,36.17944],[-82.069908,36.179466],[-82.070268,36.179057],[-82.069823,36.179001],[-82.069916,36.178489],[-82.070364,36.178534],[-82.070847,36.178817],[-82.071856,36.178796],[-82.071495,36.17846],[-82.071296,36.177863],[-82.070676,36.177386],[-82.070817,36.177224]]]}},{"id":"65964","type":"Feature","properties":{"OBJECTID":2430,"max_category":0,"label":"0.01 to 0.10 inches","area_acres":2.4572490103928146,"county":"Carter County","watershed":"Upper Doe River"},"geometry":{"type":"Polygon","coordinates":[[[-82.075739,36.173858],[-82.077242,36.174974],[-82.077516,36.174974],[-82.077547,36.175085],[-82.077337,36.175169],[-82.076795,36.175011],[-82.076204,36.174566],[-82.0753,36.174543],[-82.075211,36.17437],[-82.075512,36.174252],[-82.075168,36.174042],[-82.075155,36.17388],[-82.075739,36.173858]]]}},{"id":"65986","type":"Feature","properties":{"OBJECTID":4811,"max_category":0,"label":"0.01 to 0.10 inches","area_acres":10.059384601348752,"county":"Carter County","watershed":"Upper Doe River"},"geometry":{"type":"Polygon","coordinates":[[[-82.046644,36.164582],[-82.047539,36.165769],[-82.047772,36.16527],[-82.048591,36.165916],[-82.047948,36.165819],[-82.047244,36.166029],[-82.046107,36.167101],[-82.045873,36.167013],[-82.046355,36.166407],[-82.045101,36.16693],[-82.044849,36.16685],[-82.045624,36.166289],[-82.046995,36.166035],[-82.046624,36.165907],[-82.045548,36.165989],[-82.044774,36.166361],[-82.044039,36.166442],[-82.044036,36.166262],[-82.044654,36.165901],[-82.04418,36.165878],[-82.043856,36.165602],[-82.043978,36.165475],[-82.044468,36.16546],[-82.044576,36.165297],[-82.045467,36.165655],[-82.046307,36.165772],[-82.044812,36.165272],[-82.044613,36.165066],[-82.044975,36.164817],[-82.046624,36.165764],[-82.047395,36.165855],[-82.04638,36.165127],[-82.046302,36.164854],[-82.046644,36.164582]]]}},{"id":"65994","type":"Feature","properties":{"OBJECTID":3966,"max_category":0,"label":"0.01 to 0.10 inches","area_acres":2.4919092398679314,"county":"Carter County","watershed":"Upper Doe River"},"geometry":{"type":"Polygon","coordinates":[[[-82.082342,36.155086],[-82.082419,36.155195],[-82.082004,36.155497],[-82.081323,36.155777],[-82.080711,36.155733],[-82.080356,36.155526],[-82.079564,36.155709],[-82.079151,36.155594],[-82.079046,36.155382],[-82.079334,36.155165],[-82.080005,36.155172],[-82.080289,36.155029],[-82.080483,36.155082],[-82.080509,36.155366],[-82.080805,36.155592],[-82.081276,36.155635],[-82.082342,36.155086]]]}},{"id":"66005","type":"Feature","properties":{"OBJECTID":626,"max_category":0,"label":"0.01 to 0.10 inches","area_acres":1.09665106356182,"county":"Carter County","watershed":"Buck Creek"},"geometry":{"type":"Polygon","coordinates":[[[-82.048684,36.183521],[-82.049166,36.183781],[-82.049165,36.183964],[-82.048733,36.184075],[-82.048363,36.183947],[-82.047485,36.184239],[-82.047503,36.184084],[-82.048319,36.183805],[-82.048684,36.183521]]]}},{"id":"66006","type":"Feature","properties":{"OBJECTID":4017,"max_category":0,"label":"0.01 to 0.10 inches","area_acres":1.1150049734015757,"county":"Carter County","watershed":"Upper Doe River"},"geometry":{"type":"Polygon","coordinates":[[[-82.058014,36.143891],[-82.058613,36.143579],[-82.058681,36.14376],[-82.058214,36.144346],[-82.057537,36.144929],[-82.057198,36.144934],[-82.057988,36.144334],[-82.058014,36.143891]]]}},{"id":"66009","type":"Feature","properties":{"OBJECTID":4741,"max_category":0,"label":"0.01 to 0.10 inches","area_acres":16.220054313711767,"county":"Carter County","watershed":"Upper Doe River"},"geometry":{"type":"Polygon","coordinates":[[[-82.078751,36.125001],[-82.078826,36.125141],[-82.078136,36.125709],[-82.078655,36.125782],[-82.078653,36.125943],[-82.077945,36.126016],[-82.077291,36.126581],[-82.07837,36.126632],[-82.078678,36.126521],[-82.078869,36.1267],[-82.078593,36.127093],[-82.0776,36.126876],[-82.077267,36.126885],[-82.076974,36.127112],[-82.075161,36.127102],[-82.073834,36.126724],[-82.072858,36.126748],[-82.071778,36.127535],[-82.071345,36.127484],[-82.071692,36.127404],[-82.072727,36.126568],[-82.073279,36.12595],[-82.073316,36.125636],[-82.07377,36.125245],[-82.07401,36.125421],[-82.07368,36.125925],[-82.074379,36.125908],[-82.075512,36.125412],[-82.076251,36.124831],[-82.077107,36.12361],[-82.077422,36.123469],[-82.077542,36.123875],[-82.077218,36.124261],[-82.077319,36.12448],[-82.076414,36.12538],[-82.076936,36.125428],[-82.076803,36.125697],[-82.07607,36.125733],[-82.074572,36.126155],[-82.073611,36.12607],[-82.073028,36.126601],[-82.074619,36.126507],[-82.075462,36.12665],[-82.075424,36.126858],[-82.074927,36.126889],[-82.075067,36.126935],[-82.07672,36.126893],[-82.077389,36.126231],[-82.078096,36.124943],[-82.078575,36.12447],[-82.078617,36.123501],[-82.079125,36.123342],[-82.079416,36.123064],[-82.079582,36.123406],[-82.078836,36.124055],[-82.078744,36.124527],[-82.077909,36.12564],[-82.078751,36.125001]]]}},{"id":"66010","type":"Feature","properties":{"OBJECTID":4810,"max_category":0,"label":"0.01 to 0.10 inches","area_acres":3.407932442267902,"county":"Carter County","watershed":"Upper Doe River"},"geometry":{"type":"Polygon","coordinates":[[[-82.049616,36.154449],[-82.049696,36.154555],[-82.049133,36.155157],[-82.047855,36.15614],[-82.046587,36.156508],[-82.044565,36.156492],[-82.044679,36.156266],[-82.045026,36.156158],[-82.047474,36.156124],[-82.047774,36.156007],[-82.049616,36.154449]]]}},{"id":"66015","type":"Feature","properties":{"OBJECTID":2460,"max_category":0,"label":"0.01 to 0.10 inches","area_acres":0.9113966952547243,"county":"Carter County","watershed":"Upper Doe River"},"geometry":{"type":"Polygon","coordinates":[[[-82.069795,36.182416],[-82.070336,36.18264],[-82.07094,36.183138],[-82.070797,36.183184],[-82.070317,36.182848],[-82.069647,36.182737],[-82.069513,36.182495],[-82.069795,36.182416]]]}},{"id":"66020","type":"Feature","properties":{"OBJECTID":3059,"max_category":0,"label":"0.01 to 0.10 inches","area_acres":6.003368849175334,"county":"Carter County","watershed":"Upper Doe River"},"geometry":{"type":"Polygon","coordinates":[[[-82.081984,36.175844],[-82.082178,36.175956],[-82.082071,36.176287],[-82.081409,36.176518],[-82.082569,36.17649],[-82.083513,36.176767],[-82.084816,36.1766],[-82.085227,36.176796],[-82.084742,36.176879],[-82.084817,36.176991],[-82.085495,36.17711],[-82.085575,36.177258],[-82.08496,36.177423],[-82.08452,36.17727],[-82.084881,36.177532],[-82.084613,36.177651],[-82.084038,36.177309],[-82.081775,36.176652],[-82.080767,36.176732],[-82.080149,36.177233],[-82.079864,36.177194],[-82.080614,36.17663],[-82.081128,36.176553],[-82.081984,36.175844]]]}},{"id":"66023","type":"Feature","properties":{"OBJECTID":4042,"max_category":0,"label":"0.01 to 0.10 inches","area_acres":0.46739921070332596,"county":"Carter County","watershed":"Upper Doe River"},"geometry":{"type":"Polygon","coordinates":[[[-82.097764,36.138454],[-82.097869,36.138684],[-82.097212,36.13892],[-82.097167,36.138628],[-82.097764,36.138454]]]}},{"id":"66030","type":"Feature","properties":{"OBJECTID":3980,"max_category":0,"label":"0.01 to 0.10 inches","area_acres":4.351258739560594,"county":"Carter County","watershed":"Upper Doe River"},"geometry":{"type":"Polygon","coordinates":[[[-82.076391,36.142154],[-82.076748,36.142401],[-82.076789,36.142668],[-82.076118,36.142908],[-82.075527,36.143356],[-82.075174,36.143362],[-82.074997,36.143132],[-82.075777,36.142994],[-82.076576,36.142617],[-82.07636,36.142298],[-82.074525,36.142894],[-82.073603,36.143681],[-82.073385,36.143648],[-82.073438,36.143387],[-82.072676,36.143642],[-82.072677,36.143344],[-82.073377,36.143109],[-82.073466,36.142867],[-82.074079,36.142899],[-82.074748,36.142663],[-82.074948,36.142359],[-82.076391,36.142154]]]}},{"id":"66035","type":"Feature","properties":{"OBJECTID":4091,"max_category":0,"label":"0.01 to 0.10 inches","area_acres":1.196124943516009,"county":"Carter County","watershed":"Upper Doe River"},"geometry":{"type":"Polygon","coordinates":[[[-82.093993,36.14171],[-82.094413,36.141974],[-82.094949,36.141961],[-82.095315,36.141732],[-82.095667,36.141787],[-82.095714,36.141917],[-82.095357,36.141874],[-82.09491,36.142186],[-82.094164,36.142205],[-82.093748,36.141944],[-82.093993,36.14171]]]}},{"id":"66036","type":"Feature","properties":{"OBJECTID":2378,"max_category":0,"label":"0.01 to 0.10 inches","area_acres":0.7988603350419469,"county":"Carter County","watershed":"Upper Doe River"},"geometry":{"type":"Polygon","coordinates":[[[-82.064302,36.184175],[-82.064684,36.1848],[-82.064591,36.185079],[-82.064134,36.184705],[-82.064086,36.184289],[-82.064302,36.184175]]]}},{"id":"66042","type":"Feature","properties":{"OBJECTID":3949,"max_category":0,"label":"0.01 to 0.10 inches","area_acres":5.11168184375135,"county":"Carter County","watershed":"Buck Creek"},"geometry":{"type":"Polygon","coordinates":[[[-82.034434,36.151749],[-82.034609,36.151945],[-82.033971,36.151986],[-82.0332,36.15265],[-82.033014,36.153094],[-82.033039,36.153749],[-82.033622,36.154251],[-82.033629,36.154518],[-82.033402,36.154568],[-82.032812,36.154032],[-82.032427,36.15462],[-82.032422,36.15505],[-82.032119,36.155027],[-82.031867,36.155438],[-82.031408,36.155472],[-82.031428,36.155024],[-82.032011,36.154545],[-82.032521,36.15368],[-82.032612,36.153153],[-82.033037,36.152585],[-82.033881,36.151857],[-82.034434,36.151749]]]}},{"id":"66071","type":"Feature","properties":{"OBJECTID":4273,"max_category":0,"label":"0.01 to 0.10 inches","area_acres":8.869798376181887,"county":"Carter County","watershed":"Upper Doe River"},"geometry":{"type":"Polygon","coordinates":[[[-82.083092,36.119752],[-82.085037,36.120068],[-82.085598,36.120397],[-82.084421,36.120109],[-82.083276,36.120138],[-82.082881,36.120367],[-82.081583,36.120365],[-82.081529,36.12015],[-82.083369,36.119992],[-82.081392,36.119718],[-82.079758,36.119722],[-82.079698,36.119373],[-82.081514,36.119325],[-82.081153,36.119242],[-82.079909,36.118388],[-82.080647,36.118331],[-82.081439,36.118759],[-82.081663,36.118641],[-82.083092,36.119752]]]}},{"id":"66074","type":"Feature","properties":{"OBJECTID":329,"max_category":0,"label":"0.01 to 0.10 inches","area_acres":2.2686715262643014,"county":"Carter County","watershed":"Upper Doe River"},"geometry":{"type":"Polygon","coordinates":[[[-82.083333,36.168582],[-82.083414,36.168745],[-82.083992,36.168976],[-82.084365,36.168599],[-82.084615,36.168581],[-82.084812,36.168781],[-82.084332,36.16892],[-82.084199,36.169034],[-82.084374,36.169133],[-82.084878,36.169175],[-82.085661,36.168881],[-82.085922,36.168954],[-82.086052,36.16924],[-82.084588,36.169349],[-82.083325,36.168876],[-82.083333,36.168582]]]}},{"id":"66076","type":"Feature","properties":{"OBJECTID":4001,"max_category":0,"label":"0.01 to 0.10 inches","area_acres":2.2047788583726486,"county":"Carter County","watershed":"Upper Doe River"},"geometry":{"type":"Polygon","coordinates":[[[-82.071063,36.15526],[-82.071793,36.155654],[-82.0727,36.155576],[-82.073526,36.155115],[-82.073854,36.155174],[-82.074106,36.155429],[-82.072762,36.155798],[-82.071751,36.155824],[-82.071063,36.155427],[-82.070639,36.155636],[-82.070698,36.155317],[-82.071063,36.15526]]]}},{"id":"66083","type":"Feature","properties":{"OBJECTID":2440,"max_category":0,"label":"0.01 to 0.10 inches","area_acres":2.8318457517473483,"county":"Carter County","watershed":"Upper Doe River"},"geometry":{"type":"Polygon","coordinates":[[[-82.072439,36.186857],[-82.072622,36.187127],[-82.073092,36.187143],[-82.073698,36.187045],[-82.074163,36.186737],[-82.074349,36.186944],[-82.073885,36.187183],[-82.074804,36.187382],[-82.074955,36.18758],[-82.074743,36.187711],[-82.074073,36.187616],[-82.073638,36.187245],[-82.073303,36.187225],[-82.073189,36.187267],[-82.073716,36.187877],[-82.073063,36.188105],[-82.073191,36.187544],[-82.072962,36.187289],[-82.07242,36.187196],[-82.072439,36.186857]]]}},{"id":"66092","type":"Feature","properties":{"OBJECTID":3988,"max_category":0,"label":"0.01 to 0.10 inches","area_acres":1.479685391939982,"county":"Carter County","watershed":"Upper Doe River"},"geometry":{"type":"Polygon","coordinates":[[[-82.049092,36.141518],[-82.049175,36.141706],[-82.048499,36.142321],[-82.048456,36.142526],[-82.048833,36.143172],[-82.048734,36.143263],[-82.048169,36.142575],[-82.048117,36.142205],[-82.049092,36.141518]]]}},{"id":"66105","type":"Feature","properties":{"OBJECTID":2448,"max_category":0,"label":"0.01 to 0.10 inches","area_acres":1.5906973735147594,"county":"Carter County","watershed":"Upper Doe River"},"geometry":{"type":"Polygon","coordinates":[[[-82.067973,36.171084],[-82.068133,36.171207],[-82.068053,36.172707],[-82.067581,36.172802],[-82.067549,36.172671],[-82.067877,36.172653],[-82.067863,36.172287],[-82.067477,36.171896],[-82.067667,36.171352],[-82.067973,36.171084]]]}},{"id":"66112","type":"Feature","properties":{"OBJECTID":2438,"max_category":0,"label":"0.01 to 0.10 inches","area_acres":5.356363497669136,"county":"Carter County","watershed":"Upper Doe River"},"geometry":{"type":"Polygon","coordinates":[[[-82.071585,36.180475],[-82.071745,36.18057],[-82.071655,36.181779],[-82.07203,36.18207],[-82.072123,36.182489],[-82.071897,36.182478],[-82.071868,36.18219],[-82.071595,36.181983],[-82.071749,36.182508],[-82.07146,36.182682],[-82.071288,36.182095],[-82.070782,36.18171],[-82.070331,36.181419],[-82.069522,36.181325],[-82.069457,36.1812],[-82.07,36.180685],[-82.071411,36.18178],[-82.071391,36.181241],[-82.070546,36.180398],[-82.07087,36.180246],[-82.071234,36.180419],[-82.071373,36.180602],[-82.071283,36.180906],[-82.071585,36.180475]]]}},{"id":"66116","type":"Feature","properties":{"OBJECTID":3983,"max_category":0,"label":"0.01 to 0.10 inches","area_acres":6.26357579063322,"county":"Carter County","watershed":"Upper Doe River"},"geometry":{"type":"Polygon","coordinates":[[[-82.06956,36.138945],[-82.069999,36.139327],[-82.069442,36.139764],[-82.069297,36.14141],[-82.068974,36.142094],[-82.068267,36.142707],[-82.068249,36.143115],[-82.068456,36.143413],[-82.070125,36.142068],[-82.071322,36.142036],[-82.0715,36.142225],[-82.070879,36.142353],[-82.069954,36.143058],[-82.069111,36.143085],[-82.068589,36.143535],[-82.068819,36.14385],[-82.068583,36.143976],[-82.068079,36.143172],[-82.068062,36.142806],[-82.06881,36.142029],[-82.069124,36.141362],[-82.069195,36.139688],[-82.068977,36.139237],[-82.069277,36.138907],[-82.06956,36.138945]],[[-82.070662,36.142331],[-82.070166,36.142343],[-82.069417,36.142934],[-82.069879,36.142922],[-82.070662,36.142331]]]}},{"id":"66117","type":"Feature","properties":{"OBJECTID":4100,"max_category":0,"label":"0.01 to 0.10 inches","area_acres":0.9336917590755647,"county":"Carter County","watershed":"Upper Doe River"},"geometry":{"type":"Polygon","coordinates":[[[-82.086309,36.141025],[-82.08628,36.141792],[-82.086014,36.14202],[-82.085594,36.142083],[-82.085572,36.141971],[-82.085946,36.14179],[-82.086,36.141123],[-82.086309,36.141025]]]}},{"id":"66121","type":"Feature","properties":{"OBJECTID":4092,"max_category":0,"label":"0.01 to 0.10 inches","area_acres":5.882398113839342,"county":"Carter County","watershed":"Upper Doe River"},"geometry":{"type":"Polygon","coordinates":[[[-82.094147,36.140415],[-82.094675,36.140583],[-82.094154,36.140615],[-82.093877,36.140797],[-82.093729,36.1416],[-82.093336,36.141813],[-82.093262,36.141644],[-82.093649,36.140786],[-82.09352,36.140793],[-82.09298,36.14126],[-82.092987,36.141583],[-82.092578,36.142216],[-82.092309,36.142243],[-82.092192,36.142061],[-82.092774,36.141239],[-82.091828,36.141935],[-82.091441,36.141646],[-82.092305,36.141236],[-82.091671,36.14117],[-82.091226,36.141428],[-82.091007,36.141161],[-82.09148,36.140977],[-82.092639,36.14092],[-82.09321,36.140441],[-82.094147,36.140415]]]}},{"id":"66126","type":"Feature","properties":{"OBJECTID":734,"max_category":0,"label":"0.01 to 0.10 inches","area_acres":1.8345423466275466,"county":"Carter County","watershed":"Buck Creek"},"geometry":{"type":"Polygon","coordinates":[[[-82.044399,36.184067],[-82.044845,36.184609],[-82.044176,36.184806],[-82.044126,36.18527],[-82.044213,36.18579],[-82.044741,36.186466],[-82.04467,36.186594],[-82.044302,36.186339],[-82.043951,36.185309],[-82.043986,36.184318],[-82.044399,36.184067]]]}},{"id":"66129","type":"Feature","properties":{"OBJECTID":3938,"max_category":0,"label":"0.01 to 0.10 inches","area_acres":2.758937043770833,"county":"Carter County","watershed":"Buck Creek"},"geometry":{"type":"Polygon","coordinates":[[[-82.035663,36.151993],[-82.035679,36.152269],[-82.034904,36.152883],[-82.034841,36.15333],[-82.034505,36.153793],[-82.034227,36.153863],[-82.034567,36.152975],[-82.03413,36.153273],[-82.034003,36.153055],[-82.035069,36.15205],[-82.035277,36.152125],[-82.034858,36.152572],[-82.035337,36.152074],[-82.035663,36.151993]]]}},{"id":"66137","type":"Feature","properties":{"OBJECTID":2402,"max_category":0,"label":"0.01 to 0.10 inches","area_acres":0.850254563168771,"county":"Carter County","watershed":"Upper Doe River"},"geometry":{"type":"Polygon","coordinates":[[[-82.077813,36.181995],[-82.07788,36.182381],[-82.077574,36.183297],[-82.077528,36.182115],[-82.077604,36.18198],[-82.077813,36.181995]]]}},{"id":"66144","type":"Feature","properties":{"OBJECTID":4494,"max_category":0,"label":"0.01 to 0.10 inches","area_acres":1.8373911618346848,"county":"Carter County","watershed":"Upper Doe River"},"geometry":{"type":"Polygon","coordinates":[[[-82.042457,36.141689],[-82.044,36.141702],[-82.044513,36.141892],[-82.044994,36.14239],[-82.045372,36.142546],[-82.045522,36.142845],[-82.044191,36.141921],[-82.042385,36.141922],[-82.042457,36.141689]]]}},{"id":"66162","type":"Feature","properties":{"OBJECTID":4484,"max_category":0,"label":"0.01 to 0.10 inches","area_acres":4.118768484907161,"county":"Carter County","watershed":"Upper Doe River"},"geometry":{"type":"Polygon","coordinates":[[[-82.078613,36.136464],[-82.078674,36.136809],[-82.078192,36.137318],[-82.078254,36.138054],[-82.078745,36.138676],[-82.078983,36.13941],[-82.079574,36.139975],[-82.079594,36.140401],[-82.078819,36.139475],[-82.078578,36.138737],[-82.078162,36.138306],[-82.077911,36.137245],[-82.077923,36.135619],[-82.079007,36.134807],[-82.079007,36.135195],[-82.078039,36.135975],[-82.078083,36.137119],[-82.078308,36.136614],[-82.078613,36.136464]]]}},{"id":"66182","type":"Feature","properties":{"OBJECTID":2382,"max_category":0,"label":"0.01 to 0.10 inches","area_acres":1.1062123089362526,"county":"Carter County","watershed":"Upper Doe River"},"geometry":{"type":"Polygon","coordinates":[[[-82.066967,36.182047],[-82.067127,36.182208],[-82.068227,36.182186],[-82.068524,36.182519],[-82.067017,36.182458],[-82.066967,36.182047]]]}},{"id":"66185","type":"Feature","properties":{"OBJECTID":2437,"max_category":0,"label":"0.01 to 0.10 inches","area_acres":1.566092623755443,"county":"Carter County","watershed":"Upper Doe River"},"geometry":{"type":"Polygon","coordinates":[[[-82.073989,36.179508],[-82.074343,36.179834],[-82.073958,36.179651],[-82.073493,36.179773],[-82.073054,36.180152],[-82.073091,36.180571],[-82.072426,36.180596],[-82.071983,36.180462],[-82.072109,36.180252],[-82.072759,36.180198],[-82.073403,36.179644],[-82.073989,36.179508]]]}},{"id":"66190","type":"Feature","properties":{"OBJECTID":2461,"max_category":0,"label":"0.01 to 0.10 inches","area_acres":30.81058530585929,"county":"Carter County","watershed":"Upper Doe River"},"geometry":{"type":"Polygon","coordinates":[[[-82.063397,36.182659],[-82.063491,36.18282],[-82.063306,36.18328],[-82.063724,36.183767],[-82.063658,36.183866],[-82.063394,36.183751],[-82.06305,36.182989],[-82.061749,36.182183],[-82.060331,36.181449],[-82.059395,36.181562],[-82.059388,36.181379],[-82.059905,36.181098],[-82.05963,36.180835],[-82.059083,36.180868],[-82.059083,36.180593],[-82.0594,36.18056],[-82.059272,36.180322],[-82.057931,36.180575],[-82.057158,36.181324],[-82.056834,36.181365],[-82.056765,36.181183],[-82.056207,36.181532],[-82.056268,36.181204],[-82.055936,36.18108],[-82.05602,36.180852],[-82.05739,36.180748],[-82.057615,36.18061],[-82.056349,36.180572],[-82.056338,36.180364],[-82.057198,36.180341],[-82.055544,36.179798],[-82.055536,36.179457],[-82.056015,36.179439],[-82.057201,36.17991],[-82.057755,36.180409],[-82.058619,36.18025],[-82.057389,36.179633],[-82.057152,36.179383],[-82.057253,36.17913],[-82.056807,36.178789],[-82.055587,36.179203],[-82.055635,36.178971],[-82.056327,36.178581],[-82.055142,36.178776],[-82.054727,36.178562],[-82.054938,36.178311],[-82.056004,36.178282],[-82.055867,36.178126],[-82.0552,36.177975],[-82.055293,36.177835],[-82.055891,36.177817],[-82.056852,36.178521],[-82.05569,36.177395],[-82.055601,36.176957],[-82.055764,36.176791],[-82.055993,36.176802],[-82.056035,36.177498],[-82.056414,36.177848],[-82.056434,36.177239],[-82.056586,36.177088],[-82.056783,36.177163],[-82.056917,36.177538],[-82.056757,36.177783],[-82.057027,36.177865],[-82.057198,36.178679],[-82.058245,36.179636],[-82.058183,36.178905],[-82.057804,36.177843],[-82.057441,36.17722],[-82.056765,36.17658],[-82.057217,36.17644],[-82.057714,36.176779],[-82.057996,36.177368],[-82.058517,36.177498],[-82.058254,36.177953],[-82.058307,36.178432],[-82.058551,36.17861],[-82.058669,36.179906],[-82.059035,36.180212],[-82.059461,36.180244],[-82.059703,36.180542],[-82.059801,36.179552],[-82.059308,36.179072],[-82.059469,36.178553],[-82.058829,36.178021],[-82.059031,36.177933],[-82.059431,36.178141],[-82.060069,36.178201],[-82.060348,36.178607],[-82.059895,36.179165],[-82.060071,36.179369],[-82.060103,36.180175],[-82.059913,36.180529],[-82.060646,36.179987],[-82.060814,36.180157],[-82.060058,36.180782],[-82.060066,36.180998],[-82.062578,36.182513],[-82.062304,36.181193],[-82.061826,36.181095],[-82.061234,36.180563],[-82.061527,36.180462],[-82.062471,36.181132],[-82.062218,36.180658],[-82.062155,36.179958],[-82.062436,36.179825],[-82.062673,36.180023],[-82.06238,36.18034],[-82.062537,36.180911],[-82.062789,36.180573],[-82.063307,36.180429],[-82.063395,36.180854],[-82.062679,36.181074],[-82.062723,36.182223],[-82.062866,36.181698],[-82.063388,36.18177],[-82.063438,36.181979],[-82.062927,36.18225],[-82.062946,36.18274],[-82.063397,36.182659]]]}},{"id":"66198","type":"Feature","properties":{"OBJECTID":333,"max_category":0,"label":"0.01 to 0.10 inches","area_acres":5.171554354977823,"county":"Carter County","watershed":"Upper Doe River"},"geometry":{"type":"Polygon","coordinates":[[[-82.066687,36.157644],[-82.067719,36.158119],[-82.068578,36.158245],[-82.069441,36.158846],[-82.070491,36.158764],[-82.070606,36.158888],[-82.070122,36.158999],[-82.068916,36.158945],[-82.068235,36.158469],[-82.065998,36.158246],[-82.065776,36.157954],[-82.064789,36.157548],[-82.064754,36.157372],[-82.064968,36.157312],[-82.066657,36.157844],[-82.066687,36.157644]],[[-82.06878,36.158538],[-82.068621,36.158514],[-82.069122,36.158799],[-82.06878,36.158538]]]}},{"id":"66205","type":"Feature","properties":{"OBJECTID":3822,"max_category":0,"label":"0.01 to 0.10 inches","area_acres":0.5098715185405329,"county":"Carter County","watershed":"Buck Creek"},"geometry":{"type":"Polygon","coordinates":[[[-82.011922,36.17047],[-82.012515,36.170762],[-82.012433,36.170916],[-82.011948,36.170897],[-82.011922,36.17047]]]}},{"id":"66207","type":"Feature","properties":{"OBJECTID":3052,"max_category":0,"label":"0.01 to 0.10 inches","area_acres":9.696330586424757,"county":"Carter County","watershed":"Upper Doe River"},"geometry":{"type":"Polygon","coordinates":[[[-82.081042,36.178671],[-82.08109,36.178832],[-82.080678,36.179191],[-82.081472,36.179347],[-82.082083,36.178961],[-82.082166,36.178438],[-82.082393,36.178553],[-82.083182,36.178382],[-82.083227,36.178146],[-82.083727,36.177838],[-82.083912,36.177887],[-82.083823,36.178217],[-82.084509,36.178034],[-82.084691,36.178194],[-82.08528,36.178187],[-82.08513,36.178598],[-82.083758,36.178553],[-82.08457,36.178878],[-82.084505,36.179109],[-82.084,36.179034],[-82.083413,36.178699],[-82.082675,36.178773],[-82.082739,36.179083],[-82.08312,36.179428],[-82.08291,36.179505],[-82.08232,36.179221],[-82.081991,36.179505],[-82.082368,36.180023],[-82.082104,36.180297],[-82.081417,36.179684],[-82.080092,36.179305],[-82.080667,36.179869],[-82.080742,36.18099],[-82.080433,36.18108],[-82.080328,36.180927],[-82.080553,36.180594],[-82.080493,36.179913],[-82.079983,36.179418],[-82.079682,36.179428],[-82.079654,36.179171],[-82.08031,36.179102],[-82.081042,36.178671]],[[-82.081911,36.179337],[-82.081531,36.179487],[-82.081107,36.179499],[-82.081581,36.179537],[-82.081911,36.179337]],[[-82.080631,36.179342],[-82.080699,36.179394],[-82.080971,36.17947],[-82.080631,36.179342]]]}},{"id":"66209","type":"Feature","properties":{"OBJECTID":4461,"max_category":0,"label":"0.01 to 0.10 inches","area_acres":6.964316566346204,"county":"Carter County","watershed":"Upper Doe River"},"geometry":{"type":"Polygon","coordinates":[[[-82.081512,36.133423],[-82.081712,36.133705],[-82.081685,36.134764],[-82.081224,36.135978],[-82.081246,36.138348],[-82.081043,36.138343],[-82.080984,36.138526],[-82.080729,36.135633],[-82.080015,36.135087],[-82.079919,36.13479],[-82.080137,36.134673],[-82.080536,36.134996],[-82.080434,36.13409],[-82.080645,36.13404],[-82.080862,36.134496],[-82.080969,36.136394],[-82.081203,36.135617],[-82.08114,36.133973],[-82.080891,36.133606],[-82.081149,36.13355],[-82.081336,36.133774],[-82.081331,36.133472],[-82.081512,36.133423]]]}},{"id":"66213","type":"Feature","properties":{"OBJECTID":4476,"max_category":0,"label":"0.01 to 0.10 inches","area_acres":18.363270249297006,"county":"Carter County","watershed":"Upper Doe River"},"geometry":{"type":"Polygon","coordinates":[[[-82.052133,36.153809],[-82.052139,36.153974],[-82.0513,36.154111],[-82.050473,36.155079],[-82.050251,36.155469],[-82.050188,36.156511],[-82.05057,36.156916],[-82.050479,36.157025],[-82.05073,36.15748],[-82.050494,36.157579],[-82.050029,36.157074],[-82.049353,36.158624],[-82.04911,36.158564],[-82.049193,36.158139],[-82.048834,36.158403],[-82.048656,36.158241],[-82.049298,36.15733],[-82.049417,36.156579],[-82.049868,36.156271],[-82.04985,36.155812],[-82.048792,36.15633],[-82.048727,36.157365],[-82.048377,36.157906],[-82.048189,36.157901],[-82.048126,36.157682],[-82.048431,36.156802],[-82.048358,36.156595],[-82.04856,36.15635],[-82.048157,36.156565],[-82.047984,36.157529],[-82.047851,36.157659],[-82.047721,36.157565],[-82.047467,36.158039],[-82.047279,36.158034],[-82.047149,36.157747],[-82.047981,36.156557],[-82.046859,36.15675],[-82.04658,36.156989],[-82.046539,36.158159],[-82.046284,36.158121],[-82.04621,36.157535],[-82.045974,36.158561],[-82.045739,36.158565],[-82.04534,36.158927],[-82.044934,36.158858],[-82.044812,36.158566],[-82.045404,36.158022],[-82.044638,36.158289],[-82.044417,36.157971],[-82.04492,36.157652],[-82.045527,36.157492],[-82.045771,36.157244],[-82.044641,36.157321],[-82.044613,36.15712],[-82.044274,36.156935],[-82.044329,36.156767],[-82.046382,36.156838],[-82.047021,36.156496],[-82.047959,36.156414],[-82.048265,36.156218],[-82.048964,36.156115],[-82.050138,36.155358],[-82.0512,36.153988],[-82.052133,36.153809]],[[-82.049881,36.156496],[-82.049784,36.15658],[-82.049791,36.156762],[-82.049883,36.156683],[-82.049881,36.156496]],[[-82.050097,36.156073],[-82.050023,36.155722],[-82.050039,36.156152],[-82.050097,36.156073]]]}},{"id":"66224","type":"Feature","properties":{"OBJECTID":4740,"max_category":0,"label":"0.01 to 0.10 inches","area_acres":29.6880527084465,"county":"Carter County","watershed":"Upper Doe River"},"geometry":{"type":"Polygon","coordinates":[[[-82.090757,36.109791],[-82.091093,36.110007],[-82.090224,36.110961],[-82.090154,36.111333],[-82.091121,36.110547],[-82.091319,36.110515],[-82.091362,36.110674],[-82.090272,36.111742],[-82.09058,36.111685],[-82.090623,36.111887],[-82.089782,36.112676],[-82.089642,36.114324],[-82.090015,36.115242],[-82.090156,36.117142],[-82.09083,36.117942],[-82.09075,36.118474],[-82.091115,36.119199],[-82.091128,36.120388],[-82.09138,36.121673],[-82.092751,36.123203],[-82.093354,36.124724],[-82.093152,36.123692],[-82.093809,36.123343],[-82.093841,36.122337],[-82.094241,36.12178],[-82.094447,36.121637],[-82.094736,36.121792],[-82.094684,36.12203],[-82.094079,36.122269],[-82.093982,36.123392],[-82.093469,36.124016],[-82.093692,36.126289],[-82.093636,36.12747],[-82.094367,36.128219],[-82.094346,36.128542],[-82.093464,36.127523],[-82.093517,36.126323],[-82.093293,36.1249],[-82.092829,36.124163],[-82.092587,36.123269],[-82.091365,36.122014],[-82.091121,36.121272],[-82.090847,36.121103],[-82.090888,36.120902],[-82.091085,36.120842],[-82.090942,36.119243],[-82.090576,36.118517],[-82.090656,36.117986],[-82.089984,36.11719],[-82.089693,36.114959],[-82.088728,36.114064],[-82.087693,36.114088],[-82.087672,36.113865],[-82.087136,36.113729],[-82.0871,36.113461],[-82.087272,36.113353],[-82.086945,36.113057],[-82.08689,36.11249],[-82.087052,36.11237],[-82.089146,36.113947],[-82.089127,36.113435],[-82.08707,36.111877],[-82.087263,36.111705],[-82.087749,36.111924],[-82.089074,36.112932],[-82.08855,36.111635],[-82.087192,36.110587],[-82.087298,36.110392],[-82.087523,36.110446],[-82.088537,36.111296],[-82.088294,36.111081],[-82.088272,36.110571],[-82.087709,36.109942],[-82.087905,36.109602],[-82.088097,36.110241],[-82.088229,36.110342],[-82.088422,36.110173],[-82.088714,36.110511],[-82.089461,36.114214],[-82.089417,36.110404],[-82.088846,36.109514],[-82.08917,36.109568],[-82.08951,36.11018],[-82.089266,36.10911],[-82.089383,36.108985],[-82.089596,36.109094],[-82.089843,36.110749],[-82.090374,36.110623],[-82.090353,36.110035],[-82.090564,36.109608],[-82.090747,36.109597],[-82.090757,36.109791]],[[-82.089953,36.111497],[-82.089986,36.111394],[-82.089939,36.111487],[-82.089953,36.111497]]]}},{"id":"66235","type":"Feature","properties":{"OBJECTID":4525,"max_category":0,"label":"0.01 to 0.10 inches","area_acres":1.046032509921247,"county":"Carter County","watershed":"Buck Creek"},"geometry":{"type":"Polygon","coordinates":[[[-82.039629,36.159071],[-82.040682,36.159131],[-82.040832,36.15936],[-82.040603,36.159432],[-82.039699,36.159209],[-82.039092,36.159495],[-82.038608,36.159517],[-82.039629,36.159071]]]}},{"id":"66240","type":"Feature","properties":{"OBJECTID":623,"max_category":0,"label":"0.01 to 0.10 inches","area_acres":14.91965639847655,"county":"Carter County","watershed":"Upper Doe River"},"geometry":{"type":"Polygon","coordinates":[[[-82.057152,36.169981],[-82.057312,36.170117],[-82.05703,36.170685],[-82.057453,36.171282],[-82.057226,36.171371],[-82.057078,36.171848],[-82.056893,36.17169],[-82.056845,36.170736],[-82.056506,36.17117],[-82.056487,36.171551],[-82.057244,36.172237],[-82.057726,36.173057],[-82.057489,36.173124],[-82.056795,36.172542],[-82.057263,36.17337],[-82.056629,36.173598],[-82.056465,36.173513],[-82.056318,36.172624],[-82.056535,36.17206],[-82.056333,36.171262],[-82.055467,36.172378],[-82.056027,36.173021],[-82.056199,36.17359],[-82.055936,36.173514],[-82.055694,36.173169],[-82.055317,36.172882],[-82.055815,36.173585],[-82.055638,36.173686],[-82.05512,36.173094],[-82.055096,36.172605],[-82.055006,36.172719],[-82.055036,36.173511],[-82.055755,36.174594],[-82.055621,36.175222],[-82.055235,36.175282],[-82.055024,36.175144],[-82.054762,36.17361],[-82.05447,36.174474],[-82.054128,36.174541],[-82.054017,36.174436],[-82.054231,36.173878],[-82.053412,36.17442],[-82.053113,36.174347],[-82.053126,36.174142],[-82.053785,36.173622],[-82.054402,36.173457],[-82.054746,36.173188],[-82.054721,36.172823],[-82.053668,36.173472],[-82.053469,36.173429],[-82.054221,36.172735],[-82.054907,36.17251],[-82.055613,36.17193],[-82.056883,36.170552],[-82.057152,36.169981]]]}},{"id":"66242","type":"Feature","properties":{"OBJECTID":3971,"max_category":0,"label":"0.01 to 0.10 inches","area_acres":1.4799093896318998,"county":"Carter County","watershed":"Upper Doe River"},"geometry":{"type":"Polygon","coordinates":[[[-82.086065,36.167359],[-82.086397,36.168409],[-82.086899,36.169154],[-82.086567,36.169384],[-82.086216,36.169117],[-82.086258,36.1685],[-82.085999,36.167932],[-82.086065,36.167359]]]}},{"id":"66243","type":"Feature","properties":{"OBJECTID":2447,"max_category":0,"label":"0.01 to 0.10 inches","area_acres":3.238667910262566,"county":"Carter County","watershed":"Upper Doe River"},"geometry":{"type":"Polygon","coordinates":[[[-82.069011,36.170756],[-82.069685,36.171021],[-82.069531,36.171414],[-82.069855,36.171429],[-82.069944,36.171578],[-82.069387,36.172084],[-82.069326,36.172559],[-82.068161,36.172724],[-82.068156,36.172601],[-82.069015,36.172267],[-82.068771,36.170908],[-82.069011,36.170756]],[[-82.069157,36.172456],[-82.068874,36.172414],[-82.068793,36.172493],[-82.069157,36.172456]]]}},{"id":"66247","type":"Feature","properties":{"OBJECTID":2350,"max_category":0,"label":"0.01 to 0.10 inches","area_acres":3.536567241154895,"county":"Carter County","watershed":"Buck Creek"},"geometry":{"type":"Polygon","coordinates":[[[-82.046447,36.175497],[-82.046708,36.17563],[-82.046828,36.176958],[-82.047701,36.177667],[-82.047785,36.178169],[-82.047391,36.178473],[-82.047291,36.178374],[-82.047577,36.178121],[-82.047465,36.177854],[-82.046646,36.177229],[-82.045947,36.177106],[-82.046401,36.17701],[-82.046531,36.176848],[-82.046015,36.176561],[-82.045916,36.176324],[-82.045971,36.1762],[-82.046286,36.176217],[-82.046229,36.175587],[-82.046447,36.175497]]]}},{"id":"66259","type":"Feature","properties":{"OBJECTID":4493,"max_category":0,"label":"0.01 to 0.10 inches","area_acres":3.4069415144854074,"county":"Carter County","watershed":"Upper Doe River"},"geometry":{"type":"Polygon","coordinates":[[[-82.042709,36.139396],[-82.044183,36.140601],[-82.045149,36.141794],[-82.045127,36.141995],[-82.043919,36.140567],[-82.042713,36.139567],[-82.042008,36.139584],[-82.041353,36.140115],[-82.040976,36.140134],[-82.040661,36.140331],[-82.040425,36.140266],[-82.040715,36.139925],[-82.041258,36.139771],[-82.04101,36.13962],[-82.041086,36.13947],[-82.042709,36.139396]]]}},{"id":"66265","type":"Feature","properties":{"OBJECTID":4471,"max_category":0,"label":"0.01 to 0.10 inches","area_acres":11.436449545607072,"county":"Carter County","watershed":"Upper Doe River"},"geometry":{"type":"Polygon","coordinates":[[[-82.059366,36.140603],[-82.061147,36.140753],[-82.061284,36.140919],[-82.06022,36.141026],[-82.059168,36.140943],[-82.059006,36.141166],[-82.058588,36.14093],[-82.057373,36.140932],[-82.056741,36.141223],[-82.056234,36.141689],[-82.056298,36.141999],[-82.056144,36.141991],[-82.056085,36.141215],[-82.056437,36.140825],[-82.05699,36.140799],[-82.057367,36.140474],[-82.058289,36.138886],[-82.058655,36.137582],[-82.059049,36.137396],[-82.059294,36.137589],[-82.058722,36.138684],[-82.059217,36.138408],[-82.059399,36.138726],[-82.058911,36.138981],[-82.059164,36.139041],[-82.059125,36.139195],[-82.058629,36.139225],[-82.058023,36.139748],[-82.057141,36.140878],[-82.057867,36.140695],[-82.058996,36.139524],[-82.059352,36.139641],[-82.06017,36.13908],[-82.060545,36.13901],[-82.060672,36.139184],[-82.060344,36.139319],[-82.060257,36.139578],[-82.059794,36.139553],[-82.059229,36.139842],[-82.058152,36.140743],[-82.058614,36.140731],[-82.059656,36.140158],[-82.060276,36.140182],[-82.060234,36.140359],[-82.059366,36.140603]],[[-82.056998,36.140942],[-82.056527,36.140954],[-82.056225,36.141459],[-82.056646,36.141097],[-82.056998,36.140942]]]}},{"id":"66273","type":"Feature","properties":{"OBJECTID":3962,"max_category":0,"label":"0.01 to 0.10 inches","area_acres":0.9643139024156991,"county":"Carter County","watershed":"Upper Doe River"},"geometry":{"type":"Polygon","coordinates":[[[-82.051602,36.150525],[-82.051559,36.151049],[-82.05091,36.151443],[-82.0511,36.150844],[-82.051378,36.150518],[-82.051602,36.150525]]]}},{"id":"66283","type":"Feature","properties":{"OBJECTID":2399,"max_category":0,"label":"0.01 to 0.10 inches","area_acres":1.5146831707381503,"county":"Carter County","watershed":"Upper Doe River"},"geometry":{"type":"Polygon","coordinates":[[[-82.07765,36.180405],[-82.078737,36.181257],[-82.079308,36.181453],[-82.079245,36.181702],[-82.078946,36.181779],[-82.078518,36.181553],[-82.078444,36.181311],[-82.077514,36.180598],[-82.07765,36.180405]]]}},{"id":"66287","type":"Feature","properties":{"OBJECTID":4488,"max_category":0,"label":"0.01 to 0.10 inches","area_acres":20.787517525497858,"county":"Carter County","watershed":"Upper Doe River"},"geometry":{"type":"Polygon","coordinates":[[[-82.055876,36.132802],[-82.055967,36.133013],[-82.054843,36.133191],[-82.054104,36.133772],[-82.054172,36.134667],[-82.05691,36.132761],[-82.057213,36.13279],[-82.056993,36.133123],[-82.057117,36.133298],[-82.056046,36.13408],[-82.054181,36.134924],[-82.054447,36.135703],[-82.054446,36.136529],[-82.055424,36.135686],[-82.055668,36.135714],[-82.054525,36.136839],[-82.054458,36.137819],[-82.054131,36.138318],[-82.054366,36.137279],[-82.054083,36.136079],[-82.054231,36.135528],[-82.053977,36.135046],[-82.05374,36.133286],[-82.053421,36.132903],[-82.053584,36.132841],[-82.054116,36.133191],[-82.054373,36.132116],[-82.054244,36.131405],[-82.053788,36.130933],[-82.054023,36.130844],[-82.054229,36.130984],[-82.054413,36.130095],[-82.054863,36.129706],[-82.055204,36.129621],[-82.05527,36.129866],[-82.054884,36.130235],[-82.054762,36.130595],[-82.054703,36.131714],[-82.055025,36.131436],[-82.055491,36.130326],[-82.055542,36.129662],[-82.05579,36.129642],[-82.055956,36.129392],[-82.056046,36.129611],[-82.056332,36.129493],[-82.056486,36.129629],[-82.055933,36.130209],[-82.056082,36.130633],[-82.055573,36.131463],[-82.056546,36.130951],[-82.057061,36.130849],[-82.057181,36.130945],[-82.05708,36.131089],[-82.056037,36.131451],[-82.057587,36.131303],[-82.057812,36.131511],[-82.057306,36.131618],[-82.057248,36.131893],[-82.055101,36.131948],[-82.054528,36.132442],[-82.054189,36.133489],[-82.054993,36.132886],[-82.055361,36.13276],[-82.055876,36.132802]]]}},{"id":"66290","type":"Feature","properties":{"OBJECTID":3903,"max_category":0,"label":"0.01 to 0.10 inches","area_acres":5.056533164137261,"county":"Carter County","watershed":"Buck Creek"},"geometry":{"type":"Polygon","coordinates":[[[-82.013468,36.171009],[-82.013801,36.171607],[-82.013095,36.171849],[-82.012248,36.172578],[-82.012641,36.172541],[-82.01353,36.17208],[-82.013726,36.172178],[-82.013265,36.172581],[-82.013625,36.172572],[-82.014168,36.172204],[-82.014415,36.172313],[-82.013429,36.173202],[-82.012294,36.173616],[-82.012169,36.173791],[-82.012712,36.17422],[-82.01262,36.174331],[-82.012014,36.173881],[-82.011999,36.173724],[-82.012383,36.173332],[-82.013071,36.173163],[-82.01359,36.172716],[-82.011924,36.172783],[-82.011743,36.172479],[-82.012116,36.172149],[-82.01249,36.172133],[-82.013468,36.171009]],[[-82.012354,36.172279],[-82.012196,36.172283],[-82.011954,36.172569],[-82.012032,36.172556],[-82.012354,36.172279]]]}},{"id":"66294","type":"Feature","properties":{"OBJECTID":4060,"max_category":0,"label":"0.01 to 0.10 inches","area_acres":0.4859787778693453,"county":"Carter County","watershed":"Upper Doe River"},"geometry":{"type":"Polygon","coordinates":[[[-82.107279,36.140054],[-82.10771,36.140284],[-82.107567,36.140626],[-82.107136,36.140262],[-82.107279,36.140054]]]}},{"id":"66295","type":"Feature","properties":{"OBJECTID":4477,"max_category":0,"label":"0.01 to 0.10 inches","area_acres":5.523374147205543,"county":"Carter County","watershed":"Upper Doe River"},"geometry":{"type":"Polygon","coordinates":[[[-82.0504,36.159047],[-82.051295,36.159847],[-82.051466,36.161618],[-82.051837,36.162034],[-82.053071,36.162601],[-82.053127,36.162907],[-82.052768,36.162593],[-82.051604,36.162052],[-82.050665,36.160985],[-82.050871,36.1604],[-82.049471,36.159229],[-82.049638,36.159067],[-82.050171,36.159327],[-82.0504,36.159047]],[[-82.051235,36.161056],[-82.05111,36.161164],[-82.051233,36.16136],[-82.051246,36.161349],[-82.051235,36.161056]]]}},{"id":"66298","type":"Feature","properties":{"OBJECTID":4090,"max_category":0,"label":"0.01 to 0.10 inches","area_acres":0.6701227073272715,"county":"Carter County","watershed":"Upper Doe River"},"geometry":{"type":"Polygon","coordinates":[[[-82.091783,36.130911],[-82.092476,36.131278],[-82.092368,36.131519],[-82.09209,36.131498],[-82.091584,36.131085],[-82.091783,36.130911]]]}},{"id":"66299","type":"Feature","properties":{"OBJECTID":4103,"max_category":0,"label":"0.01 to 0.10 inches","area_acres":3.5199048655813963,"county":"Carter County","watershed":"Upper Doe River"},"geometry":{"type":"Polygon","coordinates":[[[-82.106408,36.146453],[-82.107221,36.147256],[-82.108315,36.147009],[-82.10881,36.147083],[-82.108757,36.147238],[-82.108297,36.147397],[-82.107201,36.147455],[-82.107613,36.147769],[-82.108454,36.147747],[-82.109464,36.147063],[-82.109642,36.147206],[-82.109957,36.14711],[-82.110115,36.147277],[-82.108722,36.147881],[-82.107554,36.147909],[-82.107023,36.147514],[-82.106709,36.146876],[-82.106268,36.146563],[-82.106408,36.146453]]]}},{"id":"66309","type":"Feature","properties":{"OBJECTID":4078,"max_category":0,"label":"0.01 to 0.10 inches","area_acres":1.9764432055142311,"county":"Carter County","watershed":"Upper Doe River"},"geometry":{"type":"Polygon","coordinates":[[[-82.104866,36.138109],[-82.105351,36.13886],[-82.10537,36.139238],[-82.105983,36.139679],[-82.105957,36.139894],[-82.105081,36.139346],[-82.104593,36.139236],[-82.104645,36.139107],[-82.105021,36.139137],[-82.104545,36.138221],[-82.104866,36.138109]]]}},{"id":"66314","type":"Feature","properties":{"OBJECTID":3062,"max_category":0,"label":"0.01 to 0.10 inches","area_acres":0.9597165110236915,"county":"Carter County","watershed":"Upper Doe River"},"geometry":{"type":"Polygon","coordinates":[[[-82.079627,36.181565],[-82.080104,36.182022],[-82.080072,36.182987],[-82.07994,36.18229],[-82.079378,36.181739],[-82.079627,36.181565]]]}},{"id":"66315","type":"Feature","properties":{"OBJECTID":3942,"max_category":0,"label":"0.01 to 0.10 inches","area_acres":3.0545935487537834,"county":"Carter County","watershed":"Upper Doe River"},"geometry":{"type":"Polygon","coordinates":[[[-82.053283,36.168044],[-82.053748,36.16861],[-82.054679,36.169054],[-82.055139,36.169995],[-82.054019,36.169332],[-82.053444,36.168787],[-82.052962,36.16858],[-82.052445,36.168555],[-82.052461,36.168411],[-82.052153,36.16824],[-82.052268,36.168102],[-82.05259,36.16809],[-82.053071,36.16836],[-82.053074,36.168112],[-82.053283,36.168044]],[[-82.053618,36.168724],[-82.053918,36.169059],[-82.054729,36.169607],[-82.054524,36.169131],[-82.053618,36.168724]]]}},{"id":"66318","type":"Feature","properties":{"OBJECTID":3976,"max_category":0,"label":"0.01 to 0.10 inches","area_acres":0.6851232529096227,"county":"Carter County","watershed":"Upper Doe River"},"geometry":{"type":"Polygon","coordinates":[[[-82.084397,36.166274],[-82.084972,36.166624],[-82.084686,36.166873],[-82.084086,36.166615],[-82.084397,36.166274]]]}},{"id":"66322","type":"Feature","properties":{"OBJECTID":4041,"max_category":0,"label":"0.01 to 0.10 inches","area_acres":2.8547578812804235,"county":"Carter County","watershed":"Upper Doe River"},"geometry":{"type":"Polygon","coordinates":[[[-82.089116,36.135733],[-82.091108,36.135779],[-82.091806,36.136352],[-82.092212,36.136408],[-82.092818,36.136842],[-82.093259,36.137289],[-82.093431,36.137807],[-82.092671,36.136925],[-82.092132,36.136541],[-82.091706,36.136482],[-82.091405,36.136147],[-82.090823,36.135997],[-82.089218,36.136036],[-82.088971,36.135867],[-82.089116,36.135733]]]}},{"id":"66324","type":"Feature","properties":{"OBJECTID":331,"max_category":0,"label":"0.01 to 0.10 inches","area_acres":0.6316014915383745,"county":"Carter County","watershed":"Upper Doe River"},"geometry":{"type":"Polygon","coordinates":[[[-82.078551,36.16851],[-82.078711,36.168647],[-82.078495,36.168814],[-82.077702,36.168823],[-82.078044,36.168528],[-82.078551,36.16851]]]}},{"id":"66331","type":"Feature","properties":{"OBJECTID":4095,"max_category":0,"label":"0.01 to 0.10 inches","area_acres":1.6625627123055788,"county":"Carter County","watershed":"Upper Doe River"},"geometry":{"type":"Polygon","coordinates":[[[-82.103543,36.140699],[-82.104084,36.140923],[-82.105004,36.141715],[-82.104705,36.141824],[-82.104004,36.141297],[-82.103471,36.141211],[-82.103416,36.141064],[-82.103614,36.141027],[-82.103357,36.140766],[-82.103543,36.140699]]]}},{"id":"66336","type":"Feature","properties":{"OBJECTID":4695,"max_category":0,"label":"0.01 to 0.10 inches","area_acres":4.304016726268836,"county":"Carter County","watershed":"Upper Doe River"},"geometry":{"type":"Polygon","coordinates":[[[-82.107329,36.127301],[-82.107509,36.12736],[-82.107598,36.127655],[-82.107237,36.127898],[-82.107185,36.128114],[-82.106029,36.128659],[-82.105544,36.129078],[-82.105653,36.129174],[-82.105271,36.129653],[-82.104815,36.129679],[-82.104387,36.129944],[-82.104442,36.129707],[-82.106257,36.12814],[-82.106522,36.127315],[-82.106956,36.127229],[-82.10685,36.127656],[-82.107329,36.127301]]]}},{"id":"66341","type":"Feature","properties":{"OBJECTID":3963,"max_category":0,"label":"0.01 to 0.10 inches","area_acres":0.8026252082976002,"county":"Carter County","watershed":"Upper Doe River"},"geometry":{"type":"Polygon","coordinates":[[[-82.050211,36.149598],[-82.050412,36.1498],[-82.04929,36.150289],[-82.049884,36.149651],[-82.050211,36.149598]]]}},{"id":"66350","type":"Feature","properties":{"OBJECTID":3952,"max_category":0,"label":"0.01 to 0.10 inches","area_acres":16.904269561195807,"county":"Carter County","watershed":"Buck Creek"},"geometry":{"type":"Polygon","coordinates":[[[-82.02411,36.146645],[-82.024301,36.146799],[-82.024354,36.147177],[-82.024837,36.147305],[-82.025495,36.147967],[-82.025479,36.14743],[-82.025696,36.1474],[-82.025963,36.147674],[-82.025921,36.148319],[-82.027892,36.150276],[-82.029014,36.150946],[-82.029014,36.151156],[-82.027457,36.150113],[-82.027022,36.150124],[-82.025777,36.151192],[-82.025195,36.151134],[-82.025909,36.15045],[-82.025058,36.15083],[-82.025155,36.150507],[-82.026372,36.149891],[-82.027271,36.149865],[-82.026355,36.149646],[-82.025075,36.149705],[-82.024594,36.149907],[-82.02412,36.14992],[-82.024102,36.149769],[-82.024537,36.149605],[-82.025844,36.149516],[-82.02357,36.149467],[-82.023821,36.149182],[-82.026429,36.149089],[-82.026227,36.148935],[-82.023245,36.148925],[-82.023333,36.148671],[-82.02433,36.148811],[-82.026146,36.148766],[-82.025487,36.148183],[-82.024519,36.147685],[-82.022778,36.147661],[-82.022702,36.147434],[-82.023436,36.147285],[-82.022726,36.14685],[-82.022005,36.146803],[-82.021782,36.14655],[-82.022053,36.14645],[-82.022348,36.146632],[-82.023218,36.146506],[-82.023903,36.147072],[-82.02393,36.146721],[-82.02411,36.146645]],[[-82.026544,36.149256],[-82.025743,36.149276],[-82.026892,36.1496],[-82.026544,36.149256]]]}},{"id":"66366","type":"Feature","properties":{"OBJECTID":2345,"max_category":0,"label":"0.01 to 0.10 inches","area_acres":2.028845235218594,"county":"Carter County","watershed":"Buck Creek"},"geometry":{"type":"Polygon","coordinates":[[[-82.057646,36.18654],[-82.057834,36.186867],[-82.057132,36.187161],[-82.057119,36.187681],[-82.056744,36.187722],[-82.056366,36.187992],[-82.056048,36.188607],[-82.056196,36.187935],[-82.056712,36.187485],[-82.056808,36.186923],[-82.057646,36.18654]]]}},{"id":"66368","type":"Feature","properties":{"OBJECTID":4526,"max_category":0,"label":"0.01 to 0.10 inches","area_acres":3.3618843724831544,"county":"Carter County","watershed":"Upper Doe River"},"geometry":{"type":"Polygon","coordinates":[[[-82.048868,36.166038],[-82.049128,36.166978],[-82.048992,36.16724],[-82.048489,36.167259],[-82.048737,36.166688],[-82.048673,36.166186],[-82.04827,36.166278],[-82.047726,36.166662],[-82.04753,36.167251],[-82.047328,36.16706],[-82.047044,36.167378],[-82.046164,36.167339],[-82.047331,36.166653],[-82.047516,36.166383],[-82.048868,36.166038]]]}},{"id":"66380","type":"Feature","properties":{"OBJECTID":4832,"max_category":0,"label":"0.01 to 0.10 inches","area_acres":2.8620174295808307,"county":"Carter County","watershed":"Upper Doe River"},"geometry":{"type":"Polygon","coordinates":[[[-82.050558,36.149809],[-82.051254,36.150322],[-82.050583,36.149994],[-82.050192,36.150359],[-82.049734,36.151463],[-82.049401,36.151629],[-82.049375,36.151299],[-82.04897,36.151458],[-82.048916,36.151338],[-82.049442,36.150882],[-82.049172,36.150747],[-82.050558,36.149809]]]}},{"id":"66382","type":"Feature","properties":{"OBJECTID":3995,"max_category":0,"label":"0.01 to 0.10 inches","area_acres":8.133009661289663,"county":"Carter County","watershed":"Upper Doe River"},"geometry":{"type":"Polygon","coordinates":[[[-82.08168,36.156394],[-82.081932,36.156483],[-82.081959,36.156898],[-82.082367,36.157392],[-82.081694,36.156839],[-82.080617,36.156949],[-82.080304,36.156819],[-82.078989,36.156852],[-82.078584,36.15711],[-82.078441,36.156921],[-82.077804,36.156769],[-82.076702,36.157377],[-82.076593,36.157237],[-82.077388,36.156777],[-82.077366,36.156617],[-82.076119,36.156896],[-82.075814,36.156838],[-82.076042,36.156578],[-82.076738,36.156261],[-82.076596,36.156007],[-82.076774,36.155858],[-82.077613,36.156304],[-82.078336,36.156406],[-82.078642,36.156636],[-82.079923,36.156603],[-82.080089,36.156495],[-82.079548,36.156323],[-82.079146,36.156012],[-82.079248,36.155879],[-82.079812,36.155904],[-82.080328,36.156428],[-82.081054,36.156411],[-82.081465,36.156566],[-82.08168,36.156394]],[[-82.081419,36.156709],[-82.080606,36.156592],[-82.080513,36.156644],[-82.080885,36.156799],[-82.081419,36.156709]]]}},{"id":"66399","type":"Feature","properties":{"OBJECTID":4052,"max_category":0,"label":"0.01 to 0.10 inches","area_acres":2.2278525319988733,"county":"Carter County","watershed":"Upper Doe River"},"geometry":{"type":"Polygon","coordinates":[[[-82.100923,36.130734],[-82.101185,36.130895],[-82.10122,36.131752],[-82.10218,36.131349],[-82.101909,36.130478],[-82.102105,36.130249],[-82.102322,36.130486],[-82.102344,36.131414],[-82.101471,36.131715],[-82.101208,36.131991],[-82.100821,36.131994],[-82.100923,36.130734]]]}},{"id":"66401","type":"Feature","properties":{"OBJECTID":4504,"max_category":0,"label":"0.01 to 0.10 inches","area_acres":8.29093299186183,"county":"Carter County","watershed":"Buck Creek"},"geometry":{"type":"Polygon","coordinates":[[[-82.037809,36.164856],[-82.038223,36.164983],[-82.040656,36.164923],[-82.042182,36.164123],[-82.042888,36.163988],[-82.043797,36.163968],[-82.044244,36.164214],[-82.04415,36.164345],[-82.043027,36.164512],[-82.041696,36.164518],[-82.041105,36.164857],[-82.041823,36.165169],[-82.042856,36.165158],[-82.042853,36.165372],[-82.043828,36.165882],[-82.043809,36.166042],[-82.043486,36.16604],[-82.043374,36.166233],[-82.043084,36.166194],[-82.042338,36.165491],[-82.04172,36.165362],[-82.041065,36.165001],[-82.040639,36.165066],[-82.042005,36.165735],[-82.042421,36.166302],[-82.042349,36.166453],[-82.040391,36.1651],[-82.03818,36.165127],[-82.037717,36.164981],[-82.037809,36.164856]]]}},{"id":"66406","type":"Feature","properties":{"OBJECTID":3954,"max_category":0,"label":"0.01 to 0.10 inches","area_acres":5.3572089069923505,"county":"Carter County","watershed":"Buck Creek"},"geometry":{"type":"Polygon","coordinates":[[[-82.025119,36.16058],[-82.025453,36.160683],[-82.025686,36.16111],[-82.025607,36.161615],[-82.025966,36.161468],[-82.02605,36.161647],[-82.025129,36.162386],[-82.02486,36.165175],[-82.024645,36.16538],[-82.024962,36.162637],[-82.024886,36.162419],[-82.024504,36.162288],[-82.023843,36.161729],[-82.023972,36.161531],[-82.024171,36.161521],[-82.024394,36.161962],[-82.024389,36.160909],[-82.024658,36.16069],[-82.024812,36.161224],[-82.024646,36.162174],[-82.025049,36.162246],[-82.025273,36.161911],[-82.025033,36.160907],[-82.025119,36.16058]]]}},{"id":"66424","type":"Feature","properties":{"OBJECTID":3965,"max_category":0,"label":"0.01 to 0.10 inches","area_acres":8.350832369907751,"county":"Carter County","watershed":"Upper Doe River"},"geometry":{"type":"Polygon","coordinates":[[[-82.066066,36.145052],[-82.066895,36.145416],[-82.068584,36.145487],[-82.06899,36.145787],[-82.068628,36.14568],[-82.067076,36.145719],[-82.065909,36.14678],[-82.064472,36.147201],[-82.064416,36.146955],[-82.065009,36.146727],[-82.06566,36.146222],[-82.065375,36.146338],[-82.063863,36.146375],[-82.063754,36.146239],[-82.06393,36.146047],[-82.066631,36.145725],[-82.066955,36.14558],[-82.068152,36.145549],[-82.066853,36.145559],[-82.066483,36.145404],[-82.065222,36.145737],[-82.064721,36.145628],[-82.06484,36.145427],[-82.065123,36.145378],[-82.065083,36.145194],[-82.06563,36.145227],[-82.066066,36.145052]]]}},{"id":"66440","type":"Feature","properties":{"OBJECTID":4454,"max_category":0,"label":"0.01 to 0.10 inches","area_acres":3.612153625852853,"county":"Carter County","watershed":"Upper Doe River"},"geometry":{"type":"Polygon","coordinates":[[[-82.089734,36.141928],[-82.091037,36.141748],[-82.091085,36.141902],[-82.090294,36.142138],[-82.088933,36.142228],[-82.08799,36.143067],[-82.087042,36.143265],[-82.086699,36.143519],[-82.08607,36.143537],[-82.085762,36.143915],[-82.085098,36.144182],[-82.085989,36.143404],[-82.086634,36.14338],[-82.086966,36.14313],[-82.087905,36.142936],[-82.089508,36.141501],[-82.089767,36.141586],[-82.089614,36.141879],[-82.089734,36.141928]]]}},{"id":"66447","type":"Feature","properties":{"OBJECTID":4099,"max_category":0,"label":"0.01 to 0.10 inches","area_acres":2.9998795799772666,"county":"Carter County","watershed":"Upper Doe River"},"geometry":{"type":"Polygon","coordinates":[[[-82.0875,36.139373],[-82.087622,36.139492],[-82.087188,36.140132],[-82.086188,36.140645],[-82.084696,36.140824],[-82.084633,36.141044],[-82.084517,36.140757],[-82.084379,36.140787],[-82.083965,36.140381],[-82.083878,36.139871],[-82.084258,36.139514],[-82.08448,36.13964],[-82.084188,36.139943],[-82.084168,36.140324],[-82.084523,36.140729],[-82.086184,36.140478],[-82.0875,36.139373]]]}},{"id":"66472","type":"Feature","properties":{"OBJECTID":627,"max_category":0,"label":"0.01 to 0.10 inches","area_acres":6.769573269880776,"county":"Carter County","watershed":"Buck Creek"},"geometry":{"type":"Polygon","coordinates":[[[-82.055515,36.183103],[-82.055703,36.183949],[-82.055128,36.184863],[-82.055183,36.186314],[-82.055865,36.18743],[-82.055752,36.187555],[-82.054764,36.18659],[-82.054173,36.18622],[-82.053749,36.186216],[-82.052769,36.185414],[-82.053103,36.185237],[-82.053398,36.185726],[-82.053834,36.186058],[-82.054214,36.186058],[-82.055057,36.186618],[-82.054971,36.186268],[-82.05466,36.186018],[-82.054635,36.185452],[-82.053923,36.18499],[-82.053232,36.184967],[-82.052906,36.184522],[-82.053067,36.184193],[-82.053433,36.184237],[-82.053629,36.184676],[-82.054802,36.185391],[-82.054795,36.185201],[-82.054162,36.184509],[-82.054401,36.184492],[-82.054957,36.185002],[-82.055262,36.184113],[-82.055273,36.183437],[-82.055515,36.183103]],[[-82.054815,36.185556],[-82.054831,36.185965],[-82.054929,36.18604],[-82.054916,36.18572],[-82.054815,36.185556]]]}},{"id":"66475","type":"Feature","properties":{"OBJECTID":3940,"max_category":0,"label":"0.01 to 0.10 inches","area_acres":1.015211821708614,"county":"Carter County","watershed":"Upper Doe River"},"geometry":{"type":"Polygon","coordinates":[[[-82.057995,36.168064],[-82.058829,36.168538],[-82.059108,36.168367],[-82.059244,36.168461],[-82.058911,36.168724],[-82.058664,36.168734],[-82.057833,36.16832],[-82.057995,36.168064]]]}},{"id":"66481","type":"Feature","properties":{"OBJECTID":4121,"max_category":0,"label":"0.01 to 0.10 inches","area_acres":8.93871873985871,"county":"Carter County","watershed":"Upper Doe River"},"geometry":{"type":"Polygon","coordinates":[[[-82.096991,36.154469],[-82.097685,36.155235],[-82.098923,36.156179],[-82.098846,36.156364],[-82.098205,36.15612],[-82.097887,36.15632],[-82.09724,36.156264],[-82.097188,36.156063],[-82.098031,36.155987],[-82.097608,36.155585],[-82.09619,36.155594],[-82.095564,36.155987],[-82.095177,36.156022],[-82.095255,36.155767],[-82.095773,36.155549],[-82.094766,36.155489],[-82.094713,36.155276],[-82.095827,36.15502],[-82.097011,36.155211],[-82.096375,36.154765],[-82.094597,36.154777],[-82.094325,36.154383],[-82.095093,36.154297],[-82.095717,36.154446],[-82.095662,36.154224],[-82.096003,36.154164],[-82.096423,36.154487],[-82.096991,36.154469]]]}},{"id":"66507","type":"Feature","properties":{"OBJECTID":3975,"max_category":0,"label":"0.01 to 0.10 inches","area_acres":1.245498966741612,"county":"Carter County","watershed":"Upper Doe River"},"geometry":{"type":"Polygon","coordinates":[[[-82.08717,36.163456],[-82.087384,36.163789],[-82.086572,36.163697],[-82.08623,36.164048],[-82.08607,36.164608],[-82.085904,36.164658],[-82.086327,36.163529],[-82.086685,36.163331],[-82.08717,36.163456]]]}},{"id":"66514","type":"Feature","properties":{"OBJECTID":4834,"max_category":0,"label":"0.01 to 0.10 inches","area_acres":1.6750307761786276,"county":"Carter County","watershed":"Buck Creek"},"geometry":{"type":"Polygon","coordinates":[[[-82.032277,36.163757],[-82.032803,36.164156],[-82.032985,36.163922],[-82.033237,36.164407],[-82.03457,36.165275],[-82.032512,36.164343],[-82.032131,36.163933],[-82.032277,36.163757]]]}},{"id":"66519","type":"Feature","properties":{"OBJECTID":3823,"max_category":0,"label":"0.01 to 0.10 inches","area_acres":0.3602969534173843,"county":"Carter County","watershed":"Buck Creek"},"geometry":{"type":"Polygon","coordinates":[[[-82.012551,36.178205],[-82.012745,36.178322],[-82.012606,36.178621],[-82.012305,36.178507],[-82.012313,36.178325],[-82.012551,36.178205]]]}},{"id":"66520","type":"Feature","properties":{"OBJECTID":4258,"max_category":0,"label":"0.01 to 0.10 inches","area_acres":1.0792569405707564,"county":"Carter County","watershed":"Upper Doe River"},"geometry":{"type":"Polygon","coordinates":[[[-82.09996,36.126856],[-82.100059,36.127159],[-82.099642,36.127735],[-82.099761,36.128201],[-82.099599,36.128463],[-82.099429,36.127614],[-82.099656,36.1274],[-82.099719,36.126953],[-82.09996,36.126856]]]}},{"id":"66524","type":"Feature","properties":{"OBJECTID":279,"max_category":0,"label":"0.01 to 0.10 inches","area_acres":7.604638414383853,"county":"Carter County","watershed":"Upper Doe River"},"geometry":{"type":"Polygon","coordinates":[[[-82.09294,36.16015],[-82.093099,36.16024],[-82.093155,36.161698],[-82.093715,36.161938],[-82.094305,36.162532],[-82.094161,36.16258],[-82.093621,36.162062],[-82.092975,36.161943],[-82.093022,36.162069],[-82.092832,36.162098],[-82.092707,36.162369],[-82.093346,36.162723],[-82.093933,36.1628],[-82.093917,36.162932],[-82.093282,36.162862],[-82.092591,36.162504],[-82.092654,36.162125],[-82.091267,36.160853],[-82.090997,36.160362],[-82.091308,36.159883],[-82.091601,36.159848],[-82.091699,36.160855],[-82.092362,36.161387],[-82.091826,36.160799],[-82.091827,36.159815],[-82.092077,36.159503],[-82.092261,36.159498],[-82.092373,36.159856],[-82.092242,36.16087],[-82.092665,36.161458],[-82.092627,36.160435],[-82.09294,36.16015]],[[-82.092401,36.161613],[-82.092551,36.161851],[-82.092788,36.162032],[-82.092788,36.161907],[-82.092401,36.161613]],[[-82.092938,36.161515],[-82.09288,36.161595],[-82.092943,36.161643],[-82.092938,36.161515]]]}},{"id":"66528","type":"Feature","properties":{"OBJECTID":4013,"max_category":0,"label":"0.01 to 0.10 inches","area_acres":1.686387337633195,"county":"Carter County","watershed":"Upper Doe River"},"geometry":{"type":"Polygon","coordinates":[[[-82.072163,36.154765],[-82.072715,36.155175],[-82.071047,36.155194],[-82.071147,36.154768],[-82.072163,36.154765]]]}},{"id":"66544","type":"Feature","properties":{"OBJECTID":4523,"max_category":0,"label":"0.01 to 0.10 inches","area_acres":1.2133442902327203,"county":"Carter County","watershed":"Buck Creek"},"geometry":{"type":"Polygon","coordinates":[[[-82.03056,36.164652],[-82.031017,36.16489],[-82.030948,36.165075],[-82.030312,36.1657],[-82.030303,36.164725],[-82.03056,36.164652]]]}},{"id":"66548","type":"Feature","properties":{"OBJECTID":4003,"max_category":0,"label":"0.01 to 0.10 inches","area_acres":4.708010209837669,"county":"Carter County","watershed":"Upper Doe River"},"geometry":{"type":"Polygon","coordinates":[[[-82.072221,36.147398],[-82.072658,36.147387],[-82.073081,36.147157],[-82.073454,36.147237],[-82.072913,36.147654],[-82.071939,36.147933],[-82.069843,36.149672],[-82.069748,36.14942],[-82.070436,36.148823],[-82.070008,36.148833],[-82.069762,36.149045],[-82.069731,36.149334],[-82.069603,36.148917],[-82.069935,36.148641],[-82.070536,36.148622],[-82.071533,36.147763],[-82.072221,36.147398]]]}},{"id":"66558","type":"Feature","properties":{"OBJECTID":3994,"max_category":0,"label":"0.01 to 0.10 inches","area_acres":9.528222277652995,"county":"Carter County","watershed":"Upper Doe River"},"geometry":{"type":"Polygon","coordinates":[[[-82.079799,36.153281],[-82.080305,36.154038],[-82.081414,36.153987],[-82.08053,36.153279],[-82.080539,36.153095],[-82.080842,36.152953],[-82.081685,36.153811],[-82.082186,36.15383],[-82.082827,36.154069],[-82.081522,36.15404],[-82.082084,36.154261],[-82.080738,36.154747],[-82.080497,36.154998],[-82.080176,36.154908],[-82.08005,36.154709],[-82.079208,36.154593],[-82.077951,36.155471],[-82.077741,36.155345],[-82.077274,36.155363],[-82.077284,36.155084],[-82.077611,36.15483],[-82.078757,36.154632],[-82.078269,36.154555],[-82.07833,36.154377],[-82.078642,36.1543],[-82.078619,36.154055],[-82.079542,36.154469],[-82.080328,36.154642],[-82.080828,36.154574],[-82.081541,36.154243],[-82.081047,36.15408],[-82.079796,36.154241],[-82.079388,36.153629],[-82.079513,36.153403],[-82.07919,36.15346],[-82.079065,36.153249],[-82.078665,36.153638],[-82.0784,36.153539],[-82.078981,36.152821],[-82.079003,36.152423],[-82.079453,36.152808],[-82.079633,36.153318],[-82.079799,36.153281]]]}},{"id":"66559","type":"Feature","properties":{"OBJECTID":3981,"max_category":0,"label":"0.01 to 0.10 inches","area_acres":12.039002051456572,"county":"Carter County","watershed":"Upper Doe River"},"geometry":{"type":"Polygon","coordinates":[[[-82.073686,36.140463],[-82.075717,36.140626],[-82.076011,36.141214],[-82.075744,36.141135],[-82.075698,36.14094],[-82.075501,36.140945],[-82.073538,36.142579],[-82.072165,36.142705],[-82.071821,36.142564],[-82.071909,36.142306],[-82.073378,36.142285],[-82.074499,36.14163],[-82.074192,36.141496],[-82.074239,36.141316],[-82.074762,36.141261],[-82.075303,36.140795],[-82.075574,36.140751],[-82.074975,36.140629],[-82.074238,36.140702],[-82.073343,36.141559],[-82.072773,36.141755],[-82.072642,36.141531],[-82.073237,36.141244],[-82.073952,36.140627],[-82.072914,36.140653],[-82.071547,36.14173],[-82.071337,36.141629],[-82.071628,36.141049],[-82.072192,36.140616],[-82.07104,36.140727],[-82.070976,36.140501],[-82.071262,36.140332],[-82.072956,36.140289],[-82.072684,36.140082],[-82.071065,36.140122],[-82.070493,36.140302],[-82.070331,36.140115],[-82.07091,36.139846],[-82.072783,36.139799],[-82.073005,36.139944],[-82.07285,36.139557],[-82.07308,36.139435],[-82.073294,36.139564],[-82.073319,36.14013],[-82.073686,36.140463]]]}},{"id":"66565","type":"Feature","properties":{"OBJECTID":3904,"max_category":0,"label":"0.01 to 0.10 inches","area_acres":2.270584922229251,"county":"Carter County","watershed":"Buck Creek"},"geometry":{"type":"Polygon","coordinates":[[[-82.010143,36.169113],[-82.011481,36.170136],[-82.011268,36.170952],[-82.011138,36.170891],[-82.011318,36.170252],[-82.011213,36.170107],[-82.010953,36.170005],[-82.010068,36.1701],[-82.010027,36.169894],[-82.010668,36.169814],[-82.010152,36.16942],[-82.009199,36.169246],[-82.009038,36.169097],[-82.009196,36.168999],[-82.010143,36.169113]]]}},{"id":"66567","type":"Feature","properties":{"OBJECTID":3972,"max_category":0,"label":"0.01 to 0.10 inches","area_acres":0.6458640477379852,"county":"Carter County","watershed":"Upper Doe River"},"geometry":{"type":"Polygon","coordinates":[[[-82.084042,36.166751],[-82.084634,36.167093],[-82.084626,36.167304],[-82.084325,36.167316],[-82.083846,36.16698],[-82.084042,36.166751]]]}},{"id":"66571","type":"Feature","properties":{"OBJECTID":2407,"max_category":0,"label":"0.01 to 0.10 inches","area_acres":1.9912360956301924,"county":"Carter County","watershed":"Upper Doe River"},"geometry":{"type":"Polygon","coordinates":[[[-82.074601,36.161821],[-82.074793,36.162053],[-82.074209,36.162565],[-82.074349,36.162802],[-82.073823,36.163627],[-82.073936,36.162687],[-82.073077,36.163017],[-82.072901,36.162925],[-82.073313,36.162684],[-82.073715,36.162641],[-82.074301,36.161908],[-82.074601,36.161821]]]}},{"id":"66576","type":"Feature","properties":{"OBJECTID":4746,"max_category":0,"label":"0.01 to 0.10 inches","area_acres":1.084872107196053,"county":"Carter County","watershed":"Upper Doe River"},"geometry":{"type":"Polygon","coordinates":[[[-82.071597,36.126033],[-82.072141,36.12631],[-82.071479,36.126549],[-82.071593,36.127038],[-82.071438,36.127264],[-82.071107,36.12736],[-82.071421,36.126986],[-82.071271,36.126296],[-82.071597,36.126033]]]}},{"id":"66585","type":"Feature","properties":{"OBJECTID":3905,"max_category":0,"label":"0.01 to 0.10 inches","area_acres":0.3647604443487131,"county":"Carter County","watershed":"Buck Creek"},"geometry":{"type":"Polygon","coordinates":[[[-82.0076,36.173627],[-82.007761,36.173786],[-82.007541,36.174156],[-82.007366,36.174061],[-82.007349,36.173778],[-82.0076,36.173627]]]}},{"id":"66606","type":"Feature","properties":{"OBJECTID":4006,"max_category":0,"label":"0.01 to 0.10 inches","area_acres":22.5275227215365,"county":"Carter County","watershed":"Upper Doe River"},"geometry":{"type":"Polygon","coordinates":[[[-82.065681,36.149184],[-82.067459,36.150431],[-82.067092,36.149898],[-82.06783,36.150366],[-82.069987,36.150312],[-82.068337,36.150273],[-82.067616,36.14992],[-82.067516,36.149736],[-82.06784,36.149687],[-82.068497,36.150102],[-82.070073,36.150078],[-82.072494,36.147983],[-82.072928,36.147876],[-82.073112,36.148042],[-82.072367,36.148499],[-82.070391,36.150346],[-82.070584,36.150821],[-82.07038,36.150667],[-82.06654,36.150678],[-82.065694,36.150453],[-82.064223,36.150488],[-82.064116,36.150358],[-82.063021,36.15089],[-82.063541,36.150962],[-82.063472,36.151097],[-82.063781,36.151295],[-82.063665,36.151405],[-82.062404,36.151305],[-82.061262,36.151416],[-82.060884,36.151713],[-82.060541,36.152482],[-82.061084,36.152023],[-82.06148,36.152013],[-82.061608,36.152156],[-82.061233,36.152259],[-82.061142,36.152536],[-82.060695,36.152557],[-82.060417,36.152797],[-82.060164,36.15327],[-82.060284,36.153744],[-82.060867,36.153221],[-82.061223,36.152633],[-82.061414,36.152675],[-82.06143,36.152879],[-82.060258,36.153955],[-82.060062,36.154461],[-82.059924,36.154479],[-82.060112,36.153872],[-82.059991,36.153222],[-82.060924,36.151159],[-82.060973,36.1505],[-82.061481,36.149969],[-82.061776,36.149725],[-82.062026,36.149791],[-82.061305,36.150698],[-82.061332,36.151033],[-82.061594,36.150881],[-82.062353,36.150834],[-82.0636,36.150006],[-82.063869,36.150013],[-82.06411,36.150284],[-82.064232,36.150131],[-82.064899,36.150055],[-82.064899,36.149867],[-82.065481,36.149849],[-82.066515,36.150236],[-82.06589,36.14956],[-82.065303,36.149351],[-82.065339,36.149227],[-82.065681,36.149184]],[[-82.070301,36.150552],[-82.07017,36.150506],[-82.068207,36.150555],[-82.070301,36.150552]],[[-82.071122,36.149346],[-82.070126,36.150172],[-82.070212,36.150351],[-82.071062,36.14953],[-82.071122,36.149346]]]}},{"id":"66616","type":"Feature","properties":{"OBJECTID":4094,"max_category":0,"label":"0.01 to 0.10 inches","area_acres":9.223846935695335,"county":"Carter County","watershed":"Upper Doe River"},"geometry":{"type":"Polygon","coordinates":[[[-82.087609,36.129862],[-82.088337,36.130228],[-82.088887,36.130224],[-82.08968,36.130799],[-82.08971,36.131115],[-82.090781,36.13261],[-82.090897,36.133778],[-82.092103,36.134778],[-82.093205,36.135034],[-82.093362,36.135341],[-82.093061,36.135144],[-82.091819,36.134888],[-82.090369,36.133865],[-82.089039,36.133834],[-82.087553,36.132892],[-82.086591,36.132531],[-82.086812,36.132328],[-82.087306,36.132433],[-82.089114,36.133699],[-82.090434,36.133726],[-82.091596,36.134524],[-82.09073,36.133839],[-82.090687,36.132908],[-82.090215,36.132068],[-82.089429,36.131443],[-82.088737,36.131459],[-82.087983,36.131234],[-82.088032,36.130868],[-82.089124,36.131307],[-82.089499,36.131305],[-82.089822,36.131546],[-82.089525,36.130876],[-82.088915,36.130411],[-82.086918,36.130374],[-82.086688,36.130227],[-82.087033,36.130096],[-82.086935,36.130022],[-82.085925,36.129746],[-82.086506,36.129645],[-82.087177,36.13001],[-82.087609,36.129862]]]}},{"id":"66630","type":"Feature","properties":{"OBJECTID":2451,"max_category":0,"label":"0.01 to 0.10 inches","area_acres":1.0686580736959201,"county":"Carter County","watershed":"Upper Doe River"},"geometry":{"type":"Polygon","coordinates":[[[-82.066934,36.175837],[-82.067878,36.175845],[-82.068352,36.176171],[-82.068126,36.17628],[-82.067032,36.176088],[-82.066887,36.176252],[-82.066934,36.175837]]]}},{"id":"66643","type":"Feature","properties":{"OBJECTID":2401,"max_category":0,"label":"0.01 to 0.10 inches","area_acres":2.421431469924248,"county":"Carter County","watershed":"Upper Doe River"},"geometry":{"type":"Polygon","coordinates":[[[-82.077013,36.180586],[-82.077208,36.180749],[-82.077235,36.181426],[-82.077121,36.181628],[-82.076816,36.181581],[-82.076926,36.181889],[-82.076183,36.182204],[-82.075391,36.182236],[-82.075398,36.182038],[-82.07601,36.182016],[-82.076777,36.181559],[-82.076797,36.180789],[-82.075919,36.180783],[-82.075865,36.180667],[-82.077013,36.180586]]]}},{"id":"66655","type":"Feature","properties":{"OBJECTID":4804,"max_category":0,"label":"0.01 to 0.10 inches","area_acres":11.832691808287006,"county":"Carter County","watershed":"Buck Creek"},"geometry":{"type":"Polygon","coordinates":[[[-82.015853,36.159945],[-82.018023,36.161362],[-82.018249,36.161674],[-82.017957,36.164537],[-82.018808,36.165135],[-82.019248,36.165768],[-82.019343,36.166797],[-82.019083,36.165833],[-82.018653,36.165212],[-82.017784,36.164585],[-82.018082,36.161735],[-82.017868,36.161439],[-82.016529,36.160524],[-82.014972,36.160645],[-82.014699,36.160514],[-82.014711,36.160317],[-82.015972,36.16029],[-82.015565,36.160108],[-82.015488,36.159835],[-82.014483,36.159466],[-82.014198,36.159191],[-82.014788,36.15922],[-82.015498,36.159515],[-82.015511,36.159133],[-82.01441,36.158213],[-82.01347,36.158029],[-82.012978,36.157481],[-82.013129,36.157142],[-82.014749,36.157717],[-82.014881,36.157436],[-82.015134,36.15753],[-82.015723,36.159201],[-82.016201,36.15907],[-82.016397,36.15915],[-82.015811,36.15973],[-82.015853,36.159945]]]}},{"id":"66658","type":"Feature","properties":{"OBJECTID":4468,"max_category":0,"label":"0.01 to 0.10 inches","area_acres":6.452717239327807,"county":"Carter County","watershed":"Upper Doe River"},"geometry":{"type":"Polygon","coordinates":[[[-82.070099,36.132638],[-82.070348,36.132723],[-82.070478,36.133169],[-82.070068,36.132782],[-82.069331,36.132938],[-82.068754,36.132843],[-82.066991,36.134109],[-82.066564,36.134958],[-82.06554,36.135843],[-82.065136,36.135818],[-82.065343,36.135577],[-82.065088,36.135344],[-82.065922,36.135107],[-82.066528,36.134584],[-82.066657,36.134284],[-82.065419,36.134739],[-82.065251,36.1347],[-82.065298,36.134539],[-82.065567,36.134321],[-82.066399,36.134298],[-82.067268,36.133549],[-82.067688,36.133441],[-82.06851,36.132844],[-82.066431,36.133231],[-82.065093,36.134031],[-82.06477,36.134021],[-82.064839,36.133829],[-82.065449,36.133449],[-82.065923,36.133375],[-82.066835,36.132943],[-82.068569,36.132649],[-82.069227,36.132798],[-82.070099,36.132638]]]}},{"id":"66663","type":"Feature","properties":{"OBJECTID":4019,"max_category":0,"label":"0.01 to 0.10 inches","area_acres":0.7597719050704306,"county":"Carter County","watershed":"Upper Doe River"},"geometry":{"type":"Polygon","coordinates":[[[-82.059088,36.146903],[-82.059114,36.147058],[-82.058438,36.147309],[-82.058031,36.147317],[-82.057586,36.147131],[-82.057776,36.146991],[-82.05835,36.147168],[-82.058616,36.146947],[-82.059088,36.146903]]]}},{"id":"66671","type":"Feature","properties":{"OBJECTID":4032,"max_category":0,"label":"0.01 to 0.10 inches","area_acres":1.09829396954527,"county":"Carter County","watershed":"Upper Doe River"},"geometry":{"type":"Polygon","coordinates":[[[-82.094194,36.145168],[-82.094107,36.145505],[-82.093643,36.145814],[-82.092404,36.146043],[-82.092244,36.145921],[-82.092738,36.145646],[-82.093567,36.145679],[-82.094194,36.145168]]]}},{"id":"66673","type":"Feature","properties":{"OBJECTID":2422,"max_category":0,"label":"0.01 to 0.10 inches","area_acres":1.0410697696386628,"county":"Carter County","watershed":"Upper Doe River"},"geometry":{"type":"Polygon","coordinates":[[[-82.076993,36.178278],[-82.077313,36.1786],[-82.077894,36.178829],[-82.077858,36.178986],[-82.077551,36.178764],[-82.076505,36.178766],[-82.076463,36.178563],[-82.076993,36.178278]]]}},{"id":"66694","type":"Feature","properties":{"OBJECTID":4014,"max_category":0,"label":"0.01 to 0.10 inches","area_acres":0.9050660719706896,"county":"Carter County","watershed":"Upper Doe River"},"geometry":{"type":"Polygon","coordinates":[[[-82.072276,36.156851],[-82.072362,36.157034],[-82.07199,36.157353],[-82.071007,36.157273],[-82.070727,36.157456],[-82.070932,36.157137],[-82.071711,36.157195],[-82.072276,36.156851]]]}},{"id":"66708","type":"Feature","properties":{"OBJECTID":4011,"max_category":0,"label":"0.01 to 0.10 inches","area_acres":5.938339124750686,"county":"Carter County","watershed":"Upper Doe River"},"geometry":{"type":"Polygon","coordinates":[[[-82.066653,36.151495],[-82.068322,36.151728],[-82.070434,36.151786],[-82.070513,36.151896],[-82.069814,36.151971],[-82.068274,36.151871],[-82.067603,36.151669],[-82.066267,36.151674],[-82.065581,36.152187],[-82.065468,36.152077],[-82.065673,36.1518],[-82.064832,36.152094],[-82.064651,36.152029],[-82.065042,36.151605],[-82.065529,36.151474],[-82.064267,36.151505],[-82.064152,36.151377],[-82.06434,36.150963],[-82.06487,36.15088],[-82.065448,36.151064],[-82.065674,36.150919],[-82.066653,36.151495]]]}},{"id":"66724","type":"Feature","properties":{"OBJECTID":629,"max_category":0,"label":"0.01 to 0.10 inches","area_acres":1.8939177470136985,"county":"Carter County","watershed":"Upper Doe River"},"geometry":{"type":"Polygon","coordinates":[[[-82.079337,36.160713],[-82.079873,36.161068],[-82.079722,36.160656],[-82.079936,36.160554],[-82.080174,36.160832],[-82.080197,36.161393],[-82.081005,36.16192],[-82.079917,36.161535],[-82.079306,36.161064],[-82.079185,36.160779],[-82.079337,36.160713]]]}},{"id":"66731","type":"Feature","properties":{"OBJECTID":4479,"max_category":0,"label":"0.01 to 0.10 inches","area_acres":42.33734063142667,"county":"Carter County","watershed":"Upper Doe River"},"geometry":{"type":"Polygon","coordinates":[[[-82.045662,36.15922],[-82.046095,36.159505],[-82.046163,36.160296],[-82.046446,36.160083],[-82.046607,36.160152],[-82.046861,36.160826],[-82.049496,36.162862],[-82.050638,36.163283],[-82.051118,36.163618],[-82.05172,36.163635],[-82.051828,36.163778],[-82.051053,36.163757],[-82.049977,36.163158],[-82.049216,36.163448],[-82.049512,36.163043],[-82.048686,36.162942],[-82.048081,36.163067],[-82.047396,36.163998],[-82.046708,36.164331],[-82.046526,36.1642],[-82.047737,36.163127],[-82.047011,36.163451],[-82.046134,36.164261],[-82.04603,36.164079],[-82.045423,36.164258],[-82.045217,36.164093],[-82.045349,36.163884],[-82.047002,36.163287],[-82.045954,36.163285],[-82.045349,36.16341],[-82.044771,36.163725],[-82.044557,36.163621],[-82.044161,36.163742],[-82.044081,36.16348],[-82.044345,36.163341],[-82.044173,36.163281],[-82.04423,36.16309],[-82.046889,36.162982],[-82.04733,36.163081],[-82.048005,36.162932],[-82.044883,36.162982],[-82.044402,36.16293],[-82.044367,36.16275],[-82.04505,36.162615],[-82.045699,36.162819],[-82.048669,36.1628],[-82.047232,36.162339],[-82.046646,36.162004],[-82.045464,36.161978],[-82.044315,36.162446],[-82.044199,36.162286],[-82.044346,36.162116],[-82.044061,36.162052],[-82.043816,36.162259],[-82.043518,36.162272],[-82.042849,36.161988],[-82.042071,36.161947],[-82.041307,36.161532],[-82.040115,36.161369],[-82.039297,36.161499],[-82.038961,36.161343],[-82.038066,36.161317],[-82.03893,36.161174],[-82.03934,36.161356],[-82.040152,36.161226],[-82.041301,36.161362],[-82.041799,36.160678],[-82.041927,36.160086],[-82.042308,36.15999],[-82.042499,36.160206],[-82.042981,36.160028],[-82.043107,36.160198],[-82.042955,36.160484],[-82.04211,36.160953],[-82.041869,36.161336],[-82.041512,36.161445],[-82.041861,36.161705],[-82.043815,36.1613],[-82.04397,36.161454],[-82.0438,36.161737],[-82.043456,36.161836],[-82.044059,36.161997],[-82.044258,36.161673],[-82.046164,36.161598],[-82.046426,36.161757],[-82.04598,36.161416],[-82.04403,36.161395],[-82.044167,36.161071],[-82.043809,36.160936],[-82.043946,36.160609],[-82.044677,36.160893],[-82.045043,36.16078],[-82.045942,36.161191],[-82.04654,36.161177],[-82.045576,36.160574],[-82.044329,36.16045],[-82.044308,36.160302],[-82.044508,36.160214],[-82.044127,36.160001],[-82.044171,36.159836],[-82.044497,36.159776],[-82.045356,36.160193],[-82.04447,36.159505],[-82.044158,36.159644],[-82.042689,36.159092],[-82.04127,36.15785],[-82.040651,36.157619],[-82.039833,36.157787],[-82.040366,36.157483],[-82.041362,36.157595],[-82.041925,36.157036],[-82.043043,36.15673],[-82.043722,36.1567],[-82.04376,36.156925],[-82.043006,36.157087],[-82.043375,36.157154],[-82.04336,36.157351],[-82.042001,36.157365],[-82.041471,36.15773],[-82.042473,36.157789],[-82.043334,36.157581],[-82.043452,36.157688],[-82.04326,36.157839],[-82.043841,36.157936],[-82.043747,36.158143],[-82.044164,36.158289],[-82.044161,36.158451],[-82.043536,36.158422],[-82.042838,36.158114],[-82.041798,36.158057],[-82.042692,36.158607],[-82.043962,36.15867],[-82.044054,36.15897],[-82.043586,36.159002],[-82.044358,36.159292],[-82.044471,36.159458],[-82.044631,36.159302],[-82.045662,36.15922]],[[-82.046993,36.161336],[-82.046193,36.161356],[-82.047199,36.16215],[-82.048468,36.162483],[-82.04891,36.162771],[-82.046993,36.161336]]]}},{"id":"66732","type":"Feature","properties":{"OBJECTID":3937,"max_category":0,"label":"0.01 to 0.10 inches","area_acres":2.0085811649849306,"county":"Carter County","watershed":"Buck Creek"},"geometry":{"type":"Polygon","coordinates":[[[-82.038331,36.153548],[-82.038565,36.154088],[-82.037681,36.154446],[-82.037219,36.154467],[-82.037232,36.154327],[-82.038157,36.153979],[-82.038248,36.153693],[-82.038068,36.153698],[-82.03761,36.154059],[-82.036724,36.1543],[-82.036773,36.154096],[-82.037846,36.153542],[-82.038331,36.153548]]]}},{"id":"66736","type":"Feature","properties":{"OBJECTID":4119,"max_category":0,"label":"0.01 to 0.10 inches","area_acres":5.2426077525126065,"county":"Carter County","watershed":"Upper Doe River"},"geometry":{"type":"Polygon","coordinates":[[[-82.09639,36.153062],[-82.097318,36.153196],[-82.098399,36.153174],[-82.099252,36.153577],[-82.099281,36.15374],[-82.098322,36.153754],[-82.097865,36.154142],[-82.09692,36.154366],[-82.096594,36.154332],[-82.096536,36.154151],[-82.097887,36.153679],[-82.09888,36.153596],[-82.098506,36.153392],[-82.097665,36.153413],[-82.096799,36.153869],[-82.095992,36.154008],[-82.096069,36.15379],[-82.096983,36.153397],[-82.096783,36.15338],[-82.095875,36.153784],[-82.095597,36.153755],[-82.09639,36.153062]]]}},{"id":"66737","type":"Feature","properties":{"OBJECTID":3945,"max_category":0,"label":"0.01 to 0.10 inches","area_acres":11.001385574142375,"county":"Carter County","watershed":"Upper Doe River"},"geometry":{"type":"Polygon","coordinates":[[[-82.046117,36.150662],[-82.046448,36.150825],[-82.046072,36.151616],[-82.046095,36.152231],[-82.046411,36.152401],[-82.045813,36.152406],[-82.045203,36.152914],[-82.042854,36.153032],[-82.042941,36.152837],[-82.043465,36.152749],[-82.042985,36.152593],[-82.043388,36.152488],[-82.043479,36.152296],[-82.044303,36.152795],[-82.045144,36.152774],[-82.045715,36.152282],[-82.044666,36.151775],[-82.043501,36.151447],[-82.042254,36.151402],[-82.042228,36.151265],[-82.042824,36.15109],[-82.042269,36.150549],[-82.042685,36.150558],[-82.043291,36.150826],[-82.042671,36.150328],[-82.04282,36.150129],[-82.04312,36.150108],[-82.043742,36.151114],[-82.04364,36.150085],[-82.044158,36.150072],[-82.044197,36.151328],[-82.045167,36.151908],[-82.045082,36.150706],[-82.044902,36.150392],[-82.045085,36.150248],[-82.045453,36.150366],[-82.045442,36.151984],[-82.04578,36.152138],[-82.045936,36.150834],[-82.046117,36.150662]]]}},{"id":"66742","type":"Feature","properties":{"OBJECTID":2444,"max_category":0,"label":"0.01 to 0.10 inches","area_acres":1.3630148572205745,"county":"Carter County","watershed":"Upper Doe River"},"geometry":{"type":"Polygon","coordinates":[[[-82.065393,36.163866],[-82.06589,36.164083],[-82.066062,36.164002],[-82.066851,36.164714],[-82.065977,36.164584],[-82.065256,36.164059],[-82.065393,36.163866]]]}},{"id":"66743","type":"Feature","properties":{"OBJECTID":3973,"max_category":0,"label":"0.01 to 0.10 inches","area_acres":1.1604532326558974,"county":"Carter County","watershed":"Upper Doe River"},"geometry":{"type":"Polygon","coordinates":[[[-82.084945,36.167305],[-82.085177,36.167535],[-82.084978,36.167905],[-82.083407,36.168083],[-82.083657,36.167889],[-82.084353,36.167842],[-82.084945,36.167305]]]}},{"id":"66744","type":"Feature","properties":{"OBJECTID":4131,"max_category":0,"label":"0.01 to 0.10 inches","area_acres":1.735908344861925,"county":"Carter County","watershed":"Upper Doe River"},"geometry":{"type":"Polygon","coordinates":[[[-82.08971,36.148414],[-82.090382,36.148632],[-82.091132,36.149203],[-82.091387,36.149211],[-82.091513,36.149441],[-82.091719,36.149415],[-82.091995,36.149621],[-82.092002,36.149791],[-82.091305,36.149876],[-82.091119,36.149442],[-82.090193,36.14871],[-82.089757,36.148618],[-82.08971,36.148414]]]}},{"id":"66753","type":"Feature","properties":{"OBJECTID":4260,"max_category":0,"label":"0.01 to 0.10 inches","area_acres":0.7978406917661753,"county":"Carter County","watershed":"Upper Doe River"},"geometry":{"type":"Polygon","coordinates":[[[-82.097382,36.124118],[-82.097933,36.124812],[-82.097965,36.125314],[-82.097692,36.124761],[-82.097136,36.124301],[-82.097382,36.124118]]]}},{"id":"66761","type":"Feature","properties":{"OBJECTID":4004,"max_category":0,"label":"0.01 to 0.10 inches","area_acres":4.0990911186638925,"county":"Carter County","watershed":"Upper Doe River"},"geometry":{"type":"Polygon","coordinates":[[[-82.066229,36.144003],[-82.066692,36.144514],[-82.068531,36.144387],[-82.068881,36.144778],[-82.068748,36.14481],[-82.068483,36.144529],[-82.065035,36.144616],[-82.0643,36.144881],[-82.063936,36.145187],[-82.063653,36.14516],[-82.064351,36.144544],[-82.063958,36.144491],[-82.063931,36.144288],[-82.064752,36.144205],[-82.065799,36.144316],[-82.065935,36.144028],[-82.066229,36.144003]]]}},{"id":"66765","type":"Feature","properties":{"OBJECTID":4450,"max_category":0,"label":"0.01 to 0.10 inches","area_acres":2.805839212814239,"county":"Carter County","watershed":"Upper Doe River"},"geometry":{"type":"Polygon","coordinates":[[[-82.11098,36.135865],[-82.111105,36.135957],[-82.111021,36.136206],[-82.110389,36.136298],[-82.110145,36.136575],[-82.110896,36.136476],[-82.111127,36.136652],[-82.111035,36.136789],[-82.109393,36.136818],[-82.108552,36.136977],[-82.108247,36.137691],[-82.108101,36.137703],[-82.108457,36.136851],[-82.109649,36.136559],[-82.110002,36.136257],[-82.11098,36.135865]]]}},{"id":"66767","type":"Feature","properties":{"OBJECTID":4492,"max_category":0,"label":"0.01 to 0.10 inches","area_acres":26.396652423110645,"county":"Carter County","watershed":"Upper Doe River"},"geometry":{"type":"Polygon","coordinates":[[[-82.048212,36.138875],[-82.048707,36.138897],[-82.048566,36.139139],[-82.047844,36.139285],[-82.048308,36.139349],[-82.048367,36.139515],[-82.047265,36.139728],[-82.04679,36.140138],[-82.04703,36.141114],[-82.046932,36.141301],[-82.04678,36.140962],[-82.045055,36.139673],[-82.042142,36.138784],[-82.041301,36.138805],[-82.039724,36.139925],[-82.039902,36.13949],[-82.041111,36.13859],[-82.039912,36.138812],[-82.039075,36.139505],[-82.038658,36.140216],[-82.038417,36.140092],[-82.038397,36.13968],[-82.038702,36.139391],[-82.037599,36.139474],[-82.037297,36.139619],[-82.036795,36.139627],[-82.036744,36.139495],[-82.035534,36.139525],[-82.034965,36.139781],[-82.034818,36.139538],[-82.035338,36.139333],[-82.038297,36.139231],[-82.039066,36.138915],[-82.035128,36.139012],[-82.034818,36.138871],[-82.034907,36.138685],[-82.040439,36.138546],[-82.041429,36.138414],[-82.040318,36.138032],[-82.038963,36.138121],[-82.038485,36.138019],[-82.038082,36.138142],[-82.037939,36.137954],[-82.034845,36.138083],[-82.034786,36.137952],[-82.035096,36.13772],[-82.03624,36.137661],[-82.035978,36.137453],[-82.034512,36.137485],[-82.034098,36.137314],[-82.034034,36.137141],[-82.03446,36.137018],[-82.034734,36.137176],[-82.035154,36.137165],[-82.034676,36.136896],[-82.034862,36.136734],[-82.035879,36.136935],[-82.036468,36.137325],[-82.037452,36.137493],[-82.036949,36.137055],[-82.037138,36.136897],[-82.03803,36.137424],[-82.038707,36.137495],[-82.039265,36.137833],[-82.04082,36.137827],[-82.041176,36.138198],[-82.041834,36.138383],[-82.042244,36.138666],[-82.045032,36.139488],[-82.046773,36.140761],[-82.046554,36.139964],[-82.047557,36.139098],[-82.048212,36.138875]]]}},{"id":"66784","type":"Feature","properties":{"OBJECTID":2349,"max_category":0,"label":"0.01 to 0.10 inches","area_acres":0.8675713558964694,"county":"Carter County","watershed":"Upper Doe River"},"geometry":{"type":"Polygon","coordinates":[[[-82.059641,36.185501],[-82.059697,36.185685],[-82.05911,36.18574],[-82.058713,36.186074],[-82.058223,36.18602],[-82.05843,36.185757],[-82.059641,36.185501]]]}},{"id":"66796","type":"Feature","properties":{"OBJECTID":2424,"max_category":0,"label":"0.01 to 0.10 inches","area_acres":7.709808456455599,"county":"Carter County","watershed":"Upper Doe River"},"geometry":{"type":"Polygon","coordinates":[[[-82.073321,36.168229],[-82.073445,36.170055],[-82.074353,36.17166],[-82.07407,36.172128],[-82.073742,36.172103],[-82.073529,36.171539],[-82.073669,36.170768],[-82.073347,36.170176],[-82.073099,36.170755],[-82.073295,36.171457],[-82.073203,36.171709],[-82.073382,36.171955],[-82.073394,36.172357],[-82.073209,36.172552],[-82.072796,36.172366],[-82.072732,36.171976],[-82.072409,36.172123],[-82.072317,36.171763],[-82.072042,36.171658],[-82.072674,36.171339],[-82.07317,36.170124],[-82.072209,36.170809],[-82.072004,36.17067],[-82.073228,36.169868],[-82.073175,36.169379],[-82.072498,36.169685],[-82.072105,36.170129],[-82.071906,36.169871],[-82.072043,36.169645],[-82.073135,36.16921],[-82.073144,36.168511],[-82.073321,36.168229]]]}},{"id":"66802","type":"Feature","properties":{"OBJECTID":2400,"max_category":0,"label":"0.01 to 0.10 inches","area_acres":1.2035833526201765,"county":"Carter County","watershed":"Upper Doe River"},"geometry":{"type":"Polygon","coordinates":[[[-82.077384,36.180522],[-82.078028,36.181044],[-82.078147,36.181877],[-82.077725,36.181821],[-82.077651,36.180946],[-82.077276,36.180655],[-82.077384,36.180522]]]}},{"id":"66805","type":"Feature","properties":{"OBJECTID":4747,"max_category":0,"label":"0.01 to 0.10 inches","area_acres":10.768376382852448,"county":"Carter County","watershed":"Upper Doe River"},"geometry":{"type":"Polygon","coordinates":[[[-82.062059,36.130024],[-82.063657,36.130656],[-82.065128,36.130648],[-82.065938,36.130956],[-82.066779,36.131022],[-82.067261,36.131219],[-82.067289,36.131402],[-82.065251,36.130842],[-82.062619,36.13099],[-82.061089,36.1321],[-82.061122,36.131733],[-82.062276,36.130944],[-82.060871,36.130977],[-82.060819,36.130776],[-82.062804,36.130628],[-82.062282,36.130602],[-82.061735,36.130133],[-82.060657,36.13016],[-82.058571,36.130897],[-82.057612,36.130861],[-82.057688,36.130703],[-82.058259,36.130599],[-82.058323,36.130328],[-82.059704,36.130151],[-82.060898,36.129737],[-82.061854,36.129798],[-82.062059,36.130024]]]}},{"id":"66806","type":"Feature","properties":{"OBJECTID":4098,"max_category":0,"label":"0.01 to 0.10 inches","area_acres":1.7781082046866805,"county":"Carter County","watershed":"Upper Doe River"},"geometry":{"type":"Polygon","coordinates":[[[-82.085729,36.135598],[-82.08586,36.135853],[-82.086099,36.135903],[-82.085835,36.13639],[-82.084581,36.137618],[-82.084342,36.13769],[-82.085278,36.136751],[-82.08553,36.13625],[-82.085516,36.135762],[-82.085729,36.135598]]]}},{"id":"66809","type":"Feature","properties":{"OBJECTID":4771,"max_category":0,"label":"0.01 to 0.10 inches","area_acres":3.4267114834632926,"county":"Carter County","watershed":"Upper Doe River"},"geometry":{"type":"Polygon","coordinates":[[[-82.039589,36.134829],[-82.040039,36.135011],[-82.041075,36.134957],[-82.040659,36.134851],[-82.040149,36.134464],[-82.038123,36.134514],[-82.037721,36.134689],[-82.037495,36.134582],[-82.037897,36.134267],[-82.040018,36.134215],[-82.04074,36.134718],[-82.041615,36.135025],[-82.041438,36.135173],[-82.039997,36.135154],[-82.039696,36.135025],[-82.039222,36.135254],[-82.03892,36.135204],[-82.039037,36.134965],[-82.039589,36.134829]]]}},{"id":"66815","type":"Feature","properties":{"OBJECTID":4799,"max_category":0,"label":"0.01 to 0.10 inches","area_acres":11.843815732597944,"county":"Carter County","watershed":"Buck Creek"},"geometry":{"type":"Polygon","coordinates":[[[-82.036674,36.160294],[-82.03689,36.160631],[-82.036805,36.161148],[-82.036502,36.160357],[-82.036516,36.159878],[-82.034802,36.15889],[-82.033758,36.158916],[-82.032547,36.159382],[-82.032279,36.159365],[-82.032458,36.159074],[-82.032124,36.159057],[-82.032058,36.158899],[-82.033052,36.158763],[-82.033033,36.158493],[-82.033648,36.158694],[-82.03455,36.158671],[-82.034135,36.158275],[-82.033144,36.158127],[-82.032924,36.158005],[-82.033035,36.157835],[-82.032009,36.157506],[-82.032031,36.157367],[-82.032369,36.157355],[-82.033311,36.15764],[-82.033938,36.158008],[-82.033358,36.157442],[-82.032965,36.157355],[-82.032615,36.157021],[-82.031617,36.156994],[-82.031621,36.156753],[-82.032125,36.156662],[-82.031066,36.155869],[-82.031333,36.155783],[-82.032073,36.156159],[-82.031931,36.155899],[-82.032182,36.15585],[-82.032581,36.156173],[-82.032685,36.155999],[-82.033047,36.156263],[-82.033571,36.157089],[-82.034157,36.157594],[-82.034217,36.158034],[-82.034677,36.158573],[-82.036678,36.159809],[-82.036674,36.160294]]]}},{"id":"66825","type":"Feature","properties":{"OBJECTID":2457,"max_category":0,"label":"0.01 to 0.10 inches","area_acres":3.089285980036303,"county":"Carter County","watershed":"Upper Doe River"},"geometry":{"type":"Polygon","coordinates":[[[-82.062464,36.172404],[-82.063037,36.172448],[-82.06313,36.172564],[-82.062473,36.172574],[-82.061919,36.172915],[-82.061643,36.172739],[-82.061949,36.17245],[-82.061631,36.172319],[-82.061378,36.172515],[-82.060681,36.172588],[-82.060647,36.172382],[-82.061317,36.172176],[-82.06054,36.172154],[-82.060297,36.172017],[-82.061205,36.171668],[-82.062464,36.172404]]]}},{"id":"66834","type":"Feature","properties":{"OBJECTID":4483,"max_category":0,"label":"0.01 to 0.10 inches","area_acres":19.79010952807557,"county":"Carter County","watershed":"Upper Doe River"},"geometry":{"type":"Polygon","coordinates":[[[-82.081327,36.12755],[-82.081756,36.127768],[-82.081648,36.128563],[-82.080738,36.129476],[-82.080526,36.130141],[-82.080755,36.130074],[-82.080756,36.130252],[-82.079666,36.131366],[-82.078605,36.132168],[-82.078645,36.133229],[-82.079956,36.13224],[-82.080063,36.131333],[-82.080268,36.130978],[-82.080594,36.130812],[-82.080833,36.131135],[-82.08022,36.131483],[-82.080499,36.132096],[-82.080205,36.132412],[-82.080708,36.132519],[-82.080846,36.132699],[-82.079491,36.132765],[-82.078719,36.133375],[-82.078497,36.133775],[-82.079453,36.133754],[-82.079665,36.13409],[-82.078493,36.134137],[-82.077688,36.134802],[-82.077023,36.135094],[-82.076408,36.135991],[-82.075595,36.135902],[-82.075666,36.135742],[-82.076318,36.135863],[-82.076497,36.135707],[-82.076507,36.135387],[-82.0778,36.134328],[-82.077789,36.134058],[-82.07734,36.133705],[-82.077351,36.133439],[-82.078076,36.133868],[-82.078105,36.13415],[-82.078447,36.133542],[-82.078304,36.132451],[-82.077779,36.131999],[-82.077911,36.131839],[-82.078324,36.132083],[-82.078316,36.131873],[-82.077415,36.131179],[-82.077219,36.130667],[-82.077313,36.13007],[-82.077501,36.130051],[-82.077564,36.130652],[-82.077917,36.131187],[-82.077866,36.12984],[-82.07799,36.129319],[-82.078197,36.129268],[-82.078437,36.129555],[-82.078495,36.131969],[-82.078718,36.131777],[-82.078722,36.129792],[-82.078958,36.129795],[-82.079306,36.130183],[-82.07919,36.131539],[-82.079649,36.130832],[-82.079865,36.130759],[-82.079851,36.130271],[-82.080114,36.130172],[-82.080464,36.129194],[-82.080744,36.128993],[-82.080926,36.129077],[-82.081214,36.128828],[-82.081141,36.127714],[-82.081327,36.12755]]]}},{"id":"66846","type":"Feature","properties":{"OBJECTID":4797,"max_category":0,"label":"0.01 to 0.10 inches","area_acres":63.98026249654205,"county":"Carter County","watershed":"Buck Creek"},"geometry":{"type":"Polygon","coordinates":[[[-82.032049,36.138809],[-82.03209,36.13762],[-82.032487,36.137012],[-82.032783,36.136871],[-82.032598,36.138587],[-82.032211,36.138989],[-82.032265,36.139549],[-82.031918,36.140368],[-82.0314,36.140982],[-82.033602,36.139197],[-82.033766,36.139161],[-82.033881,36.139321],[-82.032775,36.140345],[-82.032019,36.140656],[-82.031183,36.141377],[-82.031006,36.142259],[-82.029968,36.144211],[-82.030008,36.14525],[-82.030569,36.146665],[-82.031016,36.147064],[-82.031252,36.147692],[-82.031587,36.147925],[-82.031679,36.148259],[-82.03253,36.148828],[-82.033395,36.149895],[-82.033235,36.150863],[-82.03336,36.151179],[-82.032366,36.150899],[-82.031082,36.150848],[-82.030475,36.151162],[-82.029406,36.151357],[-82.027378,36.152369],[-82.027552,36.153873],[-82.027356,36.153926],[-82.027174,36.153704],[-82.027199,36.154404],[-82.02693,36.154798],[-82.026593,36.154612],[-82.026464,36.153015],[-82.026306,36.15315],[-82.026246,36.153825],[-82.02609,36.15387],[-82.025884,36.153626],[-82.025905,36.154772],[-82.025642,36.154809],[-82.025537,36.154486],[-82.025305,36.154631],[-82.025093,36.154324],[-82.025361,36.1539],[-82.025271,36.1535],[-82.02605,36.152539],[-82.025724,36.152547],[-82.025183,36.153013],[-82.024635,36.153768],[-82.024654,36.154302],[-82.024482,36.154584],[-82.024265,36.15453],[-82.024137,36.154201],[-82.024361,36.153864],[-82.023905,36.153966],[-82.023823,36.153846],[-82.025204,36.15256],[-82.024241,36.152776],[-82.023384,36.153479],[-82.023189,36.153326],[-82.024427,36.152124],[-82.024848,36.152096],[-82.024349,36.151918],[-82.023803,36.152387],[-82.023089,36.152715],[-82.022377,36.152798],[-82.022494,36.152604],[-82.023671,36.15218],[-82.024132,36.151783],[-82.023236,36.151399],[-82.02256,36.151306],[-82.021656,36.151819],[-82.021056,36.151865],[-82.019528,36.152314],[-82.019046,36.15231],[-82.019071,36.152064],[-82.019635,36.151844],[-82.020644,36.15187],[-82.021586,36.151682],[-82.022644,36.151161],[-82.021772,36.151078],[-82.021393,36.151278],[-82.021122,36.151224],[-82.021195,36.150998],[-82.021563,36.150862],[-82.022327,36.150839],[-82.021847,36.150073],[-82.019928,36.149035],[-82.01784,36.148557],[-82.016424,36.147775],[-82.015185,36.147803],[-82.014701,36.147471],[-82.015033,36.147337],[-82.015609,36.14757],[-82.016485,36.147635],[-82.01608,36.147181],[-82.016267,36.147119],[-82.016634,36.147365],[-82.016473,36.146823],[-82.016625,36.146726],[-82.017131,36.14727],[-82.017404,36.14798],[-82.018013,36.148445],[-82.019998,36.148898],[-82.02143,36.149639],[-82.020754,36.148778],[-82.020508,36.147825],[-82.02003,36.147403],[-82.018945,36.145885],[-82.018615,36.14566],[-82.016858,36.145725],[-82.01692,36.145425],[-82.018032,36.145394],[-82.016983,36.145284],[-82.015932,36.144885],[-82.016016,36.144692],[-82.016209,36.144669],[-82.01673,36.144931],[-82.017255,36.144866],[-82.017824,36.144996],[-82.018418,36.145358],[-82.018429,36.143792],[-82.01888,36.144029],[-82.018942,36.145633],[-82.020192,36.147334],[-82.020673,36.14776],[-82.020993,36.148825],[-82.021928,36.149913],[-82.022458,36.149315],[-82.022633,36.149364],[-82.022535,36.149681],[-82.02209,36.150067],[-82.022278,36.150552],[-82.022893,36.151155],[-82.02448,36.151703],[-82.025717,36.152377],[-82.027669,36.152136],[-82.028492,36.151574],[-82.028932,36.1515],[-82.029437,36.151189],[-82.030774,36.150905],[-82.031023,36.150708],[-82.033059,36.150877],[-82.033228,36.149956],[-82.032375,36.148905],[-82.031521,36.148332],[-82.031426,36.147995],[-82.029391,36.146575],[-82.028917,36.146527],[-82.028638,36.146321],[-82.028446,36.146461],[-82.027592,36.146422],[-82.025315,36.145412],[-82.024846,36.145424],[-82.024267,36.14592],[-82.023882,36.145992],[-82.023906,36.145772],[-82.024514,36.145304],[-82.024963,36.14525],[-82.023969,36.144758],[-82.023021,36.145349],[-82.022368,36.145505],[-82.022382,36.145244],[-82.023068,36.145132],[-82.023758,36.144651],[-82.023481,36.144413],[-82.022144,36.144566],[-82.022091,36.144446],[-82.022366,36.144274],[-82.023196,36.144222],[-82.022787,36.143963],[-82.020726,36.143986],[-82.020152,36.14448],[-82.019906,36.144511],[-82.0205,36.143582],[-82.022254,36.143476],[-82.021043,36.142632],[-82.020181,36.142241],[-82.019667,36.142089],[-82.01803,36.142183],[-82.017926,36.142033],[-82.018138,36.141934],[-82.017571,36.141875],[-82.017639,36.141695],[-82.018664,36.141641],[-82.018463,36.14117],[-82.017223,36.140221],[-82.017043,36.139754],[-82.018129,36.14024],[-82.019379,36.141192],[-82.019621,36.141058],[-82.019804,36.141517],[-82.020296,36.141972],[-82.022584,36.143532],[-82.022588,36.142669],[-82.022892,36.142434],[-82.022763,36.143615],[-82.023969,36.144615],[-82.0249,36.145059],[-82.025415,36.145029],[-82.025658,36.145398],[-82.027657,36.146283],[-82.028398,36.14632],[-82.028678,36.146176],[-82.028982,36.146387],[-82.029466,36.14644],[-82.031072,36.147609],[-82.030851,36.147129],[-82.030402,36.146726],[-82.029953,36.145711],[-82.029792,36.144176],[-82.030835,36.142206],[-82.031011,36.141297],[-82.031746,36.140315],[-82.031805,36.13912],[-82.032049,36.138809]],[[-82.026758,36.152439],[-82.026332,36.152505],[-82.025824,36.152942],[-82.025841,36.1534],[-82.026758,36.152439]],[[-82.02456,36.152246],[-82.024337,36.152438],[-82.025479,36.15241],[-82.025063,36.152234],[-82.02456,36.152246]],[[-82.018947,36.141246],[-82.019148,36.141656],[-82.019998,36.142048],[-82.018947,36.141246]]]}},{"id":"66852","type":"Feature","properties":{"OBJECTID":2442,"max_category":0,"label":"0.01 to 0.10 inches","area_acres":16.789231137140522,"county":"Carter County","watershed":"Upper Doe River"},"geometry":{"type":"Polygon","coordinates":[[[-82.075153,36.187778],[-82.07565,36.187863],[-82.076201,36.188381],[-82.075855,36.18842],[-82.07499,36.188035],[-82.074693,36.188097],[-82.074088,36.188675],[-82.074114,36.189343],[-82.074396,36.189336],[-82.07462,36.188888],[-82.075172,36.188575],[-82.075339,36.188651],[-82.075272,36.18884],[-82.074714,36.189356],[-82.075527,36.188848],[-82.075725,36.188907],[-82.075554,36.189367],[-82.075184,36.189481],[-82.076502,36.189448],[-82.07732,36.188748],[-82.07752,36.188899],[-82.07728,36.189213],[-82.078096,36.188806],[-82.078232,36.189004],[-82.077914,36.189318],[-82.076903,36.189706],[-82.077601,36.189756],[-82.077974,36.189899],[-82.078039,36.190072],[-82.07747,36.190307],[-82.077097,36.189933],[-82.076852,36.18993],[-82.076511,36.189673],[-82.074785,36.189634],[-82.074212,36.189786],[-82.074867,36.189984],[-82.076213,36.189954],[-82.076858,36.190481],[-82.076595,36.190631],[-82.076116,36.190341],[-82.075983,36.190591],[-82.075578,36.190029],[-82.074824,36.190127],[-82.074045,36.1899],[-82.073745,36.189908],[-82.073045,36.190255],[-82.072867,36.19038],[-82.073646,36.190866],[-82.074971,36.190696],[-82.076203,36.191007],[-82.076121,36.191204],[-82.075792,36.191336],[-82.075324,36.191265],[-82.075654,36.191533],[-82.075435,36.191624],[-82.075067,36.191506],[-82.074527,36.190987],[-82.073828,36.191005],[-82.074249,36.191566],[-82.075467,36.191977],[-82.075305,36.192203],[-82.074255,36.192229],[-82.073943,36.192076],[-82.073991,36.191539],[-82.073717,36.192058],[-82.073447,36.192003],[-82.073355,36.19166],[-82.073846,36.19137],[-82.073808,36.191266],[-82.072882,36.190534],[-82.072488,36.190403],[-82.072833,36.190227],[-82.073008,36.189853],[-82.073941,36.189417],[-82.073925,36.18861],[-82.074598,36.187972],[-82.075153,36.187778]],[[-82.07471,36.189499],[-82.074069,36.189515],[-82.073104,36.189979],[-82.073091,36.190065],[-82.07471,36.189499]]]}},{"id":"66856","type":"Feature","properties":{"OBJECTID":3929,"max_category":0,"label":"0.01 to 0.10 inches","area_acres":0.6911328835963286,"county":"Carter County","watershed":"Buck Creek"},"geometry":{"type":"Polygon","coordinates":[[[-82.013012,36.176929],[-82.013222,36.177266],[-82.012425,36.177423],[-82.012379,36.177076],[-82.013012,36.176929]]]}},{"id":"66870","type":"Feature","properties":{"OBJECTID":3989,"max_category":0,"label":"0.01 to 0.10 inches","area_acres":2.0292126617909556,"county":"Carter County","watershed":"Upper Doe River"},"geometry":{"type":"Polygon","coordinates":[[[-82.050674,36.142139],[-82.050762,36.142226],[-82.050508,36.14264],[-82.05077,36.142828],[-82.050202,36.143035],[-82.049196,36.143897],[-82.049134,36.143579],[-82.049968,36.14283],[-82.050275,36.14231],[-82.050674,36.142139]]]}},{"id":"66882","type":"Feature","properties":{"OBJECTID":2344,"max_category":0,"label":"0.01 to 0.10 inches","area_acres":1.0586105962307073,"county":"Carter County","watershed":"Upper Doe River"},"geometry":{"type":"Polygon","coordinates":[[[-82.060615,36.186164],[-82.060693,36.186273],[-82.060153,36.18674],[-82.059656,36.186931],[-82.059057,36.186946],[-82.058859,36.186742],[-82.059098,36.186532],[-82.059622,36.186711],[-82.059987,36.186647],[-82.060615,36.186164]]]}},{"id":"66893","type":"Feature","properties":{"OBJECTID":341,"max_category":0,"label":"0.01 to 0.10 inches","area_acres":1.7016985045172695,"county":"Carter County","watershed":"Buck Creek"},"geometry":{"type":"Polygon","coordinates":[[[-82.042847,36.170832],[-82.043638,36.170982],[-82.043956,36.171836],[-82.044378,36.172354],[-82.044316,36.17252],[-82.043574,36.172272],[-82.043662,36.171408],[-82.043515,36.171109],[-82.042684,36.170955],[-82.042847,36.170832]]]}},{"id":"66902","type":"Feature","properties":{"OBJECTID":2439,"max_category":0,"label":"0.01 to 0.10 inches","area_acres":5.710883624234741,"county":"Carter County","watershed":"Upper Doe River"},"geometry":{"type":"Polygon","coordinates":[[[-82.073219,36.184199],[-82.0738,36.184453],[-82.075213,36.185743],[-82.076029,36.18573],[-82.076116,36.18592],[-82.075924,36.186071],[-82.076078,36.186188],[-82.076861,36.186307],[-82.076875,36.186582],[-82.076601,36.186642],[-82.076867,36.186867],[-82.076673,36.187194],[-82.076126,36.186871],[-82.075993,36.186347],[-82.075065,36.185848],[-82.075018,36.186394],[-82.075239,36.186856],[-82.076214,36.187305],[-82.076993,36.187901],[-82.077089,36.188242],[-82.076399,36.187933],[-82.076328,36.188102],[-82.076144,36.18806],[-82.075693,36.187371],[-82.075036,36.186863],[-82.074844,36.186433],[-82.074843,36.185523],[-82.073531,36.184444],[-82.07309,36.184321],[-82.073219,36.184199]]]}},{"id":"66913","type":"Feature","properties":{"OBJECTID":4459,"max_category":0,"label":"0.01 to 0.10 inches","area_acres":1.2182187898116625,"county":"Carter County","watershed":"Upper Doe River"},"geometry":{"type":"Polygon","coordinates":[[[-82.104116,36.130955],[-82.104816,36.13146],[-82.105315,36.131547],[-82.105403,36.131866],[-82.10508,36.131856],[-82.104052,36.131127],[-82.10326,36.131177],[-82.103417,36.131003],[-82.104116,36.130955]]]}},{"id":"66914","type":"Feature","properties":{"OBJECTID":4061,"max_category":0,"label":"0.01 to 0.10 inches","area_acres":0.5983642854590815,"county":"Carter County","watershed":"Upper Doe River"},"geometry":{"type":"Polygon","coordinates":[[[-82.106982,36.139375],[-82.107403,36.139616],[-82.107317,36.139772],[-82.106819,36.139552],[-82.106314,36.139778],[-82.106431,36.139538],[-82.106982,36.139375]]]}},{"id":"66925","type":"Feature","properties":{"OBJECTID":4030,"max_category":0,"label":"0.01 to 0.10 inches","area_acres":0.9513762206492082,"county":"Carter County","watershed":"Upper Doe River"},"geometry":{"type":"Polygon","coordinates":[[[-82.101165,36.144057],[-82.102103,36.144063],[-82.102241,36.144257],[-82.101365,36.144332],[-82.101214,36.14459],[-82.101028,36.144613],[-82.100896,36.144465],[-82.101111,36.144471],[-82.101186,36.14424],[-82.100882,36.144232],[-82.101165,36.144057]]]}},{"id":"66927","type":"Feature","properties":{"OBJECTID":632,"max_category":0,"label":"0.01 to 0.10 inches","area_acres":3.5998158176757102,"county":"Carter County","watershed":"Buck Creek"},"geometry":{"type":"Polygon","coordinates":[[[-82.052429,36.185736],[-82.053128,36.18666],[-82.053202,36.187717],[-82.053059,36.1884],[-82.054074,36.189041],[-82.054045,36.18916],[-82.0525,36.188357],[-82.052285,36.187847],[-82.051275,36.187013],[-82.051237,36.186795],[-82.051497,36.18664],[-82.051694,36.186881],[-82.051996,36.18687],[-82.052002,36.187355],[-82.05289,36.188458],[-82.052954,36.186703],[-82.052365,36.186194],[-82.052246,36.185913],[-82.052429,36.185736]]]}},{"id":"66928","type":"Feature","properties":{"OBJECTID":4739,"max_category":0,"label":"0.01 to 0.10 inches","area_acres":50.15315055669104,"county":"Carter County","watershed":"Upper Doe River"},"geometry":{"type":"Polygon","coordinates":[[[-82.099788,36.108309],[-82.099959,36.108482],[-82.099469,36.108735],[-82.096798,36.111042],[-82.096683,36.111698],[-82.096426,36.111931],[-82.096151,36.112707],[-82.096196,36.113895],[-82.095904,36.114357],[-82.098129,36.112351],[-82.098513,36.111791],[-82.098554,36.111302],[-82.099085,36.110997],[-82.099239,36.111108],[-82.100515,36.110092],[-82.101085,36.109872],[-82.101261,36.109965],[-82.10109,36.110484],[-82.09775,36.113312],[-82.099012,36.112836],[-82.099698,36.112249],[-82.100607,36.112054],[-82.102041,36.110947],[-82.102009,36.111391],[-82.101125,36.111986],[-82.101712,36.111946],[-82.10178,36.112119],[-82.101578,36.112254],[-82.099778,36.112383],[-82.09949,36.112632],[-82.100489,36.112447],[-82.100555,36.112648],[-82.099996,36.112811],[-82.101248,36.112785],[-82.101098,36.113166],[-82.100499,36.113409],[-82.097821,36.113449],[-82.096325,36.114599],[-82.095881,36.11538],[-82.096091,36.116437],[-82.097187,36.115526],[-82.098509,36.115405],[-82.098596,36.115534],[-82.098362,36.115688],[-82.097704,36.115706],[-82.097496,36.115928],[-82.09707,36.115942],[-82.096169,36.11672],[-82.096293,36.117284],[-82.096816,36.116834],[-82.097298,36.116727],[-82.098928,36.115887],[-82.100028,36.115122],[-82.100172,36.115196],[-82.100151,36.115476],[-82.099338,36.115884],[-82.09892,36.11627],[-82.097925,36.116605],[-82.097391,36.117051],[-82.096776,36.117103],[-82.096269,36.117541],[-82.096385,36.118934],[-82.096025,36.119142],[-82.095835,36.119476],[-82.095347,36.121053],[-82.094792,36.121794],[-82.094757,36.121457],[-82.095176,36.121],[-82.095569,36.119785],[-82.094572,36.119024],[-82.09437,36.118476],[-82.094549,36.118412],[-82.095664,36.119422],[-82.09607,36.118724],[-82.096109,36.117078],[-82.095699,36.11522],[-82.095451,36.114931],[-82.095483,36.114016],[-82.093631,36.112512],[-82.093885,36.112449],[-82.094651,36.112919],[-82.095342,36.112993],[-82.095154,36.112513],[-82.094226,36.111855],[-82.093953,36.111204],[-82.094052,36.111067],[-82.094735,36.111312],[-82.094709,36.110584],[-82.094904,36.110504],[-82.095171,36.111044],[-82.095408,36.112777],[-82.095811,36.113584],[-82.095823,36.113941],[-82.095602,36.114288],[-82.095653,36.114917],[-82.095732,36.114205],[-82.096019,36.113861],[-82.095974,36.112678],[-82.096222,36.112097],[-82.096199,36.111497],[-82.09538,36.110872],[-82.09516,36.110433],[-82.095419,36.110441],[-82.096284,36.111055],[-82.093214,36.108607],[-82.09359,36.108539],[-82.096137,36.110641],[-82.095005,36.109326],[-82.094963,36.10899],[-82.095244,36.108975],[-82.095532,36.109833],[-82.096246,36.110378],[-82.096407,36.110697],[-82.096483,36.111672],[-82.096432,36.109611],[-82.096655,36.10936],[-82.096858,36.109959],[-82.096982,36.109851],[-82.096937,36.108104],[-82.097227,36.108111],[-82.09719,36.109786],[-82.098173,36.108967],[-82.099788,36.108309]],[[-82.096178,36.114471],[-82.095824,36.114777],[-82.095893,36.115019],[-82.09596,36.114962],[-82.096178,36.114471]],[[-82.095203,36.113323],[-82.095012,36.113328],[-82.095617,36.113842],[-82.095609,36.113766],[-82.095203,36.113323]],[[-82.095389,36.113164],[-82.095393,36.113272],[-82.095571,36.113541],[-82.095564,36.113492],[-82.095389,36.113164]]]}},{"id":"66931","type":"Feature","properties":{"OBJECTID":283,"max_category":0,"label":"0.01 to 0.10 inches","area_acres":6.497290258919032,"county":"Carter County","watershed":"Upper Doe River"},"geometry":{"type":"Polygon","coordinates":[[[-82.050338,36.169931],[-82.05125,36.170333],[-82.050732,36.170335],[-82.050307,36.170075],[-82.049863,36.170291],[-82.04951,36.170795],[-82.049673,36.171535],[-82.049441,36.172356],[-82.049133,36.172403],[-82.049013,36.172179],[-82.049356,36.171399],[-82.049338,36.170915],[-82.04876,36.171582],[-82.0487,36.172457],[-82.048444,36.172467],[-82.048301,36.172175],[-82.048173,36.172594],[-82.047939,36.172469],[-82.047359,36.172573],[-82.047344,36.172284],[-82.048282,36.171674],[-82.047891,36.171501],[-82.048592,36.171321],[-82.049699,36.170227],[-82.049395,36.170397],[-82.048969,36.17041],[-82.048254,36.170839],[-82.048145,36.170703],[-82.048328,36.170414],[-82.050338,36.169931]]]}},{"id":"66956","type":"Feature","properties":{"OBJECTID":2391,"max_category":0,"label":"0.01 to 0.10 inches","area_acres":1.6208524246455827,"county":"Carter County","watershed":"Upper Doe River"},"geometry":{"type":"Polygon","coordinates":[[[-82.066724,36.1853],[-82.067577,36.18555],[-82.06757,36.185757],[-82.067974,36.186144],[-82.068513,36.186213],[-82.068799,36.18607],[-82.069344,36.186355],[-82.069106,36.18642],[-82.068771,36.186227],[-82.068561,36.186355],[-82.067884,36.186272],[-82.067309,36.185754],[-82.066804,36.185762],[-82.066611,36.185558],[-82.066724,36.1853]]]}},{"id":"66963","type":"Feature","properties":{"OBJECTID":2452,"max_category":0,"label":"0.01 to 0.10 inches","area_acres":0.6903288881334131,"county":"Carter County","watershed":"Upper Doe River"},"geometry":{"type":"Polygon","coordinates":[[[-82.065072,36.173246],[-82.065117,36.17338],[-82.06481,36.173395],[-82.064165,36.173739],[-82.063993,36.173678],[-82.06429,36.1733],[-82.065072,36.173246]]]}},{"id":"66974","type":"Feature","properties":{"OBJECTID":4456,"max_category":0,"label":"0.01 to 0.10 inches","area_acres":2.703145499641675,"county":"Carter County","watershed":"Upper Doe River"},"geometry":{"type":"Polygon","coordinates":[[[-82.089121,36.157773],[-82.089352,36.15805],[-82.088635,36.158654],[-82.08888,36.158707],[-82.088856,36.158824],[-82.087295,36.158704],[-82.08701,36.158847],[-82.085696,36.158975],[-82.086152,36.15873],[-82.08742,36.158558],[-82.087729,36.158305],[-82.088261,36.1584],[-82.089121,36.157773]]]}},{"id":"66982","type":"Feature","properties":{"OBJECTID":338,"max_category":0,"label":"0.01 to 0.10 inches","area_acres":0.3806616114038477,"county":"Carter County","watershed":"Upper Doe River"},"geometry":{"type":"Polygon","coordinates":[[[-82.059746,36.168652],[-82.05987,36.168885],[-82.059528,36.169152],[-82.0594,36.168842],[-82.059746,36.168652]]]}},{"id":"66983","type":"Feature","properties":{"OBJECTID":4124,"max_category":0,"label":"0.01 to 0.10 inches","area_acres":3.231239625961771,"county":"Carter County","watershed":"Upper Doe River"},"geometry":{"type":"Polygon","coordinates":[[[-82.100028,36.14972],[-82.100077,36.149852],[-82.099185,36.150129],[-82.09852,36.150093],[-82.098069,36.150461],[-82.09783,36.15036],[-82.098122,36.149993],[-82.097569,36.150035],[-82.096852,36.150593],[-82.09622,36.150731],[-82.096248,36.150346],[-82.09675,36.150197],[-82.096631,36.150005],[-82.096791,36.149859],[-82.098448,36.14976],[-82.098752,36.149972],[-82.099121,36.14999],[-82.099561,36.149763],[-82.100028,36.14972]]]}},{"id":"66997","type":"Feature","properties":{"OBJECTID":4528,"max_category":0,"label":"0.01 to 0.10 inches","area_acres":2.670582085461327,"county":"Carter County","watershed":"Buck Creek"},"geometry":{"type":"Polygon","coordinates":[[[-82.015717,36.163039],[-82.016657,36.163399],[-82.016628,36.16435],[-82.01706,36.16512],[-82.017198,36.165919],[-82.016234,36.163952],[-82.015393,36.163224],[-82.015717,36.163039]]]}},{"id":"67010","type":"Feature","properties":{"OBJECTID":3982,"max_category":0,"label":"0.01 to 0.10 inches","area_acres":2.5957688357918207,"county":"Carter County","watershed":"Upper Doe River"},"geometry":{"type":"Polygon","coordinates":[[[-82.068324,36.138509],[-82.068588,36.138775],[-82.068601,36.139206],[-82.067849,36.139749],[-82.066882,36.141037],[-82.067067,36.141448],[-82.06688,36.141514],[-82.066683,36.141274],[-82.066672,36.140876],[-82.067134,36.140157],[-82.067613,36.139943],[-82.06771,36.139522],[-82.068059,36.139217],[-82.068145,36.138613],[-82.068324,36.138509]]]}},{"id":"67020","type":"Feature","properties":{"OBJECTID":4007,"max_category":0,"label":"0.01 to 0.10 inches","area_acres":2.7146800382469185,"county":"Carter County","watershed":"Upper Doe River"},"geometry":{"type":"Polygon","coordinates":[[[-82.063037,36.142187],[-82.066407,36.142167],[-82.066996,36.142552],[-82.066717,36.142562],[-82.06647,36.142381],[-82.062726,36.142408],[-82.063037,36.142187]]]}},{"id":"67025","type":"Feature","properties":{"OBJECTID":2411,"max_category":0,"label":"0.01 to 0.10 inches","area_acres":0.981203385359233,"county":"Carter County","watershed":"Upper Doe River"},"geometry":{"type":"Polygon","coordinates":[[[-82.075836,36.168414],[-82.075951,36.168545],[-82.075597,36.168713],[-82.075411,36.169072],[-82.075106,36.169261],[-82.074817,36.16919],[-82.075343,36.168554],[-82.075836,36.168414]]]}},{"id":"67030","type":"Feature","properties":{"OBJECTID":4134,"max_category":0,"label":"0.01 to 0.10 inches","area_acres":1.1674328446312379,"county":"Carter County","watershed":"Upper Doe River"},"geometry":{"type":"Polygon","coordinates":[[[-82.102339,36.145511],[-82.102721,36.146093],[-82.103198,36.14646],[-82.103173,36.146668],[-82.102904,36.146722],[-82.102355,36.14614],[-82.102123,36.145698],[-82.102339,36.145511]]]}},{"id":"67039","type":"Feature","properties":{"OBJECTID":4259,"max_category":0,"label":"0.01 to 0.10 inches","area_acres":1.4993316918958763,"county":"Carter County","watershed":"Upper Doe River"},"geometry":{"type":"Polygon","coordinates":[[[-82.097578,36.122162],[-82.097911,36.12238],[-82.0979,36.12383],[-82.098269,36.123888],[-82.098248,36.124017],[-82.097662,36.123926],[-82.097614,36.122757],[-82.0973,36.122515],[-82.097578,36.122162]]]}},{"id":"67063","type":"Feature","properties":{"OBJECTID":4803,"max_category":0,"label":"0.01 to 0.10 inches","area_acres":5.573351289308203,"county":"Carter County","watershed":"Buck Creek"},"geometry":{"type":"Polygon","coordinates":[[[-82.016258,36.16122],[-82.017238,36.161966],[-82.017334,36.162382],[-82.017641,36.162523],[-82.017505,36.162716],[-82.014991,36.162733],[-82.013971,36.162868],[-82.013552,36.162701],[-82.013619,36.162541],[-82.014872,36.162593],[-82.013904,36.162295],[-82.013978,36.162155],[-82.014334,36.162099],[-82.014149,36.161651],[-82.014435,36.161532],[-82.014754,36.161697],[-82.014851,36.162141],[-82.015221,36.162557],[-82.017371,36.162586],[-82.016229,36.161548],[-82.01568,36.161369],[-82.015045,36.161381],[-82.014914,36.161248],[-82.015485,36.161068],[-82.016258,36.16122]]]}},{"id":"67066","type":"Feature","properties":{"OBJECTID":3964,"max_category":0,"label":"0.01 to 0.10 inches","area_acres":3.848415329100182,"county":"Carter County","watershed":"Upper Doe River"},"geometry":{"type":"Polygon","coordinates":[[[-82.065433,36.147129],[-82.066688,36.147152],[-82.066596,36.14696],[-82.066783,36.14682],[-82.067192,36.146975],[-82.068973,36.146932],[-82.069153,36.147276],[-82.065193,36.14743],[-82.065129,36.147278],[-82.065433,36.147129]]]}},{"id":"67078","type":"Feature","properties":{"OBJECTID":4025,"max_category":0,"label":"0.01 to 0.10 inches","area_acres":2.4168190636417197,"county":"Carter County","watershed":"Upper Doe River"},"geometry":{"type":"Polygon","coordinates":[[[-82.054012,36.160524],[-82.054999,36.160586],[-82.05549,36.160953],[-82.056217,36.161062],[-82.0556,36.161231],[-82.055088,36.161079],[-82.054555,36.161389],[-82.054284,36.161368],[-82.054134,36.16107],[-82.054721,36.160894],[-82.053925,36.160809],[-82.054012,36.160524]]]}},{"id":"67081","type":"Feature","properties":{"OBJECTID":625,"max_category":0,"label":"0.01 to 0.10 inches","area_acres":1.2109772444403617,"county":"Carter County","watershed":"Upper Doe River"},"geometry":{"type":"Polygon","coordinates":[[[-82.061034,36.169184],[-82.061477,36.169403],[-82.061058,36.169655],[-82.06077,36.170101],[-82.060302,36.169962],[-82.061034,36.169184]]]}},{"id":"67090","type":"Feature","properties":{"OBJECTID":2383,"max_category":0,"label":"0.01 to 0.10 inches","area_acres":0.8165977283710907,"county":"Carter County","watershed":"Upper Doe River"},"geometry":{"type":"Polygon","coordinates":[[[-82.066431,36.180439],[-82.066501,36.180632],[-82.065277,36.18081],[-82.065556,36.180465],[-82.066431,36.180439]]]}},{"id":"67106","type":"Feature","properties":{"OBJECTID":2450,"max_category":0,"label":"0.01 to 0.10 inches","area_acres":1.1321706274557657,"county":"Carter County","watershed":"Upper Doe River"},"geometry":{"type":"Polygon","coordinates":[[[-82.065835,36.174573],[-82.065726,36.174966],[-82.065622,36.174859],[-82.064418,36.174889],[-82.064061,36.174781],[-82.064132,36.174671],[-82.065835,36.174573]]]}},{"id":"67108","type":"Feature","properties":{"OBJECTID":4104,"max_category":0,"label":"0.01 to 0.10 inches","area_acres":0.8803925295157787,"county":"Carter County","watershed":"Upper Doe River"},"geometry":{"type":"Polygon","coordinates":[[[-82.111132,36.137181],[-82.111291,36.137289],[-82.11125,36.13754],[-82.110572,36.138068],[-82.1104,36.138042],[-82.110375,36.137805],[-82.111132,36.137181]]]}},{"id":"67112","type":"Feature","properties":{"OBJECTID":2404,"max_category":0,"label":"0.01 to 0.10 inches","area_acres":0.9344780096299744,"county":"Carter County","watershed":"Upper Doe River"},"geometry":{"type":"Polygon","coordinates":[[[-82.075136,36.183794],[-82.075472,36.184241],[-82.075335,36.184446],[-82.075105,36.184309],[-82.074791,36.184517],[-82.074785,36.183847],[-82.075136,36.183794]]]}},{"id":"67113","type":"Feature","properties":{"OBJECTID":2436,"max_category":0,"label":"0.01 to 0.10 inches","area_acres":3.635026229528566,"county":"Carter County","watershed":"Upper Doe River"},"geometry":{"type":"Polygon","coordinates":[[[-82.078479,36.184342],[-82.07838,36.184938],[-82.077743,36.185835],[-82.077593,36.186334],[-82.077651,36.186988],[-82.07827,36.188096],[-82.078111,36.188604],[-82.077921,36.188675],[-82.077633,36.188406],[-82.077682,36.187952],[-82.077432,36.187586],[-82.077246,36.186304],[-82.077543,36.186111],[-82.077574,36.185778],[-82.078479,36.184342]]]}},{"id":"67125","type":"Feature","properties":{"OBJECTID":4051,"max_category":0,"label":"0.01 to 0.10 inches","area_acres":3.061946339887879,"county":"Carter County","watershed":"Upper Doe River"},"geometry":{"type":"Polygon","coordinates":[[[-82.091613,36.13795],[-82.092552,36.138531],[-82.093521,36.138537],[-82.093619,36.138745],[-82.092666,36.138836],[-82.092471,36.138978],[-82.090931,36.139008],[-82.090899,36.138848],[-82.091212,36.138705],[-82.092409,36.138645],[-82.092137,36.138437],[-82.091126,36.138466],[-82.091613,36.13795]]]}},{"id":"67130","type":"Feature","properties":{"OBJECTID":2431,"max_category":0,"label":"0.01 to 0.10 inches","area_acres":9.740764260682473,"county":"Carter County","watershed":"Upper Doe River"},"geometry":{"type":"Polygon","coordinates":[[[-82.07058,36.172531],[-82.071517,36.172534],[-82.072213,36.172055],[-82.07244,36.172234],[-82.072443,36.172622],[-82.071705,36.172723],[-82.071943,36.172936],[-82.072837,36.173033],[-82.073057,36.173268],[-82.072365,36.173371],[-82.072429,36.173559],[-82.072101,36.173515],[-82.072147,36.173893],[-82.071675,36.173497],[-82.071606,36.17377],[-82.071406,36.173858],[-82.071248,36.173054],[-82.07094,36.172793],[-82.071051,36.173978],[-82.070779,36.173917],[-82.07065,36.174318],[-82.070499,36.173863],[-82.070719,36.173421],[-82.070691,36.172671],[-82.069682,36.172696],[-82.069577,36.173504],[-82.070266,36.173984],[-82.070432,36.174589],[-82.070262,36.174686],[-82.069708,36.173987],[-82.06984,36.174441],[-82.0692,36.174235],[-82.069257,36.173221],[-82.069513,36.172901],[-82.069501,36.172572],[-82.070381,36.172535],[-82.070773,36.172155],[-82.070997,36.17182],[-82.071051,36.171271],[-82.071226,36.171199],[-82.071703,36.171607],[-82.07058,36.172531]],[[-82.071415,36.172707],[-82.071163,36.172714],[-82.071226,36.172762],[-82.071415,36.172707]]]}},{"id":"67132","type":"Feature","properties":{"OBJECTID":3944,"max_category":0,"label":"0.01 to 0.10 inches","area_acres":3.4523187384780756,"county":"Carter County","watershed":"Upper Doe River"},"geometry":{"type":"Polygon","coordinates":[[[-82.054725,36.15685],[-82.056597,36.156832],[-82.056674,36.156978],[-82.054971,36.157097],[-82.054199,36.157497],[-82.053929,36.157452],[-82.053955,36.157313],[-82.054586,36.157079],[-82.053686,36.157239],[-82.053188,36.157134],[-82.053303,36.156946],[-82.054069,36.156784],[-82.053369,36.156652],[-82.053301,36.156472],[-82.053472,36.15636],[-82.054101,36.156434],[-82.054725,36.15685]]]}},{"id":"67145","type":"Feature","properties":{"OBJECTID":284,"max_category":0,"label":"0.01 to 0.10 inches","area_acres":4.0712974689953185,"county":"Carter County","watershed":"Upper Doe River"},"geometry":{"type":"Polygon","coordinates":[[[-82.048486,36.169373],[-82.050042,36.169758],[-82.048455,36.169516],[-82.048159,36.169606],[-82.048013,36.170739],[-82.0477,36.171125],[-82.047533,36.171105],[-82.04737,36.170805],[-82.047893,36.170336],[-82.047968,36.169638],[-82.047565,36.169621],[-82.047235,36.170477],[-82.047114,36.170363],[-82.046798,36.170571],[-82.046611,36.170512],[-82.04737,36.169598],[-82.046839,36.169667],[-82.046125,36.170419],[-82.04586,36.170247],[-82.0466,36.169533],[-82.048486,36.169373]]]}},{"id":"67155","type":"Feature","properties":{"OBJECTID":4491,"max_category":0,"label":"0.01 to 0.10 inches","area_acres":99.0736133634357,"county":"Carter County","watershed":"Upper Doe River"},"geometry":{"type":"Polygon","coordinates":[[[-82.043904,36.131562],[-82.044041,36.131964],[-82.043846,36.132318],[-82.04455,36.131745],[-82.044797,36.131739],[-82.044912,36.131883],[-82.044196,36.132423],[-82.044308,36.132759],[-82.044127,36.133021],[-82.043327,36.133258],[-82.042799,36.133628],[-82.042455,36.133925],[-82.042305,36.134419],[-82.042734,36.134403],[-82.042815,36.134625],[-82.043414,36.134112],[-82.043707,36.134186],[-82.042869,36.135014],[-82.043048,36.13536],[-82.044653,36.133976],[-82.045117,36.133927],[-82.044661,36.134602],[-82.043403,36.135688],[-82.043747,36.136033],[-82.044667,36.13524],[-82.04509,36.135105],[-82.044746,36.135774],[-82.044105,36.13633],[-82.044171,36.136489],[-82.044669,36.136062],[-82.04507,36.135997],[-82.045888,36.134811],[-82.046136,36.134812],[-82.046217,36.134979],[-82.045799,36.135436],[-82.045731,36.135918],[-82.044765,36.13678],[-82.044362,36.136873],[-82.044419,36.137472],[-82.045317,36.138397],[-82.04582,36.137959],[-82.045877,36.136468],[-82.046695,36.135761],[-82.047122,36.135804],[-82.046089,36.13683],[-82.045993,36.137894],[-82.04692,36.1371],[-82.047055,36.137303],[-82.045652,36.138652],[-82.04604,36.138816],[-82.045996,36.138934],[-82.045681,36.13887],[-82.044722,36.138111],[-82.044249,36.137529],[-82.044148,36.136768],[-82.043933,36.136444],[-82.042823,36.135382],[-82.042446,36.13475],[-82.0415,36.134241],[-82.041221,36.133708],[-82.04075,36.133349],[-82.040136,36.133227],[-82.039346,36.133328],[-82.0384,36.132996],[-82.037558,36.132989],[-82.036796,36.133448],[-82.034675,36.135275],[-82.034414,36.135285],[-82.034461,36.135008],[-82.033866,36.135517],[-82.033595,36.135414],[-82.032863,36.135851],[-82.032744,36.135628],[-82.034639,36.13405],[-82.034409,36.133947],[-82.033666,36.134585],[-82.033105,36.134739],[-82.033144,36.134461],[-82.033506,36.134403],[-82.033861,36.134098],[-82.032907,36.134175],[-82.032757,36.133972],[-82.034233,36.133841],[-82.033405,36.133888],[-82.03287,36.133682],[-82.032453,36.133801],[-82.032421,36.133584],[-82.031923,36.133596],[-82.03139,36.133906],[-82.031141,36.133881],[-82.031262,36.133628],[-82.031023,36.133519],[-82.0315,36.133409],[-82.031471,36.133221],[-82.033022,36.133293],[-82.032677,36.133055],[-82.031689,36.13299],[-82.03167,36.132757],[-82.032201,36.132897],[-82.032735,36.132751],[-82.03371,36.133434],[-82.033233,36.133007],[-82.03332,36.132845],[-82.033582,36.132894],[-82.034322,36.133421],[-82.034905,36.133626],[-82.035949,36.133601],[-82.036918,36.133247],[-82.037488,36.132852],[-82.038354,36.132854],[-82.036563,36.131914],[-82.034749,36.13141],[-82.033937,36.13154],[-82.032854,36.131404],[-82.032282,36.131896],[-82.031542,36.132256],[-82.031584,36.131923],[-82.032308,36.131411],[-82.0321,36.131228],[-82.030427,36.130885],[-82.028731,36.130927],[-82.028645,36.130825],[-82.029834,36.130537],[-82.031025,36.130621],[-82.030678,36.130356],[-82.029131,36.130223],[-82.029219,36.130089],[-82.02982,36.130015],[-82.030588,36.130216],[-82.030673,36.130015],[-82.030891,36.129963],[-82.032743,36.131097],[-82.035284,36.131312],[-82.037677,36.132223],[-82.038777,36.132981],[-82.039394,36.133185],[-82.040173,36.133084],[-82.040761,36.133206],[-82.040285,36.132674],[-82.039711,36.132715],[-82.039548,36.132442],[-82.03981,36.132232],[-82.039034,36.131427],[-82.03683,36.130012],[-82.035888,36.129976],[-82.035593,36.12963],[-82.035149,36.129449],[-82.034288,36.129469],[-82.033378,36.12919],[-82.032259,36.129245],[-82.032026,36.129141],[-82.031306,36.129756],[-82.030894,36.129884],[-82.030708,36.129753],[-82.031659,36.129051],[-82.031399,36.1288],[-82.030854,36.12873],[-82.031086,36.128527],[-82.030806,36.128256],[-82.031375,36.128276],[-82.032408,36.128663],[-82.032213,36.12841],[-82.032327,36.128057],[-82.033343,36.129021],[-82.034337,36.129326],[-82.035208,36.129308],[-82.036443,36.129796],[-82.03382,36.127526],[-82.033525,36.127159],[-82.033685,36.127025],[-82.033397,36.126565],[-82.032404,36.125806],[-82.032036,36.125281],[-82.031961,36.125082],[-82.032163,36.12504],[-82.032487,36.125195],[-82.032929,36.125825],[-82.033196,36.125819],[-82.033678,36.126159],[-82.033747,36.12669],[-82.034202,36.127277],[-82.034368,36.127182],[-82.034324,36.1265],[-82.034835,36.12648],[-82.035006,36.126848],[-82.035098,36.128387],[-82.035489,36.128872],[-82.036772,36.129843],[-82.036739,36.128912],[-82.036954,36.12887],[-82.037121,36.129044],[-82.037156,36.129957],[-82.038325,36.130876],[-82.039181,36.131343],[-82.040094,36.132413],[-82.040328,36.132489],[-82.04044,36.131886],[-82.040175,36.131151],[-82.039331,36.130074],[-82.039305,36.129633],[-82.038699,36.128824],[-82.038365,36.128807],[-82.037508,36.128236],[-82.036653,36.12822],[-82.035847,36.127651],[-82.036038,36.127498],[-82.036785,36.127706],[-82.038602,36.12867],[-82.038145,36.127629],[-82.03743,36.127443],[-82.037553,36.12727],[-82.037949,36.127312],[-82.038123,36.127034],[-82.037526,36.125583],[-82.036947,36.125034],[-82.036448,36.125043],[-82.035358,36.124673],[-82.035442,36.124572],[-82.036722,36.124622],[-82.035754,36.12391],[-82.032624,36.123962],[-82.032654,36.123707],[-82.034455,36.123552],[-82.035489,36.123637],[-82.03443,36.122529],[-82.034562,36.122407],[-82.035368,36.12302],[-82.035182,36.122693],[-82.035373,36.12243],[-82.035698,36.122855],[-82.035753,36.123287],[-82.036701,36.124357],[-82.036626,36.123269],[-82.036168,36.121909],[-82.036394,36.121827],[-82.036722,36.12217],[-82.036886,36.122986],[-82.036856,36.122153],[-82.037032,36.121976],[-82.037161,36.122035],[-82.037197,36.12295],[-82.037334,36.122793],[-82.037633,36.122921],[-82.036961,36.123893],[-82.036957,36.124686],[-82.037991,36.126062],[-82.038913,36.125264],[-82.03955,36.125264],[-82.039502,36.125472],[-82.038144,36.126502],[-82.038282,36.127478],[-82.038387,36.127161],[-82.039641,36.126079],[-82.040157,36.126074],[-82.038388,36.127595],[-82.038422,36.127784],[-82.038884,36.127301],[-82.039254,36.127329],[-82.038604,36.127919],[-82.038545,36.128168],[-82.039304,36.12941],[-82.04047,36.128199],[-82.040535,36.127136],[-82.040914,36.126554],[-82.041093,36.126655],[-82.041145,36.127221],[-82.041115,36.126029],[-82.041299,36.126002],[-82.041413,36.126153],[-82.041443,36.126857],[-82.042116,36.125619],[-82.042409,36.125606],[-82.042053,36.12639],[-82.042361,36.126296],[-82.042431,36.126429],[-82.041157,36.127928],[-82.039834,36.129098],[-82.039936,36.129286],[-82.039487,36.129794],[-82.039567,36.130117],[-82.039989,36.130541],[-82.04094,36.129863],[-82.041656,36.129103],[-82.041642,36.128648],[-82.041902,36.128129],[-82.042141,36.12795],[-82.04227,36.128121],[-82.042391,36.127932],[-82.042397,36.126999],[-82.04271,36.126607],[-82.042886,36.126634],[-82.042749,36.127359],[-82.04293,36.127714],[-82.04256,36.128164],[-82.042831,36.128288],[-82.043215,36.128117],[-82.043313,36.128248],[-82.042742,36.128545],[-82.040063,36.130686],[-82.040614,36.131843],[-82.040476,36.132651],[-82.040883,36.132964],[-82.04097,36.133347],[-82.041042,36.13298],[-82.042204,36.131949],[-82.042633,36.131068],[-82.043069,36.130844],[-82.043416,36.130848],[-82.042875,36.131521],[-82.042927,36.131646],[-82.041733,36.132733],[-82.04175,36.133196],[-82.042101,36.133537],[-82.041979,36.133882],[-82.042081,36.134355],[-82.042283,36.133726],[-82.043284,36.132719],[-82.043904,36.131562]],[[-82.035442,36.133811],[-82.035353,36.133813],[-82.035176,36.134041],[-82.035442,36.133811]],[[-82.041723,36.133371],[-82.041507,36.133944],[-82.041816,36.134236],[-82.041927,36.133581],[-82.041723,36.133371]],[[-82.041491,36.1328],[-82.041142,36.133243],[-82.041356,36.133615],[-82.041517,36.133477],[-82.041491,36.1328]]]}},{"id":"67165","type":"Feature","properties":{"OBJECTID":3935,"max_category":0,"label":"0.01 to 0.10 inches","area_acres":1.1467308369511255,"county":"Carter County","watershed":"Buck Creek"},"geometry":{"type":"Polygon","coordinates":[[[-82.041287,36.154657],[-82.041365,36.154793],[-82.041006,36.154998],[-82.039435,36.15512],[-82.039313,36.154951],[-82.039587,36.154809],[-82.041287,36.154657]]]}},{"id":"67167","type":"Feature","properties":{"OBJECTID":2483,"max_category":0,"label":"0.01 to 0.10 inches","area_acres":0.5600259449852703,"county":"Carter County","watershed":"Upper Doe River"},"geometry":{"type":"Polygon","coordinates":[[[-82.061825,36.1841],[-82.062514,36.184543],[-82.062518,36.184644],[-82.061705,36.184362],[-82.061825,36.1841]]]}},{"id":"67172","type":"Feature","properties":{"OBJECTID":2441,"max_category":0,"label":"0.01 to 0.10 inches","area_acres":0.8196355366280821,"county":"Carter County","watershed":"Upper Doe River"},"geometry":{"type":"Polygon","coordinates":[[[-82.072709,36.185943],[-82.073093,36.186153],[-82.073611,36.186205],[-82.073683,36.186356],[-82.073245,36.186509],[-82.072679,36.186114],[-82.072478,36.186357],[-82.072466,36.186072],[-82.072709,36.185943]]]}},{"id":"67176","type":"Feature","properties":{"OBJECTID":4506,"max_category":0,"label":"0.01 to 0.10 inches","area_acres":13.594870530985117,"county":"Carter County","watershed":"Buck Creek"},"geometry":{"type":"Polygon","coordinates":[[[-82.030809,36.158851],[-82.031539,36.158927],[-82.031381,36.159122],[-82.030785,36.159182],[-82.030051,36.159901],[-82.029755,36.161035],[-82.029759,36.161162],[-82.030746,36.160399],[-82.031109,36.16036],[-82.031008,36.160805],[-82.029838,36.161445],[-82.029844,36.161619],[-82.030738,36.161432],[-82.030995,36.16147],[-82.031056,36.161637],[-82.03061,36.161742],[-82.030564,36.161907],[-82.02975,36.161874],[-82.02966,36.162109],[-82.029676,36.162557],[-82.030363,36.162513],[-82.030675,36.162313],[-82.030788,36.162544],[-82.031048,36.162476],[-82.031133,36.16267],[-82.030834,36.163083],[-82.030135,36.162744],[-82.029585,36.162825],[-82.029482,36.163167],[-82.030114,36.163155],[-82.030482,36.163266],[-82.030588,36.163449],[-82.029376,36.163573],[-82.029287,36.164095],[-82.028779,36.164824],[-82.02871,36.1661],[-82.028603,36.164785],[-82.029146,36.163959],[-82.029638,36.161721],[-82.029647,36.160115],[-82.030059,36.159402],[-82.030144,36.15877],[-82.030334,36.158655],[-82.030054,36.158318],[-82.030627,36.158276],[-82.030502,36.156962],[-82.030857,36.157088],[-82.031129,36.156972],[-82.031331,36.157123],[-82.03125,36.157559],[-82.031578,36.157729],[-82.031601,36.157891],[-82.031207,36.158232],[-82.031481,36.15837],[-82.030809,36.158851]]]}},{"id":"67189","type":"Feature","properties":{"OBJECTID":2432,"max_category":0,"label":"0.01 to 0.10 inches","area_acres":5.88477463349948,"county":"Carter County","watershed":"Upper Doe River"},"geometry":{"type":"Polygon","coordinates":[[[-82.07157,36.176959],[-82.073085,36.177199],[-82.073048,36.176692],[-82.072856,36.176546],[-82.071301,36.176444],[-82.070959,36.176074],[-82.071093,36.175873],[-82.071658,36.176157],[-82.072844,36.176404],[-82.071821,36.175864],[-82.071991,36.175711],[-82.072474,36.175848],[-82.073031,36.17627],[-82.072505,36.174919],[-82.071507,36.174871],[-82.071541,36.174597],[-82.072421,36.174546],[-82.072627,36.174686],[-82.073656,36.177467],[-82.073457,36.177476],[-82.073224,36.176693],[-82.073292,36.177661],[-82.073059,36.177421],[-82.071942,36.177388],[-82.071333,36.177021],[-82.07157,36.176959]]]}},{"id":"67193","type":"Feature","properties":{"OBJECTID":4469,"max_category":0,"label":"0.01 to 0.10 inches","area_acres":34.10960734785714,"county":"Carter County","watershed":"Upper Doe River"},"geometry":{"type":"Polygon","coordinates":[[[-82.066285,36.137116],[-82.066689,36.137184],[-82.066818,36.137573],[-82.06707,36.137552],[-82.06713,36.137795],[-82.06687,36.13807],[-82.066869,36.138409],[-82.066262,36.138992],[-82.066098,36.14003],[-82.066617,36.139583],[-82.066684,36.139014],[-82.067329,36.138461],[-82.067518,36.138429],[-82.067567,36.138572],[-82.066815,36.13928],[-82.066777,36.139652],[-82.066204,36.140147],[-82.066456,36.141432],[-82.066318,36.141402],[-82.066229,36.140971],[-82.064875,36.139929],[-82.065279,36.140771],[-82.067451,36.142219],[-82.067163,36.142242],[-82.066548,36.141775],[-82.062365,36.14181],[-82.062432,36.141552],[-82.062983,36.141501],[-82.065832,36.14143],[-82.066072,36.141589],[-82.06622,36.141612],[-82.065072,36.140767],[-82.06279,36.140824],[-82.062376,36.14118],[-82.062216,36.14116],[-82.062582,36.140608],[-82.065027,36.140516],[-82.064986,36.14037],[-82.06406,36.139611],[-82.063036,36.139636],[-82.062287,36.139455],[-82.062379,36.139291],[-82.06404,36.139249],[-82.063802,36.139068],[-82.062564,36.139096],[-82.062026,36.138829],[-82.062163,36.138664],[-82.063784,36.13876],[-82.063271,36.138022],[-82.062695,36.137584],[-82.061411,36.137217],[-82.059814,36.135916],[-82.059512,36.135353],[-82.059447,36.1346],[-82.059089,36.134067],[-82.059165,36.13294],[-82.059373,36.132935],[-82.059748,36.1335],[-82.059787,36.134452],[-82.060167,36.133919],[-82.060411,36.134056],[-82.059932,36.13468],[-82.060203,36.134707],[-82.060152,36.136035],[-82.060705,36.136483],[-82.060787,36.134895],[-82.061263,36.134597],[-82.061482,36.134657],[-82.061009,36.135386],[-82.061026,36.135849],[-82.061163,36.136779],[-82.061634,36.137138],[-82.062844,36.137501],[-82.062755,36.136018],[-82.06291,36.135873],[-82.063122,36.135903],[-82.063175,36.135286],[-82.063373,36.135329],[-82.063431,36.13584],[-82.063665,36.135686],[-82.063903,36.135774],[-82.063863,36.136098],[-82.063385,36.136398],[-82.063445,36.137986],[-82.063616,36.138204],[-82.063616,36.137893],[-82.064311,36.137092],[-82.064804,36.136817],[-82.065514,36.13666],[-82.063833,36.138393],[-82.063842,36.138608],[-82.064854,36.139567],[-82.064881,36.13831],[-82.06514,36.138188],[-82.065264,36.137746],[-82.065589,36.137915],[-82.065447,36.138359],[-82.065,36.138776],[-82.065035,36.139705],[-82.065941,36.140529],[-82.065759,36.139295],[-82.065947,36.13897],[-82.065877,36.13861],[-82.066192,36.138618],[-82.066395,36.138215],[-82.066285,36.137116]],[[-82.0659,36.141653],[-82.065462,36.141664],[-82.065928,36.141675],[-82.0659,36.141653]]]}},{"id":"67200","type":"Feature","properties":{"OBJECTID":4518,"max_category":0,"label":"0.01 to 0.10 inches","area_acres":4.828047611642229,"county":"Carter County","watershed":"Buck Creek"},"geometry":{"type":"Polygon","coordinates":[[[-82.037927,36.161996],[-82.041859,36.16201],[-82.044088,36.162839],[-82.043613,36.163011],[-82.042262,36.162655],[-82.041639,36.162238],[-82.041177,36.16225],[-82.042007,36.162805],[-82.042272,36.163136],[-82.042068,36.163216],[-82.040688,36.16218],[-82.037788,36.162135],[-82.037927,36.161996]]]}},{"id":"67220","type":"Feature","properties":{"OBJECTID":343,"max_category":0,"label":"0.01 to 0.10 inches","area_acres":1.7238479177418313,"county":"Carter County","watershed":"Buck Creek"},"geometry":{"type":"Polygon","coordinates":[[[-82.04218,36.185442],[-82.042528,36.185626],[-82.042543,36.185783],[-82.042079,36.185889],[-82.041732,36.186303],[-82.041966,36.185713],[-82.041647,36.185292],[-82.041934,36.184857],[-82.041957,36.184333],[-82.042206,36.184204],[-82.042309,36.184873],[-82.041825,36.185329],[-82.041999,36.18551],[-82.04218,36.185442]]]}},{"id":"67224","type":"Feature","properties":{"OBJECTID":4789,"max_category":0,"label":"0.01 to 0.10 inches","area_acres":8.147954135432906,"county":"Carter County","watershed":"Upper Doe River"},"geometry":{"type":"Polygon","coordinates":[[[-82.046971,36.152619],[-82.047178,36.15276],[-82.046641,36.152798],[-82.046332,36.15305],[-82.045367,36.153159],[-82.044731,36.153793],[-82.044455,36.154542],[-82.044327,36.155643],[-82.044439,36.156047],[-82.044242,36.156099],[-82.044161,36.156524],[-82.043816,36.156511],[-82.043594,36.156145],[-82.043932,36.155241],[-82.042986,36.155527],[-82.04265,36.155372],[-82.043367,36.155072],[-82.044137,36.15439],[-82.043285,36.154912],[-82.04261,36.154986],[-82.04246,36.154827],[-82.044074,36.154236],[-82.042922,36.154291],[-82.042855,36.154155],[-82.043412,36.153946],[-82.044305,36.153895],[-82.045282,36.153028],[-82.04627,36.152909],[-82.046561,36.152664],[-82.046971,36.152619]]]}},{"id":"67226","type":"Feature","properties":{"OBJECTID":4795,"max_category":0,"label":"0.01 to 0.10 inches","area_acres":5.3770789776647465,"county":"Carter County","watershed":"Buck Creek"},"geometry":{"type":"Polygon","coordinates":[[[-82.035167,36.155006],[-82.036424,36.155639],[-82.036171,36.155171],[-82.036568,36.155058],[-82.036999,36.155734],[-82.03765,36.156094],[-82.038133,36.156119],[-82.038573,36.156425],[-82.038714,36.156951],[-82.038058,36.156254],[-82.037117,36.156167],[-82.037382,36.156609],[-82.038027,36.157101],[-82.03858,36.157311],[-82.038407,36.157629],[-82.038259,36.157574],[-82.038419,36.157383],[-82.037937,36.157228],[-82.036249,36.155914],[-82.034899,36.155464],[-82.034931,36.155319],[-82.035269,36.155274],[-82.035167,36.155006]]]}},{"id":"67232","type":"Feature","properties":{"OBJECTID":4754,"max_category":0,"label":"0.01 to 0.10 inches","area_acres":35.492642871406325,"county":"Carter County","watershed":"Upper Doe River"},"geometry":{"type":"Polygon","coordinates":[[[-82.053902,36.12719],[-82.054014,36.127725],[-82.053425,36.127949],[-82.053401,36.128163],[-82.052757,36.128241],[-82.05236,36.128443],[-82.052304,36.128712],[-82.051462,36.128905],[-82.050954,36.129343],[-82.049355,36.13095],[-82.049246,36.13164],[-82.049256,36.13191],[-82.049866,36.132796],[-82.050581,36.131386],[-82.05118,36.131435],[-82.051708,36.131147],[-82.051905,36.13125],[-82.051767,36.131529],[-82.051058,36.131636],[-82.050386,36.132216],[-82.050223,36.132693],[-82.049939,36.132941],[-82.050046,36.133292],[-82.051098,36.132387],[-82.051798,36.132174],[-82.051618,36.132456],[-82.051096,36.132652],[-82.050132,36.133484],[-82.050203,36.134552],[-82.050626,36.135515],[-82.05077,36.13539],[-82.050911,36.134308],[-82.051621,36.133692],[-82.052249,36.132697],[-82.052428,36.13256],[-82.052633,36.132629],[-82.052575,36.133247],[-82.05108,36.134452],[-82.050945,36.135434],[-82.050686,36.135671],[-82.050889,36.136543],[-82.050845,36.138081],[-82.051793,36.138964],[-82.052926,36.139723],[-82.053738,36.141231],[-82.053655,36.141382],[-82.052767,36.139796],[-82.050716,36.138251],[-82.050714,36.136577],[-82.050356,36.135185],[-82.049473,36.134671],[-82.048463,36.134696],[-82.048,36.1349],[-82.047705,36.134832],[-82.047789,36.134588],[-82.048253,36.134425],[-82.049084,36.134401],[-82.047881,36.134062],[-82.048228,36.133927],[-82.048993,36.134165],[-82.050083,36.134761],[-82.05003,36.133736],[-82.049654,36.132756],[-82.049142,36.132631],[-82.048284,36.131898],[-82.047522,36.13145],[-82.047171,36.131446],[-82.047006,36.131215],[-82.045859,36.131033],[-82.045786,36.130787],[-82.046406,36.130678],[-82.045956,36.13044],[-82.045809,36.130036],[-82.045152,36.129905],[-82.045033,36.129704],[-82.045218,36.129578],[-82.045932,36.129702],[-82.045797,36.129231],[-82.046075,36.129217],[-82.047284,36.130833],[-82.048792,36.132169],[-82.049227,36.132501],[-82.049452,36.132495],[-82.049084,36.131958],[-82.049151,36.131092],[-82.048924,36.130466],[-82.048102,36.129332],[-82.046795,36.12844],[-82.046804,36.128236],[-82.046354,36.127784],[-82.046564,36.127707],[-82.046862,36.127906],[-82.046283,36.127436],[-82.046103,36.127055],[-82.046298,36.12704],[-82.047046,36.127691],[-82.047913,36.128797],[-82.048007,36.12862],[-82.047828,36.128357],[-82.047761,36.127497],[-82.047879,36.127029],[-82.047444,36.126163],[-82.047733,36.126163],[-82.048046,36.126775],[-82.048133,36.126552],[-82.048758,36.126306],[-82.048304,36.127348],[-82.048411,36.128392],[-82.048277,36.129296],[-82.049249,36.130833],[-82.050777,36.129316],[-82.050739,36.127507],[-82.050935,36.127512],[-82.051031,36.127791],[-82.051075,36.128946],[-82.05108,36.12744],[-82.051283,36.127515],[-82.051353,36.127884],[-82.052453,36.127021],[-82.052659,36.127027],[-82.052418,36.127428],[-82.051423,36.128287],[-82.051368,36.128636],[-82.053902,36.12719]]]}},{"id":"67247","type":"Feature","properties":{"OBJECTID":4522,"max_category":0,"label":"0.01 to 0.10 inches","area_acres":2.1639700310715364,"county":"Carter County","watershed":"Buck Creek"},"geometry":{"type":"Polygon","coordinates":[[[-82.041723,36.163495],[-82.041706,36.163684],[-82.041135,36.163789],[-82.037991,36.163916],[-82.038163,36.163776],[-82.039156,36.163806],[-82.040302,36.16364],[-82.040786,36.163217],[-82.040984,36.16331],[-82.040965,36.163551],[-82.041236,36.163315],[-82.041723,36.163495]]]}},{"id":"67257","type":"Feature","properties":{"OBJECTID":4093,"max_category":0,"label":"0.01 to 0.10 inches","area_acres":8.218511467603053,"county":"Carter County","watershed":"Upper Doe River"},"geometry":{"type":"Polygon","coordinates":[[[-82.090597,36.140614],[-82.09068,36.140715],[-82.090417,36.140926],[-82.088778,36.140831],[-82.08682,36.142322],[-82.086749,36.142636],[-82.086117,36.14323],[-82.086663,36.14225],[-82.08826,36.141069],[-82.088142,36.140748],[-82.088245,36.139895],[-82.088024,36.139432],[-82.088182,36.139055],[-82.088493,36.139117],[-82.088505,36.140336],[-82.088322,36.140846],[-82.088644,36.140596],[-82.088802,36.140289],[-82.088753,36.13896],[-82.089084,36.138406],[-82.089306,36.138378],[-82.089489,36.138602],[-82.089067,36.139191],[-82.089079,36.139512],[-82.089645,36.139027],[-82.089857,36.13899],[-82.089916,36.139114],[-82.089645,36.139599],[-82.089008,36.140171],[-82.090238,36.139663],[-82.090454,36.139677],[-82.090555,36.139899],[-82.089163,36.140271],[-82.088821,36.140632],[-82.090597,36.140614]]]}},{"id":"67259","type":"Feature","properties":{"OBJECTID":2472,"max_category":0,"label":"0.01 to 0.10 inches","area_acres":12.56584693271122,"county":"Carter County","watershed":"Buck Creek"},"geometry":{"type":"Polygon","coordinates":[[[-82.053978,36.179212],[-82.054326,36.179448],[-82.054917,36.178941],[-82.055237,36.179185],[-82.054868,36.179813],[-82.05504,36.179994],[-82.054818,36.180197],[-82.055131,36.180532],[-82.05458,36.180741],[-82.053549,36.181603],[-82.053853,36.181441],[-82.055044,36.181466],[-82.055656,36.181149],[-82.055871,36.181329],[-82.055776,36.181515],[-82.055923,36.181708],[-82.055546,36.181981],[-82.054921,36.181804],[-82.05376,36.181859],[-82.053574,36.182355],[-82.054026,36.182343],[-82.054584,36.182083],[-82.054988,36.182203],[-82.054906,36.182378],[-82.054252,36.182563],[-82.053397,36.182584],[-82.053239,36.18272],[-82.054768,36.182667],[-82.054834,36.182874],[-82.054399,36.182999],[-82.054355,36.18319],[-82.052754,36.182765],[-82.051581,36.182678],[-82.051848,36.18259],[-82.053257,36.181305],[-82.053505,36.180893],[-82.054015,36.180737],[-82.053965,36.180259],[-82.054162,36.180143],[-82.054221,36.179777],[-82.05387,36.179474],[-82.053978,36.179212]],[[-82.053309,36.181667],[-82.052327,36.182514],[-82.052329,36.18258],[-82.052988,36.182672],[-82.053397,36.182319],[-82.053581,36.181808],[-82.053309,36.181667]],[[-82.054122,36.180854],[-82.053607,36.181297],[-82.053295,36.18151],[-82.053388,36.181533],[-82.054122,36.180854]]]}},{"id":"67275","type":"Feature","properties":{"OBJECTID":4023,"max_category":0,"label":"0.01 to 0.10 inches","area_acres":2.236878309888247,"county":"Carter County","watershed":"Upper Doe River"},"geometry":{"type":"Polygon","coordinates":[[[-82.060107,36.156776],[-82.060822,36.157218],[-82.060399,36.157319],[-82.060561,36.157468],[-82.060393,36.157592],[-82.059857,36.157387],[-82.058147,36.1574],[-82.058218,36.157286],[-82.059443,36.1572],[-82.059785,36.15678],[-82.060107,36.156776]]]}},{"id":"67276","type":"Feature","properties":{"OBJECTID":4453,"max_category":0,"label":"0.01 to 0.10 inches","area_acres":18.830274732406092,"county":"Carter County","watershed":"Upper Doe River"},"geometry":{"type":"Polygon","coordinates":[[[-82.084743,36.129329],[-82.084833,36.129682],[-82.084156,36.13027],[-82.083353,36.131417],[-82.083355,36.13239],[-82.083039,36.132964],[-82.083143,36.133147],[-82.082692,36.133632],[-82.082411,36.134244],[-82.082419,36.135339],[-82.083495,36.136185],[-82.08363,36.134179],[-82.083804,36.134128],[-82.083906,36.134387],[-82.083928,36.135817],[-82.084708,36.135144],[-82.0848,36.133948],[-82.085059,36.13361],[-82.085269,36.133693],[-82.085235,36.134555],[-82.085629,36.133839],[-82.086017,36.133807],[-82.085994,36.134265],[-82.085436,36.134864],[-82.086205,36.134489],[-82.086355,36.134651],[-82.085288,36.13533],[-82.084977,36.135375],[-82.083878,36.136295],[-82.083931,36.136971],[-82.083941,36.136743],[-82.084703,36.136085],[-82.084987,36.136086],[-82.08494,36.136286],[-82.084109,36.137004],[-82.084163,36.137564],[-82.083963,36.137612],[-82.084101,36.137854],[-82.083769,36.13785],[-82.083646,36.138419],[-82.082975,36.139327],[-82.083,36.139009],[-82.083601,36.138084],[-82.08368,36.13748],[-82.082703,36.138358],[-82.082493,36.138293],[-82.083572,36.137316],[-82.083538,36.136441],[-82.082177,36.13526],[-82.081971,36.134422],[-82.082117,36.133644],[-82.082001,36.133413],[-82.082322,36.133375],[-82.082392,36.133144],[-82.082831,36.132989],[-82.083179,36.132351],[-82.083146,36.131461],[-82.083814,36.129169],[-82.084211,36.129014],[-82.084476,36.129078],[-82.084099,36.129685],[-82.084743,36.129329]]]}},{"id":"67287","type":"Feature","properties":{"OBJECTID":3058,"max_category":0,"label":"0.01 to 0.10 inches","area_acres":5.5661669418354345,"county":"Carter County","watershed":"Upper Doe River"},"geometry":{"type":"Polygon","coordinates":[[[-82.080173,36.17457],[-82.081582,36.174955],[-82.081999,36.175267],[-82.083415,36.175154],[-82.08343,36.175368],[-82.083872,36.175311],[-82.083972,36.175492],[-82.084855,36.175817],[-82.084919,36.176006],[-82.084667,36.176112],[-82.084371,36.175981],[-82.084491,36.176159],[-82.084356,36.176256],[-82.083212,36.175614],[-82.08305,36.175641],[-82.083455,36.175953],[-82.083412,36.176085],[-82.082418,36.175729],[-82.082037,36.175729],[-82.081536,36.175243],[-82.08126,36.175505],[-82.080999,36.174967],[-82.08038,36.174736],[-82.079691,36.174736],[-82.079733,36.174587],[-82.080173,36.17457]]]}},{"id":"67289","type":"Feature","properties":{"OBJECTID":2413,"max_category":0,"label":"0.01 to 0.10 inches","area_acres":1.3894584244418928,"county":"Carter County","watershed":"Upper Doe River"},"geometry":{"type":"Polygon","coordinates":[[[-82.073211,36.168012],[-82.073217,36.168177],[-82.072106,36.168293],[-82.071619,36.168634],[-82.07093,36.16826],[-82.070965,36.167995],[-82.071162,36.1679],[-82.071683,36.168392],[-82.072041,36.168154],[-82.073211,36.168012]]]}},{"id":"67308","type":"Feature","properties":{"OBJECTID":2341,"max_category":0,"label":"0.01 to 0.10 inches","area_acres":0.8868287268814127,"county":"Carter County","watershed":"Upper Doe River"},"geometry":{"type":"Polygon","coordinates":[[[-82.060063,36.184116],[-82.060289,36.184297],[-82.060341,36.184673],[-82.060891,36.185097],[-82.06086,36.185331],[-82.05994,36.184745],[-82.060063,36.184116]]]}},{"id":"67320","type":"Feature","properties":{"OBJECTID":4520,"max_category":0,"label":"0.01 to 0.10 inches","area_acres":2.7466776402873068,"county":"Carter County","watershed":"Buck Creek"},"geometry":{"type":"Polygon","coordinates":[[[-82.032578,36.160067],[-82.033203,36.160488],[-82.03355,36.161019],[-82.034672,36.162008],[-82.034967,36.162234],[-82.035372,36.162121],[-82.035402,36.16229],[-82.034882,36.162364],[-82.033952,36.161522],[-82.032108,36.160327],[-82.032126,36.160145],[-82.032578,36.160067]]]}},{"id":"67327","type":"Feature","properties":{"OBJECTID":3946,"max_category":0,"label":"0.01 to 0.10 inches","area_acres":13.44553317817671,"county":"Carter County","watershed":"Upper Doe River"},"geometry":{"type":"Polygon","coordinates":[[[-82.041621,36.147503],[-82.043398,36.147679],[-82.044283,36.147547],[-82.044459,36.14772],[-82.044241,36.148005],[-82.04436,36.149389],[-82.044055,36.149749],[-82.043855,36.149608],[-82.044,36.148081],[-82.042683,36.148924],[-82.043149,36.149602],[-82.042605,36.14993],[-82.042455,36.149345],[-82.042224,36.149292],[-82.041853,36.149637],[-82.041106,36.149833],[-82.041124,36.149581],[-82.041712,36.1491],[-82.04152,36.149105],[-82.04058,36.149886],[-82.040289,36.149898],[-82.04025,36.149595],[-82.041133,36.149032],[-82.040301,36.149049],[-82.040282,36.148861],[-82.039685,36.148872],[-82.039397,36.148636],[-82.038938,36.148539],[-82.039412,36.148218],[-82.039939,36.148507],[-82.04038,36.148523],[-82.043148,36.148372],[-82.043483,36.148204],[-82.041751,36.148247],[-82.040843,36.148129],[-82.040565,36.147743],[-82.040771,36.14758],[-82.041787,36.148104],[-82.043441,36.148062],[-82.044274,36.14777],[-82.041767,36.14778],[-82.04151,36.147637],[-82.041621,36.147503]],[[-82.042977,36.148519],[-82.041804,36.148548],[-82.040992,36.148651],[-82.042719,36.148685],[-82.042977,36.148519]]]}},{"id":"67330","type":"Feature","properties":{"OBJECTID":4831,"max_category":0,"label":"0.01 to 0.10 inches","area_acres":1.5082528562611457,"county":"Carter County","watershed":"Upper Doe River"},"geometry":{"type":"Polygon","coordinates":[[[-82.086521,36.161576],[-82.087146,36.16189],[-82.088503,36.161829],[-82.089131,36.161981],[-82.088787,36.162184],[-82.087507,36.162105],[-82.086514,36.161762],[-82.086521,36.161576]]]}},{"id":"67337","type":"Feature","properties":{"OBJECTID":4129,"max_category":0,"label":"0.01 to 0.10 inches","area_acres":2.0684644284875,"county":"Carter County","watershed":"Upper Doe River"},"geometry":{"type":"Polygon","coordinates":[[[-82.091906,36.146463],[-82.09206,36.146535],[-82.092023,36.146736],[-82.091004,36.147695],[-82.090449,36.147622],[-82.090522,36.147487],[-82.089889,36.147244],[-82.090046,36.147142],[-82.090784,36.147315],[-82.091906,36.146463]]]}},{"id":"67342","type":"Feature","properties":{"OBJECTID":2394,"max_category":0,"label":"0.01 to 0.10 inches","area_acres":1.231269154081202,"county":"Carter County","watershed":"Upper Doe River"},"geometry":{"type":"Polygon","coordinates":[[[-82.065382,36.168923],[-82.06564,36.169098],[-82.065711,36.169547],[-82.06543,36.16955],[-82.06502,36.169268],[-82.064278,36.169259],[-82.063691,36.169417],[-82.064175,36.169122],[-82.065115,36.169095],[-82.065382,36.168923]]]}},{"id":"67344","type":"Feature","properties":{"OBJECTID":4009,"max_category":0,"label":"0.01 to 0.10 inches","area_acres":1.6352728593489543,"county":"Carter County","watershed":"Upper Doe River"},"geometry":{"type":"Polygon","coordinates":[[[-82.068142,36.15242],[-82.070873,36.154073],[-82.070891,36.154338],[-82.069254,36.153194],[-82.068563,36.152854],[-82.067928,36.15277],[-82.067932,36.152461],[-82.068142,36.15242]]]}},{"id":"67350","type":"Feature","properties":{"OBJECTID":324,"max_category":0,"label":"0.01 to 0.10 inches","area_acres":13.923010166656661,"county":"Carter County","watershed":"Upper Doe River"},"geometry":{"type":"Polygon","coordinates":[[[-82.063262,36.158102],[-82.064102,36.15814],[-82.064096,36.158329],[-82.063459,36.158424],[-82.063124,36.158856],[-82.063412,36.158969],[-82.064204,36.158934],[-82.064198,36.159432],[-82.06361,36.159462],[-82.06285,36.159209],[-82.063179,36.159486],[-82.062881,36.159619],[-82.062232,36.159251],[-82.061695,36.159237],[-82.061316,36.159507],[-82.061184,36.159902],[-82.060727,36.160355],[-82.061802,36.160411],[-82.06294,36.159809],[-82.063635,36.159818],[-82.063805,36.159951],[-82.063706,36.160109],[-82.063052,36.160193],[-82.062406,36.160561],[-82.063871,36.160528],[-82.063944,36.160898],[-82.063283,36.160929],[-82.06307,36.161153],[-82.062134,36.160643],[-82.062216,36.160926],[-82.062052,36.160987],[-82.061572,36.160587],[-82.06076,36.160498],[-82.061547,36.160799],[-82.061438,36.160929],[-82.061898,36.161442],[-82.061788,36.161598],[-82.061448,36.161479],[-82.060795,36.160662],[-82.060127,36.160788],[-82.060829,36.161268],[-82.060955,36.161603],[-82.060843,36.161704],[-82.060421,36.161522],[-82.059921,36.160848],[-82.059592,36.161043],[-82.059962,36.16111],[-82.060091,36.161412],[-82.059223,36.161195],[-82.060888,36.160008],[-82.061398,36.158863],[-82.062142,36.158219],[-82.062413,36.158182],[-82.062415,36.158355],[-82.061606,36.159108],[-82.062326,36.159051],[-82.062584,36.158862],[-82.063028,36.157969],[-82.063262,36.158102]]]}},{"id":"67354","type":"Feature","properties":{"OBJECTID":321,"max_category":0,"label":"0.01 to 0.10 inches","area_acres":7.280955028653094,"county":"Carter County","watershed":"Upper Doe River"},"geometry":{"type":"Polygon","coordinates":[[[-82.075153,36.157164],[-82.075899,36.157248],[-82.075828,36.157419],[-82.074833,36.157545],[-82.075404,36.157609],[-82.075477,36.157865],[-82.073946,36.157941],[-82.073425,36.158278],[-82.075339,36.158207],[-82.075256,36.158423],[-82.074418,36.158643],[-82.073159,36.158593],[-82.072455,36.159296],[-82.071799,36.159283],[-82.071238,36.159026],[-82.070895,36.159132],[-82.070982,36.158959],[-82.071275,36.158882],[-82.071755,36.159117],[-82.072396,36.159156],[-82.072672,36.158861],[-82.072806,36.158349],[-82.073884,36.157479],[-82.074177,36.157058],[-82.074441,36.157194],[-82.075172,36.156943],[-82.075153,36.157164]]]}},{"id":"67356","type":"Feature","properties":{"OBJECTID":4002,"max_category":0,"label":"0.01 to 0.10 inches","area_acres":13.53256815474418,"county":"Carter County","watershed":"Upper Doe River"},"geometry":{"type":"Polygon","coordinates":[[[-82.071143,36.144017],[-82.07111,36.144412],[-82.071995,36.143651],[-82.072365,36.143678],[-82.07046,36.145409],[-82.070719,36.145402],[-82.072701,36.144011],[-82.072897,36.144182],[-82.072712,36.144543],[-82.071454,36.145004],[-82.070995,36.145372],[-82.072002,36.145287],[-82.072394,36.144983],[-82.073108,36.144772],[-82.07315,36.144985],[-82.0728,36.145175],[-82.072963,36.145399],[-82.07111,36.14559],[-82.072036,36.146084],[-82.073526,36.146107],[-82.073678,36.146373],[-82.073021,36.146476],[-82.072647,36.146211],[-82.072561,36.146406],[-82.072093,36.146267],[-82.072172,36.146523],[-82.072031,36.146581],[-82.070761,36.145626],[-82.069749,36.145597],[-82.069338,36.145923],[-82.069353,36.146316],[-82.071361,36.146324],[-82.071554,36.146442],[-82.071512,36.146592],[-82.070152,36.146466],[-82.070944,36.146743],[-82.071416,36.146737],[-82.071568,36.146885],[-82.071151,36.147046],[-82.070227,36.146739],[-82.069097,36.146755],[-82.069161,36.145824],[-82.06965,36.145388],[-82.069588,36.14516],[-82.071143,36.144017]],[[-82.070927,36.144684],[-82.070128,36.145325],[-82.069825,36.14537],[-82.070141,36.145362],[-82.070927,36.144684]]]}},{"id":"67366","type":"Feature","properties":{"OBJECTID":4066,"max_category":0,"label":"0.01 to 0.10 inches","area_acres":2.5130692028399184,"county":"Carter County","watershed":"Upper Doe River"},"geometry":{"type":"Polygon","coordinates":[[[-82.111544,36.134697],[-82.112237,36.135116],[-82.112826,36.13578],[-82.11275,36.136515],[-82.112438,36.137139],[-82.112466,36.137983],[-82.111802,36.138736],[-82.111749,36.138465],[-82.112293,36.137935],[-82.112262,36.1371],[-82.112655,36.135896],[-82.111515,36.134946],[-82.111544,36.134697]]]}},{"id":"67372","type":"Feature","properties":{"OBJECTID":2390,"max_category":0,"label":"0.01 to 0.10 inches","area_acres":1.8692131574283943,"county":"Carter County","watershed":"Upper Doe River"},"geometry":{"type":"Polygon","coordinates":[[[-82.070614,36.18344],[-82.070927,36.183597],[-82.070951,36.183779],[-82.070486,36.183586],[-82.070226,36.183805],[-82.069489,36.18402],[-82.069253,36.183839],[-82.069535,36.183604],[-82.068886,36.183437],[-82.068888,36.183037],[-82.069019,36.182997],[-82.069772,36.183516],[-82.070614,36.18344]]]}},{"id":"67380","type":"Feature","properties":{"OBJECTID":4021,"max_category":0,"label":"0.01 to 0.10 inches","area_acres":0.42276943861721233,"county":"Carter County","watershed":"Upper Doe River"},"geometry":{"type":"Polygon","coordinates":[[[-82.052685,36.151405],[-82.05285,36.151639],[-82.05222,36.151696],[-82.05223,36.151541],[-82.052685,36.151405]]]}},{"id":"67383","type":"Feature","properties":{"OBJECTID":2458,"max_category":0,"label":"0.01 to 0.10 inches","area_acres":2.677845984486076,"county":"Carter County","watershed":"Upper Doe River"},"geometry":{"type":"Polygon","coordinates":[[[-82.06887,36.179499],[-82.069198,36.179603],[-82.068949,36.179799],[-82.067966,36.179802],[-82.068833,36.180242],[-82.069732,36.180127],[-82.069697,36.180433],[-82.069349,36.180782],[-82.069086,36.180684],[-82.068901,36.180383],[-82.068242,36.180198],[-82.067901,36.179941],[-82.067275,36.179904],[-82.06746,36.179564],[-82.06887,36.179499]]]}},{"id":"67395","type":"Feature","properties":{"OBJECTID":2479,"max_category":0,"label":"0.01 to 0.10 inches","area_acres":1.4586097262862072,"county":"Carter County","watershed":"Upper Doe River"},"geometry":{"type":"Polygon","coordinates":[[[-82.061169,36.183786],[-82.061416,36.183894],[-82.06161,36.184291],[-82.06156,36.184615],[-82.062265,36.18502],[-82.062214,36.185158],[-82.060739,36.184289],[-82.061026,36.184135],[-82.060988,36.183894],[-82.061169,36.183786]]]}},{"id":"67400","type":"Feature","properties":{"OBJECTID":2435,"max_category":0,"label":"0.01 to 0.10 inches","area_acres":4.368151311492634,"county":"Carter County","watershed":"Upper Doe River"},"geometry":{"type":"Polygon","coordinates":[[[-82.068858,36.17741],[-82.069075,36.177707],[-82.069337,36.177677],[-82.069948,36.177935],[-82.069817,36.178105],[-82.068953,36.178128],[-82.069727,36.178454],[-82.069512,36.178719],[-82.06894,36.17843],[-82.069358,36.179001],[-82.069113,36.179021],[-82.068492,36.178552],[-82.067978,36.1784],[-82.067628,36.178409],[-82.067639,36.178768],[-82.067497,36.178806],[-82.067496,36.178276],[-82.068411,36.178384],[-82.06827,36.178063],[-82.067633,36.17802],[-82.067591,36.177906],[-82.068298,36.177892],[-82.068628,36.177465],[-82.068858,36.17741]]]}},{"id":"67401","type":"Feature","properties":{"OBJECTID":4829,"max_category":0,"label":"0.01 to 0.10 inches","area_acres":0.4055106872305479,"county":"Carter County","watershed":"Upper Doe River"},"geometry":{"type":"Polygon","coordinates":[[[-82.075904,36.138264],[-82.076102,36.138537],[-82.075804,36.138765],[-82.07562,36.138411],[-82.075904,36.138264]]]}},{"id":"67408","type":"Feature","properties":{"OBJECTID":4512,"max_category":0,"label":"0.01 to 0.10 inches","area_acres":6.766438035411321,"county":"Carter County","watershed":"Buck Creek"},"geometry":{"type":"Polygon","coordinates":[[[-82.008366,36.168717],[-82.008882,36.169338],[-82.008824,36.170451],[-82.009086,36.171131],[-82.009556,36.171463],[-82.010391,36.17147],[-82.009787,36.170943],[-82.009773,36.170517],[-82.009971,36.170448],[-82.010132,36.170996],[-82.011098,36.171841],[-82.011079,36.172108],[-82.010472,36.171638],[-82.009397,36.171565],[-82.008928,36.171205],[-82.008649,36.170487],[-82.008213,36.170127],[-82.007253,36.169821],[-82.0065,36.169804],[-82.006867,36.169526],[-82.00687,36.169238],[-82.007375,36.169099],[-82.008425,36.169933],[-82.008301,36.169341],[-82.007844,36.168911],[-82.008366,36.168717]]]}},{"id":"67412","type":"Feature","properties":{"OBJECTID":3990,"max_category":0,"label":"0.01 to 0.10 inches","area_acres":15.308749137771887,"county":"Carter County","watershed":"Upper Doe River"},"geometry":{"type":"Polygon","coordinates":[[[-82.07955,36.145015],[-82.079617,36.145136],[-82.079321,36.145164],[-82.077698,36.146564],[-82.077208,36.146619],[-82.075545,36.147855],[-82.075115,36.147935],[-82.075034,36.147784],[-82.075518,36.14733],[-82.075413,36.147151],[-82.075639,36.146906],[-82.074635,36.147177],[-82.07469,36.146911],[-82.075092,36.146723],[-82.076021,36.146698],[-82.075763,36.146524],[-82.075893,36.1464],[-82.077726,36.146303],[-82.076974,36.146321],[-82.076507,36.146142],[-82.075478,36.146194],[-82.075197,36.145998],[-82.076058,36.145845],[-82.075947,36.145656],[-82.07749,36.144303],[-82.076376,36.144359],[-82.075471,36.144601],[-82.075161,36.144897],[-82.075071,36.145769],[-82.074782,36.145853],[-82.074676,36.145684],[-82.074079,36.146065],[-82.073919,36.146029],[-82.07391,36.145802],[-82.074751,36.144949],[-82.073787,36.145248],[-82.073492,36.14485],[-82.076067,36.144311],[-82.074375,36.14433],[-82.074476,36.144089],[-82.074904,36.14406],[-82.075075,36.143784],[-82.075621,36.144097],[-82.078002,36.144037],[-82.078118,36.143767],[-82.078451,36.144581],[-82.078204,36.144423],[-82.077599,36.144438],[-82.076227,36.145841],[-82.077022,36.146178],[-82.077795,36.146159],[-82.079091,36.145042],[-82.07955,36.145015]]]}},{"id":"67431","type":"Feature","properties":{"OBJECTID":2412,"max_category":0,"label":"0.01 to 0.10 inches","area_acres":0.8213082507278027,"county":"Carter County","watershed":"Upper Doe River"},"geometry":{"type":"Polygon","coordinates":[[[-82.074434,36.164987],[-82.07505,36.165175],[-82.074887,36.165309],[-82.073994,36.165442],[-82.073498,36.16537],[-82.073635,36.165227],[-82.073952,36.165301],[-82.074434,36.164987]]]}},{"id":"67449","type":"Feature","properties":{"OBJECTID":4699,"max_category":0,"label":"0.01 to 0.10 inches","area_acres":1.4895583891694582,"county":"Carter County","watershed":"Upper Doe River"},"geometry":{"type":"Polygon","coordinates":[[[-82.10454,36.125256],[-82.10451,36.125602],[-82.102733,36.126684],[-82.102728,36.126535],[-82.103882,36.12551],[-82.104169,36.125298],[-82.10454,36.125256]]]}},{"id":"67470","type":"Feature","properties":{"OBJECTID":2397,"max_category":0,"label":"0.01 to 0.10 inches","area_acres":3.775952925096211,"county":"Carter County","watershed":"Upper Doe River"},"geometry":{"type":"Polygon","coordinates":[[[-82.067039,36.161709],[-82.068411,36.162059],[-82.069004,36.161964],[-82.069141,36.162158],[-82.068488,36.16231],[-82.067379,36.162913],[-82.066466,36.162793],[-82.066311,36.162683],[-82.066433,36.162552],[-82.067578,36.162547],[-82.068305,36.16226],[-82.066317,36.162285],[-82.066386,36.1621],[-82.066811,36.161989],[-82.066799,36.161774],[-82.067039,36.161709]]]}},{"id":"67473","type":"Feature","properties":{"OBJECTID":4117,"max_category":0,"label":"0.01 to 0.10 inches","area_acres":0.38660813706393743,"county":"Carter County","watershed":"Upper Doe River"},"geometry":{"type":"Polygon","coordinates":[[[-82.09965,36.15311],[-82.099776,36.153516],[-82.099385,36.153525],[-82.099341,36.153236],[-82.09965,36.15311]]]}},{"id":"67516","type":"Feature","properties":{"OBJECTID":2386,"max_category":0,"label":"0.01 to 0.10 inches","area_acres":1.2245799173394518,"county":"Carter County","watershed":"Upper Doe River"},"geometry":{"type":"Polygon","coordinates":[[[-82.06723,36.180941],[-82.067327,36.181159],[-82.068163,36.181148],[-82.068272,36.18138],[-82.067674,36.181622],[-82.067168,36.181498],[-82.067011,36.181685],[-82.066991,36.181358],[-82.067155,36.181288],[-82.06723,36.180941]]]}},{"id":"67518","type":"Feature","properties":{"OBJECTID":2405,"max_category":0,"label":"0.01 to 0.10 inches","area_acres":0.8855299016069561,"county":"Carter County","watershed":"Upper Doe River"},"geometry":{"type":"Polygon","coordinates":[[[-82.076523,36.183354],[-82.077105,36.183367],[-82.077141,36.184291],[-82.076808,36.184389],[-82.076692,36.184229],[-82.076933,36.18345],[-82.076523,36.183354]]]}},{"id":"67519","type":"Feature","properties":{"OBJECTID":3912,"max_category":0,"label":"0.01 to 0.10 inches","area_acres":3.0538884841399074,"county":"Carter County","watershed":"Buck Creek"},"geometry":{"type":"Polygon","coordinates":[[[-82.01533,36.172777],[-82.01559,36.172906],[-82.015531,36.173315],[-82.015232,36.173805],[-82.014428,36.174385],[-82.014532,36.17534],[-82.014957,36.175851],[-82.015229,36.175915],[-82.014932,36.176007],[-82.014286,36.175229],[-82.014248,36.174268],[-82.014504,36.173489],[-82.014842,36.17354],[-82.015088,36.172874],[-82.01533,36.172777]]]}},{"id":"67531","type":"Feature","properties":{"OBJECTID":4748,"max_category":0,"label":"0.01 to 0.10 inches","area_acres":16.799735180672634,"county":"Carter County","watershed":"Upper Doe River"},"geometry":{"type":"Polygon","coordinates":[[[-82.054982,36.128404],[-82.054737,36.128239],[-82.055155,36.128121],[-82.055499,36.127739],[-82.056391,36.127623],[-82.055054,36.127487],[-82.054902,36.127278],[-82.055135,36.127106],[-82.055672,36.127366],[-82.05742,36.127352],[-82.057887,36.127695],[-82.058822,36.127645],[-82.057176,36.126148],[-82.057082,36.125831],[-82.057251,36.125734],[-82.059414,36.127367],[-82.060081,36.127503],[-82.06108,36.127258],[-82.062103,36.127342],[-82.063248,36.127176],[-82.063531,36.126978],[-82.06485,36.127091],[-82.066321,36.12789],[-82.067052,36.128774],[-82.067255,36.129481],[-82.068827,36.130736],[-82.06844,36.130741],[-82.067276,36.129746],[-82.066902,36.129259],[-82.066866,36.128821],[-82.066174,36.127974],[-82.064432,36.127125],[-82.06359,36.127118],[-82.063313,36.127315],[-82.06215,36.127484],[-82.061128,36.1274],[-82.060306,36.127666],[-82.059277,36.127721],[-82.058625,36.127929],[-82.058291,36.128542],[-82.057754,36.128851],[-82.057675,36.12873],[-82.058236,36.127967],[-82.05714,36.128544],[-82.05616,36.129282],[-82.055922,36.129194],[-82.056112,36.128817],[-82.055603,36.128882],[-82.055516,36.128717],[-82.055874,36.128412],[-82.056655,36.128385],[-82.057316,36.127956],[-82.056337,36.127904],[-82.055291,36.128395],[-82.054982,36.128404]]]}},{"id":"67536","type":"Feature","properties":{"OBJECTID":4503,"max_category":0,"label":"0.01 to 0.10 inches","area_acres":2.108268948345218,"county":"Carter County","watershed":"Upper Doe River"},"geometry":{"type":"Polygon","coordinates":[[[-82.052366,36.165319],[-82.052361,36.165779],[-82.051741,36.166177],[-82.051272,36.167206],[-82.051311,36.167823],[-82.051016,36.167896],[-82.050778,36.167702],[-82.050872,36.167531],[-82.050164,36.167645],[-82.050169,36.167527],[-82.051094,36.167178],[-82.051574,36.166116],[-82.052192,36.165722],[-82.052366,36.165319]]]}},{"id":"67547","type":"Feature","properties":{"OBJECTID":3977,"max_category":0,"label":"0.01 to 0.10 inches","area_acres":1.4652592545816796,"county":"Carter County","watershed":"Upper Doe River"},"geometry":{"type":"Polygon","coordinates":[[[-82.085311,36.160068],[-82.086136,36.160219],[-82.086225,36.1604],[-82.085228,36.160488],[-82.085763,36.1605],[-82.085998,36.160681],[-82.085854,36.160802],[-82.085256,36.160734],[-82.085168,36.161038],[-82.08504,36.160577],[-82.085311,36.160068]]]}},{"id":"67563","type":"Feature","properties":{"OBJECTID":3999,"max_category":0,"label":"0.01 to 0.10 inches","area_acres":4.3508081972026,"county":"Carter County","watershed":"Upper Doe River"},"geometry":{"type":"Polygon","coordinates":[[[-82.071337,36.153549],[-82.071827,36.153894],[-82.073024,36.153783],[-82.074111,36.154276],[-82.074699,36.154353],[-82.074762,36.154543],[-82.074448,36.154615],[-82.074618,36.154948],[-82.074192,36.15493],[-82.072746,36.154124],[-82.07267,36.154217],[-82.072985,36.154499],[-82.072886,36.154613],[-82.072172,36.154193],[-82.071221,36.154317],[-82.07112,36.154046],[-82.071613,36.153927],[-82.071268,36.15374],[-82.071337,36.153549]],[[-82.071619,36.154069],[-82.071326,36.154077],[-82.071295,36.154103],[-82.071459,36.15415],[-82.071619,36.154069]]]}},{"id":"67565","type":"Feature","properties":{"OBJECTID":354,"max_category":0,"label":"0.01 to 0.10 inches","area_acres":3.2120332472234088,"county":"Carter County","watershed":"Buck Creek"},"geometry":{"type":"Polygon","coordinates":[[[-82.042738,36.177788],[-82.043229,36.177885],[-82.043178,36.177411],[-82.042458,36.177412],[-82.042294,36.177183],[-82.04279,36.177073],[-82.043138,36.177256],[-82.043081,36.17707],[-82.041852,36.176853],[-82.041287,36.176919],[-82.040998,36.176564],[-82.041862,36.176438],[-82.042057,36.17676],[-82.043072,36.176904],[-82.043322,36.177059],[-82.043354,36.178844],[-82.043132,36.178729],[-82.043114,36.178414],[-82.042535,36.178166],[-82.042738,36.177788]],[[-82.043201,36.178029],[-82.042952,36.178035],[-82.042876,36.178158],[-82.043218,36.178286],[-82.043201,36.178029]]]}},{"id":"67570","type":"Feature","properties":{"OBJECTID":4482,"max_category":0,"label":"0.01 to 0.10 inches","area_acres":1.0829779286625434,"county":"Carter County","watershed":"Upper Doe River"},"geometry":{"type":"Polygon","coordinates":[[[-82.049037,36.16422],[-82.049523,36.164455],[-82.050275,36.164382],[-82.050941,36.164533],[-82.05107,36.164703],[-82.050232,36.164525],[-82.048921,36.164582],[-82.048818,36.164278],[-82.049037,36.16422]]]}},{"id":"67575","type":"Feature","properties":{"OBJECTID":4059,"max_category":0,"label":"0.01 to 0.10 inches","area_acres":1.4688225763542164,"county":"Carter County","watershed":"Upper Doe River"},"geometry":{"type":"Polygon","coordinates":[[[-82.109192,36.138714],[-82.109663,36.139131],[-82.109636,36.139529],[-82.108859,36.140228],[-82.107858,36.140528],[-82.108055,36.140237],[-82.108769,36.140099],[-82.109405,36.139493],[-82.109012,36.138914],[-82.109192,36.138714]]]}},{"id":"67576","type":"Feature","properties":{"OBJECTID":4031,"max_category":0,"label":"0.01 to 0.10 inches","area_acres":5.356966774055513,"county":"Carter County","watershed":"Upper Doe River"},"geometry":{"type":"Polygon","coordinates":[[[-82.092492,36.142325],[-82.093096,36.14305],[-82.093278,36.142775],[-82.093719,36.143182],[-82.093799,36.144066],[-82.094409,36.14453],[-82.095054,36.14463],[-82.095461,36.144876],[-82.093999,36.144574],[-82.091832,36.144494],[-82.091871,36.144307],[-82.092226,36.144228],[-82.093635,36.144277],[-82.09392,36.144433],[-82.092558,36.143444],[-82.092816,36.143309],[-82.092322,36.142749],[-82.092311,36.142433],[-82.092492,36.142325]]]}},{"id":"67582","type":"Feature","properties":{"OBJECTID":2385,"max_category":0,"label":"0.01 to 0.10 inches","area_acres":0.5767746144675782,"county":"Carter County","watershed":"Upper Doe River"},"geometry":{"type":"Polygon","coordinates":[[[-82.064591,36.181969],[-82.065168,36.182248],[-82.065182,36.182376],[-82.064509,36.18233],[-82.064214,36.182137],[-82.064249,36.182013],[-82.064591,36.181969]]]}},{"id":"67591","type":"Feature","properties":{"OBJECTID":3909,"max_category":0,"label":"0.01 to 0.10 inches","area_acres":13.919539574731958,"county":"Carter County","watershed":"Buck Creek"},"geometry":{"type":"Polygon","coordinates":[[[-82.009973,36.179972],[-82.010637,36.180423],[-82.011044,36.180521],[-82.011463,36.180192],[-82.011621,36.180219],[-82.010715,36.18115],[-82.012044,36.182462],[-82.01201,36.183124],[-82.012495,36.183531],[-82.012433,36.183977],[-82.011823,36.18352],[-82.011708,36.182479],[-82.011048,36.181891],[-82.011346,36.182726],[-82.011082,36.182824],[-82.010936,36.182526],[-82.010865,36.182837],[-82.010713,36.182832],[-82.010619,36.182378],[-82.01041,36.182236],[-82.010761,36.181643],[-82.010563,36.181229],[-82.009482,36.181706],[-82.009986,36.182061],[-82.010324,36.182545],[-82.010383,36.18318],[-82.010303,36.183408],[-82.010125,36.183436],[-82.009978,36.18335],[-82.009954,36.182711],[-82.009219,36.182018],[-82.008828,36.18235],[-82.009486,36.182964],[-82.009479,36.183325],[-82.00925,36.183269],[-82.008633,36.182577],[-82.008694,36.182179],[-82.009334,36.181625],[-82.009111,36.181455],[-82.007965,36.181181],[-82.007216,36.181197],[-82.006536,36.180948],[-82.006843,36.180736],[-82.007896,36.180875],[-82.007572,36.180588],[-82.007669,36.180306],[-82.009451,36.181496],[-82.009544,36.181439],[-82.008571,36.180695],[-82.008266,36.180062],[-82.00858,36.180027],[-82.009073,36.18075],[-82.009884,36.181293],[-82.01052,36.181085],[-82.010796,36.18082],[-82.009565,36.180172],[-82.009592,36.180018],[-82.009973,36.179972]]]}},{"id":"67597","type":"Feature","properties":{"OBJECTID":4043,"max_category":0,"label":"0.01 to 0.10 inches","area_acres":1.507922925007268,"county":"Carter County","watershed":"Upper Doe River"},"geometry":{"type":"Polygon","coordinates":[[[-82.103046,36.140107],[-82.103162,36.140266],[-82.102768,36.140504],[-82.10125,36.140541],[-82.101137,36.140319],[-82.101209,36.140209],[-82.103046,36.140107]]]}},{"id":"67605","type":"Feature","properties":{"OBJECTID":4694,"max_category":0,"label":"0.01 to 0.10 inches","area_acres":1.9154235179496917,"county":"Carter County","watershed":"Upper Doe River"},"geometry":{"type":"Polygon","coordinates":[[[-82.105539,36.123059],[-82.105635,36.123267],[-82.104807,36.123331],[-82.104844,36.123525],[-82.103999,36.124139],[-82.103372,36.124183],[-82.10338,36.123929],[-82.103939,36.123787],[-82.104751,36.123089],[-82.105539,36.123059]]]}},{"id":"67625","type":"Feature","properties":{"OBJECTID":4281,"max_category":0,"label":"0.01 to 0.10 inches","area_acres":1.5278537172953897,"county":"Carter County","watershed":"Upper Doe River"},"geometry":{"type":"Polygon","coordinates":[[[-82.06907,36.118978],[-82.069937,36.119558],[-82.070414,36.120166],[-82.070404,36.120976],[-82.070175,36.120927],[-82.070249,36.120231],[-82.068936,36.119175],[-82.06907,36.118978]]]}},{"id":"67626","type":"Feature","properties":{"OBJECTID":4123,"max_category":0,"label":"0.01 to 0.10 inches","area_acres":4.535070819191813,"county":"Carter County","watershed":"Upper Doe River"},"geometry":{"type":"Polygon","coordinates":[[[-82.095505,36.15621],[-82.097485,36.157534],[-82.098271,36.157659],[-82.098447,36.1579],[-82.098031,36.157773],[-82.096596,36.157863],[-82.095697,36.15746],[-82.094798,36.156614],[-82.094814,36.156405],[-82.09523,36.15651],[-82.096676,36.157665],[-82.097216,36.157651],[-82.095314,36.156309],[-82.095505,36.15621]]]}},{"id":"67629","type":"Feature","properties":{"OBJECTID":624,"max_category":0,"label":"0.01 to 0.10 inches","area_acres":4.2794026480149165,"county":"Carter County","watershed":"Upper Doe River"},"geometry":{"type":"Polygon","coordinates":[[[-82.058769,36.168814],[-82.059291,36.170437],[-82.060327,36.17093],[-82.060248,36.171168],[-82.059625,36.171188],[-82.059843,36.1725],[-82.059303,36.172901],[-82.058592,36.172714],[-82.059141,36.172432],[-82.059415,36.172082],[-82.059399,36.170768],[-82.059227,36.17061],[-82.058928,36.170765],[-82.058754,36.170709],[-82.05901,36.170334],[-82.058659,36.16914],[-82.058769,36.168814]]]}},{"id":"67635","type":"Feature","properties":{"OBJECTID":3993,"max_category":0,"label":"0.01 to 0.10 inches","area_acres":0.8330397514401564,"county":"Carter County","watershed":"Upper Doe River"},"geometry":{"type":"Polygon","coordinates":[[[-82.076022,36.141366],[-82.07614,36.141664],[-82.075639,36.141821],[-82.07511,36.14174],[-82.075142,36.141506],[-82.076022,36.141366]]]}},{"id":"67649","type":"Feature","properties":{"OBJECTID":3061,"max_category":0,"label":"0.01 to 0.10 inches","area_acres":4.8337000371374,"county":"Carter County","watershed":"Upper Doe River"},"geometry":{"type":"Polygon","coordinates":[[[-82.082227,36.172297],[-82.082776,36.172476],[-82.08383,36.173943],[-82.084452,36.174503],[-82.084616,36.174997],[-82.084512,36.175339],[-82.084142,36.17511],[-82.084217,36.174487],[-82.082573,36.172702],[-82.082271,36.172654],[-82.081321,36.172992],[-82.082314,36.173775],[-82.082829,36.173879],[-82.083412,36.174211],[-82.083474,36.174467],[-82.083285,36.174688],[-82.082467,36.174247],[-82.081543,36.17325],[-82.080506,36.173063],[-82.081893,36.172658],[-82.082227,36.172297]]]}},{"id":"67656","type":"Feature","properties":{"OBJECTID":2471,"max_category":0,"label":"0.01 to 0.10 inches","area_acres":16.693465900307764,"county":"Carter County","watershed":"Buck Creek"},"geometry":{"type":"Polygon","coordinates":[[[-82.055436,36.175658],[-82.055562,36.175795],[-82.055314,36.176157],[-82.05339,36.176236],[-82.053845,36.176549],[-82.054213,36.17654],[-82.054452,36.176369],[-82.055273,36.176573],[-82.055161,36.176739],[-82.054563,36.176757],[-82.055121,36.177044],[-82.054971,36.17724],[-82.054032,36.176825],[-82.054592,36.177308],[-82.054547,36.177524],[-82.053522,36.176872],[-82.053489,36.176687],[-82.052949,36.176275],[-82.052286,36.176374],[-82.052879,36.176986],[-82.053313,36.17713],[-82.054233,36.177832],[-82.054481,36.17846],[-82.053346,36.177697],[-82.052461,36.176915],[-82.052333,36.176606],[-82.051901,36.176356],[-82.051139,36.176507],[-82.051551,36.176509],[-82.052614,36.177264],[-82.052643,36.177446],[-82.053645,36.178266],[-82.053592,36.178613],[-82.052368,36.177831],[-82.052225,36.177323],[-82.051438,36.17667],[-82.051026,36.176746],[-82.051618,36.177368],[-82.051701,36.177678],[-82.05154,36.177792],[-82.0513,36.177733],[-82.051059,36.176967],[-82.050868,36.176821],[-82.049445,36.177213],[-82.049071,36.177198],[-82.050225,36.176859],[-82.051321,36.176255],[-82.052801,36.174709],[-82.052986,36.174888],[-82.05278,36.175203],[-82.051603,36.17622],[-82.052739,36.17611],[-82.053444,36.175502],[-82.053558,36.174716],[-82.053893,36.174833],[-82.053809,36.17513],[-82.054133,36.174812],[-82.054478,36.175016],[-82.053852,36.17567],[-82.054,36.17575],[-82.054377,36.175602],[-82.054661,36.175626],[-82.054561,36.175817],[-82.055436,36.175658]]]}},{"id":"67677","type":"Feature","properties":{"OBJECTID":3024,"max_category":0,"label":"0.01 to 0.10 inches","area_acres":2.4337363538536505,"county":"Carter County","watershed":"Upper Doe River"},"geometry":{"type":"Polygon","coordinates":[[[-82.080181,36.183639],[-82.080328,36.184358],[-82.079953,36.184473],[-82.079703,36.18408],[-82.079945,36.183786],[-82.078261,36.18255],[-82.078539,36.181992],[-82.078742,36.182066],[-82.07888,36.18278],[-82.07929,36.183222],[-82.080181,36.183639]]]}},{"id":"67678","type":"Feature","properties":{"OBJECTID":3968,"max_category":0,"label":"0.01 to 0.10 inches","area_acres":1.1552464872636339,"county":"Carter County","watershed":"Upper Doe River"},"geometry":{"type":"Polygon","coordinates":[[[-82.089507,36.162545],[-82.089715,36.163033],[-82.089284,36.164095],[-82.08916,36.162836],[-82.089507,36.162545]]]}},{"id":"67679","type":"Feature","properties":{"OBJECTID":4498,"max_category":0,"label":"0.01 to 0.10 inches","area_acres":1.8601477926422427,"county":"Carter County","watershed":"Upper Doe River"},"geometry":{"type":"Polygon","coordinates":[[[-82.086075,36.155239],[-82.086464,36.155587],[-82.086858,36.155594],[-82.08692,36.155832],[-82.0872,36.155993],[-82.087277,36.156246],[-82.087001,36.156262],[-82.086941,36.15648],[-82.086724,36.156406],[-82.086471,36.155922],[-82.085644,36.155765],[-82.086183,36.155649],[-82.086075,36.155406],[-82.085626,36.155501],[-82.086075,36.155239]]]}},{"id":"67681","type":"Feature","properties":{"OBJECTID":3961,"max_category":0,"label":"0.01 to 0.10 inches","area_acres":2.7082230300014207,"county":"Carter County","watershed":"Upper Doe River"},"geometry":{"type":"Polygon","coordinates":[[[-82.052211,36.143971],[-82.053266,36.144143],[-82.053685,36.145073],[-82.053923,36.145211],[-82.054046,36.145925],[-82.053533,36.145233],[-82.05294,36.1456],[-82.052625,36.145577],[-82.05243,36.145075],[-82.053508,36.145037],[-82.053126,36.144336],[-82.052632,36.144346],[-82.052088,36.144144],[-82.052211,36.143971]]]}},{"id":"67685","type":"Feature","properties":{"OBJECTID":2470,"max_category":0,"label":"0.01 to 0.10 inches","area_acres":2.7021349687566163,"county":"Carter County","watershed":"Upper Doe River"},"geometry":{"type":"Polygon","coordinates":[[[-82.057881,36.169523],[-82.057966,36.16962],[-82.057745,36.169818],[-82.057835,36.170473],[-82.05848,36.171389],[-82.058452,36.17248],[-82.058211,36.172708],[-82.058046,36.172595],[-82.058005,36.171544],[-82.057656,36.171281],[-82.05784,36.170779],[-82.057566,36.169785],[-82.057881,36.169523]]]}},{"id":"67688","type":"Feature","properties":{"OBJECTID":2462,"max_category":0,"label":"0.01 to 0.10 inches","area_acres":1.0601954833832714,"county":"Carter County","watershed":"Upper Doe River"},"geometry":{"type":"Polygon","coordinates":[[[-82.0642,36.180167],[-82.064835,36.180287],[-82.066514,36.180326],[-82.064359,36.180469],[-82.064102,36.180281],[-82.0642,36.180167]]]}}],"meta":{"source":"NDFD","generated_at":"2026-09-27T09:57:03.288081+00:00","n_flagged":837,"n_debris":225300,"min_category_shipped":0}}