{"type":"FeatureCollection","features":[{"id":"85064","type":"Feature","properties":{"OBJECTID":149,"max_category":0,"label":"cat 0","area_acres":12.142440448379784,"county":"McDowell County","watershed":"North Fork Catawba River"},"geometry":{"type":"Polygon","coordinates":[[[-81.924614,35.882346],[-81.924663,35.882478],[-81.924203,35.882554],[-81.924085,35.883037],[-81.924143,35.883691],[-81.924869,35.884211],[-81.924576,35.884397],[-81.924644,35.884875],[-81.924431,35.885047],[-81.924058,35.885018],[-81.924265,35.884446],[-81.923977,35.883779],[-81.924007,35.884676],[-81.923745,35.8847],[-81.923656,35.883492],[-81.923303,35.883825],[-81.923312,35.885315],[-81.922949,35.885357],[-81.922973,35.884223],[-81.922718,35.884444],[-81.922549,35.885632],[-81.922059,35.885863],[-81.921979,35.885627],[-81.922282,35.884782],[-81.921962,35.884802],[-81.922047,35.884508],[-81.922884,35.884064],[-81.923878,35.883092],[-81.924026,35.882503],[-81.923729,35.882553],[-81.922393,35.88169],[-81.921248,35.881549],[-81.920971,35.881373],[-81.921012,35.881207],[-81.92128,35.88119],[-81.921646,35.881428],[-81.922463,35.881553],[-81.923786,35.882402],[-81.922482,35.88133],[-81.922447,35.880877],[-81.921215,35.879931],[-81.920592,35.87908],[-81.919927,35.878863],[-81.919322,35.878872],[-81.919214,35.878652],[-81.919744,35.878422],[-81.920267,35.878795],[-81.920654,35.878638],[-81.920911,35.879316],[-81.92137,35.879854],[-81.922608,35.880808],[-81.922636,35.881253],[-81.92396,35.882361],[-81.924614,35.882346]]]}},{"id":"85198","type":"Feature","properties":{"OBJECTID":20,"max_category":0,"label":"cat 0","area_acres":48.69272000999473,"county":"McDowell County","watershed":"North Fork Catawba River"},"geometry":{"type":"Polygon","coordinates":[[[-81.93446,35.915365],[-81.934778,35.915342],[-81.935496,35.915917],[-81.937391,35.916232],[-81.937688,35.91643],[-81.936487,35.917073],[-81.936043,35.917036],[-81.935533,35.917321],[-81.933656,35.917341],[-81.933226,35.917512],[-81.932937,35.917405],[-81.932987,35.917192],[-81.932438,35.917229],[-81.932306,35.917041],[-81.933403,35.916955],[-81.933361,35.916826],[-81.931869,35.916916],[-81.931768,35.916667],[-81.933876,35.916644],[-81.934109,35.916802],[-81.93584,35.916761],[-81.936406,35.916939],[-81.937381,35.91641],[-81.936174,35.916126],[-81.935467,35.916061],[-81.935108,35.916177],[-81.934736,35.915956],[-81.933958,35.916285],[-81.933908,35.916038],[-81.934471,35.915727],[-81.933567,35.915745],[-81.933434,35.915594],[-81.933585,35.915474],[-81.932704,35.91533],[-81.931817,35.915928],[-81.931557,35.915809],[-81.930842,35.915922],[-81.929671,35.91554],[-81.927814,35.916972],[-81.927548,35.91702],[-81.927677,35.916573],[-81.92898,35.915447],[-81.928654,35.915455],[-81.927022,35.916804],[-81.926672,35.916715],[-81.926695,35.916514],[-81.928164,35.915333],[-81.929187,35.915299],[-81.9284,35.915104],[-81.928041,35.915222],[-81.926687,35.915227],[-81.92585,35.91544],[-81.925407,35.915778],[-81.92573,35.91724],[-81.925411,35.917535],[-81.925275,35.917003],[-81.924763,35.917735],[-81.92432,35.917755],[-81.924184,35.917639],[-81.924868,35.916956],[-81.925145,35.915731],[-81.924805,35.915972],[-81.92481,35.916272],[-81.924249,35.917178],[-81.924076,35.91715],[-81.924064,35.91695],[-81.924905,35.915678],[-81.924508,35.915719],[-81.924165,35.916015],[-81.924143,35.916476],[-81.923812,35.916938],[-81.923616,35.916865],[-81.923589,35.916166],[-81.923298,35.916338],[-81.923115,35.916864],[-81.923302,35.917381],[-81.923146,35.917783],[-81.923519,35.918827],[-81.923302,35.919015],[-81.922904,35.919031],[-81.922889,35.918297],[-81.922305,35.918753],[-81.922253,35.919384],[-81.921917,35.919656],[-81.921728,35.919617],[-81.921709,35.919295],[-81.921145,35.919619],[-81.920973,35.919397],[-81.921475,35.918922],[-81.921231,35.918813],[-81.921276,35.91864],[-81.9226,35.918205],[-81.922845,35.917994],[-81.922868,35.916774],[-81.921583,35.917479],[-81.921265,35.918285],[-81.920897,35.918713],[-81.920229,35.918531],[-81.920813,35.91784],[-81.919927,35.918192],[-81.919904,35.917824],[-81.920888,35.91751],[-81.920573,35.917376],[-81.920636,35.917215],[-81.92135,35.917246],[-81.921162,35.917125],[-81.921235,35.916981],[-81.922015,35.916983],[-81.922813,35.916634],[-81.923295,35.916133],[-81.921722,35.916226],[-81.920459,35.916806],[-81.920345,35.917156],[-81.920128,35.917006],[-81.919569,35.91762],[-81.918437,35.917561],[-81.918764,35.917338],[-81.919361,35.917321],[-81.919323,35.917181],[-81.919778,35.916904],[-81.918984,35.916799],[-81.919094,35.916481],[-81.920076,35.916589],[-81.92031,35.916501],[-81.919925,35.916343],[-81.920039,35.916153],[-81.920928,35.916295],[-81.92193,35.916023],[-81.922161,35.915826],[-81.922747,35.915921],[-81.922064,35.91553],[-81.921394,35.915546],[-81.92025,35.915711],[-81.91929,35.916046],[-81.919458,35.915764],[-81.920251,35.915488],[-81.922125,35.91539],[-81.921369,35.914997],[-81.919519,35.915152],[-81.919128,35.915007],[-81.919233,35.914719],[-81.920175,35.914691],[-81.920632,35.914488],[-81.921406,35.914618],[-81.923166,35.915966],[-81.923675,35.916036],[-81.924439,35.915582],[-81.925084,35.915508],[-81.925347,35.915636],[-81.92577,35.915306],[-81.926401,35.915146],[-81.925582,35.914257],[-81.92581,35.914125],[-81.926239,35.914558],[-81.926161,35.913998],[-81.926456,35.914223],[-81.926918,35.915079],[-81.927977,35.915081],[-81.928172,35.914639],[-81.92852,35.914985],[-81.928837,35.914983],[-81.929459,35.915293],[-81.929964,35.915313],[-81.930283,35.915658],[-81.930896,35.91578],[-81.931512,35.915657],[-81.931408,35.915487],[-81.931627,35.915354],[-81.932361,35.915305],[-81.932332,35.915075],[-81.931794,35.914845],[-81.931921,35.914629],[-81.932733,35.914841],[-81.93338,35.915336],[-81.933574,35.915331],[-81.93348,35.914983],[-81.933636,35.914863],[-81.93446,35.915365]],[[-81.921017,35.914621],[-81.920685,35.914629],[-81.920359,35.914769],[-81.921244,35.914749],[-81.921528,35.914906],[-81.921017,35.914621]],[[-81.934831,35.917225],[-81.934191,35.917191],[-81.934122,35.91722],[-81.934831,35.917225]],[[-81.935671,35.917073],[-81.935369,35.91708],[-81.935301,35.917131],[-81.935568,35.917125],[-81.935671,35.917073]],[[-81.934066,35.916946],[-81.933575,35.916793],[-81.933881,35.917028],[-81.935834,35.916926],[-81.934066,35.916946]],[[-81.929554,35.915433],[-81.929297,35.915467],[-81.929041,35.915687],[-81.929364,35.915597],[-81.929554,35.915433]]]}},{"id":"85224","type":"Feature","properties":{"OBJECTID":7185,"max_category":0,"label":"cat 0","area_acres":4.731480707930174,"county":"McDowell County","watershed":"North Fork Catawba River"},"geometry":{"type":"Polygon","coordinates":[[[-81.950253,35.908059],[-81.952402,35.908885],[-81.952873,35.908609],[-81.953153,35.908852],[-81.953168,35.909094],[-81.952566,35.909188],[-81.952609,35.909444],[-81.953459,35.910069],[-81.954084,35.909974],[-81.954373,35.910221],[-81.953803,35.910579],[-81.952455,35.909521],[-81.952351,35.909043],[-81.952057,35.908817],[-81.950448,35.908251],[-81.94941,35.908176],[-81.947713,35.906656],[-81.947727,35.906244],[-81.947951,35.905899],[-81.948086,35.905937],[-81.947871,35.90643],[-81.94802,35.906807],[-81.948862,35.907346],[-81.949344,35.907929],[-81.949637,35.9081],[-81.950253,35.908059]]]}},{"id":"85229","type":"Feature","properties":{"OBJECTID":216,"max_category":0,"label":"cat 0","area_acres":3.43639731887391,"county":"McDowell County","watershed":"North Fork Catawba River"},"geometry":{"type":"Polygon","coordinates":[[[-81.918472,35.903958],[-81.918538,35.904078],[-81.917968,35.904401],[-81.918151,35.905739],[-81.918482,35.906019],[-81.91889,35.906044],[-81.918961,35.906227],[-81.919664,35.90647],[-81.919661,35.906702],[-81.919463,35.906768],[-81.918753,35.906528],[-81.918303,35.906185],[-81.918529,35.906856],[-81.919341,35.907059],[-81.918972,35.907359],[-81.918588,35.907231],[-81.918181,35.906615],[-81.917812,35.904957],[-81.917802,35.904339],[-81.918472,35.903958]]]}},{"id":"85231","type":"Feature","properties":{"OBJECTID":148,"max_category":0,"label":"cat 0","area_acres":42.640172548406,"county":"McDowell County","watershed":"North Fork Catawba River"},"geometry":{"type":"Polygon","coordinates":[[[-81.925037,35.894453],[-81.925101,35.894703],[-81.924821,35.894734],[-81.924153,35.894226],[-81.92424,35.894776],[-81.924091,35.894837],[-81.924026,35.895389],[-81.924132,35.895643],[-81.924551,35.895777],[-81.924654,35.89598],[-81.924486,35.896067],[-81.924105,35.895898],[-81.924422,35.896305],[-81.924202,35.89646],[-81.923936,35.896276],[-81.923853,35.896602],[-81.923634,35.896683],[-81.923788,35.897221],[-81.924347,35.897732],[-81.924164,35.897885],[-81.923665,35.897536],[-81.92331,35.898941],[-81.923398,35.900419],[-81.924264,35.90105],[-81.924024,35.901189],[-81.9235,35.900898],[-81.924017,35.901785],[-81.923836,35.902045],[-81.923674,35.902028],[-81.923356,35.901331],[-81.922975,35.901022],[-81.923142,35.89914],[-81.922664,35.899301],[-81.92129,35.900341],[-81.920986,35.900236],[-81.921509,35.89961],[-81.923135,35.898941],[-81.923484,35.897403],[-81.921627,35.898978],[-81.921257,35.899085],[-81.921051,35.898989],[-81.921544,35.898558],[-81.920885,35.8989],[-81.919537,35.899221],[-81.91955,35.899061],[-81.920476,35.898376],[-81.920825,35.8983],[-81.919251,35.898338],[-81.918249,35.898637],[-81.91729,35.899662],[-81.917324,35.900284],[-81.916981,35.900335],[-81.916991,35.899836],[-81.916634,35.9002],[-81.916627,35.90063],[-81.916105,35.900707],[-81.916074,35.900537],[-81.916407,35.90016],[-81.917865,35.89893],[-81.918163,35.898505],[-81.919198,35.898197],[-81.921403,35.898122],[-81.920452,35.898137],[-81.9205,35.897735],[-81.921058,35.89793],[-81.921149,35.897655],[-81.921427,35.897786],[-81.922266,35.897793],[-81.923006,35.897267],[-81.923804,35.895984],[-81.923809,35.895177],[-81.922867,35.895802],[-81.922697,35.895778],[-81.922643,35.895556],[-81.923605,35.894825],[-81.923492,35.89462],[-81.923915,35.89436],[-81.924166,35.893832],[-81.92412,35.893439],[-81.922839,35.893882],[-81.921603,35.894694],[-81.921517,35.89491],[-81.921079,35.895146],[-81.920991,35.896128],[-81.920646,35.896125],[-81.920606,35.895667],[-81.920422,35.896722],[-81.919994,35.897],[-81.919816,35.89681],[-81.920235,35.896289],[-81.920224,35.89599],[-81.920113,35.896235],[-81.919772,35.896386],[-81.91968,35.896827],[-81.919448,35.897032],[-81.919225,35.896984],[-81.919271,35.896728],[-81.919062,35.896535],[-81.920019,35.895598],[-81.918761,35.896466],[-81.917991,35.896814],[-81.917815,35.896588],[-81.917902,35.896321],[-81.919117,35.895648],[-81.918238,35.895608],[-81.918162,35.895446],[-81.918578,35.89527],[-81.918631,35.895108],[-81.919435,35.89514],[-81.920263,35.894823],[-81.918565,35.894863],[-81.918568,35.894644],[-81.918039,35.894636],[-81.918384,35.894369],[-81.919341,35.894345],[-81.918794,35.89412],[-81.918834,35.89396],[-81.91977,35.894093],[-81.920104,35.894314],[-81.920423,35.894237],[-81.921062,35.894359],[-81.921673,35.894099],[-81.922232,35.894056],[-81.922928,35.893682],[-81.922706,35.893507],[-81.922783,35.893334],[-81.923528,35.893448],[-81.924144,35.893228],[-81.923261,35.893182],[-81.922717,35.892978],[-81.920609,35.893056],[-81.92066,35.892783],[-81.920885,35.892688],[-81.922294,35.892571],[-81.922984,35.892666],[-81.923855,35.893028],[-81.924328,35.893044],[-81.924343,35.893882],[-81.925037,35.894453]],[[-81.919855,35.896051],[-81.919727,35.896059],[-81.91973,35.896159],[-81.919855,35.896051]],[[-81.923469,35.896982],[-81.923245,35.897129],[-81.923214,35.897202],[-81.923469,35.896982]],[[-81.921808,35.898245],[-81.921646,35.898253],[-81.921456,35.898417],[-81.921613,35.898413],[-81.921808,35.898245]]]}},{"id":"85275","type":"Feature","properties":{"OBJECTID":1568,"max_category":0,"label":"cat 0","area_acres":2.2724987081834493,"county":"McDowell County","watershed":"North Fork Catawba River"},"geometry":{"type":"Polygon","coordinates":[[[-81.924414,35.859099],[-81.924508,35.859287],[-81.924355,35.859487],[-81.922778,35.859529],[-81.921654,35.860265],[-81.920026,35.860666],[-81.919758,35.860542],[-81.919783,35.860407],[-81.920146,35.860276],[-81.921579,35.860129],[-81.922708,35.859391],[-81.924253,35.85935],[-81.924414,35.859099]]]}},{"id":"85282","type":"Feature","properties":{"OBJECTID":964,"max_category":0,"label":"cat 0","area_acres":11.32222359495681,"county":"McDowell County","watershed":"North Fork Catawba River"},"geometry":{"type":"Polygon","coordinates":[[[-81.911902,35.881623],[-81.910057,35.881513],[-81.9101,35.881364],[-81.910706,35.881113],[-81.911868,35.881277],[-81.909647,35.880132],[-81.909897,35.879977],[-81.909428,35.879437],[-81.909513,35.879248],[-81.91194,35.881055],[-81.911287,35.880173],[-81.911866,35.880171],[-81.912394,35.88099],[-81.912593,35.881068],[-81.912646,35.880894],[-81.912862,35.880883],[-81.91311,35.881366],[-81.913099,35.881034],[-81.913271,35.880983],[-81.913655,35.881346],[-81.913677,35.881907],[-81.914598,35.88259],[-81.914626,35.882957],[-81.915196,35.883313],[-81.915728,35.883163],[-81.915828,35.883283],[-81.91544,35.88345],[-81.914813,35.883346],[-81.91288,35.882],[-81.911902,35.881623]],[[-81.912836,35.88153],[-81.914444,35.882763],[-81.91418,35.882464],[-81.912836,35.88153]],[[-81.912663,35.881593],[-81.912031,35.881526],[-81.913356,35.882125],[-81.912663,35.881593]]]}},{"id":"85288","type":"Feature","properties":{"OBJECTID":7,"max_category":0,"label":"cat 0","area_acres":125.86663761016855,"county":"McDowell County","watershed":"North Fork Catawba River"},"geometry":{"type":"Polygon","coordinates":[[[-81.915849,35.867055],[-81.91601,35.866836],[-81.915637,35.866759],[-81.915607,35.866403],[-81.916387,35.866793],[-81.916608,35.866625],[-81.916165,35.866338],[-81.914859,35.866055],[-81.914887,35.865768],[-81.91555,35.86599],[-81.91575,35.865855],[-81.917228,35.866637],[-81.917523,35.866526],[-81.91698,35.866349],[-81.917082,35.866107],[-81.916772,35.865872],[-81.917353,35.865772],[-81.917785,35.866106],[-81.917845,35.866417],[-81.918435,35.86703],[-81.918354,35.86643],[-81.918712,35.866523],[-81.918903,35.866764],[-81.918922,35.867243],[-81.919549,35.867922],[-81.919576,35.868519],[-81.919917,35.868808],[-81.919914,35.868023],[-81.920564,35.867469],[-81.920851,35.867556],[-81.920983,35.8674],[-81.921506,35.86742],[-81.920865,35.867249],[-81.920872,35.866963],[-81.921333,35.866988],[-81.922706,35.867798],[-81.923725,35.867965],[-81.92574,35.867752],[-81.927025,35.867804],[-81.925524,35.867433],[-81.924379,35.867455],[-81.922405,35.866161],[-81.920572,35.865815],[-81.920154,35.865528],[-81.918645,35.865357],[-81.918696,35.865025],[-81.919036,35.865044],[-81.91858,35.864441],[-81.918739,35.864293],[-81.919296,35.8647],[-81.919447,35.864583],[-81.920024,35.864939],[-81.92084,35.865698],[-81.922226,35.865995],[-81.919764,35.86408],[-81.9196,35.863766],[-81.919755,35.863608],[-81.920734,35.864042],[-81.922878,35.865713],[-81.922271,35.86476],[-81.922405,35.864673],[-81.922725,35.864822],[-81.923053,35.865715],[-81.924677,35.867228],[-81.925578,35.867291],[-81.92682,35.867644],[-81.927997,35.867671],[-81.928496,35.867417],[-81.928432,35.867102],[-81.927998,35.866315],[-81.927486,35.865917],[-81.927289,35.865397],[-81.926128,35.864533],[-81.925197,35.864553],[-81.924681,35.864221],[-81.925145,35.864057],[-81.925551,35.864321],[-81.926095,35.864343],[-81.927282,35.865196],[-81.927276,35.8647],[-81.928008,35.864015],[-81.928005,35.864483],[-81.928248,35.864667],[-81.928041,35.864839],[-81.928141,35.864979],[-81.927697,35.865278],[-81.92772,35.865905],[-81.928268,35.866385],[-81.928701,35.867379],[-81.929214,35.867559],[-81.929864,35.867489],[-81.929823,35.866354],[-81.929059,35.866008],[-81.928855,35.86561],[-81.929043,35.865564],[-81.929878,35.866013],[-81.929873,35.865885],[-81.929029,35.86537],[-81.929103,35.865134],[-81.928395,35.864749],[-81.92852,35.864332],[-81.928969,35.864595],[-81.929005,35.864393],[-81.929226,35.864391],[-81.929369,35.864822],[-81.929876,35.865344],[-81.930082,35.864967],[-81.93035,35.865075],[-81.930082,35.866246],[-81.930148,35.866755],[-81.930321,35.866898],[-81.930028,35.867173],[-81.930042,35.867553],[-81.930317,35.867791],[-81.930628,35.86747],[-81.930601,35.868062],[-81.931003,35.868478],[-81.931462,35.868412],[-81.931202,35.868059],[-81.931067,35.866214],[-81.930826,35.866085],[-81.930811,35.865659],[-81.931048,35.865592],[-81.931599,35.865878],[-81.931278,35.866264],[-81.93129,35.866589],[-81.931361,35.867628],[-81.931586,35.86762],[-81.931748,35.868104],[-81.932078,35.868315],[-81.93321,35.868464],[-81.933126,35.868812],[-81.933659,35.868496],[-81.933124,35.868326],[-81.932741,35.867685],[-81.932268,35.867345],[-81.932239,35.867208],[-81.932586,35.867039],[-81.93286,35.86724],[-81.933275,35.868245],[-81.9342,35.868428],[-81.933902,35.867908],[-81.933065,35.867125],[-81.933008,35.866618],[-81.933164,35.86653],[-81.93335,35.866688],[-81.933409,35.867307],[-81.933786,35.867623],[-81.933833,35.866979],[-81.934096,35.86701],[-81.934077,35.867953],[-81.934319,35.868179],[-81.934874,35.868244],[-81.935032,35.868766],[-81.936315,35.869292],[-81.93506,35.868953],[-81.934666,35.868559],[-81.934381,35.868512],[-81.933843,35.86858],[-81.933003,35.869644],[-81.932778,35.869702],[-81.932676,35.869474],[-81.932355,35.869577],[-81.932361,35.869277],[-81.932909,35.868602],[-81.931846,35.868436],[-81.931396,35.868584],[-81.931429,35.869606],[-81.931317,35.869762],[-81.931166,35.8697],[-81.931137,35.869068],[-81.930892,35.86999],[-81.930633,35.869978],[-81.930573,35.869138],[-81.930102,35.869205],[-81.930132,35.870128],[-81.929793,35.870243],[-81.929659,35.869285],[-81.929076,35.869354],[-81.928637,35.86979],[-81.928654,35.870506],[-81.928376,35.870602],[-81.92837,35.869936],[-81.928862,35.869331],[-81.928568,35.869311],[-81.927595,35.869925],[-81.927626,35.870776],[-81.927353,35.870749],[-81.92729,35.870075],[-81.92635,35.870766],[-81.926063,35.87045],[-81.926608,35.870265],[-81.925727,35.870171],[-81.925647,35.869985],[-81.927069,35.870002],[-81.928122,35.869344],[-81.927835,35.869143],[-81.927902,35.868835],[-81.928401,35.869044],[-81.928329,35.86881],[-81.928533,35.868705],[-81.928851,35.869164],[-81.92947,35.869174],[-81.929804,35.86884],[-81.93048,35.86901],[-81.930811,35.868922],[-81.931054,35.868647],[-81.93066,35.868411],[-81.930087,35.868716],[-81.930014,35.868596],[-81.930425,35.868071],[-81.929819,35.867632],[-81.929555,35.867639],[-81.92899,35.867977],[-81.928924,35.867599],[-81.928639,35.867523],[-81.927966,35.868047],[-81.927783,35.868488],[-81.927614,35.868447],[-81.927595,35.868242],[-81.927799,35.867983],[-81.927509,35.868018],[-81.925623,35.8697],[-81.925467,35.869684],[-81.925414,35.869456],[-81.924786,35.869676],[-81.924639,35.869563],[-81.924731,35.869443],[-81.925718,35.869072],[-81.92617,35.868682],[-81.925246,35.869006],[-81.925157,35.868891],[-81.925351,35.868674],[-81.925034,35.868682],[-81.924353,35.869266],[-81.924069,35.869199],[-81.925401,35.867958],[-81.924035,35.868128],[-81.923828,35.868476],[-81.923805,35.869001],[-81.923327,35.869327],[-81.923238,35.869111],[-81.923426,35.868692],[-81.923028,35.869162],[-81.922761,35.868981],[-81.922872,35.868697],[-81.923623,35.868083],[-81.922749,35.868049],[-81.921937,35.868562],[-81.921768,35.868323],[-81.92233,35.868004],[-81.921967,35.867903],[-81.921224,35.868106],[-81.921147,35.867953],[-81.92162,35.867719],[-81.920997,35.867788],[-81.92086,35.867611],[-81.920138,35.868207],[-81.920155,35.868665],[-81.920701,35.868193],[-81.921082,35.868196],[-81.920232,35.86892],[-81.920243,35.869245],[-81.920801,35.869913],[-81.921137,35.869576],[-81.921353,35.869617],[-81.921119,35.870108],[-81.921229,35.870348],[-81.922034,35.871153],[-81.92336,35.871984],[-81.924006,35.872933],[-81.924855,35.873131],[-81.92504,35.872964],[-81.925357,35.873066],[-81.925261,35.872709],[-81.925467,35.872626],[-81.925894,35.873287],[-81.926124,35.873309],[-81.926097,35.872572],[-81.924683,35.87143],[-81.923785,35.870069],[-81.92377,35.869708],[-81.92407,35.869811],[-81.924797,35.871172],[-81.924785,35.870218],[-81.925273,35.870544],[-81.92543,35.870763],[-81.925506,35.871895],[-81.925976,35.872309],[-81.925936,35.871834],[-81.925688,35.87149],[-81.925677,35.870609],[-81.926031,35.87073],[-81.926065,35.871484],[-81.926196,35.871578],[-81.926318,35.870796],[-81.926685,35.870925],[-81.926475,35.871621],[-81.927023,35.871062],[-81.927227,35.871114],[-81.926949,35.871682],[-81.927199,35.871653],[-81.927282,35.871776],[-81.92658,35.872043],[-81.926376,35.872658],[-81.927277,35.871948],[-81.927437,35.872263],[-81.927033,35.872503],[-81.927417,35.872648],[-81.926287,35.872952],[-81.926286,35.873509],[-81.926887,35.872906],[-81.927294,35.87288],[-81.926582,35.873792],[-81.927274,35.873224],[-81.927443,35.873261],[-81.92737,35.873631],[-81.926664,35.874043],[-81.926954,35.874775],[-81.92675,35.874659],[-81.925995,35.874705],[-81.925032,35.875388],[-81.924791,35.875169],[-81.92572,35.874657],[-81.925014,35.874674],[-81.924186,35.875023],[-81.923828,35.87502],[-81.923724,35.87479],[-81.924606,35.874733],[-81.925159,35.87439],[-81.926685,35.874436],[-81.926598,35.874264],[-81.92649,35.874089],[-81.925532,35.874057],[-81.925209,35.874201],[-81.924187,35.874199],[-81.923879,35.874549],[-81.923571,35.874584],[-81.923393,35.874343],[-81.923513,35.874158],[-81.924784,35.874014],[-81.92507,35.873788],[-81.926287,35.873786],[-81.92567,35.873339],[-81.925092,35.873626],[-81.92459,35.873547],[-81.924518,35.873397],[-81.924769,35.873262],[-81.923921,35.873064],[-81.923341,35.872433],[-81.921994,35.872382],[-81.920259,35.872974],[-81.9202,35.873779],[-81.919912,35.873889],[-81.919727,35.873804],[-81.919776,35.873314],[-81.918625,35.873617],[-81.918023,35.873628],[-81.917719,35.873366],[-81.918066,35.873241],[-81.919654,35.873203],[-81.920283,35.872809],[-81.920039,35.872622],[-81.918758,35.873091],[-81.917348,35.873153],[-81.917168,35.873068],[-81.917294,35.872904],[-81.918764,35.87279],[-81.91661,35.872674],[-81.916518,35.872544],[-81.916852,35.872286],[-81.91581,35.87218],[-81.915788,35.871873],[-81.916474,35.871877],[-81.917297,35.872297],[-81.918945,35.872258],[-81.919195,35.872116],[-81.919885,35.872098],[-81.920202,35.871742],[-81.920861,35.871624],[-81.920073,35.871549],[-81.917918,35.871793],[-81.917793,35.871686],[-81.917053,35.871702],[-81.917188,35.87117],[-81.917788,35.871186],[-81.91775,35.870972],[-81.916131,35.871093],[-81.916045,35.870958],[-81.915251,35.870949],[-81.915296,35.870793],[-81.915764,35.870604],[-81.916492,35.870695],[-81.917435,35.87059],[-81.917276,35.870454],[-81.917375,35.870318],[-81.9189,35.87028],[-81.916273,35.870265],[-81.916318,35.870109],[-81.91666,35.870004],[-81.918752,35.869956],[-81.919218,35.870327],[-81.9199,35.870456],[-81.920152,35.870651],[-81.920018,35.87089],[-81.919128,35.870775],[-81.917486,35.870814],[-81.917826,35.870837],[-81.918474,35.871224],[-81.918178,35.870856],[-81.918469,35.870877],[-81.919015,35.871239],[-81.920052,35.871208],[-81.919763,35.871468],[-81.920515,35.871396],[-81.921419,35.871566],[-81.921977,35.871305],[-81.920315,35.86955],[-81.919605,35.869032],[-81.918503,35.869031],[-81.918854,35.869308],[-81.919104,35.870061],[-81.918722,35.869822],[-81.918134,35.869835],[-81.917572,35.869661],[-81.91761,35.869516],[-81.918298,35.869497],[-81.917857,35.869423],[-81.91787,35.869278],[-81.918124,35.86923],[-81.918022,35.869152],[-81.915953,35.869244],[-81.91595,35.868957],[-81.916374,35.868802],[-81.918139,35.868841],[-81.917764,35.868553],[-81.916636,35.868513],[-81.916655,35.868302],[-81.917488,35.868307],[-81.917139,35.868074],[-81.916231,35.86809],[-81.916205,35.867913],[-81.91655,35.867753],[-81.919151,35.867722],[-81.918703,35.867432],[-81.917523,35.867399],[-81.91743,35.867242],[-81.916627,35.867536],[-81.916432,35.867497],[-81.9165,35.867319],[-81.916239,35.867326],[-81.915363,35.867374],[-81.914817,35.867606],[-81.91467,35.86747],[-81.914866,35.86737],[-81.91451,35.867332],[-81.914388,35.867184],[-81.914601,35.867057],[-81.915849,35.867055]],[[-81.921723,35.865344],[-81.922385,35.865923],[-81.922913,35.866258],[-81.921723,35.865344]],[[-81.928029,35.867813],[-81.927127,35.867807],[-81.927266,35.867853],[-81.928029,35.867813]],[[-81.927226,35.867996],[-81.925716,35.867923],[-81.925168,35.868481],[-81.926405,35.868451],[-81.926818,35.868096],[-81.927226,35.867996]],[[-81.924992,35.870755],[-81.925005,35.871139],[-81.92502,35.870784],[-81.924992,35.870755]],[[-81.92209,35.871446],[-81.921483,35.871705],[-81.920287,35.871874],[-81.919974,35.872226],[-81.919491,35.872277],[-81.919314,35.87243],[-81.920098,35.872481],[-81.920617,35.87274],[-81.921149,35.87243],[-81.921935,35.872242],[-81.923318,35.87229],[-81.922948,35.871837],[-81.92209,35.871446]],[[-81.919333,35.872633],[-81.918995,35.872564],[-81.9187,35.872626],[-81.919333,35.872633]],[[-81.918853,35.872458],[-81.917581,35.872488],[-81.917608,35.872509],[-81.918853,35.872458]],[[-81.918688,35.869369],[-81.918236,35.869119],[-81.918678,35.869459],[-81.918688,35.869369]],[[-81.919597,35.868812],[-81.918927,35.868829],[-81.919804,35.868971],[-81.919597,35.868812]],[[-81.918584,35.868748],[-81.917978,35.868521],[-81.918283,35.868755],[-81.918584,35.868748]],[[-81.919125,35.867889],[-81.917618,35.867925],[-81.918776,35.868439],[-81.918314,35.868107],[-81.918726,35.868008],[-81.919004,35.868214],[-81.919422,35.86819],[-81.919125,35.867889]]]}},{"id":"85435","type":"Feature","properties":{"OBJECTID":16,"max_category":0,"label":"cat 0","area_acres":13.486707252397265,"county":"McDowell County","watershed":"North Fork Catawba River"},"geometry":{"type":"Polygon","coordinates":[[[-81.925259,35.892201],[-81.924319,35.892224],[-81.923799,35.891773],[-81.924076,35.891736],[-81.924596,35.892021],[-81.925232,35.892005],[-81.926726,35.891233],[-81.927532,35.891181],[-81.927852,35.890763],[-81.927363,35.890547],[-81.927069,35.890755],[-81.926379,35.890771],[-81.926138,35.891372],[-81.925309,35.891432],[-81.924829,35.891141],[-81.923984,35.891181],[-81.924097,35.890939],[-81.923339,35.890951],[-81.922889,35.890516],[-81.923574,35.890452],[-81.924495,35.89076],[-81.924248,35.890465],[-81.924594,35.89032],[-81.924841,35.890847],[-81.925397,35.891149],[-81.925015,35.890853],[-81.924936,35.890565],[-81.92557,35.890953],[-81.926181,35.890831],[-81.925314,35.890311],[-81.925239,35.89013],[-81.925831,35.889988],[-81.926471,35.890629],[-81.927005,35.890616],[-81.927102,35.890562],[-81.926495,35.890049],[-81.926562,35.889897],[-81.926851,35.88985],[-81.92698,35.890219],[-81.92732,35.89048],[-81.927278,35.890108],[-81.927515,35.890002],[-81.927717,35.890544],[-81.929079,35.890763],[-81.928695,35.890951],[-81.928714,35.891512],[-81.928555,35.891751],[-81.928413,35.891707],[-81.928384,35.890925],[-81.928599,35.890771],[-81.928293,35.890728],[-81.926964,35.891653],[-81.926547,35.89224],[-81.926856,35.893325],[-81.926708,35.893676],[-81.926482,35.893358],[-81.926366,35.893574],[-81.926183,35.893451],[-81.926216,35.892589],[-81.926348,35.892207],[-81.927125,35.891306],[-81.926302,35.891573],[-81.925859,35.891911],[-81.925608,35.892427],[-81.92596,35.893759],[-81.925834,35.894015],[-81.925548,35.893682],[-81.925413,35.892842],[-81.925401,35.892411],[-81.925685,35.891945],[-81.925259,35.892201]],[[-81.926049,35.891244],[-81.925682,35.89123],[-81.925646,35.891253],[-81.926049,35.891244]]]}},{"id":"85441","type":"Feature","properties":{"OBJECTID":1257,"max_category":0,"label":"cat 0","area_acres":0.5115158233544046,"county":"McDowell County","watershed":"North Fork Catawba River"},"geometry":{"type":"Polygon","coordinates":[[[-81.913592,35.890415],[-81.913817,35.890596],[-81.913916,35.891124],[-81.913455,35.890788],[-81.913444,35.890495],[-81.913592,35.890415]]]}},{"id":"85497","type":"Feature","properties":{"OBJECTID":217,"max_category":0,"label":"cat 0","area_acres":2.8811912016428165,"county":"McDowell County","watershed":"North Fork Catawba River"},"geometry":{"type":"Polygon","coordinates":[[[-81.916146,35.90503],[-81.916826,35.906458],[-81.917506,35.907059],[-81.918217,35.907231],[-81.918598,35.907961],[-81.917809,35.907488],[-81.917851,35.907869],[-81.917453,35.907694],[-81.916367,35.905971],[-81.916065,35.905195],[-81.916146,35.90503]]]}},{"id":"85581","type":"Feature","properties":{"OBJECTID":5895,"max_category":0,"label":"cat 0","area_acres":4.7977327362380375,"county":"McDowell County","watershed":"North Fork Catawba River"},"geometry":{"type":"Polygon","coordinates":[[[-81.937928,35.903903],[-81.937987,35.904129],[-81.937545,35.905142],[-81.936997,35.90555],[-81.936297,35.905652],[-81.935591,35.905531],[-81.934462,35.905805],[-81.933238,35.905835],[-81.931932,35.906224],[-81.931286,35.906124],[-81.930547,35.905792],[-81.930617,35.905655],[-81.930869,35.90564],[-81.93172,35.905894],[-81.932795,35.905818],[-81.931687,35.90561],[-81.931632,35.905484],[-81.93196,35.905311],[-81.932213,35.905314],[-81.932759,35.905676],[-81.934475,35.905635],[-81.935544,35.90539],[-81.936334,35.905508],[-81.936933,35.905411],[-81.937376,35.905085],[-81.937928,35.903903]]]}},{"id":"85588","type":"Feature","properties":{"OBJECTID":883,"max_category":0,"label":"cat 0","area_acres":0.8446838015086273,"county":"McDowell County","watershed":"North Fork Catawba River"},"geometry":{"type":"Polygon","coordinates":[[[-81.917291,35.907724],[-81.917548,35.907927],[-81.917476,35.908047],[-81.916976,35.908204],[-81.916248,35.908154],[-81.916691,35.90804],[-81.916982,35.907739],[-81.917291,35.907724]]]}},{"id":"85665","type":"Feature","properties":{"OBJECTID":1202,"max_category":0,"label":"cat 0","area_acres":11.189353238251027,"county":"McDowell County","watershed":"North Fork Catawba River"},"geometry":{"type":"Polygon","coordinates":[[[-81.913998,35.888936],[-81.914496,35.889732],[-81.914395,35.890064],[-81.913774,35.889351],[-81.913711,35.888658],[-81.913017,35.888976],[-81.911888,35.888977],[-81.91045,35.889917],[-81.909125,35.889865],[-81.908376,35.889507],[-81.908699,35.889296],[-81.909718,35.889683],[-81.910624,35.889661],[-81.910945,35.889384],[-81.90995,35.889323],[-81.908773,35.888989],[-81.908897,35.888796],[-81.908684,35.888675],[-81.908785,35.888552],[-81.910543,35.889169],[-81.911216,35.889235],[-81.91136,35.889111],[-81.910146,35.888789],[-81.910008,35.8885],[-81.908878,35.88798],[-81.909027,35.88773],[-81.90933,35.887743],[-81.910251,35.888215],[-81.909581,35.887799],[-81.909424,35.887531],[-81.909642,35.887486],[-81.910463,35.887986],[-81.910668,35.888398],[-81.911515,35.889033],[-81.911675,35.888924],[-81.911607,35.888385],[-81.911775,35.887958],[-81.912035,35.888831],[-81.912164,35.888828],[-81.912182,35.888334],[-81.91241,35.888414],[-81.912574,35.888778],[-81.912828,35.888839],[-81.913515,35.888548],[-81.912971,35.888339],[-81.912901,35.888101],[-81.913266,35.88809],[-81.913789,35.888402],[-81.914074,35.888382],[-81.913998,35.888936]]]}},{"id":"85697","type":"Feature","properties":{"OBJECTID":6062,"max_category":0,"label":"cat 0","area_acres":4.938570073949407,"county":"McDowell County","watershed":"North Fork Catawba River"},"geometry":{"type":"Polygon","coordinates":[[[-81.950966,35.910459],[-81.951638,35.910488],[-81.951707,35.910692],[-81.951034,35.910819],[-81.950322,35.910343],[-81.949774,35.910136],[-81.949066,35.910098],[-81.950214,35.910358],[-81.951478,35.911248],[-81.951158,35.911724],[-81.950688,35.911691],[-81.950559,35.910845],[-81.950392,35.910717],[-81.95037,35.911205],[-81.950177,35.911253],[-81.950028,35.911108],[-81.950045,35.910638],[-81.949715,35.910385],[-81.948645,35.910097],[-81.947685,35.909362],[-81.947227,35.909196],[-81.947774,35.909235],[-81.948794,35.90999],[-81.949657,35.909944],[-81.950966,35.910459]]]}},{"id":"85741","type":"Feature","properties":{"OBJECTID":1233,"max_category":0,"label":"cat 0","area_acres":4.148002489291673,"county":"McDowell County","watershed":"North Fork Catawba River"},"geometry":{"type":"Polygon","coordinates":[[[-81.914344,35.892541],[-81.914446,35.892937],[-81.915676,35.893801],[-81.917205,35.89428],[-81.916987,35.894407],[-81.917154,35.894739],[-81.91688,35.894757],[-81.915963,35.894235],[-81.916503,35.894745],[-81.916201,35.894798],[-81.914415,35.893431],[-81.914225,35.89262],[-81.914344,35.892541]],[[-81.914574,35.893223],[-81.914593,35.89337],[-81.915424,35.894008],[-81.91542,35.893908],[-81.914574,35.893223]]]}},{"id":"85764","type":"Feature","properties":{"OBJECTID":7181,"max_category":0,"label":"cat 0","area_acres":34.06546291683539,"county":"McDowell County","watershed":"North Fork Catawba River"},"geometry":{"type":"Polygon","coordinates":[[[-81.950928,35.909411],[-81.953186,35.9109],[-81.954154,35.910962],[-81.955057,35.911295],[-81.955532,35.911263],[-81.95574,35.911498],[-81.956153,35.911602],[-81.956092,35.911874],[-81.956445,35.911933],[-81.957055,35.912346],[-81.957485,35.912408],[-81.957388,35.91288],[-81.957221,35.912922],[-81.956339,35.912286],[-81.955917,35.912122],[-81.956011,35.912398],[-81.956451,35.912443],[-81.957267,35.913522],[-81.958091,35.913514],[-81.958156,35.913694],[-81.957805,35.913894],[-81.958168,35.913895],[-81.958723,35.914269],[-81.958821,35.914624],[-81.958177,35.914742],[-81.957575,35.914193],[-81.958108,35.914897],[-81.958022,35.915167],[-81.958437,35.915576],[-81.958493,35.916319],[-81.958295,35.916346],[-81.958182,35.916047],[-81.957198,35.915453],[-81.956781,35.915517],[-81.956424,35.91533],[-81.95686,35.915821],[-81.956718,35.915932],[-81.956293,35.91585],[-81.956044,35.915602],[-81.955931,35.915145],[-81.955559,35.914918],[-81.95521,35.914995],[-81.954548,35.914417],[-81.954836,35.914888],[-81.955391,35.915073],[-81.955533,35.915475],[-81.956186,35.915956],[-81.956024,35.916242],[-81.955543,35.916266],[-81.955543,35.915945],[-81.955184,35.915364],[-81.954857,35.915564],[-81.954512,35.915282],[-81.954326,35.914079],[-81.953305,35.912755],[-81.953055,35.911664],[-81.952521,35.910729],[-81.952553,35.91159],[-81.952942,35.912168],[-81.953035,35.91276],[-81.953409,35.913078],[-81.953605,35.913573],[-81.953403,35.913637],[-81.953194,35.913367],[-81.952672,35.912057],[-81.952416,35.912477],[-81.952459,35.913653],[-81.952846,35.914993],[-81.952819,35.91535],[-81.952609,35.915485],[-81.952543,35.915198],[-81.952375,35.915183],[-81.952354,35.914654],[-81.952207,35.914856],[-81.95202,35.914765],[-81.952372,35.914232],[-81.952241,35.912437],[-81.952592,35.911918],[-81.952379,35.911633],[-81.952277,35.910507],[-81.951976,35.911525],[-81.952124,35.913819],[-81.951736,35.914197],[-81.951543,35.914756],[-81.951139,35.914613],[-81.951274,35.914305],[-81.950883,35.914366],[-81.950733,35.914259],[-81.950842,35.914038],[-81.951402,35.914022],[-81.951844,35.913641],[-81.951799,35.911495],[-81.952097,35.910396],[-81.951487,35.909875],[-81.950592,35.909402],[-81.948488,35.90909],[-81.947794,35.908645],[-81.947029,35.908464],[-81.947711,35.908452],[-81.948553,35.908951],[-81.94921,35.908964],[-81.949677,35.909199],[-81.950225,35.909159],[-81.950928,35.909411]],[[-81.952831,35.910876],[-81.953226,35.911612],[-81.953471,35.912694],[-81.953863,35.913234],[-81.954297,35.913489],[-81.954495,35.913879],[-81.955174,35.913905],[-81.955276,35.914038],[-81.95592,35.913997],[-81.95609,35.914153],[-81.955899,35.914328],[-81.955077,35.914409],[-81.955411,35.914399],[-81.955487,35.91461],[-81.955942,35.914749],[-81.95676,35.914474],[-81.956832,35.914641],[-81.956287,35.91492],[-81.956969,35.914798],[-81.95692,35.914987],[-81.957242,35.914997],[-81.957245,35.915199],[-81.957714,35.915252],[-81.957272,35.914253],[-81.957139,35.91454],[-81.956813,35.914457],[-81.957055,35.913875],[-81.956664,35.913349],[-81.956438,35.91345],[-81.956255,35.914005],[-81.955913,35.913874],[-81.956242,35.912835],[-81.955871,35.912726],[-81.955845,35.913165],[-81.955593,35.913207],[-81.955425,35.912699],[-81.955733,35.911897],[-81.955624,35.911684],[-81.955365,35.911513],[-81.955128,35.911601],[-81.954687,35.911419],[-81.954388,35.911503],[-81.95383,35.91111],[-81.953331,35.911118],[-81.952831,35.910876]]]}},{"id":"85798","type":"Feature","properties":{"OBJECTID":7177,"max_category":0,"label":"cat 0","area_acres":1.8042073429771708,"county":"McDowell County","watershed":"North Fork Catawba River"},"geometry":{"type":"Polygon","coordinates":[[[-81.95108,35.899573],[-81.951164,35.89967],[-81.950927,35.899877],[-81.950305,35.90009],[-81.949615,35.900108],[-81.948641,35.900642],[-81.948651,35.90045],[-81.948879,35.900423],[-81.949531,35.899865],[-81.949986,35.899683],[-81.95108,35.899573]]]}},{"id":"85808","type":"Feature","properties":{"OBJECTID":1234,"max_category":0,"label":"cat 0","area_acres":7.195828345761041,"county":"McDowell County","watershed":"North Fork Catawba River"},"geometry":{"type":"Polygon","coordinates":[[[-81.913686,35.893024],[-81.914664,35.893774],[-81.915081,35.894626],[-81.915888,35.895032],[-81.916548,35.895166],[-81.916829,35.895494],[-81.916636,35.895678],[-81.916141,35.895412],[-81.916543,35.895872],[-81.916234,35.895814],[-81.916215,35.895974],[-81.916027,35.895976],[-81.91566,35.895636],[-81.915501,35.895211],[-81.914956,35.89475],[-81.914506,35.893847],[-81.913642,35.893167],[-81.91359,35.893669],[-81.913898,35.8946],[-81.915317,35.895598],[-81.915152,35.895703],[-81.91408,35.894962],[-81.914414,35.895797],[-81.91599,35.896312],[-81.915988,35.896508],[-81.915673,35.896495],[-81.915861,35.896653],[-81.91578,35.896767],[-81.914216,35.895913],[-81.913386,35.893689],[-81.913408,35.893184],[-81.913686,35.893024]]]}},{"id":"85870","type":"Feature","properties":{"OBJECTID":960,"max_category":0,"label":"cat 0","area_acres":12.21997411527958,"county":"McDowell County","watershed":"North Fork Catawba River"},"geometry":{"type":"Polygon","coordinates":[[[-81.922503,35.882809],[-81.922588,35.882905],[-81.922328,35.882996],[-81.922158,35.883568],[-81.921478,35.883854],[-81.921336,35.883719],[-81.921672,35.883411],[-81.921588,35.883261],[-81.92099,35.883043],[-81.919793,35.883346],[-81.91892,35.883243],[-81.918793,35.883441],[-81.918494,35.883475],[-81.918034,35.883024],[-81.918082,35.882892],[-81.918348,35.882912],[-81.918123,35.882715],[-81.918315,35.882472],[-81.918767,35.882611],[-81.919007,35.882876],[-81.919011,35.882653],[-81.919173,35.882628],[-81.919515,35.88321],[-81.920712,35.882937],[-81.91995,35.882326],[-81.917281,35.880998],[-81.91552,35.879353],[-81.914627,35.879145],[-81.914076,35.878727],[-81.914735,35.878772],[-81.91612,35.879617],[-81.915923,35.878581],[-81.916072,35.878518],[-81.916345,35.878749],[-81.916633,35.878676],[-81.916334,35.879249],[-81.916825,35.879324],[-81.916331,35.879649],[-81.916553,35.88019],[-81.91737,35.88087],[-81.920168,35.882296],[-81.919786,35.881869],[-81.919759,35.881324],[-81.918999,35.880522],[-81.91865,35.879539],[-81.918337,35.879155],[-81.91833,35.878853],[-81.918555,35.878738],[-81.918756,35.879104],[-81.918886,35.878965],[-81.919107,35.879086],[-81.918927,35.879599],[-81.919126,35.880375],[-81.919926,35.881261],[-81.919845,35.881515],[-81.920216,35.881804],[-81.920341,35.882229],[-81.920776,35.882368],[-81.920767,35.882782],[-81.921923,35.883111],[-81.922503,35.882809]],[[-81.918683,35.883062],[-81.91881,35.883203],[-81.918866,35.883202],[-81.918683,35.883062]]]}},{"id":"85889","type":"Feature","properties":{"OBJECTID":21,"max_category":0,"label":"cat 0","area_acres":16.630738745981702,"county":"McDowell County","watershed":"North Fork Catawba River"},"geometry":{"type":"Polygon","coordinates":[[[-81.931021,35.900531],[-81.93236,35.901267],[-81.932651,35.90093],[-81.933079,35.901464],[-81.933844,35.901503],[-81.93398,35.901633],[-81.933553,35.901938],[-81.933153,35.90268],[-81.931389,35.904148],[-81.931154,35.903977],[-81.931412,35.903691],[-81.931322,35.903573],[-81.930758,35.903614],[-81.930499,35.903812],[-81.929503,35.903836],[-81.929358,35.90369],[-81.929695,35.903552],[-81.930514,35.903532],[-81.930703,35.90339],[-81.931623,35.903368],[-81.932308,35.902889],[-81.931804,35.902974],[-81.931706,35.902644],[-81.932571,35.902493],[-81.933648,35.901648],[-81.932567,35.901701],[-81.932391,35.901553],[-81.93097,35.90272],[-81.930618,35.9029],[-81.929647,35.903008],[-81.929623,35.902716],[-81.930644,35.902457],[-81.931114,35.90191],[-81.932107,35.901448],[-81.930948,35.90146],[-81.930895,35.901313],[-81.93107,35.901212],[-81.930949,35.901081],[-81.929839,35.90123],[-81.929811,35.901083],[-81.930023,35.900964],[-81.930894,35.900912],[-81.93044,35.900571],[-81.929164,35.900629],[-81.928631,35.900834],[-81.928342,35.901171],[-81.928125,35.900984],[-81.926944,35.900902],[-81.926152,35.901493],[-81.925523,35.901446],[-81.926088,35.901207],[-81.925788,35.901004],[-81.92585,35.900877],[-81.926769,35.900796],[-81.926538,35.90057],[-81.926716,35.900435],[-81.9281,35.900705],[-81.92862,35.90067],[-81.928531,35.900337],[-81.928818,35.900465],[-81.929015,35.900325],[-81.929258,35.900429],[-81.930381,35.900402],[-81.931021,35.900531]]]}},{"id":"85907","type":"Feature","properties":{"OBJECTID":1200,"max_category":0,"label":"cat 0","area_acres":22.726336032726692,"county":"McDowell County","watershed":"North Fork Catawba River"},"geometry":{"type":"Polygon","coordinates":[[[-81.912119,35.887625],[-81.911464,35.887608],[-81.911458,35.887385],[-81.911773,35.887327],[-81.911446,35.887146],[-81.9111,35.887209],[-81.910222,35.887031],[-81.910183,35.8869],[-81.910356,35.886864],[-81.910106,35.886627],[-81.91077,35.886609],[-81.911229,35.886871],[-81.910486,35.886287],[-81.911343,35.886268],[-81.911559,35.886878],[-81.911809,35.886803],[-81.912136,35.887427],[-81.912897,35.887531],[-81.913337,35.8874],[-81.914077,35.887875],[-81.914581,35.88795],[-81.914556,35.88761],[-81.914727,35.887559],[-81.915198,35.888068],[-81.915583,35.888059],[-81.91571,35.887905],[-81.916157,35.887265],[-81.916052,35.887033],[-81.916368,35.886488],[-81.916322,35.88615],[-81.915438,35.88583],[-81.915259,35.88555],[-81.915706,35.885628],[-81.916135,35.885957],[-81.916536,35.885975],[-81.916673,35.885443],[-81.916817,35.885412],[-81.916811,35.885858],[-81.917983,35.886628],[-81.917951,35.886738],[-81.917566,35.886633],[-81.916661,35.886076],[-81.916497,35.886132],[-81.916539,35.886359],[-81.91694,35.886389],[-81.917914,35.887035],[-81.917621,35.887101],[-81.91659,35.886529],[-81.91623,35.88707],[-81.916568,35.88765],[-81.917728,35.887431],[-81.91812,35.887535],[-81.918097,35.887812],[-81.916529,35.887941],[-81.91714,35.888597],[-81.917656,35.888211],[-81.918089,35.888151],[-81.918182,35.888386],[-81.917549,35.888622],[-81.917408,35.888909],[-81.917807,35.889215],[-81.91838,35.888991],[-81.918459,35.889156],[-81.918249,35.88932],[-81.918551,35.889312],[-81.918678,35.889458],[-81.918416,35.889629],[-81.918645,35.889729],[-81.918612,35.889936],[-81.917895,35.889817],[-81.9181,35.890296],[-81.917915,35.890422],[-81.917671,35.889819],[-81.917228,35.890031],[-81.916724,35.890551],[-81.916474,35.891107],[-81.917618,35.89197],[-81.917475,35.892246],[-81.916766,35.89171],[-81.916854,35.892275],[-81.917549,35.892829],[-81.917342,35.892939],[-81.916905,35.892688],[-81.917532,35.893319],[-81.917352,35.893519],[-81.917056,35.89332],[-81.917341,35.893653],[-81.917324,35.893969],[-81.917091,35.893933],[-81.916792,35.893452],[-81.916589,35.891681],[-81.916298,35.891072],[-81.916856,35.890145],[-81.917826,35.889453],[-81.917132,35.88876],[-81.916899,35.889352],[-81.916564,35.889446],[-81.916765,35.889062],[-81.916702,35.888446],[-81.91636,35.888883],[-81.91631,35.889629],[-81.915995,35.889676],[-81.915797,35.88932],[-81.916442,35.88852],[-81.916323,35.887865],[-81.915542,35.888683],[-81.915323,35.889664],[-81.915084,35.889808],[-81.914726,35.88964],[-81.915213,35.888704],[-81.916149,35.887895],[-81.916233,35.887408],[-81.915688,35.888187],[-81.91514,35.88824],[-81.91336,35.887735],[-81.912711,35.887857],[-81.912119,35.887625]]]}},{"id":"85928","type":"Feature","properties":{"OBJECTID":1231,"max_category":0,"label":"cat 0","area_acres":14.10828518195765,"county":"McDowell County","watershed":"North Fork Catawba River"},"geometry":{"type":"Polygon","coordinates":[[[-81.913797,35.900461],[-81.912886,35.900427],[-81.912274,35.89993],[-81.912075,35.899464],[-81.912068,35.89898],[-81.913483,35.89733],[-81.913716,35.89628],[-81.912381,35.89486],[-81.912008,35.894647],[-81.912182,35.893472],[-81.91233,35.894199],[-81.912178,35.894588],[-81.913868,35.896126],[-81.914367,35.896855],[-81.914811,35.897009],[-81.915683,35.896931],[-81.915638,35.897093],[-81.914992,35.897334],[-81.915716,35.89725],[-81.915707,35.89751],[-81.916223,35.897561],[-81.915985,35.897723],[-81.91639,35.898161],[-81.916066,35.898269],[-81.915325,35.897785],[-81.915589,35.898404],[-81.915405,35.898534],[-81.914956,35.897717],[-81.915077,35.899264],[-81.914865,35.899487],[-81.914462,35.899287],[-81.914291,35.898188],[-81.914566,35.897391],[-81.913832,35.8965],[-81.913564,35.897498],[-81.913618,35.898113],[-81.914112,35.898674],[-81.913588,35.898661],[-81.914371,35.899533],[-81.914485,35.899955],[-81.914051,35.900066],[-81.913527,35.899283],[-81.913264,35.897813],[-81.912203,35.899097],[-81.912361,35.899748],[-81.912997,35.900104],[-81.913763,35.900237],[-81.913797,35.900461]]]}},{"id":"85997","type":"Feature","properties":{"OBJECTID":5863,"max_category":0,"label":"cat 0","area_acres":3.131546817092565,"county":"McDowell County","watershed":"North Fork Catawba River"},"geometry":{"type":"Polygon","coordinates":[[[-81.935806,35.902223],[-81.936016,35.902355],[-81.93694,35.902279],[-81.937354,35.902463],[-81.936728,35.902426],[-81.936171,35.903105],[-81.934719,35.904203],[-81.934528,35.904186],[-81.934522,35.904037],[-81.935576,35.90341],[-81.936418,35.902488],[-81.935962,35.902497],[-81.935775,35.902366],[-81.934907,35.902497],[-81.933635,35.903423],[-81.933408,35.903404],[-81.933581,35.903008],[-81.934004,35.902898],[-81.934822,35.902366],[-81.935806,35.902223]]]}},{"id":"86019","type":"Feature","properties":{"OBJECTID":879,"max_category":0,"label":"cat 0","area_acres":3.975432471938475,"county":"McDowell County","watershed":"North Fork Catawba River"},"geometry":{"type":"Polygon","coordinates":[[[-81.919139,35.903722],[-81.919206,35.903842],[-81.918929,35.903897],[-81.919048,35.904371],[-81.920783,35.905742],[-81.920512,35.905891],[-81.919935,35.905576],[-81.920325,35.906092],[-81.920069,35.906396],[-81.919832,35.906314],[-81.919555,35.905503],[-81.919271,35.905565],[-81.918928,35.904889],[-81.918752,35.903816],[-81.919139,35.903722]]]}},{"id":"86093","type":"Feature","properties":{"OBJECTID":878,"max_category":0,"label":"cat 0","area_acres":9.38282844356301,"county":"McDowell County","watershed":"North Fork Catawba River"},"geometry":{"type":"Polygon","coordinates":[[[-81.922853,35.899923],[-81.922946,35.900116],[-81.922724,35.900467],[-81.922502,35.901814],[-81.923066,35.902577],[-81.923088,35.9032],[-81.922793,35.903243],[-81.922304,35.902083],[-81.92228,35.901428],[-81.922442,35.901134],[-81.921592,35.901868],[-81.921606,35.902248],[-81.922046,35.902589],[-81.922226,35.903076],[-81.922065,35.90309],[-81.921241,35.902425],[-81.921142,35.902511],[-81.921172,35.90333],[-81.92207,35.90421],[-81.922056,35.90444],[-81.921505,35.904423],[-81.921253,35.903882],[-81.920918,35.9037],[-81.920941,35.902599],[-81.920516,35.902938],[-81.920405,35.903596],[-81.920712,35.903866],[-81.92063,35.90417],[-81.920981,35.904597],[-81.920989,35.904926],[-81.920815,35.905085],[-81.920425,35.904299],[-81.920217,35.903236],[-81.920353,35.902873],[-81.9212,35.902029],[-81.919373,35.9021],[-81.919143,35.902023],[-81.919089,35.90182],[-81.9213,35.901884],[-81.922561,35.900824],[-81.922549,35.900423],[-81.922853,35.899923]]]}},{"id":"86223","type":"Feature","properties":{"OBJECTID":150,"max_category":0,"label":"cat 0","area_acres":2.9770021767843122,"county":"McDowell County","watershed":"North Fork Catawba River"},"geometry":{"type":"Polygon","coordinates":[[[-81.918309,35.909733],[-81.918615,35.909863],[-81.919221,35.909341],[-81.919397,35.908935],[-81.919744,35.908766],[-81.919679,35.909152],[-81.918896,35.909829],[-81.920086,35.909802],[-81.920297,35.909991],[-81.920055,35.910109],[-81.92009,35.910405],[-81.919594,35.910229],[-81.919262,35.910402],[-81.918469,35.910157],[-81.918266,35.909962],[-81.918309,35.909733]],[[-81.918756,35.910003],[-81.918541,35.910008],[-81.918724,35.910053],[-81.918756,35.910003]]]}},{"id":"86270","type":"Feature","properties":{"OBJECTID":19,"max_category":0,"label":"cat 0","area_acres":39.66547122953233,"county":"McDowell County","watershed":"North Fork Catawba River"},"geometry":{"type":"Polygon","coordinates":[[[-81.941227,35.908221],[-81.941276,35.908353],[-81.940764,35.90843],[-81.940412,35.908759],[-81.940001,35.908806],[-81.939198,35.909261],[-81.938205,35.909508],[-81.937019,35.909482],[-81.936334,35.909956],[-81.935826,35.910115],[-81.935622,35.910475],[-81.935281,35.910156],[-81.934431,35.910012],[-81.933376,35.910339],[-81.932385,35.910253],[-81.931681,35.910408],[-81.931048,35.91067],[-81.930111,35.911338],[-81.93012,35.911775],[-81.929733,35.912184],[-81.929554,35.912009],[-81.929749,35.91181],[-81.92973,35.91127],[-81.929522,35.911421],[-81.929178,35.911718],[-81.929132,35.912718],[-81.928794,35.912813],[-81.928081,35.913379],[-81.927944,35.913257],[-81.928078,35.913063],[-81.927698,35.913224],[-81.927502,35.913111],[-81.928449,35.91228],[-81.928436,35.911852],[-81.928607,35.911691],[-81.928417,35.911695],[-81.927779,35.912246],[-81.92766,35.912603],[-81.927369,35.912677],[-81.927483,35.912266],[-81.928004,35.911815],[-81.927714,35.911877],[-81.926554,35.912934],[-81.926412,35.913481],[-81.926169,35.913551],[-81.926123,35.913335],[-81.92577,35.913627],[-81.925702,35.913377],[-81.925251,35.913515],[-81.925258,35.913309],[-81.925884,35.912969],[-81.926834,35.912145],[-81.925691,35.912856],[-81.925904,35.912278],[-81.925364,35.912744],[-81.925116,35.913241],[-81.924936,35.913201],[-81.92506,35.912921],[-81.924562,35.913242],[-81.924527,35.912895],[-81.925181,35.912158],[-81.924417,35.912145],[-81.923357,35.91291],[-81.923343,35.912695],[-81.923929,35.91216],[-81.923435,35.912199],[-81.92283,35.912644],[-81.922716,35.912247],[-81.923343,35.911866],[-81.921515,35.911111],[-81.92178,35.910724],[-81.922249,35.910833],[-81.922552,35.911143],[-81.922973,35.911093],[-81.923087,35.911447],[-81.923589,35.911806],[-81.924388,35.911787],[-81.923866,35.911435],[-81.924047,35.9113],[-81.924957,35.911813],[-81.924668,35.911398],[-81.924825,35.911309],[-81.925378,35.911735],[-81.926329,35.911958],[-81.927108,35.91171],[-81.926075,35.911607],[-81.925467,35.911333],[-81.925326,35.91104],[-81.927149,35.911422],[-81.927583,35.911655],[-81.927791,35.911458],[-81.927684,35.911136],[-81.928205,35.911447],[-81.929111,35.911426],[-81.929934,35.910891],[-81.930642,35.910784],[-81.931531,35.910329],[-81.930681,35.909992],[-81.929842,35.910012],[-81.928422,35.910678],[-81.928267,35.910436],[-81.927588,35.91067],[-81.927622,35.910418],[-81.926869,35.910549],[-81.926673,35.910308],[-81.926181,35.910512],[-81.9259,35.910356],[-81.925365,35.910696],[-81.924913,35.910408],[-81.925723,35.910166],[-81.923668,35.910242],[-81.922862,35.910619],[-81.922786,35.910459],[-81.923152,35.910168],[-81.922211,35.91036],[-81.922032,35.910147],[-81.922269,35.909919],[-81.923034,35.909758],[-81.923554,35.909883],[-81.925275,35.909759],[-81.925779,35.909884],[-81.927291,35.909601],[-81.928325,35.910098],[-81.928515,35.909984],[-81.928867,35.91014],[-81.929392,35.910018],[-81.928915,35.909732],[-81.928034,35.90967],[-81.928142,35.909402],[-81.928498,35.909352],[-81.929535,35.909931],[-81.929502,35.909758],[-81.929911,35.909649],[-81.931707,35.910209],[-81.932951,35.910097],[-81.933323,35.910198],[-81.934086,35.909877],[-81.935341,35.910016],[-81.935501,35.909788],[-81.935883,35.909971],[-81.936949,35.909345],[-81.938158,35.909367],[-81.939129,35.909123],[-81.939921,35.908672],[-81.94026,35.908656],[-81.940751,35.908267],[-81.941227,35.908221]],[[-81.930243,35.911015],[-81.930183,35.911021],[-81.93007,35.911164],[-81.930243,35.911015]],[[-81.929042,35.91157],[-81.928676,35.91184],[-81.928687,35.912132],[-81.928909,35.91194],[-81.929042,35.91157]]]}},{"id":"86305","type":"Feature","properties":{"OBJECTID":124,"max_category":0,"label":"cat 0","area_acres":0.07756205054988374,"county":"Burke County","watershed":"North Fork Catawba River"},"geometry":{"type":"MultiPolygon","coordinates":[[[[-81.913599,35.869354],[-81.913597,35.869598],[-81.913433,35.869743],[-81.913599,35.869354]]],[[[-81.914144,35.867997],[-81.91415,35.868074],[-81.914096,35.868119],[-81.914144,35.867997]]],[[[-81.913744,35.869015],[-81.913748,35.8691],[-81.913685,35.869153],[-81.913744,35.869015]]]]}},{"id":"86333","type":"Feature","properties":{"OBJECTID":17,"max_category":0,"label":"cat 0","area_acres":13.80229307424754,"county":"McDowell County","watershed":"North Fork Catawba River"},"geometry":{"type":"Polygon","coordinates":[[[-81.935814,35.894994],[-81.935884,35.895111],[-81.935319,35.895475],[-81.932907,35.895812],[-81.932794,35.895933],[-81.933,35.896104],[-81.933022,35.896622],[-81.932793,35.897326],[-81.9325,35.897276],[-81.932459,35.896196],[-81.931871,35.896564],[-81.931779,35.896954],[-81.931441,35.896808],[-81.931389,35.897426],[-81.931217,35.897752],[-81.931005,35.897822],[-81.930969,35.898163],[-81.93074,35.898225],[-81.930669,35.897974],[-81.930958,35.897654],[-81.931198,35.896806],[-81.92943,35.898162],[-81.929348,35.8986],[-81.928476,35.898872],[-81.928421,35.899393],[-81.928248,35.899719],[-81.928017,35.899799],[-81.927924,35.899579],[-81.928316,35.898803],[-81.9302,35.897289],[-81.929642,35.897527],[-81.92957,35.897387],[-81.929889,35.897011],[-81.929519,35.897155],[-81.929434,35.896912],[-81.928592,35.897416],[-81.928301,35.898085],[-81.927657,35.898644],[-81.926942,35.899826],[-81.926627,35.899912],[-81.926744,35.899398],[-81.927287,35.898926],[-81.927124,35.898847],[-81.927156,35.898673],[-81.928166,35.897968],[-81.928761,35.896663],[-81.929726,35.89668],[-81.929565,35.89648],[-81.929723,35.896405],[-81.930272,35.896722],[-81.930792,35.89671],[-81.930908,35.896678],[-81.930329,35.896454],[-81.930331,35.896298],[-81.930591,35.89628],[-81.93128,35.896587],[-81.931889,35.89637],[-81.931355,35.895986],[-81.930725,35.895849],[-81.930626,35.895651],[-81.931222,35.895691],[-81.932044,35.896292],[-81.932899,35.895647],[-81.934714,35.895488],[-81.935814,35.894994]]]}},{"id":"86368","type":"Feature","properties":{"OBJECTID":7172,"max_category":0,"label":"cat 0","area_acres":33.964831455467035,"county":"McDowell County","watershed":"North Fork Catawba River"},"geometry":{"type":"Polygon","coordinates":[[[-81.950651,35.901848],[-81.950014,35.902594],[-81.951327,35.901855],[-81.951639,35.902005],[-81.952298,35.901632],[-81.953943,35.901512],[-81.954214,35.901666],[-81.954055,35.901799],[-81.95443,35.901846],[-81.954603,35.902097],[-81.95402,35.902224],[-81.953342,35.901858],[-81.953223,35.901996],[-81.952904,35.901896],[-81.952732,35.902039],[-81.953013,35.902259],[-81.952963,35.902416],[-81.952108,35.902148],[-81.952479,35.902437],[-81.952422,35.902568],[-81.951703,35.902299],[-81.950579,35.902449],[-81.950401,35.902667],[-81.95122,35.902948],[-81.950991,35.903476],[-81.950702,35.903506],[-81.949798,35.902868],[-81.949533,35.90304],[-81.949368,35.903433],[-81.948491,35.903544],[-81.948225,35.903737],[-81.947449,35.903894],[-81.947683,35.903673],[-81.949083,35.903249],[-81.94982,35.902641],[-81.950191,35.90201],[-81.951873,35.900571],[-81.951789,35.8997],[-81.952147,35.899834],[-81.952311,35.900547],[-81.952434,35.900218],[-81.952113,35.89936],[-81.952368,35.899389],[-81.952618,35.900084],[-81.952796,35.899768],[-81.952547,35.899298],[-81.952751,35.899234],[-81.953081,35.89943],[-81.952704,35.899032],[-81.952702,35.898823],[-81.952937,35.898779],[-81.953249,35.899235],[-81.953474,35.89909],[-81.953784,35.898004],[-81.954024,35.898038],[-81.954092,35.898252],[-81.954275,35.897917],[-81.954358,35.897083],[-81.954615,35.896998],[-81.954663,35.897249],[-81.954997,35.89679],[-81.955435,35.897194],[-81.954845,35.897604],[-81.954577,35.898059],[-81.954771,35.898054],[-81.955138,35.897716],[-81.955695,35.898084],[-81.954851,35.89825],[-81.954889,35.898472],[-81.9543,35.898722],[-81.954398,35.898924],[-81.954001,35.89904],[-81.953181,35.899692],[-81.952519,35.9005],[-81.952995,35.900296],[-81.953604,35.899744],[-81.954549,35.899351],[-81.955085,35.898663],[-81.955786,35.898509],[-81.956299,35.89788],[-81.956585,35.898173],[-81.95636,35.898505],[-81.956467,35.898685],[-81.955854,35.898798],[-81.95681,35.898776],[-81.956885,35.89894],[-81.955826,35.899134],[-81.955902,35.899346],[-81.956963,35.899198],[-81.956807,35.899535],[-81.956085,35.899704],[-81.956054,35.899976],[-81.955465,35.899828],[-81.955703,35.9],[-81.955621,35.900124],[-81.954585,35.899822],[-81.953566,35.900068],[-81.953145,35.900375],[-81.954383,35.900758],[-81.955403,35.900324],[-81.956499,35.900132],[-81.956553,35.90029],[-81.956221,35.900546],[-81.954898,35.900802],[-81.955739,35.900727],[-81.956037,35.900962],[-81.955525,35.901059],[-81.95648,35.900982],[-81.956591,35.901128],[-81.956257,35.901395],[-81.955949,35.901435],[-81.95594,35.9017],[-81.955701,35.901719],[-81.955244,35.901518],[-81.954917,35.901107],[-81.954617,35.901055],[-81.954845,35.901312],[-81.954648,35.901486],[-81.954182,35.901238],[-81.953999,35.900937],[-81.95375,35.901024],[-81.953172,35.900517],[-81.952873,35.900524],[-81.95236,35.900806],[-81.953281,35.900912],[-81.953581,35.901174],[-81.953527,35.901431],[-81.952548,35.900999],[-81.951741,35.901021],[-81.950651,35.901848]],[[-81.955435,35.899528],[-81.954963,35.899539],[-81.955068,35.899586],[-81.955435,35.899528]]]}},{"id":"86425","type":"Feature","properties":{"OBJECTID":6070,"max_category":0,"label":"cat 0","area_acres":1.5023791698857667,"county":"McDowell County","watershed":"North Fork Catawba River"},"geometry":{"type":"Polygon","coordinates":[[[-81.943219,35.90078],[-81.944593,35.901324],[-81.945095,35.901339],[-81.945649,35.901024],[-81.945919,35.90113],[-81.945522,35.90146],[-81.945089,35.901591],[-81.944182,35.901387],[-81.943188,35.900923],[-81.942755,35.901071],[-81.942866,35.900885],[-81.943219,35.90078]]]}},{"id":"86441","type":"Feature","properties":{"OBJECTID":18,"max_category":0,"label":"cat 0","area_acres":35.6219835259247,"county":"McDowell County","watershed":"North Fork Catawba River"},"geometry":{"type":"Polygon","coordinates":[[[-81.936337,35.906607],[-81.936392,35.906815],[-81.936163,35.90699],[-81.935681,35.907068],[-81.93465,35.907582],[-81.933613,35.907805],[-81.933139,35.908144],[-81.932408,35.908109],[-81.931999,35.908462],[-81.93181,35.909073],[-81.931535,35.909257],[-81.931409,35.909124],[-81.931599,35.908607],[-81.931996,35.908256],[-81.931671,35.908264],[-81.931295,35.908589],[-81.931094,35.909212],[-81.931022,35.908629],[-81.931357,35.908327],[-81.930493,35.908995],[-81.929974,35.909074],[-81.929728,35.908942],[-81.930232,35.908738],[-81.927965,35.908793],[-81.927727,35.908661],[-81.926712,35.908713],[-81.926577,35.908606],[-81.924334,35.908708],[-81.9247,35.908344],[-81.928457,35.908231],[-81.924342,35.90833],[-81.923754,35.908811],[-81.923417,35.908574],[-81.923986,35.908058],[-81.92852,35.90795],[-81.928725,35.908082],[-81.930175,35.907937],[-81.931325,35.908184],[-81.932065,35.908112],[-81.93226,35.90797],[-81.933075,35.908005],[-81.933398,35.907783],[-81.930341,35.907689],[-81.929729,35.907046],[-81.929354,35.906946],[-81.926661,35.907065],[-81.926391,35.907288],[-81.926057,35.90719],[-81.924976,35.907572],[-81.925099,35.907189],[-81.925982,35.907054],[-81.923507,35.907113],[-81.922329,35.906916],[-81.922268,35.906742],[-81.922963,35.906544],[-81.923708,35.906801],[-81.923863,35.906688],[-81.924986,35.90666],[-81.925143,35.906524],[-81.923272,35.906445],[-81.92326,35.906209],[-81.923927,35.906328],[-81.924757,35.906116],[-81.923738,35.905999],[-81.923621,35.905825],[-81.92376,35.905701],[-81.925073,35.906136],[-81.926379,35.906132],[-81.926004,35.905872],[-81.925247,35.905888],[-81.924341,35.905609],[-81.923309,35.905503],[-81.92346,35.905354],[-81.924054,35.905281],[-81.925526,35.9055],[-81.9272,35.906415],[-81.925712,35.905274],[-81.92495,35.90529],[-81.923288,35.904798],[-81.923665,35.90463],[-81.924047,35.904841],[-81.925793,35.905141],[-81.927587,35.906515],[-81.929345,35.906779],[-81.930017,35.907071],[-81.93064,35.907078],[-81.930999,35.907478],[-81.931477,35.907576],[-81.93091,35.907069],[-81.930893,35.906888],[-81.93111,35.906848],[-81.931612,35.90712],[-81.932156,35.90767],[-81.933265,35.907671],[-81.934575,35.907447],[-81.935606,35.906933],[-81.936074,35.906861],[-81.936337,35.906607]],[[-81.926635,35.906489],[-81.925391,35.906518],[-81.925201,35.906682],[-81.927376,35.90663],[-81.926635,35.906489]],[[-81.930523,35.908539],[-81.927973,35.9086],[-81.928001,35.908622],[-81.930523,35.908539]]]}},{"id":"86443","type":"Feature","properties":{"OBJECTID":6059,"max_category":0,"label":"cat 0","area_acres":2.917493417680902,"county":"McDowell County","watershed":"North Fork Catawba River"},"geometry":{"type":"Polygon","coordinates":[[[-81.929267,35.888923],[-81.929412,35.888776],[-81.929841,35.888782],[-81.930174,35.889386],[-81.930147,35.889014],[-81.930453,35.889012],[-81.930536,35.889556],[-81.930829,35.889727],[-81.931453,35.889775],[-81.930775,35.889869],[-81.930148,35.889584],[-81.929851,35.889701],[-81.928497,35.889706],[-81.928328,35.890022],[-81.927953,35.889957],[-81.927836,35.889783],[-81.928008,35.889631],[-81.929838,35.889537],[-81.929267,35.888923]]]}},{"id":"86467","type":"Feature","properties":{"OBJECTID":214,"max_category":0,"label":"cat 0","area_acres":17.144871597050464,"county":"McDowell County","watershed":"North Fork Catawba River"},"geometry":{"type":"Polygon","coordinates":[[[-81.922123,35.877046],[-81.925274,35.876476],[-81.925941,35.876582],[-81.921762,35.87717],[-81.921237,35.877347],[-81.920176,35.877208],[-81.919338,35.877393],[-81.918696,35.877806],[-81.918325,35.878551],[-81.918032,35.878547],[-81.918091,35.878054],[-81.917936,35.877949],[-81.917079,35.877985],[-81.917048,35.877777],[-81.917286,35.877711],[-81.916962,35.877655],[-81.916917,35.877491],[-81.917666,35.877429],[-81.918099,35.877665],[-81.918567,35.877681],[-81.919025,35.877348],[-81.919766,35.877158],[-81.919327,35.877141],[-81.919013,35.876934],[-81.917654,35.876966],[-81.917047,35.876733],[-81.916445,35.876689],[-81.915714,35.876298],[-81.914889,35.876251],[-81.914794,35.875841],[-81.916709,35.876599],[-81.917106,35.876593],[-81.917697,35.876822],[-81.919061,35.876791],[-81.919392,35.877002],[-81.919751,35.876993],[-81.919098,35.876492],[-81.917958,35.876488],[-81.917361,35.876094],[-81.916229,35.875809],[-81.914989,35.874914],[-81.914243,35.874897],[-81.913827,35.874438],[-81.91451,35.874407],[-81.916304,35.875674],[-81.917432,35.875957],[-81.918017,35.876347],[-81.91912,35.876348],[-81.917881,35.875532],[-81.917275,35.875486],[-81.916954,35.875197],[-81.916284,35.875027],[-81.916292,35.874889],[-81.916549,35.874871],[-81.917217,35.875075],[-81.916565,35.874707],[-81.916478,35.874486],[-81.916661,35.874401],[-81.916947,35.874521],[-81.915927,35.873792],[-81.915232,35.873806],[-81.914907,35.873596],[-81.913973,35.873534],[-81.913879,35.873408],[-81.914204,35.873224],[-81.915286,35.873664],[-81.916008,35.873659],[-81.919394,35.876122],[-81.919849,35.876233],[-81.921081,35.877016],[-81.922123,35.877046]],[[-81.919333,35.876262],[-81.920203,35.877037],[-81.921184,35.877205],[-81.919769,35.876366],[-81.919333,35.876262]]]}},{"id":"86538","type":"Feature","properties":{"OBJECTID":6061,"max_category":0,"label":"cat 0","area_acres":1.1909487592570607,"county":"McDowell County","watershed":"North Fork Catawba River"},"geometry":{"type":"Polygon","coordinates":[[[-81.951091,35.905427],[-81.95125,35.905623],[-81.950911,35.906063],[-81.950368,35.906137],[-81.949477,35.906004],[-81.949554,35.905904],[-81.950297,35.905968],[-81.951091,35.905427]]]}},{"id":"86618","type":"Feature","properties":{"OBJECTID":1199,"max_category":0,"label":"cat 0","area_acres":19.51152268666102,"county":"McDowell County","watershed":"North Fork Catawba River"},"geometry":{"type":"Polygon","coordinates":[[[-81.911316,35.87843],[-81.911608,35.877714],[-81.912484,35.878803],[-81.913278,35.879468],[-81.913091,35.878955],[-81.913256,35.878871],[-81.912988,35.878659],[-81.912792,35.87817],[-81.912847,35.878041],[-81.913202,35.878126],[-81.913694,35.87878],[-81.913829,35.879568],[-81.914135,35.879805],[-81.914393,35.879472],[-81.914573,35.879498],[-81.914688,35.879973],[-81.915081,35.88005],[-81.915075,35.880417],[-81.916195,35.881491],[-81.916502,35.881362],[-81.91696,35.881599],[-81.917085,35.882079],[-81.916364,35.882452],[-81.916186,35.883139],[-81.916974,35.88345],[-81.91741,35.883838],[-81.91836,35.883569],[-81.918829,35.883624],[-81.918443,35.883899],[-81.918455,35.884239],[-81.918856,35.884832],[-81.918617,35.884913],[-81.918447,35.884799],[-81.918237,35.884007],[-81.917656,35.884565],[-81.917663,35.884753],[-81.918341,35.885221],[-81.918343,35.885576],[-81.91815,35.885563],[-81.917183,35.884744],[-81.917192,35.884589],[-81.917496,35.884495],[-81.918247,35.883819],[-81.91734,35.883975],[-81.916889,35.883581],[-81.916144,35.883303],[-81.915815,35.882837],[-81.915187,35.882755],[-81.914919,35.882571],[-81.914871,35.882062],[-81.914471,35.881645],[-81.913407,35.880931],[-81.913511,35.880688],[-81.914387,35.880904],[-81.915086,35.881848],[-81.915251,35.882474],[-81.915894,35.882703],[-81.915451,35.882185],[-81.915699,35.882074],[-81.916065,35.882245],[-81.916163,35.882481],[-81.916572,35.881842],[-81.916044,35.88157],[-81.914674,35.880226],[-81.913919,35.879886],[-81.912984,35.880129],[-81.912197,35.879873],[-81.910788,35.87993],[-81.910672,35.879711],[-81.910091,35.879459],[-81.909962,35.879268],[-81.910142,35.879178],[-81.911063,35.879537],[-81.910367,35.879103],[-81.910694,35.878887],[-81.911682,35.879522],[-81.913476,35.87976],[-81.912461,35.879409],[-81.912102,35.879132],[-81.911316,35.87843]]]}},{"id":"86750","type":"Feature","properties":{"OBJECTID":15,"max_category":0,"label":"cat 0","area_acres":11.412820423188698,"county":"McDowell County","watershed":"North Fork Catawba River"},"geometry":{"type":"Polygon","coordinates":[[[-81.925151,35.897606],[-81.924548,35.897973],[-81.924493,35.897713],[-81.925363,35.897007],[-81.924546,35.897249],[-81.924404,35.897024],[-81.924736,35.896748],[-81.925637,35.896668],[-81.926914,35.895736],[-81.925904,35.895897],[-81.925926,35.895656],[-81.92724,35.895426],[-81.925579,35.895464],[-81.925371,35.895358],[-81.925485,35.895157],[-81.927608,35.895054],[-81.927981,35.895155],[-81.92941,35.894516],[-81.930814,35.892738],[-81.930556,35.892146],[-81.930785,35.892046],[-81.931012,35.892499],[-81.931312,35.892559],[-81.931254,35.892883],[-81.931403,35.893046],[-81.931169,35.893131],[-81.930842,35.892977],[-81.930025,35.89408],[-81.930413,35.894627],[-81.930332,35.895004],[-81.930126,35.894932],[-81.929856,35.894282],[-81.929735,35.894468],[-81.929961,35.895013],[-81.929332,35.894704],[-81.929074,35.894872],[-81.929094,35.895417],[-81.929447,35.895869],[-81.92937,35.896175],[-81.929146,35.896214],[-81.928836,35.895806],[-81.92879,35.894976],[-81.927493,35.895529],[-81.925151,35.897606]]]}},{"id":"86844","type":"Feature","properties":{"OBJECTID":7183,"max_category":0,"label":"cat 0","area_acres":3.26477910478479,"county":"McDowell County","watershed":"North Fork Catawba River"},"geometry":{"type":"Polygon","coordinates":[[[-81.950326,35.903906],[-81.95052,35.904161],[-81.950052,35.904598],[-81.948531,35.904642],[-81.947821,35.905004],[-81.947752,35.904711],[-81.949157,35.903502],[-81.950123,35.903445],[-81.950336,35.903689],[-81.950121,35.903834],[-81.949241,35.903718],[-81.94803,35.904763],[-81.948478,35.904501],[-81.949535,35.90453],[-81.95,35.904299],[-81.950326,35.903906]]]}},{"id":"86902","type":"Feature","properties":{"OBJECTID":146,"max_category":0,"label":"cat 0","area_acres":12.346197800850971,"county":"McDowell County","watershed":"North Fork Catawba River"},"geometry":{"type":"Polygon","coordinates":[[[-81.926615,35.889086],[-81.926688,35.889199],[-81.926436,35.889287],[-81.924201,35.889507],[-81.923815,35.890121],[-81.923528,35.890079],[-81.92365,35.889465],[-81.923447,35.88936],[-81.922201,35.889308],[-81.921466,35.889971],[-81.921391,35.890601],[-81.921223,35.890587],[-81.921167,35.89031],[-81.920718,35.890785],[-81.920216,35.890907],[-81.919936,35.891573],[-81.919672,35.891349],[-81.919196,35.891644],[-81.919454,35.891215],[-81.919229,35.891098],[-81.920547,35.890414],[-81.922019,35.889257],[-81.920636,35.888988],[-81.919697,35.890047],[-81.91943,35.889866],[-81.919575,35.88962],[-81.919044,35.88972],[-81.919028,35.889575],[-81.91932,35.889381],[-81.919998,35.889245],[-81.920355,35.889022],[-81.919354,35.889046],[-81.91882,35.889279],[-81.918629,35.889097],[-81.918685,35.888906],[-81.919221,35.888715],[-81.920312,35.88877],[-81.919463,35.887817],[-81.919599,35.887473],[-81.920173,35.888099],[-81.92023,35.888484],[-81.92064,35.888817],[-81.920594,35.88848],[-81.919949,35.887453],[-81.920061,35.887347],[-81.92041,35.887422],[-81.920818,35.888014],[-81.920936,35.888893],[-81.923088,35.889198],[-81.923283,35.889044],[-81.923162,35.888494],[-81.923319,35.888396],[-81.92361,35.888634],[-81.923671,35.889309],[-81.923928,35.889426],[-81.926615,35.889086]]]}},{"id":"86908","type":"Feature","properties":{"OBJECTID":1230,"max_category":0,"label":"cat 0","area_acres":0.9577498610426659,"county":"McDowell County","watershed":"North Fork Catawba River"},"geometry":{"type":"Polygon","coordinates":[[[-81.911441,35.895413],[-81.911705,35.896555],[-81.911417,35.896766],[-81.911223,35.89554],[-81.911441,35.895413]]]}},{"id":"86932","type":"Feature","properties":{"OBJECTID":7178,"max_category":0,"label":"cat 0","area_acres":14.384825695651024,"county":"McDowell County","watershed":"North Fork Catawba River"},"geometry":{"type":"Polygon","coordinates":[[[-81.951426,35.905039],[-81.9501,35.905044],[-81.949801,35.905266],[-81.948561,35.905466],[-81.948151,35.905721],[-81.94778,35.905641],[-81.948492,35.905328],[-81.949191,35.90528],[-81.95003,35.904906],[-81.951094,35.904657],[-81.951335,35.904336],[-81.951106,35.903587],[-81.951338,35.903512],[-81.951415,35.903162],[-81.951616,35.902999],[-81.951779,35.903043],[-81.951708,35.903418],[-81.952021,35.903156],[-81.95218,35.903241],[-81.951628,35.903866],[-81.951569,35.904248],[-81.952266,35.903929],[-81.952453,35.903176],[-81.952814,35.902633],[-81.95319,35.902463],[-81.953303,35.902632],[-81.953049,35.903],[-81.953405,35.902852],[-81.953457,35.903183],[-81.952912,35.903437],[-81.952607,35.903881],[-81.953046,35.90376],[-81.953097,35.903985],[-81.95173,35.904345],[-81.951184,35.904786],[-81.950643,35.904943],[-81.951373,35.904898],[-81.952064,35.904634],[-81.952984,35.904611],[-81.953205,35.904081],[-81.953585,35.90398],[-81.953657,35.903081],[-81.953883,35.902901],[-81.954051,35.90236],[-81.95435,35.902318],[-81.954359,35.902792],[-81.954571,35.902759],[-81.954957,35.9022],[-81.95525,35.902101],[-81.955326,35.902765],[-81.95444,35.903206],[-81.953736,35.904264],[-81.953968,35.904215],[-81.954568,35.90347],[-81.954904,35.903301],[-81.954989,35.903503],[-81.954717,35.903777],[-81.955211,35.90354],[-81.955306,35.903752],[-81.954875,35.904232],[-81.953294,35.904664],[-81.953084,35.90497],[-81.95205,35.904804],[-81.951426,35.905039]]]}},{"id":"87117","type":"Feature","properties":{"OBJECTID":122,"max_category":0,"label":"cat 0","area_acres":11.037978558107614,"county":"Burke County","watershed":"Lower Linville River"},"geometry":{"type":"Polygon","coordinates":[[[-81.899497,35.872254],[-81.900538,35.872972],[-81.901634,35.873002],[-81.902426,35.872789],[-81.90304,35.873077],[-81.904047,35.873026],[-81.904951,35.872568],[-81.906055,35.872454],[-81.906393,35.872283],[-81.906541,35.872433],[-81.906175,35.872728],[-81.906341,35.872806],[-81.907853,35.872687],[-81.908,35.872821],[-81.908955,35.8728],[-81.90945,35.872623],[-81.909417,35.872925],[-81.910581,35.87279],[-81.910785,35.872904],[-81.910604,35.873062],[-81.910973,35.873058],[-81.911135,35.87324],[-81.91041,35.873347],[-81.909078,35.873268],[-81.908019,35.87298],[-81.907395,35.873034],[-81.907385,35.87328],[-81.906771,35.873048],[-81.906511,35.873247],[-81.905896,35.872795],[-81.90502,35.872706],[-81.904891,35.872817],[-81.905006,35.873082],[-81.904694,35.873043],[-81.90465,35.87329],[-81.904191,35.873165],[-81.901736,35.873471],[-81.901124,35.873288],[-81.901134,35.873505],[-81.900678,35.873495],[-81.900173,35.87326],[-81.899423,35.872387],[-81.899497,35.872254]],[[-81.901912,35.873218],[-81.90178,35.873222],[-81.901998,35.873239],[-81.901912,35.873218]]]}},{"id":"87123","type":"Feature","properties":{"OBJECTID":8708,"max_category":0,"label":"cat 0","area_acres":2.747521248628679,"county":"Burke County","watershed":"Lower Linville River"},"geometry":{"type":"Polygon","coordinates":[[[-81.89682,35.892711],[-81.896953,35.893068],[-81.896692,35.893282],[-81.895835,35.893427],[-81.895208,35.893744],[-81.894839,35.893525],[-81.895014,35.893338],[-81.895354,35.893301],[-81.894139,35.892906],[-81.894603,35.892737],[-81.895824,35.893119],[-81.896729,35.89307],[-81.89682,35.892711]]]}},{"id":"87162","type":"Feature","properties":{"OBJECTID":117,"max_category":0,"label":"cat 0","area_acres":83.31932510117501,"county":"Burke County","watershed":"Lower Linville River"},"geometry":{"type":"Polygon","coordinates":[[[-81.89897,35.860394],[-81.89915,35.860637],[-81.899689,35.860684],[-81.899868,35.860867],[-81.900908,35.86046],[-81.901494,35.860474],[-81.902441,35.861081],[-81.903598,35.861081],[-81.904339,35.861283],[-81.904987,35.861158],[-81.905101,35.860425],[-81.905572,35.860527],[-81.905837,35.860423],[-81.906077,35.860634],[-81.905317,35.86115],[-81.906204,35.861184],[-81.906405,35.860602],[-81.906601,35.860774],[-81.906478,35.861123],[-81.907297,35.860828],[-81.907288,35.861114],[-81.907709,35.860806],[-81.907646,35.860321],[-81.908443,35.860058],[-81.909159,35.859501],[-81.909896,35.858719],[-81.909795,35.858299],[-81.910107,35.858232],[-81.910328,35.858363],[-81.91006,35.858783],[-81.91151,35.858968],[-81.912645,35.858391],[-81.912749,35.858559],[-81.913241,35.858477],[-81.9133,35.858616],[-81.913124,35.858688],[-81.913279,35.858796],[-81.912914,35.858966],[-81.91196,35.859045],[-81.912148,35.859253],[-81.912067,35.859373],[-81.911686,35.859189],[-81.91061,35.859074],[-81.910394,35.858918],[-81.909961,35.858956],[-81.909528,35.859593],[-81.90995,35.859689],[-81.909959,35.859948],[-81.909283,35.859824],[-81.909025,35.860044],[-81.909407,35.860102],[-81.909426,35.860239],[-81.908422,35.860312],[-81.908081,35.860551],[-81.908152,35.860815],[-81.907948,35.861005],[-81.90831,35.861051],[-81.90857,35.860852],[-81.909185,35.860918],[-81.90955,35.860719],[-81.909589,35.860938],[-81.909927,35.860105],[-81.910228,35.860257],[-81.909869,35.860593],[-81.909879,35.860905],[-81.910852,35.860825],[-81.911282,35.860638],[-81.911004,35.860334],[-81.911112,35.860167],[-81.911519,35.860147],[-81.911555,35.860535],[-81.911826,35.860426],[-81.911596,35.859807],[-81.911787,35.859741],[-81.912035,35.859989],[-81.91196,35.859638],[-81.912261,35.8594],[-81.912759,35.85945],[-81.912357,35.860229],[-81.912737,35.860231],[-81.913124,35.859387],[-81.913624,35.859167],[-81.913873,35.85928],[-81.914191,35.859124],[-81.914277,35.859243],[-81.914676,35.859207],[-81.914672,35.859361],[-81.913637,35.859802],[-81.913198,35.860249],[-81.914366,35.859594],[-81.914802,35.859525],[-81.91496,35.859594],[-81.914911,35.859751],[-81.913766,35.860371],[-81.915323,35.859925],[-81.915319,35.86019],[-81.914321,35.860523],[-81.915705,35.860546],[-81.915747,35.860708],[-81.91701,35.860847],[-81.917389,35.861267],[-81.917139,35.861445],[-81.916102,35.860843],[-81.915718,35.860852],[-81.915463,35.861023],[-81.913723,35.860761],[-81.91425,35.861321],[-81.914969,35.861194],[-81.915357,35.861284],[-81.915281,35.861434],[-81.914645,35.861532],[-81.915376,35.861544],[-81.915478,35.861678],[-81.915961,35.861561],[-81.916221,35.861781],[-81.915829,35.861918],[-81.916733,35.862122],[-81.916514,35.862272],[-81.917,35.862646],[-81.91679,35.862998],[-81.915853,35.862388],[-81.915542,35.862521],[-81.915425,35.862218],[-81.914881,35.86197],[-81.915151,35.862454],[-81.916607,35.863178],[-81.916547,35.863349],[-81.916299,35.863362],[-81.916317,35.863774],[-81.916007,35.863923],[-81.915748,35.863398],[-81.914547,35.862745],[-81.914553,35.862408],[-81.914284,35.862368],[-81.914298,35.861888],[-81.913633,35.86175],[-81.913703,35.861297],[-81.913316,35.860798],[-81.912378,35.860521],[-81.912253,35.86055],[-81.912409,35.860806],[-81.911714,35.860783],[-81.911829,35.860964],[-81.911516,35.861086],[-81.911161,35.860932],[-81.910248,35.86112],[-81.910825,35.861403],[-81.911229,35.861263],[-81.911436,35.861498],[-81.912123,35.861784],[-81.913479,35.861734],[-81.913515,35.862053],[-81.913877,35.862313],[-81.913793,35.862433],[-81.912871,35.862074],[-81.912509,35.862107],[-81.911784,35.861827],[-81.911623,35.861936],[-81.912592,35.862625],[-81.913557,35.862565],[-81.913544,35.862738],[-81.912954,35.862842],[-81.913112,35.862998],[-81.914407,35.862777],[-81.914505,35.862926],[-81.91426,35.86308],[-81.915185,35.863388],[-81.915049,35.863561],[-81.913462,35.863293],[-81.91408,35.863661],[-81.914875,35.863657],[-81.914917,35.86388],[-81.914414,35.86397],[-81.915648,35.864607],[-81.915623,35.864742],[-81.915401,35.864762],[-81.914841,35.86461],[-81.915025,35.86502],[-81.914968,35.865411],[-81.914479,35.865554],[-81.914185,35.864364],[-81.914014,35.864194],[-81.913836,35.864257],[-81.913733,35.863991],[-81.913429,35.863811],[-81.913808,35.8652],[-81.913206,35.864971],[-81.912962,35.863212],[-81.912482,35.862817],[-81.913023,35.864794],[-81.912839,35.864846],[-81.912658,35.864686],[-81.91251,35.864173],[-81.912175,35.864632],[-81.911918,35.864574],[-81.912342,35.8638],[-81.912306,35.862816],[-81.912068,35.862579],[-81.912087,35.863286],[-81.911623,35.863519],[-81.911909,35.863041],[-81.911887,35.862441],[-81.911209,35.861814],[-81.910974,35.861839],[-81.910612,35.861632],[-81.910839,35.862221],[-81.910601,35.862334],[-81.910517,35.861881],[-81.91023,35.861756],[-81.909937,35.861344],[-81.909537,35.861247],[-81.909355,35.861319],[-81.909362,35.861507],[-81.909899,35.86192],[-81.910649,35.862872],[-81.910596,35.863069],[-81.911059,35.863782],[-81.910308,35.863176],[-81.909716,35.862163],[-81.909204,35.861737],[-81.909133,35.861421],[-81.908709,35.861293],[-81.908364,35.861385],[-81.90866,35.861823],[-81.910033,35.862824],[-81.910188,35.863143],[-81.909232,35.862751],[-81.908543,35.862223],[-81.908657,35.862569],[-81.910197,35.863724],[-81.910235,35.863975],[-81.90967,35.863782],[-81.908479,35.862814],[-81.9082,35.862229],[-81.907694,35.862103],[-81.906751,35.861505],[-81.909084,35.863671],[-81.909109,35.863849],[-81.909644,35.864208],[-81.909584,35.864324],[-81.909155,35.86424],[-81.908663,35.863784],[-81.908446,35.863777],[-81.907502,35.862545],[-81.906165,35.861492],[-81.906606,35.861992],[-81.906463,35.862139],[-81.907724,35.863217],[-81.908021,35.863939],[-81.907599,35.863794],[-81.906972,35.862833],[-81.906632,35.862572],[-81.907041,35.863288],[-81.906449,35.86291],[-81.906423,35.862599],[-81.906112,35.86232],[-81.906021,35.861729],[-81.905694,35.861478],[-81.905576,35.861662],[-81.905235,35.861703],[-81.904962,35.861384],[-81.904765,35.861388],[-81.90467,35.861484],[-81.904881,35.861779],[-81.906395,35.863076],[-81.907086,35.86395],[-81.906811,35.864098],[-81.905422,35.862871],[-81.905406,35.863223],[-81.90566,35.863719],[-81.905592,35.864026],[-81.905405,35.864093],[-81.905226,35.863986],[-81.905084,35.862905],[-81.904891,35.862861],[-81.904443,35.861986],[-81.90376,35.861275],[-81.903429,35.861228],[-81.903455,35.861566],[-81.904038,35.862123],[-81.904238,35.862674],[-81.904581,35.862998],[-81.90443,35.863235],[-81.903476,35.862659],[-81.902807,35.86209],[-81.90277,35.86185],[-81.902745,35.861983],[-81.902828,35.862219],[-81.902649,35.862397],[-81.902485,35.862325],[-81.902472,35.861621],[-81.902351,35.861528],[-81.902421,35.861932],[-81.902265,35.862052],[-81.9021,35.861602],[-81.901867,35.861511],[-81.901991,35.862157],[-81.901838,35.862222],[-81.901609,35.86196],[-81.90157,35.861409],[-81.900604,35.860828],[-81.899831,35.861011],[-81.899625,35.860823],[-81.89908,35.860774],[-81.898823,35.860565],[-81.89897,35.860394]],[[-81.903779,35.86211],[-81.903857,35.862408],[-81.904029,35.86254],[-81.903891,35.862409],[-81.903779,35.86211]],[[-81.904818,35.862086],[-81.904724,35.862113],[-81.904932,35.862432],[-81.904818,35.862086]],[[-81.904326,35.86148],[-81.904303,35.861655],[-81.90454,35.861864],[-81.904537,35.861791],[-81.904326,35.86148]],[[-81.907765,35.861315],[-81.907523,35.861377],[-81.908152,35.861861],[-81.908141,35.861544],[-81.907765,35.861315]],[[-81.901237,35.860593],[-81.900744,35.860739],[-81.901604,35.861266],[-81.9025,35.861421],[-81.903436,35.862138],[-81.903185,35.861698],[-81.903168,35.861261],[-81.902371,35.861218],[-81.901237,35.860593]]]}},{"id":"87187","type":"Feature","properties":{"OBJECTID":6378,"max_category":0,"label":"cat 0","area_acres":1.4739847354587354,"county":"Burke County","watershed":"Lower Linville River"},"geometry":{"type":"Polygon","coordinates":[[[-81.897094,35.865495],[-81.897715,35.865811],[-81.898306,35.865811],[-81.898302,35.866186],[-81.896717,35.865907],[-81.896661,35.865726],[-81.897094,35.865495]]]}},{"id":"87196","type":"Feature","properties":{"OBJECTID":133,"max_category":0,"label":"cat 0","area_acres":2.5851314658826157,"county":"Burke County","watershed":"Lower Linville River"},"geometry":{"type":"Polygon","coordinates":[[[-81.900819,35.88019],[-81.901065,35.88045],[-81.900536,35.880453],[-81.900414,35.880703],[-81.899405,35.88048],[-81.898391,35.880778],[-81.898068,35.880694],[-81.897919,35.880467],[-81.89797,35.880347],[-81.898841,35.880378],[-81.899481,35.880119],[-81.900819,35.88019]],[[-81.898545,35.880528],[-81.898126,35.880538],[-81.898127,35.880546],[-81.898386,35.880612],[-81.898545,35.880528]]]}},{"id":"87248","type":"Feature","properties":{"OBJECTID":123,"max_category":0,"label":"cat 0","area_acres":26.455973004111847,"county":"Burke County","watershed":"Lower Linville River"},"geometry":{"type":"Polygon","coordinates":[[[-81.898869,35.873304],[-81.899918,35.873564],[-81.902761,35.873497],[-81.90391,35.873798],[-81.905533,35.873404],[-81.90563,35.873621],[-81.905158,35.873747],[-81.905228,35.873822],[-81.906328,35.873607],[-81.906492,35.873739],[-81.906474,35.874083],[-81.906763,35.874225],[-81.907399,35.87421],[-81.907939,35.873676],[-81.908112,35.873761],[-81.907813,35.874145],[-81.908309,35.874161],[-81.909445,35.873449],[-81.909826,35.87348],[-81.909849,35.873684],[-81.910939,35.873495],[-81.911264,35.873569],[-81.911212,35.873755],[-81.91092,35.87391],[-81.910531,35.873866],[-81.910568,35.874136],[-81.910179,35.873999],[-81.909154,35.874064],[-81.908683,35.874318],[-81.908293,35.874332],[-81.909146,35.874362],[-81.909706,35.874265],[-81.910199,35.874365],[-81.910405,35.874549],[-81.910078,35.874754],[-81.908679,35.874677],[-81.908046,35.874365],[-81.907316,35.874382],[-81.908445,35.874982],[-81.908936,35.875082],[-81.909229,35.874973],[-81.909181,35.875174],[-81.909365,35.875235],[-81.910064,35.875081],[-81.910945,35.874621],[-81.911259,35.874835],[-81.911091,35.875247],[-81.90971,35.875474],[-81.91053,35.875599],[-81.910752,35.875855],[-81.910523,35.876036],[-81.909626,35.875728],[-81.910109,35.876179],[-81.910422,35.876262],[-81.910203,35.876511],[-81.909537,35.876256],[-81.909153,35.875588],[-81.908789,35.875309],[-81.907068,35.874388],[-81.906546,35.874306],[-81.906039,35.873946],[-81.905292,35.874073],[-81.904816,35.873861],[-81.904503,35.874036],[-81.903541,35.87406],[-81.903371,35.873954],[-81.903234,35.873902],[-81.90307,35.873906],[-81.90336,35.873964],[-81.903519,35.87417],[-81.903011,35.874155],[-81.902605,35.874329],[-81.902133,35.874148],[-81.902399,35.87446],[-81.902118,35.874699],[-81.901451,35.874189],[-81.901028,35.874308],[-81.900388,35.873931],[-81.901172,35.874633],[-81.901928,35.87479],[-81.901961,35.874972],[-81.903651,35.875014],[-81.903641,35.875197],[-81.903318,35.875165],[-81.903,35.875446],[-81.902099,35.875269],[-81.90143,35.874893],[-81.901352,35.875019],[-81.899828,35.874892],[-81.899541,35.875034],[-81.898854,35.875018],[-81.898818,35.874803],[-81.89948,35.874787],[-81.899947,35.874695],[-81.898721,35.874777],[-81.898642,35.874476],[-81.899361,35.874568],[-81.900262,35.874435],[-81.9005,35.874547],[-81.900465,35.874705],[-81.901028,35.874719],[-81.90021,35.874304],[-81.899987,35.873732],[-81.899335,35.873446],[-81.898866,35.873432],[-81.898869,35.873304]],[[-81.902253,35.873843],[-81.902059,35.87382],[-81.902281,35.873865],[-81.902253,35.873843]],[[-81.902669,35.873912],[-81.902494,35.873893],[-81.902799,35.873935],[-81.902669,35.873912]]]}},{"id":"87254","type":"Feature","properties":{"OBJECTID":8699,"max_category":0,"label":"cat 0","area_acres":0.4139737121063068,"county":"Burke County","watershed":"Lower Linville River"},"geometry":{"type":"Polygon","coordinates":[[[-81.900033,35.911626],[-81.900115,35.911727],[-81.899856,35.911926],[-81.899365,35.912],[-81.899483,35.911788],[-81.900033,35.911626]]]}},{"id":"87255","type":"Feature","properties":{"OBJECTID":9256,"max_category":0,"label":"cat 0","area_acres":1.2549154009135282,"county":"Burke County","watershed":"Lower Linville River"},"geometry":{"type":"Polygon","coordinates":[[[-81.89454,35.888874],[-81.895305,35.889009],[-81.896533,35.888926],[-81.896608,35.889091],[-81.895135,35.889211],[-81.894523,35.889084],[-81.89454,35.888874]]]}},{"id":"87257","type":"Feature","properties":{"OBJECTID":8707,"max_category":0,"label":"cat 0","area_acres":3.1896004820916954,"county":"Burke County","watershed":"Lower Linville River"},"geometry":{"type":"Polygon","coordinates":[[[-81.896764,35.89208],[-81.896892,35.892258],[-81.896782,35.892524],[-81.895941,35.892982],[-81.895303,35.892834],[-81.895532,35.892582],[-81.894703,35.892549],[-81.895049,35.892291],[-81.89639,35.892089],[-81.896633,35.891893],[-81.896848,35.891994],[-81.896605,35.892111],[-81.896764,35.89208]],[[-81.896564,35.892415],[-81.8959,35.892408],[-81.895865,35.892431],[-81.896564,35.892415]]]}},{"id":"87291","type":"Feature","properties":{"OBJECTID":6371,"max_category":0,"label":"cat 0","area_acres":1.5372968096127033,"county":"Burke County","watershed":"Lower Linville River"},"geometry":{"type":"Polygon","coordinates":[[[-81.900534,35.872259],[-81.901633,35.872484],[-81.901787,35.872628],[-81.900932,35.872715],[-81.899848,35.872344],[-81.899674,35.872106],[-81.899791,35.871973],[-81.900073,35.871994],[-81.900534,35.872259]]]}},{"id":"87302","type":"Feature","properties":{"OBJECTID":9484,"max_category":0,"label":"cat 0","area_acres":0.4947515444735097,"county":"Burke County","watershed":"Lower Linville River"},"geometry":{"type":"Polygon","coordinates":[[[-81.897545,35.886237],[-81.898289,35.88652],[-81.898244,35.886649],[-81.897489,35.886409],[-81.897545,35.886237]]]}},{"id":"87313","type":"Feature","properties":{"OBJECTID":2,"max_category":0,"label":"cat 0","area_acres":27.555568099390463,"county":"Burke County","watershed":"Lower Linville River"},"geometry":{"type":"Polygon","coordinates":[[[-81.912102,35.920806],[-81.915506,35.917898],[-81.915698,35.917928],[-81.915718,35.918202],[-81.915162,35.918686],[-81.915985,35.918641],[-81.916069,35.918838],[-81.915791,35.919032],[-81.914798,35.919085],[-81.914542,35.919278],[-81.915194,35.91921],[-81.915212,35.919399],[-81.914012,35.919593],[-81.91547,35.919602],[-81.915353,35.919823],[-81.914864,35.92004],[-81.914097,35.920146],[-81.914471,35.920324],[-81.914536,35.920585],[-81.913757,35.920346],[-81.913222,35.920359],[-81.913827,35.920604],[-81.913945,35.92084],[-81.913089,35.920555],[-81.912431,35.92073],[-81.913069,35.920722],[-81.913575,35.920998],[-81.913571,35.921133],[-81.912832,35.920918],[-81.912313,35.92093],[-81.912687,35.921152],[-81.912546,35.921359],[-81.911462,35.921198],[-81.911047,35.921981],[-81.910422,35.92218],[-81.910844,35.922091],[-81.910942,35.922312],[-81.910294,35.922567],[-81.910813,35.922474],[-81.911077,35.922741],[-81.911579,35.922729],[-81.911848,35.922695],[-81.912322,35.922259],[-81.912907,35.921988],[-81.913065,35.922087],[-81.91286,35.922314],[-81.91334,35.9221],[-81.913444,35.922362],[-81.913138,35.922774],[-81.911168,35.922937],[-81.911066,35.923103],[-81.9107,35.92303],[-81.911102,35.9234],[-81.912501,35.923368],[-81.912671,35.923438],[-81.912618,35.923626],[-81.911793,35.923884],[-81.91083,35.923494],[-81.910313,35.923919],[-81.909372,35.923748],[-81.908311,35.923857],[-81.9076,35.923767],[-81.907752,35.923487],[-81.908179,35.923305],[-81.90841,35.923396],[-81.908985,35.92256],[-81.908961,35.922242],[-81.909253,35.922015],[-81.909482,35.922213],[-81.90958,35.921685],[-81.909766,35.921713],[-81.909849,35.922084],[-81.910151,35.921187],[-81.910461,35.921261],[-81.910483,35.921806],[-81.910629,35.921453],[-81.910959,35.921452],[-81.9113,35.921101],[-81.911339,35.920416],[-81.911645,35.920588],[-81.911667,35.920784],[-81.911828,35.920591],[-81.91214,35.920565],[-81.912102,35.920806]],[[-81.909684,35.922637],[-81.909653,35.922588],[-81.909562,35.922667],[-81.909684,35.922637]],[[-81.910379,35.923175],[-81.909923,35.923268],[-81.909339,35.923304],[-81.910588,35.923275],[-81.910379,35.923175]],[[-81.914245,35.919757],[-81.913978,35.919764],[-81.913788,35.919928],[-81.914011,35.919895],[-81.914245,35.919757]]]}},{"id":"87314","type":"Feature","properties":{"OBJECTID":6389,"max_category":0,"label":"cat 0","area_acres":1.2384006772036502,"county":"Burke County","watershed":"Lower Linville River"},"geometry":{"type":"Polygon","coordinates":[[[-81.898272,35.873878],[-81.89827,35.874266],[-81.89746,35.874313],[-81.896911,35.874105],[-81.897176,35.873905],[-81.898272,35.873878]]]}},{"id":"87332","type":"Feature","properties":{"OBJECTID":6380,"max_category":0,"label":"cat 0","area_acres":161.4473031451173,"county":"Burke County","watershed":"Lower Linville River"},"geometry":{"type":"Polygon","coordinates":[[[-81.888183,35.871824],[-81.887711,35.871838],[-81.88763,35.871458],[-81.887403,35.871463],[-81.887065,35.869819],[-81.886393,35.868789],[-81.886443,35.869253],[-81.887139,35.870796],[-81.887166,35.871528],[-81.886964,35.871583],[-81.886858,35.871467],[-81.886321,35.86969],[-81.886238,35.87011],[-81.886647,35.871215],[-81.886562,35.871649],[-81.885981,35.871439],[-81.886155,35.870826],[-81.88605,35.870529],[-81.885778,35.871077],[-81.885468,35.871176],[-81.885743,35.870484],[-81.885495,35.87069],[-81.885304,35.870555],[-81.885945,35.869677],[-81.88603,35.869208],[-81.885976,35.868593],[-81.88573,35.8682],[-81.885522,35.868976],[-81.885572,35.869514],[-81.885377,35.869639],[-81.885166,35.87049],[-81.884941,35.870589],[-81.884723,35.870427],[-81.884994,35.869507],[-81.884917,35.869163],[-81.885387,35.868233],[-81.884997,35.868467],[-81.884862,35.86875],[-81.884711,35.868731],[-81.884761,35.868238],[-81.885237,35.867797],[-81.885063,35.867671],[-81.885105,35.866914],[-81.885463,35.866423],[-81.885178,35.866501],[-81.885149,35.866157],[-81.885496,35.865706],[-81.886031,35.86547],[-81.886188,35.865005],[-81.885909,35.864797],[-81.886235,35.864546],[-81.886605,35.863428],[-81.88462,35.86548],[-81.884571,35.865987],[-81.884883,35.866287],[-81.884354,35.866534],[-81.884539,35.867065],[-81.884169,35.867029],[-81.884053,35.867594],[-81.88462,35.868382],[-81.884349,35.868454],[-81.883877,35.867932],[-81.883813,35.868328],[-81.884472,35.868981],[-81.884274,35.869047],[-81.884596,35.869541],[-81.884436,35.870191],[-81.884219,35.86993],[-81.884094,35.870089],[-81.88394,35.870056],[-81.883975,35.869342],[-81.883791,35.868934],[-81.883712,35.869971],[-81.883112,35.869581],[-81.883476,35.86859],[-81.883064,35.869102],[-81.882915,35.868959],[-81.88257,35.869138],[-81.882337,35.868862],[-81.882542,35.868424],[-81.882936,35.868228],[-81.882809,35.868109],[-81.883614,35.867754],[-81.884058,35.866786],[-81.882351,35.868213],[-81.882141,35.868093],[-81.882339,35.867726],[-81.882867,35.867322],[-81.882282,35.867389],[-81.882075,35.867187],[-81.883765,35.866746],[-81.883922,35.86661],[-81.883261,35.866681],[-81.882679,35.866996],[-81.882302,35.866916],[-81.882746,35.866688],[-81.882779,35.866472],[-81.883919,35.86633],[-81.88436,35.865949],[-81.884448,35.86543],[-81.884252,35.865639],[-81.883592,35.865574],[-81.883123,35.86612],[-81.882464,35.866342],[-81.882396,35.866229],[-81.883198,35.86554],[-81.882265,35.86596],[-81.882216,35.865817],[-81.882968,35.86531],[-81.882818,35.865206],[-81.882211,35.865386],[-81.881828,35.865313],[-81.881762,35.865985],[-81.881345,35.866368],[-81.881225,35.866086],[-81.88072,35.866079],[-81.881621,35.865312],[-81.881045,35.865139],[-81.880629,35.865272],[-81.880467,35.86609],[-81.880178,35.866037],[-81.880433,35.865235],[-81.880969,35.865004],[-81.880576,35.864671],[-81.880642,35.864463],[-81.881079,35.864546],[-81.881249,35.864719],[-81.881193,35.864995],[-81.881688,35.865173],[-81.882187,35.865079],[-81.882193,35.864889],[-81.882655,35.864958],[-81.882635,35.864728],[-81.882903,35.864434],[-81.883143,35.864812],[-81.883085,35.865046],[-81.883416,35.865353],[-81.88419,35.865417],[-81.885228,35.864529],[-81.884793,35.864309],[-81.884283,35.864313],[-81.884255,35.864172],[-81.884872,35.86411],[-81.88557,35.86434],[-81.886187,35.863588],[-81.884207,35.863605],[-81.883747,35.863398],[-81.883665,35.863073],[-81.884425,35.86335],[-81.884322,35.863052],[-81.885097,35.863305],[-81.885545,35.863241],[-81.886015,35.863422],[-81.8864,35.863396],[-81.885797,35.863103],[-81.885012,35.863148],[-81.884729,35.863031],[-81.884566,35.862777],[-81.885479,35.862858],[-81.884897,35.862492],[-81.884091,35.862425],[-81.883378,35.862074],[-81.88313,35.86173],[-81.883273,35.861543],[-81.884007,35.862041],[-81.884039,35.861738],[-81.884767,35.862161],[-81.884207,35.861622],[-81.884255,35.86149],[-81.88463,35.861456],[-81.885351,35.862368],[-81.885385,35.861981],[-81.885624,35.862054],[-81.885943,35.862807],[-81.886616,35.863243],[-81.887211,35.863015],[-81.887024,35.862707],[-81.886404,35.862527],[-81.88602,35.86222],[-81.88619,35.862101],[-81.887072,35.862436],[-81.886818,35.861923],[-81.885722,35.861754],[-81.885386,35.861566],[-81.885576,35.861454],[-81.886073,35.86158],[-81.885786,35.861396],[-81.886144,35.861275],[-81.88654,35.861583],[-81.886553,35.861283],[-81.886832,35.861439],[-81.886999,35.86124],[-81.886781,35.860948],[-81.886446,35.861081],[-81.886265,35.861003],[-81.886047,35.861228],[-81.885875,35.861066],[-81.885626,35.861073],[-81.884939,35.861419],[-81.884783,35.861387],[-81.884732,35.861148],[-81.884375,35.861375],[-81.883533,35.861415],[-81.883515,35.8613],[-81.883783,35.861224],[-81.883365,35.861102],[-81.883408,35.860885],[-81.884317,35.860952],[-81.883481,35.860762],[-81.883927,35.860439],[-81.883269,35.859663],[-81.882517,35.859301],[-81.882633,35.85894],[-81.883177,35.859203],[-81.883339,35.858935],[-81.88359,35.858969],[-81.883659,35.859356],[-81.884032,35.859713],[-81.884353,35.859672],[-81.884579,35.859841],[-81.884536,35.860061],[-81.884157,35.860208],[-81.884284,35.860411],[-81.884519,35.860325],[-81.884551,35.860696],[-81.884877,35.860893],[-81.885444,35.860803],[-81.884774,35.860178],[-81.88483,35.859933],[-81.885538,35.860465],[-81.885796,35.860477],[-81.886021,35.860784],[-81.886613,35.860632],[-81.885399,35.860154],[-81.88506,35.859884],[-81.885216,35.859733],[-81.886014,35.860137],[-81.886247,35.860157],[-81.886373,35.860015],[-81.886528,35.860291],[-81.886887,35.860433],[-81.887214,35.860453],[-81.886767,35.860213],[-81.886888,35.86005],[-81.887506,35.860321],[-81.887667,35.860266],[-81.886926,35.859751],[-81.886191,35.85964],[-81.886214,35.859297],[-81.886719,35.859503],[-81.887131,35.859475],[-81.887645,35.859921],[-81.888149,35.860101],[-81.887932,35.859773],[-81.887353,35.859411],[-81.88684,35.859333],[-81.886224,35.858998],[-81.885883,35.858998],[-81.885492,35.858696],[-81.885933,35.858532],[-81.887076,35.859163],[-81.887874,35.859215],[-81.888528,35.860065],[-81.88871,35.860089],[-81.888633,35.859758],[-81.888811,35.859704],[-81.889071,35.860162],[-81.889712,35.860207],[-81.890424,35.860542],[-81.888618,35.858914],[-81.887521,35.859047],[-81.887316,35.858809],[-81.887358,35.858559],[-81.886567,35.858483],[-81.886701,35.858274],[-81.887392,35.858144],[-81.886679,35.857996],[-81.886105,35.858146],[-81.885912,35.857823],[-81.885189,35.857867],[-81.884593,35.857665],[-81.884749,35.85732],[-81.884989,35.85729],[-81.885535,35.857552],[-81.886464,35.857696],[-81.886442,35.857563],[-81.885503,35.857051],[-81.885811,35.856697],[-81.886857,35.857713],[-81.887113,35.857776],[-81.887131,35.85737],[-81.887303,35.857308],[-81.888125,35.858233],[-81.888016,35.85756],[-81.888399,35.857615],[-81.888542,35.858074],[-81.888737,35.85801],[-81.888852,35.858232],[-81.889005,35.857643],[-81.889243,35.857622],[-81.889244,35.857905],[-81.889418,35.858035],[-81.889072,35.85872],[-81.889463,35.858649],[-81.889318,35.859032],[-81.889453,35.859191],[-81.88971,35.858478],[-81.889959,35.858441],[-81.890013,35.858722],[-81.889656,35.859173],[-81.889949,35.858961],[-81.890129,35.859068],[-81.889745,35.85961],[-81.890708,35.86059],[-81.891868,35.861],[-81.893137,35.86062],[-81.89173,35.860624],[-81.89092,35.860146],[-81.89075,35.859561],[-81.890862,35.859295],[-81.891682,35.860457],[-81.892505,35.860465],[-81.891994,35.860035],[-81.891902,35.859673],[-81.891266,35.858891],[-81.890823,35.858764],[-81.890814,35.858517],[-81.890522,35.858452],[-81.890704,35.858272],[-81.889997,35.858099],[-81.890021,35.857785],[-81.890519,35.857834],[-81.890204,35.857449],[-81.890313,35.857329],[-81.890973,35.857459],[-81.891223,35.858518],[-81.891448,35.858238],[-81.891597,35.858524],[-81.891881,35.858395],[-81.891855,35.859145],[-81.892097,35.859066],[-81.892078,35.859319],[-81.892284,35.859028],[-81.892482,35.859045],[-81.892493,35.859277],[-81.892193,35.859569],[-81.892282,35.85974],[-81.892545,35.859739],[-81.892461,35.860014],[-81.892799,35.860513],[-81.892695,35.860142],[-81.892934,35.859823],[-81.893334,35.860443],[-81.893769,35.860352],[-81.894773,35.860597],[-81.894383,35.860906],[-81.894273,35.861369],[-81.894075,35.861342],[-81.893857,35.861537],[-81.893689,35.861365],[-81.893772,35.860868],[-81.893993,35.860638],[-81.893556,35.860913],[-81.893289,35.861715],[-81.892984,35.861602],[-81.893082,35.861115],[-81.893806,35.860522],[-81.893442,35.860558],[-81.89237,35.861256],[-81.89206,35.862029],[-81.89257,35.862243],[-81.892614,35.862545],[-81.892295,35.862477],[-81.892739,35.862737],[-81.892766,35.862898],[-81.892558,35.862995],[-81.892048,35.862643],[-81.892482,35.863491],[-81.892399,35.864089],[-81.892047,35.863621],[-81.89178,35.862671],[-81.891521,35.863008],[-81.891506,35.863526],[-81.891992,35.863902],[-81.891828,35.863976],[-81.891482,35.863847],[-81.891535,35.86427],[-81.892184,35.864448],[-81.89243,35.864899],[-81.892241,35.864949],[-81.891535,35.864546],[-81.891447,35.864709],[-81.891999,35.86492],[-81.892568,35.865411],[-81.892589,35.865674],[-81.892365,35.865741],[-81.891595,35.86507],[-81.892407,35.866177],[-81.892519,35.866959],[-81.892132,35.866866],[-81.892066,35.866155],[-81.89137,35.865322],[-81.891287,35.864968],[-81.891277,35.865567],[-81.891742,35.865898],[-81.89185,35.866206],[-81.891184,35.86585],[-81.891188,35.865952],[-81.891883,35.866657],[-81.891745,35.866833],[-81.891343,35.866535],[-81.892055,35.867619],[-81.891874,35.868135],[-81.892344,35.868498],[-81.892366,35.868712],[-81.892028,35.86885],[-81.892019,35.868602],[-81.891139,35.868008],[-81.89141,35.868405],[-81.891058,35.868688],[-81.890794,35.868164],[-81.890881,35.868708],[-81.891788,35.869298],[-81.891889,35.86952],[-81.891693,35.869605],[-81.891168,35.869205],[-81.891595,35.869793],[-81.891224,35.870063],[-81.890768,35.869323],[-81.890695,35.870061],[-81.890873,35.870428],[-81.890559,35.870402],[-81.890456,35.870767],[-81.890183,35.870769],[-81.890156,35.870349],[-81.890458,35.869407],[-81.889849,35.868165],[-81.889578,35.870034],[-81.889759,35.870395],[-81.88942,35.8709],[-81.88916,35.870817],[-81.889345,35.870311],[-81.889276,35.869333],[-81.8891,35.869795],[-81.888785,35.869708],[-81.889023,35.868862],[-81.888915,35.865849],[-81.888755,35.865904],[-81.888448,35.866763],[-81.888464,35.867226],[-81.888823,35.867843],[-81.888765,35.868102],[-81.88837,35.867615],[-81.888244,35.867771],[-81.887969,35.867689],[-81.888092,35.867372],[-81.88798,35.867033],[-81.888302,35.866145],[-81.888127,35.866276],[-81.887907,35.867085],[-81.887676,35.867064],[-81.887955,35.866386],[-81.88782,35.86614],[-81.888515,35.865681],[-81.888663,35.865389],[-81.888117,35.865793],[-81.887921,35.865777],[-81.887903,35.865616],[-81.888979,35.864795],[-81.889004,35.864557],[-81.888768,35.864565],[-81.888849,35.863992],[-81.888656,35.864093],[-81.888423,35.864689],[-81.888173,35.864736],[-81.888032,35.865283],[-81.887847,35.865246],[-81.887894,35.864663],[-81.887573,35.865565],[-81.887348,35.865577],[-81.887243,35.865343],[-81.887306,35.864625],[-81.887767,35.864348],[-81.888203,35.864305],[-81.888472,35.863959],[-81.88879,35.863851],[-81.888737,35.863684],[-81.888585,35.863779],[-81.888466,35.863674],[-81.88886,35.863058],[-81.888205,35.863293],[-81.888075,35.863511],[-81.887836,35.863441],[-81.887533,35.863912],[-81.887359,35.863856],[-81.887455,35.863542],[-81.887883,35.863108],[-81.887355,35.863121],[-81.886809,35.863422],[-81.886891,35.863829],[-81.887306,35.864137],[-81.88685,35.86415],[-81.886573,35.864385],[-81.887171,35.86507],[-81.886966,35.865149],[-81.886447,35.864645],[-81.886469,35.86524],[-81.886642,35.865348],[-81.886476,35.865432],[-81.887013,35.865872],[-81.887563,35.866028],[-81.887401,35.866421],[-81.886864,35.866193],[-81.886282,35.865684],[-81.886573,35.866255],[-81.887198,35.866521],[-81.887108,35.866694],[-81.887504,35.867004],[-81.887579,35.867426],[-81.887108,35.867209],[-81.887221,35.867393],[-81.888466,35.868461],[-81.888446,35.869114],[-81.888263,35.869079],[-81.888102,35.868613],[-81.886977,35.867908],[-81.886846,35.867396],[-81.886826,35.868017],[-81.886499,35.867911],[-81.886592,35.866972],[-81.886409,35.86655],[-81.886172,35.866477],[-81.886073,35.865698],[-81.885723,35.866114],[-81.885608,35.866662],[-81.886132,35.867169],[-81.885987,35.867272],[-81.885655,35.867055],[-81.885661,35.86721],[-81.886185,35.867479],[-81.886245,35.867666],[-81.886099,35.867735],[-81.885429,35.867335],[-81.885433,35.867435],[-81.885938,35.867904],[-81.886384,35.868007],[-81.886282,35.868143],[-81.887101,35.869015],[-81.887585,35.870023],[-81.888088,35.870331],[-81.888695,35.871094],[-81.888725,35.871337],[-81.88846,35.871444],[-81.888008,35.870703],[-81.887633,35.870414],[-81.887794,35.871064],[-81.888382,35.871563],[-81.888183,35.871824]],[[-81.889014,35.863705],[-81.88941,35.866271],[-81.889104,35.866224],[-81.889144,35.869238],[-81.889595,35.868821],[-81.889681,35.868379],[-81.88966,35.867807],[-81.889322,35.866851],[-81.889603,35.866171],[-81.889605,35.865306],[-81.889388,35.864925],[-81.889462,35.864156],[-81.889014,35.863705]],[[-81.887963,35.858544],[-81.887729,35.85855],[-81.888,35.858565],[-81.887963,35.858544]],[[-81.888251,35.860405],[-81.887257,35.860827],[-81.887299,35.862005],[-81.887703,35.861992],[-81.887387,35.862583],[-81.887517,35.862947],[-81.888531,35.863031],[-81.889065,35.862938],[-81.889569,35.862418],[-81.890316,35.862144],[-81.889941,35.861933],[-81.888489,35.862022],[-81.888351,35.861833],[-81.887808,35.861839],[-81.887735,35.861623],[-81.888087,35.861533],[-81.887991,35.861294],[-81.888788,35.86168],[-81.889652,35.861662],[-81.890449,35.861998],[-81.890762,35.861776],[-81.890071,35.861732],[-81.889552,35.86142],[-81.888837,35.861347],[-81.888726,35.861195],[-81.889187,35.860931],[-81.889622,35.86104],[-81.890474,35.861612],[-81.890808,35.861632],[-81.891634,35.861068],[-81.890949,35.860784],[-81.890182,35.861042],[-81.890352,35.860702],[-81.889543,35.860977],[-81.889451,35.860829],[-81.889771,35.86048],[-81.889231,35.860437],[-81.889015,35.860443],[-81.888785,35.860867],[-81.888336,35.861062],[-81.888275,35.860907],[-81.888699,35.860423],[-81.888251,35.860405]],[[-81.89244,35.861017],[-81.891643,35.861233],[-81.89048,35.862208],[-81.890455,35.862452],[-81.890772,35.862836],[-81.890497,35.863098],[-81.890193,35.862685],[-81.89039,35.863502],[-81.890114,35.863364],[-81.889942,35.862471],[-81.889664,35.862544],[-81.889555,35.862775],[-81.889933,35.863154],[-81.890064,35.863699],[-81.889828,35.863659],[-81.889403,35.862882],[-81.888997,35.863233],[-81.889007,35.863503],[-81.889527,35.863971],[-81.89021,35.86415],[-81.890149,35.864304],[-81.889814,35.864406],[-81.890291,35.864556],[-81.890184,35.86484],[-81.890017,35.864867],[-81.890178,35.865104],[-81.889996,35.865251],[-81.890349,35.865499],[-81.890369,35.865768],[-81.890144,35.865995],[-81.889897,35.865739],[-81.890058,35.866517],[-81.889727,35.86665],[-81.889801,35.867719],[-81.890241,35.868377],[-81.890726,35.867392],[-81.890551,35.867229],[-81.890773,35.866899],[-81.890843,35.865894],[-81.89057,35.86585],[-81.890924,35.865439],[-81.890616,35.865362],[-81.890582,35.865213],[-81.89088,35.865038],[-81.891227,35.864413],[-81.891076,35.863911],[-81.890801,35.86382],[-81.891166,35.863645],[-81.891223,35.863331],[-81.890871,35.863335],[-81.890781,35.863197],[-81.891215,35.863052],[-81.891058,35.86286],[-81.891929,35.862334],[-81.891675,35.861715],[-81.89244,35.861017]],[[-81.889577,35.864441],[-81.889563,35.864892],[-81.889732,35.865102],[-81.88968,35.864591],[-81.889577,35.864441]],[[-81.891119,35.867084],[-81.891214,35.867628],[-81.891626,35.868025],[-81.89161,35.867567],[-81.891361,35.867643],[-81.891119,35.867084]],[[-81.887536,35.867831],[-81.888031,35.868336],[-81.888302,35.868544],[-81.888159,35.86831],[-81.887536,35.867831]]]}},{"id":"87341","type":"Feature","properties":{"OBJECTID":8691,"max_category":0,"label":"cat 0","area_acres":1.567878866013976,"county":"Burke County","watershed":"Lower Linville River"},"geometry":{"type":"Polygon","coordinates":[[[-81.89948,35.904713],[-81.899927,35.904765],[-81.900006,35.904914],[-81.899224,35.905054],[-81.899271,35.905237],[-81.898787,35.905545],[-81.898746,35.905745],[-81.898332,35.905601],[-81.898956,35.904881],[-81.89948,35.904713]]]}},{"id":"87346","type":"Feature","properties":{"OBJECTID":9133,"max_category":0,"label":"cat 0","area_acres":3.902951828991505,"county":"Burke County","watershed":"Lower Linville River"},"geometry":{"type":"Polygon","coordinates":[[[-81.902416,35.916846],[-81.902501,35.916943],[-81.902075,35.917542],[-81.901504,35.91808],[-81.899073,35.91814],[-81.898667,35.918085],[-81.898415,35.917855],[-81.898704,35.917731],[-81.900365,35.917967],[-81.90144,35.917941],[-81.901733,35.917632],[-81.899622,35.917604],[-81.89897,35.917219],[-81.899229,35.917142],[-81.899631,35.917297],[-81.90166,35.917496],[-81.902416,35.916846]]]}},{"id":"87352","type":"Feature","properties":{"OBJECTID":8701,"max_category":0,"label":"cat 0","area_acres":1.349698861190171,"county":"Burke County","watershed":"Lower Linville River"},"geometry":{"type":"Polygon","coordinates":[[[-81.900209,35.911841],[-81.900295,35.911966],[-81.900014,35.912301],[-81.899622,35.912355],[-81.899069,35.912883],[-81.898828,35.912845],[-81.898953,35.912329],[-81.900209,35.911841]]]}},{"id":"87358","type":"Feature","properties":{"OBJECTID":9475,"max_category":0,"label":"cat 0","area_acres":0.6868581945428428,"county":"Burke County","watershed":"Lower Linville River"},"geometry":{"type":"Polygon","coordinates":[[[-81.897255,35.887891],[-81.897954,35.888106],[-81.898017,35.888259],[-81.897153,35.888272],[-81.897072,35.887976],[-81.897255,35.887891]]]}},{"id":"87362","type":"Feature","properties":{"OBJECTID":9023,"max_category":0,"label":"cat 0","area_acres":2.090542024418782,"county":"Burke County","watershed":"Lower Linville River"},"geometry":{"type":"Polygon","coordinates":[[[-81.895935,35.90341],[-81.896893,35.903604],[-81.896742,35.904109],[-81.895965,35.904334],[-81.89551,35.904263],[-81.895565,35.904129],[-81.895977,35.904032],[-81.895548,35.904052],[-81.895556,35.903742],[-81.896656,35.90375],[-81.895918,35.903612],[-81.895935,35.90341]]]}},{"id":"87377","type":"Feature","properties":{"OBJECTID":9476,"max_category":0,"label":"cat 0","area_acres":1.7170297684741038,"county":"Burke County","watershed":"Lower Linville River"},"geometry":{"type":"Polygon","coordinates":[[[-81.897467,35.889095],[-81.898811,35.889203],[-81.898981,35.889369],[-81.897031,35.889495],[-81.896948,35.889291],[-81.896675,35.889195],[-81.897467,35.889095]]]}},{"id":"87402","type":"Feature","properties":{"OBJECTID":8779,"max_category":0,"label":"cat 0","area_acres":12.747872120944464,"county":"Burke County","watershed":"Lower Linville River"},"geometry":{"type":"Polygon","coordinates":[[[-81.899214,35.910463],[-81.899793,35.910639],[-81.900001,35.911162],[-81.899246,35.911718],[-81.898746,35.912481],[-81.898554,35.912351],[-81.898643,35.912061],[-81.898441,35.911997],[-81.898225,35.912031],[-81.89807,35.91231],[-81.897969,35.912109],[-81.897501,35.912065],[-81.897387,35.912415],[-81.896957,35.912523],[-81.896867,35.912386],[-81.897124,35.912001],[-81.896648,35.912543],[-81.896457,35.912564],[-81.896359,35.912252],[-81.896778,35.911939],[-81.896363,35.911911],[-81.895888,35.912292],[-81.895772,35.912985],[-81.895517,35.912947],[-81.895488,35.912645],[-81.895165,35.912406],[-81.894477,35.913226],[-81.894135,35.913282],[-81.894183,35.912951],[-81.894026,35.912813],[-81.895021,35.912301],[-81.893601,35.912141],[-81.892818,35.913128],[-81.89247,35.913086],[-81.89303,35.91237],[-81.892758,35.912401],[-81.892726,35.912263],[-81.893543,35.912001],[-81.894862,35.912052],[-81.895594,35.912281],[-81.896546,35.911434],[-81.897169,35.911776],[-81.897713,35.911873],[-81.89828,35.911777],[-81.898295,35.91153],[-81.898819,35.911737],[-81.899768,35.911005],[-81.898815,35.911109],[-81.898715,35.910866],[-81.89736,35.911199],[-81.896806,35.911076],[-81.896088,35.911283],[-81.895159,35.911994],[-81.894816,35.911902],[-81.894712,35.911709],[-81.894795,35.911424],[-81.895332,35.911572],[-81.896234,35.91106],[-81.896933,35.91093],[-81.897128,35.91105],[-81.897533,35.910861],[-81.898214,35.910899],[-81.899214,35.910463]]]}},{"id":"87411","type":"Feature","properties":{"OBJECTID":126,"max_category":0,"label":"cat 0","area_acres":9.745480230370205,"county":"Burke County","watershed":"Lower Linville River"},"geometry":{"type":"Polygon","coordinates":[[[-81.903511,35.875897],[-81.903695,35.875987],[-81.903685,35.876179],[-81.902961,35.876377],[-81.90375,35.876278],[-81.903867,35.87656],[-81.902515,35.876772],[-81.903856,35.87675],[-81.903973,35.876992],[-81.903759,35.877073],[-81.903704,35.877327],[-81.903281,35.877089],[-81.902892,35.877151],[-81.902416,35.876904],[-81.902035,35.877092],[-81.900581,35.876989],[-81.900244,35.877079],[-81.900402,35.877274],[-81.900136,35.877355],[-81.89907,35.8769],[-81.898666,35.876457],[-81.898203,35.876578],[-81.897901,35.87686],[-81.897658,35.876748],[-81.897652,35.876536],[-81.896629,35.876559],[-81.896281,35.876365],[-81.896555,35.876228],[-81.897556,35.876176],[-81.898078,35.876477],[-81.898832,35.876316],[-81.899422,35.876709],[-81.900057,35.876556],[-81.900148,35.876691],[-81.90053,35.876572],[-81.900621,35.876681],[-81.900988,35.876479],[-81.902377,35.876477],[-81.902866,35.876086],[-81.903511,35.875897]]]}},{"id":"87414","type":"Feature","properties":{"OBJECTID":9037,"max_category":0,"label":"cat 0","area_acres":0.5007153358466225,"county":"Burke County","watershed":"Lower Linville River"},"geometry":{"type":"Polygon","coordinates":[[[-81.891762,35.899537],[-81.891988,35.89964],[-81.891643,35.900314],[-81.891523,35.900017],[-81.891762,35.899537]]]}},{"id":"87434","type":"Feature","properties":{"OBJECTID":8706,"max_category":0,"label":"cat 0","area_acres":3.7703174870855567,"county":"Burke County","watershed":"Lower Linville River"},"geometry":{"type":"Polygon","coordinates":[[[-81.89642,35.890961],[-81.896754,35.891245],[-81.896448,35.891479],[-81.895967,35.891445],[-81.895214,35.891709],[-81.894696,35.891692],[-81.893859,35.89247],[-81.893494,35.892485],[-81.89372,35.89213],[-81.893611,35.891998],[-81.894033,35.89183],[-81.893796,35.891704],[-81.894137,35.891538],[-81.894195,35.891354],[-81.894732,35.891139],[-81.89612,35.891161],[-81.89642,35.890961]]]}},{"id":"87463","type":"Feature","properties":{"OBJECTID":9495,"max_category":0,"label":"cat 0","area_acres":1.6557204508255052,"county":"Burke County","watershed":"Lower Linville River"},"geometry":{"type":"Polygon","coordinates":[[[-81.904641,35.919514],[-81.90462,35.919732],[-81.903848,35.91984],[-81.903968,35.919959],[-81.903862,35.920087],[-81.903361,35.919821],[-81.90282,35.919919],[-81.902705,35.919778],[-81.903211,35.919521],[-81.904641,35.919514]]]}},{"id":"87470","type":"Feature","properties":{"OBJECTID":9132,"max_category":0,"label":"cat 0","area_acres":2.027698361764944,"county":"Burke County","watershed":"Lower Linville River"},"geometry":{"type":"Polygon","coordinates":[[[-81.90186,35.916419],[-81.901965,35.916563],[-81.901285,35.917015],[-81.900137,35.917041],[-81.899521,35.916721],[-81.899682,35.916582],[-81.900549,35.91678],[-81.900172,35.916598],[-81.900261,35.91643],[-81.901128,35.916657],[-81.901561,35.916619],[-81.90186,35.916419]]]}},{"id":"87513","type":"Feature","properties":{"OBJECTID":125,"max_category":0,"label":"cat 0","area_acres":3.8259470031959664,"county":"Burke County","watershed":"Lower Linville River"},"geometry":{"type":"Polygon","coordinates":[[[-81.900938,35.867251],[-81.898853,35.867074],[-81.899136,35.866904],[-81.900522,35.867008],[-81.901484,35.866604],[-81.902807,35.866793],[-81.903409,35.867141],[-81.90346,35.867339],[-81.903155,35.867432],[-81.903093,35.86771],[-81.902931,35.867752],[-81.902709,35.867276],[-81.902039,35.86695],[-81.9011,35.867],[-81.900905,35.867082],[-81.900938,35.867251]]]}},{"id":"87515","type":"Feature","properties":{"OBJECTID":5,"max_category":0,"label":"cat 0","area_acres":21.644898578244426,"county":"Burke County","watershed":"Lower Linville River"},"geometry":{"type":"Polygon","coordinates":[[[-81.899519,35.879433],[-81.904086,35.878769],[-81.904466,35.878582],[-81.90457,35.878103],[-81.9049,35.878366],[-81.905198,35.878276],[-81.90539,35.877915],[-81.905521,35.87819],[-81.905821,35.878205],[-81.906504,35.877888],[-81.906642,35.878006],[-81.907904,35.877036],[-81.908792,35.876734],[-81.909266,35.876797],[-81.909175,35.877102],[-81.908463,35.877235],[-81.909228,35.877248],[-81.90929,35.877456],[-81.908337,35.877491],[-81.908304,35.877706],[-81.907531,35.87773],[-81.907298,35.877895],[-81.90854,35.877842],[-81.908655,35.878028],[-81.909262,35.878199],[-81.909315,35.87845],[-81.908646,35.878443],[-81.907103,35.87807],[-81.906636,35.878435],[-81.906285,35.878336],[-81.906201,35.878528],[-81.905332,35.87858],[-81.904436,35.878927],[-81.905418,35.879204],[-81.90782,35.878653],[-81.908745,35.878691],[-81.908925,35.879011],[-81.908176,35.878897],[-81.907406,35.879019],[-81.90828,35.879057],[-81.908502,35.879143],[-81.908446,35.879301],[-81.907689,35.879211],[-81.907746,35.879356],[-81.907475,35.87938],[-81.906664,35.879125],[-81.905971,35.879246],[-81.907265,35.87971],[-81.90858,35.879603],[-81.908705,35.879834],[-81.908555,35.880148],[-81.908167,35.880159],[-81.907808,35.87995],[-81.906961,35.8798],[-81.905724,35.879285],[-81.904734,35.879307],[-81.904796,35.87955],[-81.904435,35.87967],[-81.904294,35.8794],[-81.903692,35.879113],[-81.902623,35.879331],[-81.902577,35.879496],[-81.902194,35.879396],[-81.90272,35.879807],[-81.902566,35.880128],[-81.901801,35.879558],[-81.901729,35.87971],[-81.901274,35.879501],[-81.90069,35.87964],[-81.901261,35.879963],[-81.9024,35.88025],[-81.90241,35.880489],[-81.900958,35.880161],[-81.900303,35.879689],[-81.900104,35.879879],[-81.899708,35.879566],[-81.899447,35.879735],[-81.899562,35.880006],[-81.898222,35.879931],[-81.897919,35.880181],[-81.897436,35.880176],[-81.898152,35.879793],[-81.898922,35.879826],[-81.899519,35.879433]]]}},{"id":"87523","type":"Feature","properties":{"OBJECTID":8792,"max_category":0,"label":"cat 0","area_acres":1.8160777980177076,"county":"Burke County","watershed":"Lower Linville River"},"geometry":{"type":"Polygon","coordinates":[[[-81.897981,35.899007],[-81.898569,35.899538],[-81.898623,35.900059],[-81.898294,35.900211],[-81.897916,35.899938],[-81.897546,35.899288],[-81.897706,35.899241],[-81.898108,35.899528],[-81.897743,35.899178],[-81.897981,35.899007]]]}},{"id":"87528","type":"Feature","properties":{"OBJECTID":8695,"max_category":0,"label":"cat 0","area_acres":13.716249570193812,"county":"Burke County","watershed":"Lower Linville River"},"geometry":{"type":"Polygon","coordinates":[[[-81.904076,35.906952],[-81.905038,35.905863],[-81.905962,35.905603],[-81.906087,35.905248],[-81.906499,35.905371],[-81.906591,35.905554],[-81.906437,35.905731],[-81.905658,35.905946],[-81.905031,35.906331],[-81.905584,35.906682],[-81.905272,35.906834],[-81.905233,35.90712],[-81.904894,35.907213],[-81.9049,35.907378],[-81.904399,35.907471],[-81.904941,35.907594],[-81.904931,35.907854],[-81.903775,35.90798],[-81.904241,35.908153],[-81.904158,35.908358],[-81.903356,35.908172],[-81.903767,35.908526],[-81.903029,35.908454],[-81.902652,35.908683],[-81.902076,35.908395],[-81.901616,35.908405],[-81.901688,35.908671],[-81.901372,35.908549],[-81.901078,35.908634],[-81.901219,35.908904],[-81.900715,35.908729],[-81.90093,35.908905],[-81.900857,35.909028],[-81.900334,35.908793],[-81.899846,35.908779],[-81.89982,35.908581],[-81.900355,35.90843],[-81.900481,35.908103],[-81.900659,35.908129],[-81.900644,35.908324],[-81.900867,35.908062],[-81.901033,35.908249],[-81.901597,35.908151],[-81.90195,35.907479],[-81.902479,35.90739],[-81.902717,35.907196],[-81.902919,35.90735],[-81.903355,35.907098],[-81.903632,35.907128],[-81.903084,35.907587],[-81.903089,35.907744],[-81.903902,35.907466],[-81.904076,35.906952]],[[-81.902841,35.907579],[-81.902329,35.907756],[-81.901911,35.908173],[-81.902547,35.907802],[-81.902707,35.908015],[-81.902841,35.907579]]]}},{"id":"87543","type":"Feature","properties":{"OBJECTID":8832,"max_category":0,"label":"cat 0","area_acres":2.7579159717414936,"county":"Burke County","watershed":"Lower Linville River"},"geometry":{"type":"Polygon","coordinates":[[[-81.903179,35.911751],[-81.901625,35.911676],[-81.901236,35.912062],[-81.900842,35.912003],[-81.90162,35.911454],[-81.902896,35.911393],[-81.903366,35.911564],[-81.903487,35.911791],[-81.904562,35.911765],[-81.904862,35.911566],[-81.905258,35.911724],[-81.904684,35.911932],[-81.903485,35.911961],[-81.903179,35.911751]]]}},{"id":"87555","type":"Feature","properties":{"OBJECTID":118,"max_category":0,"label":"cat 0","area_acres":55.523427390702444,"county":"Burke County","watershed":"Lower Linville River"},"geometry":{"type":"Polygon","coordinates":[[[-81.898897,35.86493],[-81.900326,35.865171],[-81.901028,35.865127],[-81.901558,35.864763],[-81.898837,35.864682],[-81.9002,35.864542],[-81.901753,35.864615],[-81.902021,35.864499],[-81.90226,35.864603],[-81.902879,35.864073],[-81.903054,35.864144],[-81.903961,35.863821],[-81.904117,35.86404],[-81.903901,35.864152],[-81.905769,35.86419],[-81.906016,35.864361],[-81.905534,35.864531],[-81.903538,35.864386],[-81.902543,35.864734],[-81.902908,35.864808],[-81.903952,35.864508],[-81.904191,35.864694],[-81.904873,35.864624],[-81.905473,35.864774],[-81.906178,35.864459],[-81.906583,35.864445],[-81.9067,35.864592],[-81.906487,35.864722],[-81.907083,35.864972],[-81.906598,35.865165],[-81.906224,35.865009],[-81.904163,35.864866],[-81.903185,35.865109],[-81.901733,35.864868],[-81.900969,35.865271],[-81.901914,35.865353],[-81.902429,35.865204],[-81.902609,35.865366],[-81.904031,35.865001],[-81.904821,35.865312],[-81.905458,35.865296],[-81.90582,35.865123],[-81.906348,35.865209],[-81.906256,35.865408],[-81.90574,35.86557],[-81.904676,35.865567],[-81.903994,35.865309],[-81.903983,35.865529],[-81.904344,35.865706],[-81.90424,35.865935],[-81.903507,35.865513],[-81.903208,35.86552],[-81.903904,35.866103],[-81.905685,35.865978],[-81.906603,35.865324],[-81.906757,35.86536],[-81.906809,35.865643],[-81.906582,35.865902],[-81.906999,35.865919],[-81.907608,35.86534],[-81.907826,35.865432],[-81.908192,35.865204],[-81.908306,35.865422],[-81.907556,35.866044],[-81.908254,35.866054],[-81.909369,35.865066],[-81.909588,35.865219],[-81.908903,35.865956],[-81.9097,35.86591],[-81.910103,35.865845],[-81.910479,35.865521],[-81.910783,35.864955],[-81.910974,35.865204],[-81.911374,35.864964],[-81.912672,35.86491],[-81.912918,35.86504],[-81.912934,35.865221],[-81.912454,35.865245],[-81.912392,35.865411],[-81.911172,35.865385],[-81.910444,35.865865],[-81.911658,35.865891],[-81.912011,35.865589],[-81.912435,35.865515],[-81.912637,35.865676],[-81.912155,35.865868],[-81.913015,35.866078],[-81.913974,35.865755],[-81.914075,35.865927],[-81.913836,35.866113],[-81.914187,35.866287],[-81.914097,35.866568],[-81.913534,35.866428],[-81.912814,35.866527],[-81.912301,35.866292],[-81.912406,35.866521],[-81.912085,35.866737],[-81.911666,35.866436],[-81.911371,35.86658],[-81.910551,35.866087],[-81.908471,35.866137],[-81.910111,35.86689],[-81.910433,35.866966],[-81.911091,35.866818],[-81.911164,35.866948],[-81.910882,35.86708],[-81.911157,35.867061],[-81.911645,35.867293],[-81.912711,35.867417],[-81.913434,35.867005],[-81.913647,35.867136],[-81.914176,35.867022],[-81.914261,35.867261],[-81.914089,35.867422],[-81.913074,35.867588],[-81.914101,35.86787],[-81.913832,35.868509],[-81.912565,35.867633],[-81.912767,35.867933],[-81.912702,35.868234],[-81.912161,35.86767],[-81.910913,35.867477],[-81.910184,35.867141],[-81.910919,35.86775],[-81.911013,35.867993],[-81.910813,35.868075],[-81.910337,35.867632],[-81.910322,35.867871],[-81.910137,35.867929],[-81.909976,35.867488],[-81.908259,35.866197],[-81.907863,35.866207],[-81.907768,35.866566],[-81.907005,35.866062],[-81.906128,35.86603],[-81.905647,35.866258],[-81.904796,35.866307],[-81.905554,35.866888],[-81.906139,35.866994],[-81.90641,35.867253],[-81.906707,35.867266],[-81.906828,35.86749],[-81.908232,35.867906],[-81.910149,35.86884],[-81.911088,35.868818],[-81.911662,35.868584],[-81.911608,35.86886],[-81.911731,35.868857],[-81.912292,35.868431],[-81.912519,35.868525],[-81.912313,35.868761],[-81.913075,35.868605],[-81.913674,35.868743],[-81.913664,35.86917],[-81.913088,35.869023],[-81.912384,35.869089],[-81.91355,35.869318],[-81.913433,35.869743],[-81.912776,35.869521],[-81.912817,35.869712],[-81.912583,35.869773],[-81.91172,35.869165],[-81.912598,35.870031],[-81.912606,35.870259],[-81.912428,35.870325],[-81.911743,35.87002],[-81.911338,35.869308],[-81.910738,35.869161],[-81.910825,35.869349],[-81.91069,35.869408],[-81.910424,35.869141],[-81.910161,35.869116],[-81.910028,35.86931],[-81.909395,35.868698],[-81.908156,35.868041],[-81.906738,35.86762],[-81.906289,35.867559],[-81.906345,35.867835],[-81.906006,35.86775],[-81.905818,35.867368],[-81.904622,35.866396],[-81.904479,35.866506],[-81.903944,35.866329],[-81.904213,35.86668],[-81.904036,35.866871],[-81.904311,35.86711],[-81.904686,35.867184],[-81.905244,35.867078],[-81.90538,35.867221],[-81.905168,35.867641],[-81.904691,35.867383],[-81.904512,35.867577],[-81.903879,35.867294],[-81.902889,35.86572],[-81.902381,35.865594],[-81.902347,35.865788],[-81.903102,35.866315],[-81.903455,35.866967],[-81.903155,35.866872],[-81.902762,35.866383],[-81.902729,35.866613],[-81.902503,35.866585],[-81.901682,35.865474],[-81.899154,35.865202],[-81.898833,35.865102],[-81.898897,35.86493]]]}},{"id":"87612","type":"Feature","properties":{"OBJECTID":6384,"max_category":0,"label":"cat 0","area_acres":11.147958172418308,"county":"Burke County","watershed":"Lower Linville River"},"geometry":{"type":"Polygon","coordinates":[[[-81.898739,35.867133],[-81.898826,35.867225],[-81.898656,35.867351],[-81.897878,35.867516],[-81.897002,35.868185],[-81.896387,35.868398],[-81.897258,35.868267],[-81.898149,35.867759],[-81.898905,35.867596],[-81.89902,35.867429],[-81.899036,35.867729],[-81.898229,35.867893],[-81.89679,35.868639],[-81.895183,35.868872],[-81.895072,35.868627],[-81.894913,35.868631],[-81.893773,35.86947],[-81.89341,35.869627],[-81.89321,35.869566],[-81.893258,35.86937],[-81.893633,35.869288],[-81.894206,35.868834],[-81.893786,35.868516],[-81.89378,35.86833],[-81.896175,35.868183],[-81.897032,35.867811],[-81.895897,35.867838],[-81.895159,35.868048],[-81.894963,35.867833],[-81.894379,35.867874],[-81.893275,35.868395],[-81.893023,35.868165],[-81.893465,35.867945],[-81.892959,35.868038],[-81.892983,35.867772],[-81.894048,35.867684],[-81.895001,35.867414],[-81.897031,35.867586],[-81.898739,35.867133]]]}},{"id":"87625","type":"Feature","properties":{"OBJECTID":8795,"max_category":0,"label":"cat 0","area_acres":2.7789465549587633,"county":"Burke County","watershed":"Lower Linville River"},"geometry":{"type":"Polygon","coordinates":[[[-81.897961,35.900956],[-81.898628,35.900995],[-81.898323,35.900761],[-81.898007,35.900752],[-81.898365,35.900618],[-81.89911,35.901036],[-81.899445,35.901409],[-81.899379,35.901606],[-81.898746,35.901273],[-81.898434,35.901388],[-81.899139,35.901832],[-81.899172,35.902042],[-81.898699,35.902034],[-81.897775,35.901382],[-81.89772,35.901226],[-81.897961,35.900956]]]}},{"id":"87643","type":"Feature","properties":{"OBJECTID":9477,"max_category":0,"label":"cat 0","area_acres":1.983341579927618,"county":"Burke County","watershed":"Lower Linville River"},"geometry":{"type":"Polygon","coordinates":[[[-81.900237,35.891915],[-81.900395,35.892006],[-81.900273,35.892259],[-81.898866,35.892961],[-81.89807,35.892953],[-81.898111,35.892766],[-81.898781,35.892829],[-81.898905,35.892722],[-81.898103,35.89268],[-81.898085,35.892471],[-81.899008,35.892576],[-81.899825,35.892017],[-81.900237,35.891915]]]}},{"id":"87653","type":"Feature","properties":{"OBJECTID":5424,"max_category":0,"label":"cat 0","area_acres":2.5657557584523807,"county":"Burke County","watershed":"Lower Linville River"},"geometry":{"type":"Polygon","coordinates":[[[-81.897703,35.861771],[-81.897801,35.862089],[-81.897654,35.861915],[-81.897491,35.861946],[-81.89634,35.862686],[-81.896066,35.862505],[-81.896717,35.862101],[-81.895578,35.862323],[-81.895721,35.862007],[-81.896145,35.861891],[-81.896225,35.861671],[-81.896898,35.861845],[-81.897703,35.861771]]]}},{"id":"87659","type":"Feature","properties":{"OBJECTID":8693,"max_category":0,"label":"cat 0","area_acres":13.65567761452834,"county":"Burke County","watershed":"Lower Linville River"},"geometry":{"type":"Polygon","coordinates":[[[-81.899336,35.896777],[-81.900921,35.896791],[-81.900848,35.897086],[-81.899396,35.897091],[-81.899124,35.897356],[-81.89941,35.89727],[-81.899503,35.897446],[-81.898729,35.898599],[-81.898527,35.898691],[-81.898429,35.898529],[-81.898973,35.8976],[-81.898383,35.898051],[-81.898331,35.898596],[-81.898075,35.898951],[-81.897734,35.898865],[-81.897414,35.899051],[-81.897158,35.898908],[-81.897466,35.898637],[-81.89726,35.898531],[-81.897786,35.898221],[-81.898036,35.897974],[-81.897917,35.897912],[-81.896976,35.89864],[-81.896542,35.898583],[-81.897023,35.898083],[-81.897535,35.897815],[-81.897472,35.89773],[-81.896803,35.897829],[-81.896257,35.898501],[-81.896026,35.898394],[-81.896416,35.897851],[-81.896094,35.897895],[-81.896019,35.897737],[-81.895615,35.898185],[-81.895438,35.89806],[-81.895633,35.897761],[-81.895345,35.897728],[-81.89505,35.897898],[-81.894637,35.89854],[-81.894303,35.89853],[-81.893747,35.897954],[-81.893822,35.897812],[-81.894408,35.897961],[-81.894666,35.897874],[-81.893966,35.897738],[-81.893797,35.897499],[-81.893963,35.897342],[-81.895071,35.897672],[-81.894738,35.897252],[-81.894834,35.897129],[-81.895443,35.897447],[-81.89637,35.897588],[-81.897507,35.897422],[-81.898335,35.897733],[-81.898495,35.897662],[-81.897716,35.897351],[-81.897989,35.897191],[-81.898638,35.897285],[-81.898895,35.896979],[-81.898814,35.896629],[-81.89905,35.896637],[-81.899388,35.897064],[-81.89963,35.89691],[-81.899325,35.896907],[-81.899336,35.896777]]]}},{"id":"87679","type":"Feature","properties":{"OBJECTID":6376,"max_category":0,"label":"cat 0","area_acres":3.1011277975414653,"county":"Burke County","watershed":"Lower Linville River"},"geometry":{"type":"Polygon","coordinates":[[[-81.90066,35.875774],[-81.902008,35.875793],[-81.9016,35.876085],[-81.901594,35.876246],[-81.900484,35.876223],[-81.900308,35.876335],[-81.899316,35.875755],[-81.898792,35.875741],[-81.898867,35.875547],[-81.899378,35.875528],[-81.90066,35.875774]]]}},{"id":"87688","type":"Feature","properties":{"OBJECTID":6377,"max_category":0,"label":"cat 0","area_acres":19.997398038062716,"county":"Burke County","watershed":"Lower Linville River"},"geometry":{"type":"Polygon","coordinates":[[[-81.898403,35.864338],[-81.898425,35.864479],[-81.897601,35.864499],[-81.897436,35.865162],[-81.897175,35.865083],[-81.897152,35.864856],[-81.896703,35.864909],[-81.896988,35.864537],[-81.89676,35.864602],[-81.896196,35.865315],[-81.896059,35.866112],[-81.895745,35.865902],[-81.895359,35.866037],[-81.89488,35.866349],[-81.894759,35.866696],[-81.894503,35.866634],[-81.893779,35.867084],[-81.893616,35.867003],[-81.892908,35.867671],[-81.892743,35.867661],[-81.892991,35.867054],[-81.893497,35.866616],[-81.894053,35.866447],[-81.894334,35.866178],[-81.895638,35.865563],[-81.895081,35.865714],[-81.894873,35.865636],[-81.893938,35.866386],[-81.893567,35.86649],[-81.893514,35.866374],[-81.894554,35.865479],[-81.893639,35.865828],[-81.893728,35.865538],[-81.894371,35.865231],[-81.895733,35.865253],[-81.895893,35.865145],[-81.895694,35.865121],[-81.895735,35.864996],[-81.896292,35.864882],[-81.896404,35.864729],[-81.895949,35.864651],[-81.894847,35.864977],[-81.894705,35.864733],[-81.893264,35.865775],[-81.892959,35.866269],[-81.89276,35.866259],[-81.89271,35.866028],[-81.89314,35.86548],[-81.894141,35.864701],[-81.894154,35.864549],[-81.893754,35.864807],[-81.893571,35.864735],[-81.894036,35.864199],[-81.893877,35.864023],[-81.894235,35.863969],[-81.894376,35.863776],[-81.896147,35.863622],[-81.896674,35.863394],[-81.895845,35.863166],[-81.894701,35.863575],[-81.894536,35.863383],[-81.894863,35.863229],[-81.894861,35.862977],[-81.895348,35.863008],[-81.895834,35.862833],[-81.897048,35.863268],[-81.897698,35.863036],[-81.897879,35.863336],[-81.897091,35.863495],[-81.8963,35.863946],[-81.895758,35.863966],[-81.895415,35.864192],[-81.895315,35.863977],[-81.894646,35.864047],[-81.894224,35.864497],[-81.894893,35.864393],[-81.89537,35.86449],[-81.895698,35.864237],[-81.896262,35.864429],[-81.896917,35.8644],[-81.898112,35.863767],[-81.898184,35.863939],[-81.897763,35.864133],[-81.898309,35.864066],[-81.89837,35.86423],[-81.897636,35.864356],[-81.898403,35.864338]]]}},{"id":"87690","type":"Feature","properties":{"OBJECTID":6375,"max_category":0,"label":"cat 0","area_acres":18.5065477872878,"county":"Burke County","watershed":"Lower Linville River"},"geometry":{"type":"Polygon","coordinates":[[[-81.898326,35.874426],[-81.898558,35.874702],[-81.898419,35.874859],[-81.897784,35.875021],[-81.897301,35.874978],[-81.896811,35.875181],[-81.894596,35.874932],[-81.895249,35.875186],[-81.897466,35.87541],[-81.898735,35.875171],[-81.898038,35.875668],[-81.897577,35.875646],[-81.897204,35.875962],[-81.896828,35.875981],[-81.896538,35.876226],[-81.895708,35.876444],[-81.89413,35.876125],[-81.893024,35.876148],[-81.892998,35.875994],[-81.893508,35.87586],[-81.892882,35.87566],[-81.892362,35.875672],[-81.891821,35.875877],[-81.891733,35.875687],[-81.89113,35.875755],[-81.890884,35.875563],[-81.890898,35.875369],[-81.891153,35.875311],[-81.891545,35.875494],[-81.892065,35.875317],[-81.892898,35.875298],[-81.896121,35.876043],[-81.896215,35.875828],[-81.897248,35.875611],[-81.894531,35.875482],[-81.89439,35.875342],[-81.894605,35.875228],[-81.894365,35.87513],[-81.89297,35.875135],[-81.892625,35.87499],[-81.893597,35.874401],[-81.893979,35.874612],[-81.894624,35.87446],[-81.896283,35.874832],[-81.897021,35.874814],[-81.896676,35.874608],[-81.896261,35.874581],[-81.896297,35.874397],[-81.895785,35.874244],[-81.894184,35.874133],[-81.894286,35.87398],[-81.894821,35.87385],[-81.896183,35.874015],[-81.897459,35.874666],[-81.898259,35.87462],[-81.898326,35.874426]],[[-81.895165,35.874836],[-81.894939,35.874842],[-81.895201,35.874857],[-81.895165,35.874836]]]}},{"id":"87692","type":"Feature","properties":{"OBJECTID":9016,"max_category":0,"label":"cat 0","area_acres":1.8279673762351196,"county":"Burke County","watershed":"Lower Linville River"},"geometry":{"type":"Polygon","coordinates":[[[-81.891016,35.899472],[-81.891209,35.899608],[-81.890813,35.899825],[-81.890854,35.900294],[-81.890502,35.900334],[-81.890401,35.899828],[-81.890542,35.899599],[-81.889584,35.899154],[-81.889492,35.898966],[-81.889636,35.898708],[-81.889942,35.898752],[-81.890151,35.89926],[-81.890632,35.899537],[-81.891016,35.899472]]]}},{"id":"87705","type":"Feature","properties":{"OBJECTID":8597,"max_category":0,"label":"cat 0","area_acres":60.00234608900507,"county":"Burke County","watershed":"Lower Linville River"},"geometry":{"type":"Polygon","coordinates":[[[-81.911978,35.900842],[-81.912948,35.90112],[-81.912884,35.901281],[-81.912502,35.901244],[-81.911711,35.900861],[-81.910859,35.900253],[-81.910525,35.899604],[-81.90957,35.898844],[-81.909862,35.89976],[-81.909514,35.899762],[-81.90927,35.899398],[-81.909244,35.898728],[-81.908794,35.898408],[-81.908691,35.89859],[-81.908339,35.898406],[-81.908019,35.898482],[-81.907761,35.897883],[-81.907062,35.897471],[-81.906989,35.897843],[-81.907278,35.898378],[-81.907563,35.900632],[-81.908227,35.901274],[-81.908027,35.901381],[-81.908035,35.901559],[-81.907802,35.90157],[-81.907506,35.900946],[-81.907702,35.901708],[-81.907468,35.901795],[-81.907116,35.900595],[-81.907033,35.898313],[-81.906694,35.89815],[-81.906771,35.89759],[-81.906487,35.897157],[-81.905643,35.896949],[-81.905117,35.896531],[-81.90566,35.897517],[-81.906313,35.897852],[-81.906243,35.897988],[-81.905627,35.897945],[-81.905154,35.89748],[-81.904841,35.896523],[-81.904512,35.896271],[-81.904223,35.896467],[-81.903974,35.896286],[-81.903121,35.896187],[-81.902204,35.895722],[-81.902449,35.896524],[-81.902453,35.896826],[-81.902284,35.896872],[-81.901583,35.896107],[-81.900668,35.895538],[-81.900371,35.895573],[-81.899483,35.89633],[-81.900255,35.896343],[-81.900458,35.896573],[-81.899249,35.89653],[-81.899217,35.896389],[-81.89945,35.896337],[-81.899245,35.896223],[-81.900281,35.895444],[-81.901538,35.895351],[-81.900193,35.89533],[-81.899848,35.895711],[-81.899203,35.896062],[-81.89905,35.895995],[-81.900103,35.895201],[-81.900452,35.895153],[-81.900977,35.894502],[-81.901832,35.894076],[-81.901987,35.893885],[-81.900476,35.894498],[-81.898197,35.894525],[-81.898116,35.894433],[-81.900423,35.894357],[-81.900978,35.893744],[-81.901294,35.89385],[-81.901135,35.894092],[-81.901258,35.89409],[-81.902123,35.893712],[-81.902491,35.893168],[-81.902387,35.892838],[-81.903049,35.891986],[-81.903239,35.892199],[-81.902867,35.893126],[-81.902991,35.892992],[-81.903987,35.891007],[-81.904485,35.891185],[-81.904029,35.891638],[-81.903533,35.892863],[-81.904447,35.892146],[-81.904411,35.891769],[-81.904654,35.891755],[-81.904871,35.891457],[-81.905078,35.891656],[-81.904857,35.892191],[-81.905148,35.891643],[-81.905355,35.89186],[-81.905869,35.891754],[-81.906919,35.891106],[-81.90708,35.891132],[-81.907191,35.891285],[-81.906998,35.891525],[-81.906609,35.891522],[-81.906012,35.891859],[-81.90603,35.891991],[-81.905458,35.8922],[-81.905844,35.892316],[-81.905518,35.892632],[-81.905056,35.892521],[-81.904845,35.892646],[-81.904749,35.892983],[-81.904063,35.893121],[-81.904703,35.893156],[-81.905899,35.892653],[-81.906021,35.892847],[-81.905654,35.893028],[-81.905927,35.893441],[-81.905158,35.89326],[-81.905755,35.893582],[-81.905671,35.893688],[-81.905103,35.89361],[-81.905263,35.894012],[-81.905055,35.894017],[-81.904346,35.893474],[-81.903736,35.893376],[-81.903014,35.893545],[-81.904181,35.893632],[-81.904145,35.893789],[-81.90375,35.89395],[-81.902865,35.894027],[-81.903259,35.894207],[-81.904144,35.89414],[-81.904257,35.894364],[-81.904008,35.894414],[-81.904209,35.894639],[-81.901791,35.894687],[-81.900802,35.895172],[-81.902079,35.895307],[-81.903192,35.894898],[-81.90437,35.894795],[-81.904391,35.894992],[-81.904032,35.895018],[-81.903862,35.895184],[-81.902294,35.895469],[-81.903087,35.895559],[-81.90384,35.89538],[-81.90389,35.895591],[-81.903498,35.895933],[-81.903655,35.895929],[-81.904881,35.894815],[-81.904985,35.8943],[-81.905346,35.894188],[-81.905439,35.894304],[-81.905122,35.894769],[-81.905365,35.894574],[-81.90578,35.894532],[-81.905822,35.89483],[-81.905518,35.89506],[-81.905015,35.895105],[-81.904926,35.895464],[-81.904208,35.895971],[-81.904404,35.896019],[-81.905125,35.895568],[-81.90515,35.895804],[-81.904799,35.896113],[-81.905015,35.896171],[-81.905396,35.895985],[-81.905393,35.895739],[-81.905625,35.895507],[-81.905769,35.895835],[-81.905893,35.895726],[-81.906071,35.894725],[-81.90679,35.894327],[-81.906801,35.894629],[-81.906268,35.895634],[-81.906794,35.895009],[-81.906923,35.895066],[-81.906835,35.895452],[-81.907228,35.895268],[-81.907262,35.894861],[-81.907552,35.894859],[-81.907616,35.895041],[-81.907973,35.894923],[-81.907961,35.895112],[-81.908143,35.895179],[-81.907859,35.895312],[-81.907973,35.895466],[-81.907486,35.895634],[-81.90837,35.895859],[-81.908437,35.896169],[-81.907922,35.896157],[-81.907165,35.895798],[-81.90694,35.895856],[-81.907364,35.896242],[-81.90725,35.896422],[-81.906597,35.896029],[-81.906359,35.896225],[-81.905451,35.896301],[-81.906078,35.896401],[-81.906155,35.896639],[-81.906399,35.896552],[-81.906524,35.896685],[-81.906992,35.896674],[-81.907189,35.896455],[-81.907445,35.896511],[-81.907727,35.896382],[-81.907904,35.89657],[-81.90884,35.896593],[-81.908913,35.896935],[-81.906657,35.897],[-81.907259,35.897382],[-81.908409,35.897227],[-81.908547,35.897435],[-81.908076,35.897588],[-81.907955,35.897838],[-81.908231,35.898101],[-81.909301,35.898024],[-81.909354,35.898181],[-81.909103,35.898317],[-81.909328,35.89857],[-81.910706,35.898692],[-81.910782,35.898935],[-81.910274,35.899002],[-81.910915,35.899231],[-81.910684,35.899532],[-81.911026,35.900192],[-81.911978,35.900842]],[[-81.902371,35.894041],[-81.90108,35.894621],[-81.900675,35.895074],[-81.901556,35.89447],[-81.903165,35.894434],[-81.902775,35.894349],[-81.902371,35.894041]],[[-81.901409,35.895466],[-81.900906,35.895505],[-81.901309,35.895593],[-81.902203,35.896447],[-81.902115,35.895874],[-81.901409,35.895466]],[[-81.901731,35.895498],[-81.901859,35.895614],[-81.902048,35.895582],[-81.901893,35.89556],[-81.901731,35.895498]],[[-81.907276,35.900174],[-81.907286,35.900447],[-81.907383,35.900521],[-81.907375,35.900311],[-81.907276,35.900174]]]}},{"id":"87708","type":"Feature","properties":{"OBJECTID":8703,"max_category":0,"label":"cat 0","area_acres":2.158944638531895,"county":"Burke County","watershed":"Lower Linville River"},"geometry":{"type":"Polygon","coordinates":[[[-81.897019,35.902397],[-81.898643,35.902399],[-81.898847,35.902592],[-81.897651,35.902673],[-81.898075,35.90278],[-81.898138,35.902932],[-81.89726,35.903089],[-81.897069,35.902936],[-81.897035,35.902777],[-81.897222,35.902681],[-81.896998,35.902598],[-81.897019,35.902397]]]}},{"id":"87715","type":"Feature","properties":{"OBJECTID":8831,"max_category":0,"label":"cat 0","area_acres":0.40050311349965156,"county":"Burke County","watershed":"Lower Linville River"},"geometry":{"type":"Polygon","coordinates":[[[-81.900138,35.907968],[-81.900313,35.907995],[-81.900312,35.908165],[-81.899723,35.908378],[-81.900138,35.907968]]]}},{"id":"87734","type":"Feature","properties":{"OBJECTID":8802,"max_category":0,"label":"cat 0","area_acres":8.059836249535731,"county":"Burke County","watershed":"Lower Linville River"},"geometry":{"type":"Polygon","coordinates":[[[-81.90079,35.901133],[-81.902628,35.902621],[-81.902403,35.902661],[-81.901704,35.902234],[-81.901781,35.902364],[-81.902817,35.902892],[-81.902887,35.903084],[-81.902564,35.903101],[-81.901537,35.902666],[-81.901154,35.902026],[-81.900951,35.902098],[-81.900723,35.901932],[-81.900476,35.901025],[-81.90015,35.900802],[-81.900155,35.901379],[-81.899968,35.901408],[-81.899796,35.900902],[-81.899555,35.900986],[-81.898827,35.900174],[-81.899205,35.899598],[-81.901068,35.900883],[-81.901258,35.901228],[-81.901058,35.901298],[-81.90079,35.901133]]]}},{"id":"87739","type":"Feature","properties":{"OBJECTID":8609,"max_category":0,"label":"cat 0","area_acres":1.4769939964295713,"county":"Burke County","watershed":"Lower Linville River"},"geometry":{"type":"Polygon","coordinates":[[[-81.903129,35.916004],[-81.903174,35.916228],[-81.903461,35.916231],[-81.903591,35.916462],[-81.902949,35.916564],[-81.902535,35.916809],[-81.902193,35.916416],[-81.902488,35.916164],[-81.902721,35.916298],[-81.903129,35.916004]]]}},{"id":"87753","type":"Feature","properties":{"OBJECTID":6374,"max_category":0,"label":"cat 0","area_acres":16.261707436797668,"county":"Burke County","watershed":"Lower Linville River"},"geometry":{"type":"Polygon","coordinates":[[[-81.895508,35.871738],[-81.896827,35.871715],[-81.897832,35.871471],[-81.898877,35.871619],[-81.898811,35.871781],[-81.898045,35.871771],[-81.8967,35.872078],[-81.895549,35.872079],[-81.896714,35.872253],[-81.896684,35.872106],[-81.896846,35.872072],[-81.897652,35.872518],[-81.898894,35.872778],[-81.8987,35.872938],[-81.897429,35.872694],[-81.898584,35.873207],[-81.898403,35.87344],[-81.897981,35.873285],[-81.898354,35.873484],[-81.898363,35.873723],[-81.897523,35.873626],[-81.896556,35.873896],[-81.895839,35.873825],[-81.895714,35.873628],[-81.895336,35.87376],[-81.893745,35.873774],[-81.893766,35.873518],[-81.894293,35.873237],[-81.895075,35.873273],[-81.894524,35.873088],[-81.894791,35.872888],[-81.894675,35.872799],[-81.894344,35.872869],[-81.894501,35.872461],[-81.893227,35.872491],[-81.892814,35.872665],[-81.892748,35.872443],[-81.893097,35.872215],[-81.894648,35.872177],[-81.894999,35.872059],[-81.894842,35.871855],[-81.895666,35.871823],[-81.895508,35.871738]],[[-81.896263,35.872469],[-81.895386,35.872412],[-81.895043,35.872708],[-81.89498,35.872913],[-81.895379,35.873177],[-81.896988,35.873387],[-81.897216,35.873356],[-81.896624,35.873255],[-81.896486,35.873096],[-81.8981,35.873112],[-81.896674,35.872684],[-81.895836,35.872781],[-81.895838,35.872579],[-81.896263,35.872469]]]}},{"id":"87755","type":"Feature","properties":{"OBJECTID":129,"max_category":0,"label":"cat 0","area_acres":6.689261116969201,"county":"Burke County","watershed":"Lower Linville River"},"geometry":{"type":"Polygon","coordinates":[[[-81.897063,35.879705],[-81.897106,35.879979],[-81.895642,35.880264],[-81.895575,35.880091],[-81.895768,35.879907],[-81.895308,35.87978],[-81.894023,35.879831],[-81.894088,35.879617],[-81.893637,35.879563],[-81.893259,35.879279],[-81.892768,35.879273],[-81.892852,35.879041],[-81.892624,35.879029],[-81.89235,35.878716],[-81.892687,35.87852],[-81.894266,35.878925],[-81.896289,35.879696],[-81.897063,35.879705]]]}},{"id":"87756","type":"Feature","properties":{"OBJECTID":9471,"max_category":0,"label":"cat 0","area_acres":14.488568568743338,"county":"Burke County","watershed":"Lower Linville River"},"geometry":{"type":"Polygon","coordinates":[[[-81.900974,35.88451],[-81.900465,35.88422],[-81.900152,35.884211],[-81.900513,35.884488],[-81.902667,35.884996],[-81.90267,35.885207],[-81.90255,35.885323],[-81.901816,35.885252],[-81.901194,35.88478],[-81.900443,35.884625],[-81.899959,35.884259],[-81.89955,35.884159],[-81.898073,35.884332],[-81.897107,35.88427],[-81.899981,35.883923],[-81.901095,35.883025],[-81.901884,35.88278],[-81.902577,35.882788],[-81.902775,35.882648],[-81.902936,35.882899],[-81.900828,35.883656],[-81.901756,35.883497],[-81.902478,35.883152],[-81.902484,35.883424],[-81.902674,35.883451],[-81.902727,35.883646],[-81.901234,35.883872],[-81.901137,35.884006],[-81.90166,35.88405],[-81.902626,35.883834],[-81.902808,35.883955],[-81.902634,35.884136],[-81.903062,35.884125],[-81.903572,35.883771],[-81.903598,35.88355],[-81.90433,35.883257],[-81.904424,35.882923],[-81.905327,35.883031],[-81.904982,35.883395],[-81.905199,35.88365],[-81.904878,35.883699],[-81.904461,35.883465],[-81.904114,35.883651],[-81.904136,35.88383],[-81.903527,35.884355],[-81.903191,35.884347],[-81.902904,35.884681],[-81.902623,35.884594],[-81.902641,35.88488],[-81.902134,35.88462],[-81.900974,35.88451]],[[-81.90105,35.883794],[-81.900493,35.883917],[-81.900268,35.884054],[-81.900827,35.883958],[-81.90105,35.883794]]]}},{"id":"87762","type":"Feature","properties":{"OBJECTID":8798,"max_category":0,"label":"cat 0","area_acres":1.8634429460717319,"county":"Burke County","watershed":"Lower Linville River"},"geometry":{"type":"Polygon","coordinates":[[[-81.898818,35.906955],[-81.898785,35.907289],[-81.897764,35.90722],[-81.897664,35.907588],[-81.897264,35.907899],[-81.896902,35.907621],[-81.896971,35.907252],[-81.897476,35.907289],[-81.897851,35.907008],[-81.898818,35.906955]]]}},{"id":"87795","type":"Feature","properties":{"OBJECTID":132,"max_category":0,"label":"cat 0","area_acres":2.7702122862974456,"county":"Burke County","watershed":"Lower Linville River"},"geometry":{"type":"Polygon","coordinates":[[[-81.899778,35.879201],[-81.901832,35.878494],[-81.902374,35.878464],[-81.902259,35.878786],[-81.900791,35.8791],[-81.900298,35.879359],[-81.899375,35.879271],[-81.898364,35.879405],[-81.897641,35.879338],[-81.897431,35.879177],[-81.897545,35.879034],[-81.897689,35.879196],[-81.8984,35.879261],[-81.899069,35.879135],[-81.899778,35.879201]]]}},{"id":"87804","type":"Feature","properties":{"OBJECTID":9448,"max_category":0,"label":"cat 0","area_acres":0.7997109881502236,"county":"Burke County","watershed":"Lower Linville River"},"geometry":{"type":"Polygon","coordinates":[[[-81.900499,35.871269],[-81.900896,35.871649],[-81.899968,35.871577],[-81.900013,35.871185],[-81.900499,35.871269]]]}},{"id":"87821","type":"Feature","properties":{"OBJECTID":8781,"max_category":0,"label":"cat 0","area_acres":0.5340075227433292,"county":"Burke County","watershed":"Lower Linville River"},"geometry":{"type":"Polygon","coordinates":[[[-81.901966,35.915734],[-81.902724,35.915857],[-81.90287,35.916004],[-81.901974,35.915948],[-81.901966,35.915734]]]}},{"id":"87866","type":"Feature","properties":{"OBJECTID":6370,"max_category":0,"label":"cat 0","area_acres":1.9740326966316815,"county":"Burke County","watershed":"Lower Linville River"},"geometry":{"type":"Polygon","coordinates":[[[-81.899954,35.87167],[-81.902321,35.871918],[-81.902485,35.872337],[-81.899838,35.871846],[-81.899954,35.87167]]]}},{"id":"87868","type":"Feature","properties":{"OBJECTID":121,"max_category":0,"label":"cat 0","area_acres":39.07708258094945,"county":"Burke County","watershed":"Lower Linville River"},"geometry":{"type":"Polygon","coordinates":[[[-81.911548,35.870271],[-81.912119,35.870336],[-81.912503,35.870567],[-81.912426,35.870714],[-81.911976,35.870726],[-81.912163,35.871124],[-81.911446,35.870753],[-81.909244,35.870922],[-81.90986,35.871128],[-81.911537,35.871161],[-81.912057,35.871642],[-81.911946,35.871771],[-81.911541,35.871671],[-81.912135,35.871947],[-81.911902,35.872128],[-81.911013,35.871765],[-81.911552,35.872294],[-81.911544,35.872494],[-81.911057,35.872403],[-81.910276,35.871591],[-81.909854,35.871425],[-81.909601,35.871654],[-81.909077,35.871097],[-81.90826,35.870999],[-81.907366,35.870478],[-81.90617,35.870478],[-81.905881,35.870596],[-81.905343,35.870444],[-81.90527,35.870649],[-81.905689,35.871358],[-81.905444,35.871426],[-81.905044,35.871153],[-81.905123,35.871445],[-81.904913,35.871522],[-81.904403,35.871007],[-81.904758,35.871577],[-81.904677,35.871697],[-81.904292,35.87156],[-81.904124,35.870966],[-81.903857,35.870668],[-81.903505,35.870542],[-81.902834,35.870614],[-81.902758,35.870918],[-81.902381,35.870701],[-81.902729,35.870968],[-81.903194,35.871085],[-81.904244,35.871891],[-81.904073,35.872123],[-81.90327,35.87174],[-81.902008,35.870771],[-81.90175,35.870804],[-81.902462,35.871164],[-81.902408,35.871359],[-81.901883,35.871259],[-81.901336,35.870869],[-81.901263,35.871117],[-81.90053,35.870999],[-81.90001,35.871106],[-81.900019,35.870791],[-81.901095,35.870677],[-81.90001,35.870144],[-81.899711,35.869809],[-81.899395,35.8698],[-81.899439,35.869678],[-81.899952,35.869567],[-81.89948,35.86933],[-81.899584,35.869092],[-81.900058,35.869053],[-81.89967,35.868918],[-81.899663,35.868408],[-81.899504,35.868308],[-81.901301,35.868199],[-81.900077,35.867794],[-81.899414,35.867892],[-81.899325,35.867763],[-81.900255,35.867647],[-81.901558,35.867893],[-81.902088,35.868604],[-81.900424,35.868912],[-81.901322,35.868997],[-81.901918,35.868853],[-81.901937,35.869249],[-81.900838,35.869491],[-81.901946,35.869449],[-81.902125,35.869648],[-81.902034,35.869861],[-81.900342,35.870123],[-81.900646,35.870331],[-81.901418,35.87034],[-81.902117,35.869971],[-81.902303,35.870029],[-81.902981,35.869593],[-81.903787,35.869541],[-81.904181,35.869153],[-81.904475,35.869158],[-81.904477,35.869361],[-81.904827,35.869132],[-81.905015,35.869272],[-81.904916,35.869503],[-81.904544,35.869714],[-81.903125,35.86981],[-81.901837,35.870467],[-81.902392,35.870289],[-81.90444,35.870269],[-81.906034,35.870065],[-81.906216,35.869966],[-81.906223,35.869676],[-81.906464,35.869588],[-81.906795,35.86971],[-81.906926,35.869955],[-81.906637,35.870177],[-81.906755,35.870268],[-81.907087,35.87015],[-81.907443,35.870236],[-81.908034,35.869744],[-81.908499,35.869713],[-81.908533,35.86995],[-81.909361,35.869811],[-81.909468,35.870091],[-81.909312,35.870208],[-81.908639,35.870283],[-81.907833,35.870165],[-81.907577,35.870386],[-81.908331,35.870862],[-81.909163,35.870677],[-81.909621,35.870364],[-81.910356,35.870458],[-81.911548,35.870271]],[[-81.900609,35.869375],[-81.899978,35.86939],[-81.900075,35.869465],[-81.900609,35.869375]],[[-81.9,35.8684],[-81.89973,35.868407],[-81.899768,35.868428],[-81.9,35.8684]],[[-81.901517,35.868392],[-81.900514,35.868415],[-81.901545,35.868413],[-81.901517,35.868392]]]}},{"id":"87877","type":"Feature","properties":{"OBJECTID":9131,"max_category":0,"label":"cat 0","area_acres":1.7007376648077337,"county":"Burke County","watershed":"Lower Linville River"},"geometry":{"type":"Polygon","coordinates":[[[-81.901778,35.915075],[-81.901947,35.915726],[-81.900308,35.915766],[-81.900532,35.915471],[-81.900862,35.915481],[-81.900905,35.91535],[-81.901778,35.915075]]]}},{"id":"87878","type":"Feature","properties":{"OBJECTID":69,"max_category":0,"label":"cat 0","area_acres":128.1928742759747,"county":"Burke County","watershed":"Lower Linville River"},"geometry":{"type":"MultiPolygon","coordinates":[[[[-81.902175,35.917924],[-81.902543,35.918005],[-81.90169,35.918188],[-81.900599,35.919299],[-81.900326,35.919817],[-81.899097,35.920764],[-81.899023,35.921503],[-81.899327,35.922122],[-81.899146,35.922166],[-81.898926,35.921811],[-81.898763,35.921814],[-81.898764,35.921077],[-81.897755,35.92195],[-81.897403,35.922508],[-81.897412,35.922751],[-81.898394,35.923888],[-81.898228,35.924],[-81.898278,35.924297],[-81.898772,35.924542],[-81.898867,35.924788],[-81.898816,35.924931],[-81.898603,35.924875],[-81.898675,35.925077],[-81.898514,35.925161],[-81.898192,35.924721],[-81.898411,35.925367],[-81.898158,35.925335],[-81.897803,35.92442],[-81.897841,35.923597],[-81.897376,35.92292],[-81.897097,35.923395],[-81.897133,35.924406],[-81.897905,35.925187],[-81.897856,35.925373],[-81.897698,35.925383],[-81.897481,35.924869],[-81.897141,35.924608],[-81.897319,35.924889],[-81.897386,35.925802],[-81.898526,35.927444],[-81.89852,35.928265],[-81.898097,35.928674],[-81.898133,35.929065],[-81.897639,35.929147],[-81.897596,35.928085],[-81.897431,35.928052],[-81.897264,35.927291],[-81.897034,35.927893],[-81.896776,35.928034],[-81.896584,35.927939],[-81.897064,35.927376],[-81.897089,35.927117],[-81.896958,35.927067],[-81.896767,35.927527],[-81.896441,35.927488],[-81.8968,35.926423],[-81.896592,35.926263],[-81.896464,35.926737],[-81.896284,35.926781],[-81.89621,35.926152],[-81.896438,35.925934],[-81.896428,35.925664],[-81.896066,35.924991],[-81.895288,35.925719],[-81.895297,35.925961],[-81.896064,35.926798],[-81.896039,35.927162],[-81.895885,35.92714],[-81.895508,35.926373],[-81.895128,35.926018],[-81.895125,35.925653],[-81.895961,35.924874],[-81.895941,35.924332],[-81.895796,35.924347],[-81.895192,35.924924],[-81.894709,35.926525],[-81.895369,35.927539],[-81.896072,35.927979],[-81.896218,35.929212],[-81.895823,35.929253],[-81.895632,35.928878],[-81.895603,35.928101],[-81.895309,35.927849],[-81.895266,35.928254],[-81.895075,35.928199],[-81.894614,35.926694],[-81.894425,35.927086],[-81.894443,35.927603],[-81.894875,35.928335],[-81.89546,35.928869],[-81.895552,35.929452],[-81.895314,35.929413],[-81.895305,35.929208],[-81.894869,35.928766],[-81.894624,35.928871],[-81.895101,35.929313],[-81.895191,35.929631],[-81.894832,35.930384],[-81.89447,35.930517],[-81.894772,35.929413],[-81.894194,35.929123],[-81.894073,35.928153],[-81.893776,35.928777],[-81.893994,35.929402],[-81.893731,35.929424],[-81.893667,35.929802],[-81.893368,35.929739],[-81.893071,35.930347],[-81.892559,35.930647],[-81.892813,35.931327],[-81.892568,35.931435],[-81.892392,35.930897],[-81.892219,35.931326],[-81.891971,35.931268],[-81.891644,35.931416],[-81.891827,35.931024],[-81.891273,35.931317],[-81.891333,35.931131],[-81.891078,35.93091],[-81.891744,35.930719],[-81.89225,35.929747],[-81.892093,35.929574],[-81.891674,35.929599],[-81.891427,35.929804],[-81.890801,35.929932],[-81.890655,35.929675],[-81.891307,35.929538],[-81.890674,35.92952],[-81.890583,35.929323],[-81.891792,35.929218],[-81.892318,35.928795],[-81.89227,35.928538],[-81.892798,35.928507],[-81.892624,35.928288],[-81.893204,35.928101],[-81.893378,35.92784],[-81.893117,35.927846],[-81.892425,35.928274],[-81.891781,35.927929],[-81.892365,35.927858],[-81.892359,35.927673],[-81.892996,35.927568],[-81.893044,35.927389],[-81.893797,35.927164],[-81.894435,35.926614],[-81.894494,35.926375],[-81.893947,35.926723],[-81.893658,35.926635],[-81.894055,35.926236],[-81.894551,35.926089],[-81.895143,35.924665],[-81.893739,35.925412],[-81.893035,35.926019],[-81.892951,35.926647],[-81.892625,35.927087],[-81.892484,35.92685],[-81.892636,35.926389],[-81.8925,35.926477],[-81.892153,35.926865],[-81.892014,35.927607],[-81.891713,35.927572],[-81.891721,35.927258],[-81.891568,35.927538],[-81.891067,35.927687],[-81.890759,35.928519],[-81.890843,35.928987],[-81.8905,35.929227],[-81.890349,35.929195],[-81.890425,35.928816],[-81.890281,35.928561],[-81.889919,35.928851],[-81.889757,35.928311],[-81.889966,35.928259],[-81.890148,35.927641],[-81.889796,35.927519],[-81.889717,35.927313],[-81.890285,35.92722],[-81.890326,35.926987],[-81.890714,35.926935],[-81.891409,35.926507],[-81.891453,35.926243],[-81.892034,35.926052],[-81.892191,35.925808],[-81.893189,35.92548],[-81.892487,35.92536],[-81.891918,35.925511],[-81.889753,35.927147],[-81.889534,35.927548],[-81.889386,35.927119],[-81.889792,35.926569],[-81.890734,35.925813],[-81.889913,35.926053],[-81.889775,35.925876],[-81.890574,35.925484],[-81.892764,35.92521],[-81.892596,35.925034],[-81.892924,35.924905],[-81.893324,35.925142],[-81.894029,35.925153],[-81.894582,35.92476],[-81.893885,35.924567],[-81.893741,35.924212],[-81.893996,35.92417],[-81.894823,35.924557],[-81.895324,35.924517],[-81.896435,35.923672],[-81.895516,35.923692],[-81.895432,35.923546],[-81.89587,35.923353],[-81.896761,35.923252],[-81.896204,35.923263],[-81.895948,35.923079],[-81.894338,35.923282],[-81.893443,35.923743],[-81.893165,35.924318],[-81.892739,35.924657],[-81.890514,35.92521],[-81.89031,35.925187],[-81.890272,35.924881],[-81.890831,35.924734],[-81.890618,35.92459],[-81.890716,35.924435],[-81.891135,35.924485],[-81.89145,35.924719],[-81.89202,35.924733],[-81.892654,35.924526],[-81.893028,35.924129],[-81.892064,35.924325],[-81.891887,35.924089],[-81.893004,35.923913],[-81.893644,35.92339],[-81.894285,35.923141],[-81.895366,35.92295],[-81.896002,35.922937],[-81.896259,35.923121],[-81.897027,35.92302],[-81.897433,35.922274],[-81.896871,35.922287],[-81.896304,35.922576],[-81.896094,35.922521],[-81.89609,35.922328],[-81.897032,35.921841],[-81.897578,35.921935],[-81.898867,35.920811],[-81.895063,35.921808],[-81.894654,35.922161],[-81.894669,35.922639],[-81.894489,35.922861],[-81.894265,35.922809],[-81.894348,35.92223],[-81.894781,35.921815],[-81.893297,35.92251],[-81.892921,35.922834],[-81.892857,35.923365],[-81.892557,35.923235],[-81.892744,35.922816],[-81.891776,35.923363],[-81.891568,35.923293],[-81.891194,35.923601],[-81.891013,35.923514],[-81.891153,35.923216],[-81.890623,35.923315],[-81.890058,35.923915],[-81.889783,35.923993],[-81.889675,35.923889],[-81.889817,35.923604],[-81.890568,35.923069],[-81.889266,35.923096],[-81.889305,35.922718],[-81.892388,35.922746],[-81.892655,35.92258],[-81.889639,35.922297],[-81.889957,35.922034],[-81.889559,35.921731],[-81.890488,35.921641],[-81.889983,35.921175],[-81.890097,35.920959],[-81.890421,35.921158],[-81.890346,35.92066],[-81.890962,35.921225],[-81.890951,35.921599],[-81.891681,35.92167],[-81.892886,35.922349],[-81.893387,35.922309],[-81.89203,35.921728],[-81.891594,35.921313],[-81.891649,35.921179],[-81.892218,35.921019],[-81.892051,35.92089],[-81.891137,35.920904],[-81.890715,35.920529],[-81.890747,35.920401],[-81.89134,35.920709],[-81.892629,35.920768],[-81.894298,35.921723],[-81.895232,35.921595],[-81.894665,35.92124],[-81.894133,35.921249],[-81.893779,35.920987],[-81.892772,35.920748],[-81.892709,35.920634],[-81.892896,35.92051],[-81.89352,35.920575],[-81.893094,35.920408],[-81.892903,35.920155],[-81.891783,35.91999],[-81.890896,35.920174],[-81.890838,35.920012],[-81.890591,35.919978],[-81.890634,35.919785],[-81.891688,35.919712],[-81.891831,35.919543],[-81.89253,35.919646],[-81.892536,35.919421],[-81.892742,35.919362],[-81.89306,35.919495],[-81.893117,35.919872],[-81.893358,35.919827],[-81.894051,35.920482],[-81.894544,35.920658],[-81.894658,35.920905],[-81.895325,35.921124],[-81.89552,35.92138],[-81.895815,35.921373],[-81.895348,35.920846],[-81.895913,35.920965],[-81.896223,35.921198],[-81.896725,35.921186],[-81.897598,35.920973],[-81.89727,35.920695],[-81.897321,35.920487],[-81.897866,35.920829],[-81.898936,35.920666],[-81.900169,35.919744],[-81.900423,35.919262],[-81.899437,35.919423],[-81.898225,35.919917],[-81.897364,35.920022],[-81.896923,35.92036],[-81.89667,35.920375],[-81.896749,35.920091],[-81.89652,35.920042],[-81.895923,35.920436],[-81.895126,35.920513],[-81.894002,35.92017],[-81.893971,35.919853],[-81.893577,35.919633],[-81.893649,35.919528],[-81.894068,35.919578],[-81.895001,35.9201],[-81.895577,35.920195],[-81.895904,35.920084],[-81.894983,35.919932],[-81.894935,35.919776],[-81.894147,35.91939],[-81.894402,35.919155],[-81.894723,35.919149],[-81.895435,35.919632],[-81.895655,35.919568],[-81.896288,35.91985],[-81.895694,35.919292],[-81.895065,35.91909],[-81.895017,35.918891],[-81.896275,35.919343],[-81.896882,35.919781],[-81.898161,35.919778],[-81.898672,35.919507],[-81.897903,35.919185],[-81.896476,35.919218],[-81.896546,35.918997],[-81.895975,35.91906],[-81.895967,35.918873],[-81.89532,35.918751],[-81.895126,35.918529],[-81.895225,35.918348],[-81.895639,35.91833],[-81.896266,35.918614],[-81.896731,35.918471],[-81.897268,35.918929],[-81.897708,35.918556],[-81.897939,35.918913],[-81.898519,35.919275],[-81.899227,35.919368],[-81.899454,35.91928],[-81.898015,35.918309],[-81.897983,35.91812],[-81.898603,35.918298],[-81.899664,35.919165],[-81.9002,35.91918],[-81.900735,35.91903],[-81.901605,35.918057],[-81.902175,35.917924]]],[[[-81.892507,35.929097],[-81.892351,35.929101],[-81.892192,35.929209],[-81.892383,35.929204],[-81.892507,35.929097]]],[[[-81.893608,35.927554],[-81.893644,35.927476],[-81.893451,35.927557],[-81.893608,35.927554]]],[[[-81.896956,35.923289],[-81.896241,35.924019],[-81.896133,35.924787],[-81.896715,35.925928],[-81.897071,35.926094],[-81.897685,35.926779],[-81.897213,35.925845],[-81.897145,35.924932],[-81.896967,35.924664],[-81.896956,35.923289]]],[[[-81.897158,35.926597],[-81.897402,35.927176],[-81.898093,35.927786],[-81.897831,35.927087],[-81.897158,35.926597]]],[[[-81.891965,35.922266],[-81.891876,35.922269],[-81.892063,35.922341],[-81.891965,35.922266]]],[[[-81.890877,35.922045],[-81.890382,35.922057],[-81.890958,35.922312],[-81.891386,35.92233],[-81.890877,35.922045]]],[[[-81.892607,35.921289],[-81.892047,35.921385],[-81.893011,35.921726],[-81.893622,35.922139],[-81.894145,35.921995],[-81.893807,35.921967],[-81.893975,35.921779],[-81.893327,35.921677],[-81.892607,35.921289]]],[[[-81.889653,35.92795],[-81.889656,35.927952],[-81.889656,35.927958],[-81.889653,35.92795]]]]}},{"id":"87933","type":"Feature","properties":{"OBJECTID":8704,"max_category":0,"label":"cat 0","area_acres":2.7268981850521263,"county":"Burke County","watershed":"Lower Linville River"},"geometry":{"type":"Polygon","coordinates":[[[-81.897168,35.90147],[-81.897348,35.901686],[-81.898413,35.902129],[-81.898074,35.902218],[-81.897173,35.901746],[-81.896402,35.901763],[-81.895933,35.901597],[-81.895691,35.901288],[-81.896085,35.901384],[-81.896161,35.901265],[-81.895898,35.900951],[-81.896117,35.900864],[-81.896321,35.901012],[-81.896556,35.900881],[-81.896745,35.901357],[-81.897168,35.90147]]]}},{"id":"87961","type":"Feature","properties":{"OBJECTID":9485,"max_category":0,"label":"cat 0","area_acres":0.789470308012571,"county":"Burke County","watershed":"Lower Linville River"},"geometry":{"type":"Polygon","coordinates":[[[-81.897386,35.886682],[-81.898548,35.886935],[-81.898654,35.887113],[-81.897841,35.887109],[-81.897302,35.886802],[-81.897386,35.886682]]]}},{"id":"87971","type":"Feature","properties":{"OBJECTID":8705,"max_category":0,"label":"cat 0","area_acres":0.43724933540518374,"county":"Burke County","watershed":"Lower Linville River"},"geometry":{"type":"Polygon","coordinates":[[[-81.896314,35.889892],[-81.896364,35.890219],[-81.895738,35.890146],[-81.896039,35.889906],[-81.896314,35.889892]]]}},{"id":"87978","type":"Feature","properties":{"OBJECTID":8791,"max_category":0,"label":"cat 0","area_acres":2.6680005407776863,"county":"Burke County","watershed":"Lower Linville River"},"geometry":{"type":"Polygon","coordinates":[[[-81.899437,35.898805],[-81.899928,35.899076],[-81.899782,35.899308],[-81.90071,35.900157],[-81.900655,35.900449],[-81.900117,35.899949],[-81.899468,35.89961],[-81.899281,35.899227],[-81.898743,35.899234],[-81.898308,35.89894],[-81.898638,35.898797],[-81.898956,35.898994],[-81.899134,35.898818],[-81.899437,35.898805]]]}},{"id":"87991","type":"Feature","properties":{"OBJECTID":8954,"max_category":0,"label":"cat 0","area_acres":0.4434149219113168,"county":"Burke County","watershed":"Lower Linville River"},"geometry":{"type":"Polygon","coordinates":[[[-81.901715,35.91612],[-81.901811,35.916384],[-81.901309,35.916574],[-81.901152,35.916496],[-81.901229,35.916312],[-81.901715,35.91612]]]}},{"id":"88016","type":"Feature","properties":{"OBJECTID":8794,"max_category":0,"label":"cat 0","area_acres":9.366499339140967,"county":"Burke County","watershed":"Lower Linville River"},"geometry":{"type":"Polygon","coordinates":[[[-81.88837,35.900085],[-81.888399,35.900236],[-81.887562,35.900547],[-81.887559,35.900874],[-81.887262,35.900951],[-81.887239,35.900548],[-81.888037,35.900235],[-81.887581,35.900179],[-81.885357,35.898794],[-81.884607,35.898055],[-81.884394,35.897601],[-81.88399,35.897577],[-81.883504,35.897264],[-81.883186,35.897232],[-81.88206,35.89645],[-81.882075,35.896221],[-81.881457,35.895746],[-81.880927,35.895714],[-81.880923,35.89555],[-81.880005,35.89487],[-81.879985,35.894457],[-81.881461,35.895384],[-81.880967,35.894816],[-81.881032,35.89468],[-81.881369,35.894741],[-81.881291,35.894444],[-81.880908,35.894103],[-81.881213,35.89384],[-81.881814,35.894796],[-81.881839,35.895417],[-81.882,35.895105],[-81.882263,35.895189],[-81.88205,35.895635],[-81.882129,35.895974],[-81.882296,35.896089],[-81.882396,35.895923],[-81.882583,35.895934],[-81.88269,35.89655],[-81.883987,35.897412],[-81.884488,35.897476],[-81.885364,35.898603],[-81.886298,35.899107],[-81.886938,35.899651],[-81.887222,35.899684],[-81.88773,35.900072],[-81.88837,35.900085]]]}},{"id":"88017","type":"Feature","properties":{"OBJECTID":128,"max_category":0,"label":"cat 0","area_acres":0.04839201819476071,"county":"Burke County","watershed":"Lower Linville River"},"geometry":{"type":"MultiPolygon","coordinates":[[[[-81.885673,35.882676],[-81.88578,35.882825],[-81.885687,35.882912],[-81.885673,35.882676]]],[[[-81.885747,35.882168],[-81.885757,35.882184],[-81.885737,35.882229],[-81.885747,35.882168]]],[[[-81.885724,35.88231],[-81.885729,35.882396],[-81.885703,35.882435],[-81.885724,35.88231]]]]}},{"id":"88030","type":"Feature","properties":{"OBJECTID":8797,"max_category":0,"label":"cat 0","area_acres":1.1374197950230662,"county":"Burke County","watershed":"Lower Linville River"},"geometry":{"type":"Polygon","coordinates":[[[-81.89785,35.905411],[-81.898354,35.905728],[-81.897739,35.906408],[-81.897553,35.906172],[-81.897758,35.905913],[-81.89754,35.905783],[-81.89785,35.905411]]]}},{"id":"88032","type":"Feature","properties":{"OBJECTID":8698,"max_category":0,"label":"cat 0","area_acres":2.303655521510753,"county":"Burke County","watershed":"Lower Linville River"},"geometry":{"type":"Polygon","coordinates":[[[-81.902892,35.912827],[-81.901065,35.912293],[-81.902924,35.912244],[-81.903335,35.912017],[-81.903888,35.912118],[-81.903821,35.912271],[-81.903069,35.9126],[-81.902776,35.912583],[-81.902892,35.912827]]]}},{"id":"88046","type":"Feature","properties":{"OBJECTID":5427,"max_category":0,"label":"cat 0","area_acres":9.455677371231543,"county":"Burke County","watershed":"Lower Linville River"},"geometry":{"type":"Polygon","coordinates":[[[-81.893892,35.857189],[-81.894088,35.857388],[-81.894064,35.858602],[-81.894357,35.858485],[-81.894391,35.857619],[-81.89477,35.857813],[-81.894696,35.858336],[-81.894901,35.858409],[-81.894784,35.858664],[-81.894181,35.859015],[-81.89422,35.859161],[-81.894496,35.859441],[-81.894807,35.859002],[-81.894999,35.859025],[-81.895061,35.859207],[-81.894777,35.859633],[-81.894891,35.86001],[-81.895556,35.860125],[-81.895623,35.860281],[-81.894821,35.860233],[-81.894138,35.859571],[-81.893989,35.859116],[-81.892859,35.859046],[-81.892783,35.858784],[-81.892945,35.858698],[-81.893744,35.858818],[-81.892879,35.85818],[-81.89162,35.857983],[-81.891392,35.857663],[-81.891552,35.85752],[-81.89191,35.857704],[-81.891831,35.857561],[-81.892037,35.857489],[-81.892071,35.857232],[-81.892437,35.857664],[-81.892287,35.857202],[-81.892551,35.857139],[-81.892786,35.857776],[-81.893001,35.857815],[-81.893013,35.857469],[-81.893262,35.857349],[-81.89327,35.858098],[-81.89375,35.858495],[-81.89374,35.857255],[-81.893892,35.857189]]]}},{"id":"88052","type":"Feature","properties":{"OBJECTID":8782,"max_category":0,"label":"cat 0","area_acres":3.1342245064215866,"county":"Burke County","watershed":"Lower Linville River"},"geometry":{"type":"Polygon","coordinates":[[[-81.901822,35.91348],[-81.901889,35.9136],[-81.900652,35.914465],[-81.899572,35.91472],[-81.899113,35.915026],[-81.898042,35.915389],[-81.897878,35.916232],[-81.897179,35.917209],[-81.89711,35.917578],[-81.896778,35.917734],[-81.896877,35.91721],[-81.89771,35.916175],[-81.897939,35.915269],[-81.899033,35.914893],[-81.899497,35.914585],[-81.90055,35.914334],[-81.901822,35.91348]]]}},{"id":"88054","type":"Feature","properties":{"OBJECTID":9019,"max_category":0,"label":"cat 0","area_acres":68.47141613526435,"county":"Burke County","watershed":"Lower Linville River"},"geometry":{"type":"Polygon","coordinates":[[[-81.887638,35.906442],[-81.887489,35.907275],[-81.887228,35.907306],[-81.887037,35.906797],[-81.887812,35.905913],[-81.887628,35.905771],[-81.886791,35.906379],[-81.886904,35.907637],[-81.887321,35.908151],[-81.887413,35.908676],[-81.887214,35.908774],[-81.887094,35.909366],[-81.886889,35.909424],[-81.886862,35.908547],[-81.886779,35.909011],[-81.886516,35.909415],[-81.88632,35.909441],[-81.88628,35.909142],[-81.886749,35.908217],[-81.886456,35.907594],[-81.886669,35.906932],[-81.886586,35.906811],[-81.886028,35.907177],[-81.885995,35.906781],[-81.886417,35.906495],[-81.886437,35.906109],[-81.887256,35.905855],[-81.887572,35.905612],[-81.887569,35.905362],[-81.887983,35.905371],[-81.888431,35.905168],[-81.888306,35.904956],[-81.887717,35.905038],[-81.887757,35.904806],[-81.888734,35.904638],[-81.888775,35.904405],[-81.889097,35.90441],[-81.889606,35.904055],[-81.889689,35.903535],[-81.889472,35.903142],[-81.889112,35.903274],[-81.889127,35.903725],[-81.888956,35.903868],[-81.888806,35.903844],[-81.888752,35.903588],[-81.888373,35.903807],[-81.888594,35.903135],[-81.8883,35.903223],[-81.888228,35.904254],[-81.887752,35.904388],[-81.88787,35.903585],[-81.888093,35.903294],[-81.887754,35.903073],[-81.887346,35.903947],[-81.887333,35.904592],[-81.887133,35.905011],[-81.886799,35.904778],[-81.886814,35.904329],[-81.887555,35.903078],[-81.886299,35.903492],[-81.885367,35.904352],[-81.885341,35.904568],[-81.886141,35.905229],[-81.886229,35.905859],[-81.885947,35.90587],[-81.885732,35.905305],[-81.885361,35.90519],[-81.885277,35.905614],[-81.885643,35.905713],[-81.885532,35.906049],[-81.885741,35.906329],[-81.885228,35.906333],[-81.885173,35.906468],[-81.885698,35.907172],[-81.885485,35.907271],[-81.885056,35.906975],[-81.885067,35.907295],[-81.885185,35.90776],[-81.885602,35.9081],[-81.885337,35.908223],[-81.885859,35.908845],[-81.885982,35.909259],[-81.885812,35.909329],[-81.885569,35.909044],[-81.885597,35.909845],[-81.885395,35.909905],[-81.885247,35.908738],[-81.884973,35.908454],[-81.885052,35.909714],[-81.885626,35.910655],[-81.885649,35.911306],[-81.885425,35.911393],[-81.88491,35.910564],[-81.884823,35.910765],[-81.884658,35.910755],[-81.884465,35.910177],[-81.884363,35.910843],[-81.883988,35.910355],[-81.884209,35.909926],[-81.884097,35.909652],[-81.884284,35.90921],[-81.884244,35.908013],[-81.885186,35.906083],[-81.885092,35.905353],[-81.884631,35.905591],[-81.884457,35.905484],[-81.884973,35.904851],[-81.884809,35.904657],[-81.885638,35.903825],[-81.886214,35.903361],[-81.88729,35.902995],[-81.886166,35.902828],[-81.885567,35.90208],[-81.884581,35.901959],[-81.884558,35.901729],[-81.884913,35.90165],[-81.885358,35.901803],[-81.885107,35.901368],[-81.885955,35.901223],[-81.886001,35.901794],[-81.88631,35.901673],[-81.886459,35.901823],[-81.885933,35.902222],[-81.886046,35.90256],[-81.886611,35.902792],[-81.887061,35.902781],[-81.887035,35.902047],[-81.887182,35.901985],[-81.887613,35.90292],[-81.888241,35.903081],[-81.887406,35.901855],[-81.887478,35.901595],[-81.88786,35.901722],[-81.888064,35.902306],[-81.888295,35.902279],[-81.888315,35.902711],[-81.888644,35.902964],[-81.888801,35.90296],[-81.888602,35.902409],[-81.888664,35.902029],[-81.888899,35.902154],[-81.88908,35.902871],[-81.88981,35.902826],[-81.889284,35.902415],[-81.889405,35.902123],[-81.889655,35.902447],[-81.890165,35.90268],[-81.889882,35.902324],[-81.890081,35.901968],[-81.89028,35.902067],[-81.890408,35.902675],[-81.890636,35.902588],[-81.890737,35.9022],[-81.891116,35.90263],[-81.89143,35.902595],[-81.891508,35.9025],[-81.891206,35.902264],[-81.890975,35.901711],[-81.891142,35.901652],[-81.891314,35.900609],[-81.891544,35.900533],[-81.891692,35.900801],[-81.891391,35.901828],[-81.891562,35.901638],[-81.891717,35.901693],[-81.891637,35.901274],[-81.891851,35.900944],[-81.892034,35.901867],[-81.892307,35.901973],[-81.892313,35.902602],[-81.893379,35.902868],[-81.892899,35.901652],[-81.893058,35.901447],[-81.892847,35.901108],[-81.893001,35.900964],[-81.893504,35.901574],[-81.893584,35.902696],[-81.893751,35.902824],[-81.893708,35.901679],[-81.893311,35.900918],[-81.893681,35.900757],[-81.894037,35.901244],[-81.894181,35.90238],[-81.894747,35.902792],[-81.894937,35.902488],[-81.894607,35.902065],[-81.894624,35.90185],[-81.895338,35.902369],[-81.894694,35.901678],[-81.894881,35.901351],[-81.894229,35.901063],[-81.894015,35.900755],[-81.894257,35.900662],[-81.89504,35.901092],[-81.894276,35.900506],[-81.894501,35.900407],[-81.895087,35.900487],[-81.895437,35.900919],[-81.895338,35.901662],[-81.895535,35.90169],[-81.895771,35.902438],[-81.896501,35.902174],[-81.896777,35.902238],[-81.896141,35.902407],[-81.895881,35.902687],[-81.896067,35.903157],[-81.895957,35.903338],[-81.895663,35.903199],[-81.895651,35.90338],[-81.895495,35.903397],[-81.895179,35.902895],[-81.895142,35.903759],[-81.895402,35.903958],[-81.89541,35.904183],[-81.895019,35.904194],[-81.894872,35.902986],[-81.894711,35.903016],[-81.894634,35.903483],[-81.89446,35.903428],[-81.894377,35.903147],[-81.894388,35.903641],[-81.894044,35.903831],[-81.893919,35.90373],[-81.894063,35.903033],[-81.893473,35.902994],[-81.893862,35.903841],[-81.893741,35.904026],[-81.893587,35.904016],[-81.893381,35.903615],[-81.893381,35.904035],[-81.893094,35.904182],[-81.892919,35.90412],[-81.893008,35.903744],[-81.892504,35.904386],[-81.891809,35.904226],[-81.891845,35.904024],[-81.89252,35.903779],[-81.892502,35.903514],[-81.893144,35.903297],[-81.893219,35.903053],[-81.892524,35.902822],[-81.892312,35.903005],[-81.892282,35.903625],[-81.892,35.903674],[-81.891993,35.903167],[-81.891818,35.90371],[-81.89147,35.903974],[-81.891321,35.903814],[-81.891549,35.903437],[-81.891273,35.903649],[-81.89111,35.903476],[-81.891923,35.902727],[-81.891738,35.902704],[-81.890921,35.902858],[-81.89102,35.903719],[-81.891303,35.904076],[-81.890875,35.904181],[-81.89054,35.903687],[-81.890666,35.903413],[-81.890575,35.902814],[-81.890092,35.902825],[-81.889647,35.903124],[-81.889969,35.903607],[-81.890342,35.903696],[-81.890064,35.903815],[-81.890387,35.904047],[-81.890355,35.904181],[-81.890142,35.904194],[-81.890286,35.904496],[-81.890084,35.904551],[-81.889792,35.904335],[-81.889975,35.904735],[-81.889809,35.904892],[-81.889608,35.904803],[-81.889519,35.904444],[-81.889185,35.904679],[-81.889103,35.904838],[-81.889411,35.905156],[-81.889206,35.905347],[-81.888954,35.905133],[-81.888843,35.905203],[-81.8888,35.905963],[-81.888583,35.90621],[-81.888359,35.905992],[-81.888408,35.905488],[-81.888282,35.905574],[-81.888277,35.906562],[-81.88806,35.906689],[-81.887912,35.90612],[-81.887638,35.906442]],[[-81.894019,35.902586],[-81.894026,35.902768],[-81.894209,35.902859],[-81.894288,35.902792],[-81.894019,35.902586]],[[-81.889285,35.903004],[-81.889085,35.903014],[-81.889072,35.9031],[-81.889285,35.903004]]]}},{"id":"88060","type":"Feature","properties":{"OBJECTID":6418,"max_category":0,"label":"cat 0","area_acres":2.07933400039267,"county":"Burke County","watershed":"Lower Linville River"},"geometry":{"type":"Polygon","coordinates":[[[-81.899559,35.875084],[-81.901561,35.875179],[-81.901904,35.875382],[-81.901928,35.875562],[-81.898809,35.875288],[-81.899559,35.875084]]]}},{"id":"88078","type":"Feature","properties":{"OBJECTID":6382,"max_category":0,"label":"cat 0","area_acres":8.85250293384443,"county":"Burke County","watershed":"Lower Linville River"},"geometry":{"type":"Polygon","coordinates":[[[-81.899287,35.870171],[-81.899237,35.87036],[-81.898415,35.870634],[-81.896778,35.870807],[-81.899103,35.870752],[-81.899447,35.870561],[-81.899511,35.870692],[-81.899161,35.870892],[-81.897727,35.870928],[-81.898449,35.871207],[-81.899553,35.870934],[-81.899509,35.87109],[-81.898979,35.871308],[-81.897536,35.871399],[-81.896674,35.871226],[-81.895501,35.871612],[-81.894888,35.871624],[-81.894654,35.871413],[-81.894186,35.871536],[-81.894321,35.8712],[-81.89451,35.871137],[-81.895106,35.871204],[-81.896214,35.871151],[-81.895221,35.871178],[-81.895077,35.870988],[-81.896168,35.870767],[-81.895931,35.870699],[-81.895919,35.870557],[-81.896502,35.870349],[-81.898884,35.87029],[-81.899287,35.870171]],[[-81.897559,35.870932],[-81.896954,35.870946],[-81.896861,35.870976],[-81.897635,35.87117],[-81.897444,35.871069],[-81.897559,35.870932]],[[-81.897088,35.87058],[-81.896877,35.87056],[-81.896837,35.870586],[-81.897088,35.87058]]]}},{"id":"88083","type":"Feature","properties":{"OBJECTID":9015,"max_category":0,"label":"cat 0","area_acres":2.6949212900127275,"county":"Burke County","watershed":"Lower Linville River"},"geometry":{"type":"Polygon","coordinates":[[[-81.882229,35.897454],[-81.88253,35.897779],[-81.88224,35.898047],[-81.882918,35.90019],[-81.882711,35.900061],[-81.882099,35.898163],[-81.881468,35.897944],[-81.881139,35.897579],[-81.881021,35.897146],[-81.88118,35.897067],[-81.881438,35.897191],[-81.882092,35.897961],[-81.881984,35.897678],[-81.882229,35.897454]]]}},{"id":"88098","type":"Feature","properties":{"OBJECTID":6383,"max_category":0,"label":"cat 0","area_acres":3.589904243310151,"county":"Burke County","watershed":"Lower Linville River"},"geometry":{"type":"Polygon","coordinates":[[[-81.898557,35.866752],[-81.898611,35.86691],[-81.897962,35.867047],[-81.897345,35.867473],[-81.896208,35.867199],[-81.894639,35.867256],[-81.894668,35.867022],[-81.895351,35.866862],[-81.895027,35.866734],[-81.895265,35.866611],[-81.897125,35.867226],[-81.897257,35.867223],[-81.897153,35.867009],[-81.898557,35.866752]]]}},{"id":"88107","type":"Feature","properties":{"OBJECTID":8634,"max_category":0,"label":"cat 0","area_acres":2.4360972475155176,"county":"Burke County","watershed":"Lower Linville River"},"geometry":{"type":"Polygon","coordinates":[[[-81.898086,35.895044],[-81.898313,35.895417],[-81.897532,35.895983],[-81.896978,35.896176],[-81.896599,35.896019],[-81.896618,35.895831],[-81.89792,35.895384],[-81.896708,35.895713],[-81.896764,35.895448],[-81.898086,35.895044]]]}},{"id":"88127","type":"Feature","properties":{"OBJECTID":8829,"max_category":0,"label":"cat 0","area_acres":4.223397318816662,"county":"Burke County","watershed":"Lower Linville River"},"geometry":{"type":"Polygon","coordinates":[[[-81.90171,35.897184],[-81.901765,35.897369],[-81.900971,35.897631],[-81.901217,35.897956],[-81.900523,35.897988],[-81.900682,35.898143],[-81.901788,35.898118],[-81.902021,35.898276],[-81.902346,35.898135],[-81.902477,35.89825],[-81.902378,35.898454],[-81.901005,35.89858],[-81.900499,35.898346],[-81.899887,35.898301],[-81.899894,35.898097],[-81.900286,35.897993],[-81.900007,35.897964],[-81.90011,35.897778],[-81.899896,35.89777],[-81.899915,35.897487],[-81.90054,35.897377],[-81.900723,35.897495],[-81.90171,35.897184]]]}},{"id":"88140","type":"Feature","properties":{"OBJECTID":9017,"max_category":0,"label":"cat 0","area_acres":5.965104558243815,"county":"Burke County","watershed":"Lower Linville River"},"geometry":{"type":"Polygon","coordinates":[[[-81.88213,35.893719],[-81.88229,35.893887],[-81.882357,35.894772],[-81.882625,35.894862],[-81.882548,35.894231],[-81.882903,35.894419],[-81.882929,35.894728],[-81.883114,35.89474],[-81.883173,35.894971],[-81.883543,35.894668],[-81.883706,35.895037],[-81.884018,35.895069],[-81.884449,35.896619],[-81.885437,35.897351],[-81.886723,35.89775],[-81.887669,35.898715],[-81.887273,35.898556],[-81.886633,35.897877],[-81.885357,35.897483],[-81.884302,35.896702],[-81.883907,35.895811],[-81.883578,35.895559],[-81.88242,35.895177],[-81.881927,35.894271],[-81.88213,35.893719]]]}},{"id":"88148","type":"Feature","properties":{"OBJECTID":8632,"max_category":0,"label":"cat 0","area_acres":1.2256645129131867,"county":"Burke County","watershed":"Lower Linville River"},"geometry":{"type":"Polygon","coordinates":[[[-81.89687,35.890319],[-81.896963,35.890481],[-81.897888,35.890465],[-81.897975,35.890639],[-81.897123,35.89073],[-81.89666,35.891066],[-81.896575,35.890947],[-81.896782,35.890817],[-81.896503,35.89087],[-81.896391,35.89063],[-81.89679,35.89054],[-81.89687,35.890319]]]}},{"id":"88158","type":"Feature","properties":{"OBJECTID":8631,"max_category":0,"label":"cat 0","area_acres":4.2033125804972284,"county":"Burke County","watershed":"Lower Linville River"},"geometry":{"type":"Polygon","coordinates":[[[-81.90013,35.889151],[-81.900533,35.889263],[-81.900389,35.889612],[-81.900164,35.889724],[-81.899984,35.889645],[-81.899885,35.889276],[-81.899241,35.888779],[-81.899071,35.888224],[-81.898792,35.88801],[-81.898553,35.888137],[-81.898196,35.887819],[-81.897175,35.887671],[-81.897065,35.887433],[-81.898736,35.887453],[-81.89876,35.887748],[-81.899298,35.888282],[-81.900903,35.888152],[-81.900889,35.888297],[-81.900313,35.888346],[-81.900098,35.888515],[-81.899289,35.888479],[-81.90013,35.889151]]]}},{"id":"88186","type":"Feature","properties":{"OBJECTID":9021,"max_category":0,"label":"cat 0","area_acres":1.8834111451748676,"county":"Burke County","watershed":"Lower Linville River"},"geometry":{"type":"Polygon","coordinates":[[[-81.880723,35.899885],[-81.881556,35.899928],[-81.881893,35.900265],[-81.882168,35.900239],[-81.881744,35.900711],[-81.882238,35.901176],[-81.882213,35.901435],[-81.881596,35.901022],[-81.881552,35.900679],[-81.881819,35.900409],[-81.880778,35.900059],[-81.880723,35.899885]]]}},{"id":"88214","type":"Feature","properties":{"OBJECTID":6379,"max_category":0,"label":"cat 0","area_acres":1.8597083853253358,"county":"Burke County","watershed":"Lower Linville River"},"geometry":{"type":"Polygon","coordinates":[[[-81.896231,35.866231],[-81.897668,35.866389],[-81.898321,35.866292],[-81.898465,35.86651],[-81.898009,35.866688],[-81.89644,35.866587],[-81.895925,35.866401],[-81.896231,35.866231]]]}},{"id":"88241","type":"Feature","properties":{"OBJECTID":8796,"max_category":0,"label":"cat 0","area_acres":0.9705986036589054,"county":"Burke County","watershed":"Lower Linville River"},"geometry":{"type":"Polygon","coordinates":[[[-81.898463,35.9046],[-81.899026,35.904589],[-81.899093,35.90473],[-81.897775,35.905147],[-81.897775,35.904936],[-81.898463,35.9046]]]}},{"id":"88260","type":"Feature","properties":{"OBJECTID":8692,"max_category":0,"label":"cat 0","area_acres":9.634416536809375,"county":"Burke County","watershed":"Lower Linville River"},"geometry":{"type":"Polygon","coordinates":[[[-81.90021,35.907224],[-81.901581,35.906313],[-81.901924,35.906421],[-81.901454,35.906755],[-81.902416,35.906567],[-81.903915,35.905433],[-81.904116,35.905471],[-81.903962,35.905762],[-81.904594,35.905389],[-81.9049,35.905549],[-81.904859,35.905885],[-81.904057,35.906039],[-81.903735,35.906289],[-81.90439,35.906418],[-81.904166,35.906611],[-81.903341,35.906688],[-81.903536,35.906913],[-81.902834,35.90681],[-81.902794,35.907139],[-81.902382,35.907],[-81.902331,35.90712],[-81.902073,35.907103],[-81.902056,35.907294],[-81.901442,35.907132],[-81.900912,35.907279],[-81.901235,35.90742],[-81.901696,35.907399],[-81.901755,35.907538],[-81.901541,35.907689],[-81.90049,35.907445],[-81.90047,35.907659],[-81.900308,35.907692],[-81.899775,35.90735],[-81.899148,35.907179],[-81.899233,35.907083],[-81.90021,35.907224]]]}},{"id":"88292","type":"Feature","properties":{"OBJECTID":8868,"max_category":0,"label":"cat 0","area_acres":2.7397516293894677,"county":"Burke County","watershed":"Lower Linville River"},"geometry":{"type":"Polygon","coordinates":[[[-81.899677,35.909243],[-81.899795,35.909544],[-81.899557,35.909581],[-81.899049,35.910019],[-81.898564,35.910634],[-81.897795,35.91053],[-81.897769,35.910293],[-81.898537,35.910055],[-81.898308,35.909932],[-81.89836,35.909811],[-81.899084,35.909724],[-81.899447,35.909419],[-81.898458,35.909633],[-81.898512,35.909341],[-81.899677,35.909243]]]}},{"id":"88293","type":"Feature","properties":{"OBJECTID":8599,"max_category":0,"label":"cat 0","area_acres":49.71499326434199,"county":"Burke County","watershed":"Lower Linville River"},"geometry":{"type":"Polygon","coordinates":[[[-81.911672,35.911135],[-81.913405,35.91214],[-81.913417,35.91243],[-81.912631,35.912086],[-81.911468,35.911221],[-81.910977,35.911316],[-81.912082,35.912163],[-81.913371,35.912645],[-81.913293,35.912874],[-81.912207,35.912615],[-81.909911,35.910614],[-81.909654,35.910797],[-81.909317,35.910586],[-81.908613,35.910652],[-81.907751,35.910266],[-81.907557,35.910402],[-81.90697,35.909705],[-81.906168,35.909451],[-81.905563,35.909466],[-81.906225,35.909594],[-81.906739,35.910174],[-81.907633,35.91062],[-81.90873,35.910824],[-81.908797,35.91101],[-81.908307,35.911076],[-81.907254,35.910816],[-81.907092,35.910931],[-81.906775,35.910527],[-81.906672,35.910702],[-81.906416,35.910603],[-81.906381,35.910228],[-81.906139,35.910283],[-81.905724,35.909751],[-81.905713,35.909905],[-81.90554,35.909933],[-81.905232,35.909721],[-81.904697,35.909734],[-81.904587,35.909942],[-81.904172,35.910071],[-81.905038,35.910054],[-81.905966,35.910489],[-81.905938,35.910635],[-81.90542,35.91065],[-81.904675,35.910202],[-81.904418,35.910235],[-81.904982,35.910481],[-81.905796,35.911159],[-81.906231,35.911173],[-81.906229,35.911329],[-81.905876,35.911437],[-81.905441,35.911323],[-81.904059,35.910424],[-81.90346,35.91023],[-81.901724,35.910739],[-81.900626,35.910353],[-81.900138,35.910336],[-81.900037,35.910181],[-81.90068,35.910211],[-81.901817,35.910594],[-81.902232,35.910406],[-81.902499,35.909695],[-81.90268,35.909651],[-81.902758,35.909818],[-81.902956,35.909468],[-81.903098,35.909902],[-81.902872,35.910172],[-81.903286,35.910092],[-81.903158,35.909763],[-81.903422,35.909624],[-81.903182,35.909164],[-81.903414,35.909136],[-81.903369,35.908952],[-81.903552,35.908825],[-81.90382,35.908952],[-81.904043,35.908513],[-81.904245,35.908759],[-81.904329,35.908348],[-81.904663,35.90806],[-81.904891,35.908105],[-81.904771,35.908474],[-81.905065,35.908388],[-81.905074,35.907661],[-81.90527,35.907194],[-81.90588,35.906637],[-81.905933,35.906336],[-81.906395,35.906362],[-81.906863,35.905846],[-81.906872,35.905527],[-81.907159,35.905466],[-81.907387,35.905546],[-81.907373,35.905947],[-81.90698,35.906037],[-81.905989,35.90726],[-81.905547,35.907528],[-81.905652,35.907643],[-81.905471,35.908254],[-81.905853,35.907765],[-81.905866,35.907413],[-81.906162,35.907335],[-81.906253,35.907533],[-81.906909,35.906956],[-81.907122,35.9072],[-81.906828,35.907443],[-81.906695,35.907896],[-81.906198,35.908067],[-81.906308,35.908341],[-81.905849,35.90847],[-81.90581,35.908683],[-81.904932,35.908766],[-81.904795,35.909069],[-81.904133,35.909088],[-81.903746,35.909422],[-81.904121,35.909477],[-81.90416,35.909597],[-81.903694,35.909863],[-81.904124,35.90985],[-81.904901,35.909183],[-81.905414,35.909134],[-81.906427,35.908644],[-81.906463,35.908344],[-81.906658,35.908322],[-81.907005,35.907847],[-81.907013,35.907557],[-81.90725,35.907579],[-81.907309,35.907358],[-81.907635,35.907221],[-81.907883,35.906892],[-81.90779,35.906632],[-81.908097,35.906359],[-81.908352,35.906647],[-81.90871,35.906509],[-81.908754,35.906707],[-81.907965,35.907113],[-81.907672,35.907758],[-81.907085,35.908407],[-81.908279,35.907569],[-81.908271,35.907069],[-81.908596,35.907064],[-81.908602,35.907545],[-81.908805,35.906981],[-81.909113,35.906879],[-81.909087,35.90733],[-81.909338,35.907362],[-81.909768,35.907079],[-81.909893,35.907175],[-81.909785,35.907326],[-81.91003,35.907497],[-81.909884,35.907655],[-81.909325,35.907755],[-81.9096,35.908023],[-81.910637,35.908625],[-81.911801,35.908719],[-81.911864,35.908958],[-81.911404,35.909049],[-81.911009,35.908786],[-81.910566,35.908762],[-81.909636,35.908187],[-81.909256,35.908159],[-81.90881,35.907767],[-81.908544,35.907773],[-81.908004,35.90822],[-81.908535,35.908217],[-81.908578,35.908477],[-81.907525,35.90854],[-81.906899,35.908904],[-81.905801,35.90924],[-81.907004,35.909206],[-81.908215,35.908685],[-81.908679,35.908589],[-81.90908,35.908689],[-81.909385,35.908494],[-81.909732,35.908494],[-81.909846,35.908692],[-81.909723,35.908813],[-81.908837,35.908838],[-81.908653,35.909114],[-81.907647,35.909169],[-81.908972,35.909324],[-81.910137,35.909149],[-81.91005,35.909438],[-81.908676,35.909606],[-81.910054,35.909539],[-81.909898,35.90972],[-81.910228,35.90992],[-81.910018,35.910122],[-81.909667,35.909973],[-81.908849,35.910031],[-81.909382,35.910386],[-81.909938,35.910333],[-81.910729,35.911179],[-81.911697,35.910991],[-81.912444,35.910378],[-81.912783,35.910405],[-81.912823,35.91068],[-81.912334,35.910734],[-81.911672,35.911135]],[[-81.905389,35.909388],[-81.905224,35.909392],[-81.905496,35.909462],[-81.905389,35.909388]],[[-81.907621,35.909444],[-81.907262,35.909557],[-81.908474,35.909611],[-81.908197,35.909513],[-81.907621,35.909444]],[[-81.908012,35.909924],[-81.90769,35.909827],[-81.907715,35.909931],[-81.908012,35.909924]],[[-81.908183,35.910063],[-81.908053,35.910094],[-81.908315,35.910164],[-81.908183,35.910063]]]}},{"id":"88314","type":"Feature","properties":{"OBJECTID":6381,"max_category":0,"label":"cat 0","area_acres":12.371935407422866,"county":"Burke County","watershed":"Lower Linville River"},"geometry":{"type":"Polygon","coordinates":[[[-81.892439,35.871724],[-81.892064,35.871719],[-81.892224,35.871507],[-81.892113,35.871171],[-81.89171,35.871372],[-81.891378,35.871282],[-81.891496,35.870975],[-81.892038,35.870975],[-81.892449,35.870613],[-81.892927,35.870759],[-81.893608,35.870525],[-81.893741,35.870248],[-81.893965,35.870462],[-81.894162,35.87043],[-81.894824,35.870007],[-81.895397,35.869966],[-81.895079,35.869879],[-81.895236,35.869719],[-81.89614,35.869888],[-81.896606,35.869822],[-81.897589,35.8692],[-81.895661,35.869288],[-81.895274,35.869529],[-81.895098,35.869113],[-81.896061,35.868873],[-81.898157,35.868851],[-81.899312,35.868185],[-81.899281,35.868372],[-81.897899,35.869132],[-81.899132,35.869131],[-81.899155,35.869322],[-81.897772,35.869278],[-81.896903,35.870111],[-81.89622,35.870306],[-81.895952,35.870526],[-81.895354,35.870572],[-81.894592,35.871079],[-81.894436,35.871026],[-81.894473,35.870567],[-81.893407,35.871136],[-81.892539,35.871188],[-81.892439,35.871724]]]}},{"id":"88324","type":"Feature","properties":{"OBJECTID":8617,"max_category":0,"label":"cat 0","area_acres":1.371895503711154,"county":"Burke County","watershed":"Lower Linville River"},"geometry":{"type":"Polygon","coordinates":[[[-81.903969,35.916482],[-81.904523,35.916615],[-81.904408,35.916799],[-81.904039,35.916813],[-81.903424,35.917156],[-81.902751,35.917129],[-81.902824,35.916897],[-81.90346,35.916821],[-81.903969,35.916482]]]}},{"id":"88338","type":"Feature","properties":{"OBJECTID":6369,"max_category":0,"label":"cat 0","area_acres":1.9608730662542335,"county":"Burke County","watershed":"Lower Linville River"},"geometry":{"type":"Polygon","coordinates":[[[-81.899313,35.863354],[-81.900498,35.864315],[-81.900933,35.86436],[-81.901749,35.863819],[-81.902161,35.863964],[-81.902226,35.864121],[-81.901376,35.864355],[-81.901298,35.864575],[-81.900438,35.864456],[-81.899181,35.8635],[-81.899313,35.863354]]]}},{"id":"88364","type":"Feature","properties":{"OBJECTID":9480,"max_category":0,"label":"cat 0","area_acres":0.4106617632621935,"county":"Burke County","watershed":"Lower Linville River"},"geometry":{"type":"Polygon","coordinates":[[[-81.897256,35.886956],[-81.897715,35.887095],[-81.897915,35.887299],[-81.897182,35.887199],[-81.897256,35.886956]]]}},{"id":"88365","type":"Feature","properties":{"OBJECTID":9255,"max_category":0,"label":"cat 0","area_acres":1.3699641483246303,"county":"Burke County","watershed":"Lower Linville River"},"geometry":{"type":"Polygon","coordinates":[[[-81.896785,35.884192],[-81.896853,35.884367],[-81.896499,35.884446],[-81.896876,35.884422],[-81.896928,35.884671],[-81.8964,35.884701],[-81.895834,35.884938],[-81.896124,35.884598],[-81.895669,35.884569],[-81.895687,35.884373],[-81.896785,35.884192]]]}},{"id":"88383","type":"Feature","properties":{"OBJECTID":99,"max_category":0,"label":"cat 0","area_acres":1.4082328099808221,"county":"Burke County","watershed":"Lower Linville River"},"geometry":{"type":"Polygon","coordinates":[[[-81.899763,35.865711],[-81.901109,35.866414],[-81.900828,35.866722],[-81.900336,35.866523],[-81.900274,35.866236],[-81.899875,35.865929],[-81.899178,35.865751],[-81.899763,35.865711]]]}},{"id":"88392","type":"Feature","properties":{"OBJECTID":9494,"max_category":0,"label":"cat 0","area_acres":1.2155715847038038,"county":"Burke County","watershed":"Lower Linville River"},"geometry":{"type":"Polygon","coordinates":[[[-81.902656,35.918405],[-81.904033,35.918301],[-81.904215,35.918697],[-81.903882,35.918765],[-81.902656,35.918405]]]}},{"id":"88408","type":"Feature","properties":{"OBJECTID":8633,"max_category":0,"label":"cat 0","area_acres":2.5671828430783084,"county":"Burke County","watershed":"Lower Linville River"},"geometry":{"type":"Polygon","coordinates":[[[-81.89701,35.889518],[-81.897185,35.889624],[-81.898358,35.8896],[-81.898451,35.889716],[-81.898257,35.889846],[-81.898841,35.889891],[-81.898935,35.890034],[-81.897839,35.890191],[-81.896523,35.889927],[-81.896581,35.889659],[-81.896906,35.889713],[-81.89701,35.889518]]]}},{"id":"88411","type":"Feature","properties":{"OBJECTID":9496,"max_category":0,"label":"cat 0","area_acres":2.7688691495740203,"county":"Burke County","watershed":"Lower Linville River"},"geometry":{"type":"Polygon","coordinates":[[[-81.902711,35.918745],[-81.903875,35.918898],[-81.904945,35.918877],[-81.905561,35.919252],[-81.904956,35.919292],[-81.904841,35.919432],[-81.904086,35.919203],[-81.904005,35.919369],[-81.9036,35.919229],[-81.903428,35.919298],[-81.90265,35.91895],[-81.902711,35.918745]]]}},{"id":"88417","type":"Feature","properties":{"OBJECTID":8778,"max_category":0,"label":"cat 0","area_acres":90.7648570904495,"county":"Burke County","watershed":"Lower Linville River"},"geometry":{"type":"Polygon","coordinates":[[[-81.890614,35.906988],[-81.890569,35.907563],[-81.890704,35.907723],[-81.890958,35.907584],[-81.891077,35.907716],[-81.891412,35.907686],[-81.89176,35.907919],[-81.89271,35.908095],[-81.893263,35.908351],[-81.894268,35.908245],[-81.894306,35.907999],[-81.894905,35.908147],[-81.895674,35.907466],[-81.895475,35.907616],[-81.893539,35.90758],[-81.893098,35.907756],[-81.892571,35.907589],[-81.892498,35.907442],[-81.893565,35.907272],[-81.895422,35.907475],[-81.89574,35.907116],[-81.895315,35.906971],[-81.895294,35.906823],[-81.896154,35.90673],[-81.896582,35.905995],[-81.896833,35.905862],[-81.89653,35.905656],[-81.896562,35.905446],[-81.897152,35.90536],[-81.896945,35.905229],[-81.897186,35.904936],[-81.897136,35.904753],[-81.897447,35.904956],[-81.897007,35.905835],[-81.897359,35.906547],[-81.897091,35.906571],[-81.896803,35.906184],[-81.896817,35.906591],[-81.896331,35.906758],[-81.896434,35.907205],[-81.896239,35.907267],[-81.896065,35.907069],[-81.895874,35.907208],[-81.895745,35.907712],[-81.89533,35.908058],[-81.89531,35.909139],[-81.895063,35.909094],[-81.894994,35.908277],[-81.893827,35.910304],[-81.893573,35.910335],[-81.893538,35.910081],[-81.893291,35.910087],[-81.892349,35.910276],[-81.891674,35.91059],[-81.890844,35.910612],[-81.890271,35.910897],[-81.889205,35.911146],[-81.889632,35.911297],[-81.889932,35.911152],[-81.89019,35.911308],[-81.890801,35.911076],[-81.89217,35.911401],[-81.893393,35.911206],[-81.893922,35.910787],[-81.893415,35.910716],[-81.891702,35.911059],[-81.890899,35.910994],[-81.890764,35.910859],[-81.890908,35.910743],[-81.892398,35.910763],[-81.893634,35.910459],[-81.893964,35.910546],[-81.894201,35.910233],[-81.894693,35.910256],[-81.89453,35.910005],[-81.895259,35.909953],[-81.895049,35.909745],[-81.895118,35.909581],[-81.895972,35.909606],[-81.895605,35.909237],[-81.895752,35.909067],[-81.896278,35.909544],[-81.896509,35.909538],[-81.896147,35.909229],[-81.896275,35.909107],[-81.896171,35.908786],[-81.896516,35.908872],[-81.896857,35.909347],[-81.896922,35.909016],[-81.897442,35.909159],[-81.89836,35.908593],[-81.89778,35.908567],[-81.897769,35.908284],[-81.898659,35.90825],[-81.899151,35.907937],[-81.899316,35.908073],[-81.897904,35.909166],[-81.89787,35.909875],[-81.89759,35.909781],[-81.897497,35.9093],[-81.896905,35.909575],[-81.896934,35.910406],[-81.896794,35.910656],[-81.896593,35.910396],[-81.896499,35.909755],[-81.896486,35.910265],[-81.896164,35.910677],[-81.896019,35.910496],[-81.896203,35.909813],[-81.895972,35.909941],[-81.895716,35.910904],[-81.895355,35.910824],[-81.895637,35.910168],[-81.895299,35.910584],[-81.895075,35.91036],[-81.894969,35.910951],[-81.894669,35.910493],[-81.894356,35.910584],[-81.893816,35.91105],[-81.893772,35.911371],[-81.893408,35.911486],[-81.893062,35.91184],[-81.892858,35.911749],[-81.892929,35.911493],[-81.892534,35.911589],[-81.892223,35.911857],[-81.89234,35.912366],[-81.892043,35.912493],[-81.891966,35.912815],[-81.891691,35.912814],[-81.891664,35.912453],[-81.891176,35.913298],[-81.890311,35.913892],[-81.889956,35.913796],[-81.890333,35.913534],[-81.890404,35.913115],[-81.889876,35.913567],[-81.88963,35.913527],[-81.88928,35.913911],[-81.88901,35.913807],[-81.888247,35.91432],[-81.88778,35.91445],[-81.887617,35.914296],[-81.88825,35.913575],[-81.888505,35.913493],[-81.888401,35.913281],[-81.8875,35.913468],[-81.886859,35.913893],[-81.886043,35.913914],[-81.88611,35.913718],[-81.886624,35.913648],[-81.887657,35.91305],[-81.888346,35.91314],[-81.888924,35.912882],[-81.888718,35.912724],[-81.88813,35.912737],[-81.888057,35.912627],[-81.88849,35.912239],[-81.888886,35.91222],[-81.889058,35.911947],[-81.888395,35.912045],[-81.887861,35.912466],[-81.887675,35.912334],[-81.888048,35.912047],[-81.887963,35.911887],[-81.888122,35.911648],[-81.88873,35.911647],[-81.889333,35.910688],[-81.890108,35.910433],[-81.890697,35.910418],[-81.890703,35.910228],[-81.892517,35.909924],[-81.891203,35.909957],[-81.891181,35.909775],[-81.891525,35.909604],[-81.893543,35.909719],[-81.894182,35.909196],[-81.894675,35.908374],[-81.894012,35.908531],[-81.892923,35.90946],[-81.892536,35.909415],[-81.893627,35.908485],[-81.893099,35.908498],[-81.892554,35.909106],[-81.891841,35.909458],[-81.891131,35.909552],[-81.891617,35.909117],[-81.892529,35.908753],[-81.892746,35.908424],[-81.891815,35.908885],[-81.89188,35.908474],[-81.890301,35.909691],[-81.890209,35.909525],[-81.890439,35.909058],[-81.890835,35.908515],[-81.891394,35.908126],[-81.890656,35.908198],[-81.889981,35.908763],[-81.889806,35.908656],[-81.889878,35.908437],[-81.889718,35.908413],[-81.889505,35.908596],[-81.88936,35.909509],[-81.8892,35.90954],[-81.889094,35.909373],[-81.889034,35.909846],[-81.888587,35.910321],[-81.888563,35.911106],[-81.888354,35.911134],[-81.888244,35.910731],[-81.888217,35.911483],[-81.887876,35.911526],[-81.887709,35.911985],[-81.886899,35.91265],[-81.886668,35.9125],[-81.886759,35.912267],[-81.886123,35.912672],[-81.886155,35.912219],[-81.886442,35.911992],[-81.886309,35.911744],[-81.886994,35.911291],[-81.887572,35.910143],[-81.88805,35.909728],[-81.887948,35.909547],[-81.888173,35.909292],[-81.887163,35.910163],[-81.88675,35.910888],[-81.886753,35.911247],[-81.886413,35.911482],[-81.886415,35.910976],[-81.887003,35.910094],[-81.888358,35.908925],[-81.888699,35.908846],[-81.888403,35.908793],[-81.88845,35.908535],[-81.889307,35.90839],[-81.889622,35.90798],[-81.890415,35.907831],[-81.890429,35.907599],[-81.890206,35.90759],[-81.890132,35.907426],[-81.889977,35.907691],[-81.889697,35.907499],[-81.889833,35.907145],[-81.890421,35.90661],[-81.890194,35.906615],[-81.889682,35.907083],[-81.88934,35.907121],[-81.888996,35.907986],[-81.88848,35.908293],[-81.888779,35.907333],[-81.88844,35.907084],[-81.888448,35.906837],[-81.889648,35.906595],[-81.889828,35.9064],[-81.890688,35.906406],[-81.890767,35.906284],[-81.890509,35.906108],[-81.891176,35.9059],[-81.891606,35.905398],[-81.892985,35.905472],[-81.893961,35.904984],[-81.894655,35.904855],[-81.895044,35.904967],[-81.894983,35.90466],[-81.894541,35.904588],[-81.893608,35.904858],[-81.892679,35.904879],[-81.892321,35.904696],[-81.891154,35.905136],[-81.890838,35.905658],[-81.890417,35.905534],[-81.891063,35.90498],[-81.892315,35.904447],[-81.892701,35.904545],[-81.892938,35.904402],[-81.893374,35.904447],[-81.893502,35.904663],[-81.893801,35.904655],[-81.894392,35.90445],[-81.894827,35.904494],[-81.895064,35.904326],[-81.895371,35.904561],[-81.895212,35.904763],[-81.895338,35.905057],[-81.895922,35.90495],[-81.895952,35.904801],[-81.895677,35.904669],[-81.895754,35.904422],[-81.896069,35.904446],[-81.896409,35.904704],[-81.897048,35.904477],[-81.896473,35.90505],[-81.896421,35.905622],[-81.896131,35.905883],[-81.896201,35.906213],[-81.89582,35.906423],[-81.895533,35.906321],[-81.895999,35.905681],[-81.894695,35.905904],[-81.894343,35.906575],[-81.893615,35.906941],[-81.893563,35.906676],[-81.894119,35.906193],[-81.893827,35.906199],[-81.892976,35.906872],[-81.892594,35.906884],[-81.89286,35.906458],[-81.893551,35.906096],[-81.894357,35.906044],[-81.894936,35.905647],[-81.896248,35.905574],[-81.8963,35.905142],[-81.895264,35.905203],[-81.894528,35.905001],[-81.893558,35.905271],[-81.892862,35.905645],[-81.892489,35.906388],[-81.892146,35.906648],[-81.892028,35.906509],[-81.892436,35.905726],[-81.892224,35.90577],[-81.891565,35.906469],[-81.891412,35.906309],[-81.8917,35.905892],[-81.891353,35.905956],[-81.891113,35.906328],[-81.891419,35.90657],[-81.891637,35.907055],[-81.891554,35.907338],[-81.891197,35.907495],[-81.890958,35.907418],[-81.891199,35.907013],[-81.891184,35.906605],[-81.890983,35.90645],[-81.890889,35.907089],[-81.890614,35.906988]],[[-81.890999,35.912942],[-81.890883,35.913097],[-81.890885,35.913171],[-81.891009,35.913036],[-81.890999,35.912942]],[[-81.891501,35.90829],[-81.891379,35.908396],[-81.891563,35.908314],[-81.891501,35.90829]],[[-81.88815,35.910548],[-81.888056,35.910582],[-81.88802,35.91066],[-81.88815,35.910548]],[[-81.88786,35.910808],[-81.887665,35.910976],[-81.887622,35.911238],[-81.887342,35.911395],[-81.887296,35.911992],[-81.88777,35.911271],[-81.88786,35.910808]],[[-81.887007,35.911637],[-81.886848,35.911764],[-81.886853,35.911892],[-81.886978,35.911785],[-81.887007,35.911637]],[[-81.891722,35.911664],[-81.889743,35.912178],[-81.889894,35.911707],[-81.889768,35.91171],[-81.889151,35.912214],[-81.890247,35.912393],[-81.891305,35.912328],[-81.891737,35.912125],[-81.892088,35.911737],[-81.891722,35.911664]],[[-81.889687,35.912426],[-81.889799,35.912583],[-81.890236,35.912573],[-81.889799,35.912502],[-81.889687,35.912426]],[[-81.889206,35.912751],[-81.888929,35.912609],[-81.889162,35.912789],[-81.889206,35.912751]]]}},{"id":"88441","type":"Feature","properties":{"OBJECTID":8803,"max_category":0,"label":"cat 0","area_acres":1.0638084095693316,"county":"Burke County","watershed":"Lower Linville River"},"geometry":{"type":"Polygon","coordinates":[[[-81.898764,35.907341],[-81.898958,35.907554],[-81.898932,35.907825],[-81.897799,35.907887],[-81.89785,35.907705],[-81.898764,35.907341]]]}},{"id":"88451","type":"Feature","properties":{"OBJECTID":6398,"max_category":0,"label":"cat 0","area_acres":4.5803484549371225,"county":"Burke County","watershed":"Lower Linville River"},"geometry":{"type":"Polygon","coordinates":[[[-81.88204,35.860905],[-81.882232,35.860995],[-81.882113,35.861441],[-81.882323,35.861629],[-81.882712,35.861476],[-81.882684,35.86177],[-81.88297,35.861825],[-81.882617,35.862379],[-81.882625,35.863755],[-81.882283,35.862621],[-81.882077,35.862474],[-81.882274,35.862371],[-81.882198,35.862129],[-81.881822,35.861676],[-81.881311,35.861578],[-81.881126,35.861392],[-81.881203,35.861282],[-81.881564,35.861357],[-81.88111,35.86093],[-81.881338,35.860437],[-81.881661,35.860561],[-81.881878,35.8611],[-81.88204,35.860905]]]}},{"id":"88456","type":"Feature","properties":{"OBJECTID":9474,"max_category":0,"label":"cat 0","area_acres":1.1135886521661487,"county":"Burke County","watershed":"Lower Linville River"},"geometry":{"type":"Polygon","coordinates":[[[-81.89925,35.885123],[-81.899581,35.885319],[-81.899287,35.88551],[-81.897658,35.88547],[-81.897715,35.885326],[-81.898847,35.88527],[-81.89925,35.885123]]]}},{"id":"88498","type":"Feature","properties":{"OBJECTID":9473,"max_category":0,"label":"cat 0","area_acres":4.420836234329953,"county":"Burke County","watershed":"Lower Linville River"},"geometry":{"type":"Polygon","coordinates":[[[-81.901002,35.885273],[-81.902679,35.885488],[-81.902616,35.885763],[-81.901292,35.885547],[-81.902603,35.886025],[-81.902053,35.886208],[-81.899033,35.884803],[-81.898191,35.884714],[-81.897898,35.884961],[-81.89761,35.885056],[-81.897504,35.884942],[-81.898106,35.884582],[-81.898453,35.884564],[-81.901002,35.885273]]]}},{"id":"88510","type":"Feature","properties":{"OBJECTID":127,"max_category":0,"label":"cat 0","area_acres":86.42816380414287,"county":"Burke County","watershed":"Lower Linville River"},"geometry":{"type":"MultiPolygon","coordinates":[[[[-81.888351,35.877772],[-81.888547,35.878027],[-81.888696,35.87787],[-81.888884,35.878038],[-81.888647,35.878932],[-81.889137,35.878671],[-81.889063,35.878341],[-81.889405,35.878511],[-81.889374,35.878813],[-81.888958,35.879147],[-81.889076,35.879607],[-81.889354,35.879607],[-81.889637,35.880172],[-81.890069,35.880476],[-81.890358,35.880608],[-81.890021,35.880392],[-81.890116,35.880228],[-81.889893,35.879979],[-81.890015,35.879818],[-81.890265,35.879988],[-81.890209,35.879364],[-81.890026,35.878984],[-81.88948,35.878559],[-81.88939,35.878168],[-81.889769,35.87811],[-81.889777,35.878436],[-81.890102,35.878632],[-81.890377,35.878391],[-81.890201,35.877957],[-81.890583,35.87796],[-81.89066,35.879528],[-81.890864,35.879608],[-81.89093,35.880458],[-81.891191,35.880217],[-81.891624,35.880976],[-81.892149,35.881169],[-81.891108,35.879882],[-81.891105,35.879612],[-81.891474,35.87949],[-81.891356,35.879294],[-81.891548,35.879111],[-81.890943,35.878592],[-81.890654,35.878518],[-81.891029,35.877708],[-81.891037,35.877429],[-81.890774,35.877196],[-81.892713,35.877066],[-81.890953,35.877107],[-81.890933,35.876916],[-81.890369,35.876947],[-81.890253,35.876796],[-81.890397,35.876655],[-81.891046,35.87677],[-81.891393,35.876444],[-81.891658,35.876426],[-81.891129,35.876279],[-81.890495,35.876398],[-81.890446,35.876043],[-81.891369,35.87624],[-81.891717,35.876123],[-81.893507,35.876519],[-81.893533,35.876351],[-81.893717,35.876323],[-81.894151,35.876586],[-81.89439,35.876663],[-81.894742,35.876656],[-81.894967,35.876732],[-81.895427,35.876721],[-81.89533,35.876646],[-81.894398,35.876639],[-81.894198,35.876464],[-81.894841,35.876435],[-81.895674,35.876613],[-81.896429,35.877134],[-81.897362,35.878157],[-81.897442,35.878586],[-81.897211,35.878564],[-81.897022,35.878871],[-81.897353,35.878886],[-81.896941,35.87927],[-81.895754,35.879302],[-81.89525,35.879121],[-81.895299,35.879007],[-81.895854,35.878992],[-81.89573,35.878865],[-81.895889,35.878691],[-81.896819,35.878722],[-81.896717,35.878565],[-81.896138,35.878441],[-81.895027,35.87866],[-81.894961,35.878488],[-81.89536,35.87835],[-81.894259,35.878264],[-81.893099,35.878568],[-81.893021,35.878439],[-81.893309,35.878178],[-81.892102,35.8783],[-81.89244,35.878089],[-81.892203,35.878063],[-81.892264,35.877875],[-81.893513,35.877701],[-81.893996,35.877909],[-81.894055,35.877748],[-81.894416,35.877764],[-81.89489,35.877972],[-81.895294,35.877989],[-81.895229,35.877837],[-81.895396,35.877796],[-81.896233,35.878159],[-81.897195,35.878312],[-81.896694,35.877933],[-81.896116,35.877836],[-81.896137,35.877703],[-81.896564,35.877603],[-81.89634,35.877474],[-81.895749,35.877596],[-81.89579,35.87735],[-81.89539,35.877306],[-81.894766,35.877484],[-81.894331,35.877419],[-81.894444,35.877133],[-81.895849,35.877096],[-81.895647,35.876996],[-81.893959,35.876956],[-81.893608,35.877255],[-81.893097,35.877331],[-81.891996,35.877931],[-81.891907,35.877717],[-81.891558,35.877725],[-81.891035,35.878122],[-81.89109,35.878323],[-81.891279,35.878363],[-81.891685,35.878966],[-81.891862,35.878762],[-81.892014,35.878852],[-81.892047,35.879588],[-81.892384,35.879576],[-81.892193,35.879895],[-81.892308,35.880273],[-81.89261,35.880253],[-81.892456,35.88063],[-81.892608,35.881159],[-81.892838,35.880852],[-81.893079,35.88124],[-81.893062,35.88071],[-81.893202,35.880651],[-81.893754,35.881543],[-81.8942,35.881725],[-81.895064,35.881682],[-81.894597,35.881638],[-81.894877,35.881452],[-81.892945,35.879808],[-81.893122,35.879662],[-81.894141,35.880184],[-81.895213,35.881408],[-81.895316,35.881232],[-81.895688,35.881388],[-81.896319,35.881235],[-81.896641,35.881486],[-81.896888,35.881419],[-81.897169,35.881654],[-81.897453,35.881485],[-81.897515,35.881639],[-81.895909,35.88251],[-81.895764,35.882473],[-81.895733,35.882163],[-81.895181,35.882299],[-81.894759,35.882719],[-81.894131,35.883021],[-81.893967,35.882885],[-81.894912,35.882126],[-81.894463,35.882383],[-81.89413,35.882172],[-81.893053,35.882769],[-81.892748,35.882699],[-81.892518,35.883631],[-81.89215,35.883721],[-81.891776,35.884204],[-81.891495,35.8841],[-81.891653,35.883701],[-81.89135,35.883941],[-81.891045,35.883776],[-81.892134,35.882823],[-81.89161,35.882946],[-81.890425,35.883881],[-81.890132,35.883796],[-81.889963,35.883889],[-81.889803,35.88375],[-81.889944,35.88326],[-81.888649,35.883812],[-81.886983,35.883697],[-81.886887,35.883564],[-81.88705,35.88349],[-81.888591,35.883672],[-81.889571,35.883254],[-81.889484,35.883134],[-81.889128,35.883362],[-81.888998,35.883255],[-81.887082,35.883272],[-81.886768,35.883122],[-81.886841,35.882999],[-81.889041,35.883029],[-81.889926,35.882707],[-81.891002,35.882636],[-81.891643,35.882391],[-81.892929,35.882332],[-81.892965,35.882199],[-81.893719,35.88204],[-81.896232,35.881949],[-81.89683,35.881749],[-81.896219,35.881517],[-81.894997,35.881875],[-81.894157,35.881868],[-81.893379,35.881504],[-81.891788,35.881567],[-81.891589,35.881435],[-81.890711,35.88214],[-81.89064,35.88189],[-81.890884,35.881534],[-81.890112,35.882142],[-81.889895,35.882557],[-81.889712,35.882588],[-81.889573,35.882353],[-81.888932,35.882923],[-81.888781,35.882868],[-81.888825,35.882281],[-81.888642,35.882194],[-81.887517,35.882845],[-81.887233,35.882873],[-81.887208,35.882695],[-81.886681,35.882922],[-81.886626,35.882796],[-81.886896,35.882535],[-81.886174,35.882632],[-81.886403,35.882054],[-81.887567,35.882294],[-81.888402,35.882164],[-81.888527,35.881949],[-81.889036,35.88193],[-81.889422,35.881628],[-81.890232,35.88133],[-81.888017,35.881657],[-81.887571,35.88204],[-81.887304,35.882085],[-81.887308,35.881894],[-81.886786,35.881931],[-81.886731,35.881796],[-81.886932,35.8816],[-81.887621,35.881578],[-81.887903,35.881357],[-81.887576,35.881228],[-81.887111,35.881364],[-81.886996,35.881115],[-81.887106,35.880938],[-81.887604,35.88103],[-81.888016,35.88091],[-81.890424,35.88088],[-81.890994,35.881086],[-81.890483,35.880856],[-81.889603,35.880734],[-81.889118,35.880449],[-81.888211,35.88047],[-81.887601,35.880785],[-81.887039,35.880746],[-81.886117,35.880958],[-81.886185,35.880708],[-81.886589,35.880509],[-81.887566,35.88048],[-81.88798,35.880321],[-81.88746,35.880241],[-81.886975,35.880443],[-81.886904,35.880265],[-81.88711,35.880139],[-81.886742,35.880121],[-81.886282,35.880348],[-81.886506,35.87981],[-81.886751,35.879703],[-81.888654,35.87996],[-81.887924,35.879666],[-81.887696,35.879411],[-81.886933,35.879357],[-81.88762,35.878803],[-81.887741,35.879089],[-81.888339,35.87945],[-81.887752,35.878646],[-81.888035,35.878441],[-81.88824,35.878899],[-81.888366,35.878827],[-81.888114,35.87839],[-81.888245,35.878281],[-81.888167,35.877897],[-81.888351,35.877772]]],[[[-81.893648,35.876796],[-81.893289,35.876854],[-81.893683,35.876817],[-81.893648,35.876796]]],[[[-81.890393,35.878671],[-81.890329,35.878796],[-81.890424,35.879617],[-81.890487,35.879589],[-81.890393,35.878671]]],[[[-81.888944,35.879702],[-81.889124,35.879991],[-81.889221,35.880068],[-81.889076,35.879804],[-81.888944,35.879702]]],[[[-81.888288,35.875984],[-81.888299,35.876],[-81.888299,35.876008],[-81.888288,35.875984]]],[[[-81.887376,35.871801],[-81.887473,35.871829],[-81.88723,35.871824],[-81.887376,35.871801]]],[[[-81.883544,35.870243],[-81.883679,35.870241],[-81.883781,35.870361],[-81.8837,35.870328],[-81.883544,35.870243]]],[[[-81.884074,35.870481],[-81.884187,35.870513],[-81.884227,35.870544],[-81.884074,35.870481]]]]}},{"id":"88532","type":"Feature","properties":{"OBJECTID":9481,"max_category":0,"label":"cat 0","area_acres":0.4479712550062589,"county":"Burke County","watershed":"Lower Linville River"},"geometry":{"type":"Polygon","coordinates":[[[-81.898409,35.891794],[-81.8986,35.891856],[-81.898465,35.892174],[-81.898078,35.892265],[-81.897968,35.891977],[-81.898409,35.891794]]]}},{"id":"88533","type":"Feature","properties":{"OBJECTID":8702,"max_category":0,"label":"cat 0","area_acres":5.536675245172944,"county":"Burke County","watershed":"Lower Linville River"},"geometry":{"type":"Polygon","coordinates":[[[-81.902017,35.913522],[-81.902952,35.912936],[-81.903244,35.913013],[-81.903018,35.913315],[-81.903367,35.913278],[-81.903479,35.912816],[-81.904061,35.912257],[-81.904302,35.91236],[-81.905083,35.911922],[-81.905568,35.911932],[-81.905514,35.912115],[-81.904906,35.912523],[-81.903623,35.913208],[-81.90421,35.91323],[-81.90502,35.912618],[-81.905386,35.912582],[-81.905354,35.912902],[-81.904903,35.913235],[-81.9046,35.913363],[-81.903545,35.913389],[-81.903334,35.913695],[-81.902271,35.913667],[-81.902183,35.913806],[-81.902017,35.913522]]]}},{"id":"88543","type":"Feature","properties":{"OBJECTID":8955,"max_category":0,"label":"cat 0","area_acres":0.6613082533024717,"county":"Burke County","watershed":"Lower Linville River"},"geometry":{"type":"Polygon","coordinates":[[[-81.902444,35.919484],[-81.902531,35.919892],[-81.901601,35.919854],[-81.90177,35.919672],[-81.902361,35.919623],[-81.902444,35.919484]]]}},{"id":"88563","type":"Feature","properties":{"OBJECTID":6392,"max_category":0,"label":"cat 0","area_acres":1.1530602754566528,"county":"Burke County","watershed":"Lower Linville River"},"geometry":{"type":"Polygon","coordinates":[[[-81.896478,35.876889],[-81.897991,35.87719],[-81.898104,35.877338],[-81.89794,35.877463],[-81.897397,35.877419],[-81.896407,35.877026],[-81.896478,35.876889]]]}},{"id":"88571","type":"Feature","properties":{"OBJECTID":120,"max_category":0,"label":"cat 0","area_acres":9.080566311447537,"county":"Burke County","watershed":"Lower Linville River"},"geometry":{"type":"Polygon","coordinates":[[[-81.901989,35.857958],[-81.902612,35.858328],[-81.904036,35.858412],[-81.905274,35.859144],[-81.906152,35.859048],[-81.906237,35.859184],[-81.90606,35.859401],[-81.907311,35.859426],[-81.90724,35.859566],[-81.90654,35.859642],[-81.906815,35.85974],[-81.907384,35.859726],[-81.908076,35.85949],[-81.908275,35.85958],[-81.907451,35.860058],[-81.907557,35.860256],[-81.907337,35.860365],[-81.907024,35.860149],[-81.906271,35.859969],[-81.905492,35.859498],[-81.906037,35.860127],[-81.905977,35.860258],[-81.905734,35.860147],[-81.905604,35.860241],[-81.905231,35.859494],[-81.904773,35.859213],[-81.905141,35.859672],[-81.905261,35.86016],[-81.905082,35.86025],[-81.904859,35.859475],[-81.903798,35.85858],[-81.903361,35.858563],[-81.904038,35.858889],[-81.90445,35.859322],[-81.903982,35.859226],[-81.903392,35.858854],[-81.903228,35.859049],[-81.90301,35.85859],[-81.902538,35.858761],[-81.902026,35.858128],[-81.90157,35.858058],[-81.901989,35.857958]]]}},{"id":"88573","type":"Feature","properties":{"OBJECTID":8629,"max_category":0,"label":"cat 0","area_acres":26.741284181221495,"county":"Burke County","watershed":"Lower Linville River"},"geometry":{"type":"Polygon","coordinates":[[[-81.901101,35.889128],[-81.901093,35.888861],[-81.9016,35.888105],[-81.901767,35.888126],[-81.901926,35.888575],[-81.901508,35.889165],[-81.902587,35.888754],[-81.902747,35.888417],[-81.903157,35.888205],[-81.902912,35.887924],[-81.902999,35.887549],[-81.903287,35.887552],[-81.903288,35.8879],[-81.90359,35.888054],[-81.903477,35.887631],[-81.903672,35.88741],[-81.903992,35.887966],[-81.903856,35.887355],[-81.904268,35.887477],[-81.904528,35.887815],[-81.90508,35.88765],[-81.905392,35.887297],[-81.907126,35.886399],[-81.907478,35.886329],[-81.907691,35.886459],[-81.907584,35.886626],[-81.907097,35.886711],[-81.90752,35.886929],[-81.907503,35.887066],[-81.906544,35.886906],[-81.905369,35.887552],[-81.905694,35.88769],[-81.907098,35.887659],[-81.907299,35.88781],[-81.907231,35.887952],[-81.906102,35.887988],[-81.904922,35.887824],[-81.904016,35.888338],[-81.904715,35.888438],[-81.904797,35.888694],[-81.903597,35.888625],[-81.90463,35.888933],[-81.904539,35.88929],[-81.903764,35.888977],[-81.90441,35.889457],[-81.904353,35.889642],[-81.903373,35.889043],[-81.902173,35.889288],[-81.903698,35.889557],[-81.904177,35.889757],[-81.904128,35.88995],[-81.903514,35.889915],[-81.903195,35.889707],[-81.902773,35.889797],[-81.901835,35.889464],[-81.901334,35.889504],[-81.902395,35.889885],[-81.903115,35.88996],[-81.903048,35.890172],[-81.903562,35.890223],[-81.90347,35.890432],[-81.903123,35.890445],[-81.901236,35.889726],[-81.900354,35.89035],[-81.901786,35.890368],[-81.902315,35.890217],[-81.902673,35.890565],[-81.9034,35.890576],[-81.903253,35.890776],[-81.902362,35.890794],[-81.90255,35.890951],[-81.902517,35.89117],[-81.902239,35.8911],[-81.901971,35.891297],[-81.901441,35.89071],[-81.900426,35.890542],[-81.900315,35.890638],[-81.900904,35.890903],[-81.901468,35.891337],[-81.901462,35.891489],[-81.901151,35.891447],[-81.900131,35.890853],[-81.899828,35.890886],[-81.900755,35.891457],[-81.900783,35.891648],[-81.900242,35.891524],[-81.899464,35.891005],[-81.899121,35.891243],[-81.899857,35.891729],[-81.899835,35.891868],[-81.899515,35.891846],[-81.898923,35.891448],[-81.898161,35.891803],[-81.897596,35.891791],[-81.897476,35.891526],[-81.897705,35.891298],[-81.897998,35.891268],[-81.898257,35.89068],[-81.898455,35.890719],[-81.898469,35.891204],[-81.897815,35.89167],[-81.899024,35.891119],[-81.899203,35.890685],[-81.899502,35.890736],[-81.899802,35.890469],[-81.899907,35.89064],[-81.901101,35.889128]]]}},{"id":"88576","type":"Feature","properties":{"OBJECTID":8608,"max_category":0,"label":"cat 0","area_acres":77.6754839777891,"county":"Burke County","watershed":"Lower Linville River"},"geometry":{"type":"Polygon","coordinates":[[[-81.902134,35.914714],[-81.902135,35.915046],[-81.901995,35.915155],[-81.901329,35.914949],[-81.90124,35.914742],[-81.901987,35.914441],[-81.902691,35.915025],[-81.903064,35.914996],[-81.903393,35.915284],[-81.903769,35.915005],[-81.904161,35.915005],[-81.903832,35.915404],[-81.903413,35.915426],[-81.903826,35.915576],[-81.90456,35.915228],[-81.904679,35.915398],[-81.904433,35.915616],[-81.904667,35.915611],[-81.905393,35.915216],[-81.905807,35.915151],[-81.905842,35.915371],[-81.905158,35.915791],[-81.90539,35.915841],[-81.905756,35.915832],[-81.906081,35.915557],[-81.906425,35.915594],[-81.906789,35.915368],[-81.90781,35.915536],[-81.909704,35.915463],[-81.911073,35.915652],[-81.911411,35.915505],[-81.91213,35.915515],[-81.912582,35.915129],[-81.913028,35.915054],[-81.913145,35.915241],[-81.912716,35.915529],[-81.913904,35.915485],[-81.914396,35.915187],[-81.914547,35.915391],[-81.914406,35.915544],[-81.914718,35.915575],[-81.914761,35.915725],[-81.914665,35.915926],[-81.913692,35.91592],[-81.913955,35.916214],[-81.914399,35.916294],[-81.914205,35.916598],[-81.913443,35.916524],[-81.912534,35.915867],[-81.912609,35.916388],[-81.911697,35.915989],[-81.911519,35.916305],[-81.911101,35.916012],[-81.91048,35.916081],[-81.91005,35.915847],[-81.909948,35.916286],[-81.909583,35.916076],[-81.909119,35.916032],[-81.910192,35.916673],[-81.909755,35.916869],[-81.908812,35.916259],[-81.908514,35.916235],[-81.909757,35.917028],[-81.911116,35.916996],[-81.912107,35.917204],[-81.911808,35.917589],[-81.909505,35.917058],[-81.909218,35.917124],[-81.908488,35.916571],[-81.906827,35.916169],[-81.90748,35.916643],[-81.908271,35.916625],[-81.908724,35.916823],[-81.908868,35.917214],[-81.909507,35.917427],[-81.909515,35.917892],[-81.908993,35.917519],[-81.909047,35.917698],[-81.908879,35.917739],[-81.908124,35.917333],[-81.906407,35.916097],[-81.904901,35.915913],[-81.904979,35.916538],[-81.906464,35.916691],[-81.906508,35.916941],[-81.905783,35.916931],[-81.906096,35.917171],[-81.906845,35.917064],[-81.906852,35.917274],[-81.90643,35.91741],[-81.907126,35.917359],[-81.90686,35.917729],[-81.908276,35.917725],[-81.908628,35.917791],[-81.908677,35.918016],[-81.910067,35.918148],[-81.910783,35.918049],[-81.911061,35.918223],[-81.910658,35.918496],[-81.909735,35.918326],[-81.909072,35.918585],[-81.909228,35.918734],[-81.909082,35.918836],[-81.908015,35.918451],[-81.908583,35.918883],[-81.908376,35.919095],[-81.908717,35.919115],[-81.908642,35.919345],[-81.909128,35.919023],[-81.909387,35.919394],[-81.909243,35.919743],[-81.907835,35.920894],[-81.908397,35.920689],[-81.909173,35.91991],[-81.909376,35.920042],[-81.910087,35.919769],[-81.910341,35.919385],[-81.910584,35.919482],[-81.910663,35.919108],[-81.910867,35.918961],[-81.911197,35.919084],[-81.911888,35.918874],[-81.911974,35.919003],[-81.911229,35.919494],[-81.911481,35.91956],[-81.911385,35.919789],[-81.910497,35.919737],[-81.910144,35.920038],[-81.909818,35.920095],[-81.9098,35.920423],[-81.909308,35.920535],[-81.908792,35.920977],[-81.907948,35.921199],[-81.907287,35.921677],[-81.906885,35.921719],[-81.906332,35.922247],[-81.90594,35.922193],[-81.905584,35.922616],[-81.9056,35.923122],[-81.905428,35.923399],[-81.904881,35.923732],[-81.904796,35.924088],[-81.904492,35.924139],[-81.904466,35.923583],[-81.90491,35.922849],[-81.904522,35.923093],[-81.904408,35.922957],[-81.904791,35.922363],[-81.904429,35.922055],[-81.904162,35.923104],[-81.904002,35.922986],[-81.904081,35.922352],[-81.903853,35.922407],[-81.903895,35.922759],[-81.903588,35.923117],[-81.903426,35.922917],[-81.903511,35.922472],[-81.903239,35.922654],[-81.90317,35.922396],[-81.903596,35.921913],[-81.903666,35.921599],[-81.904176,35.921243],[-81.904204,35.921087],[-81.903908,35.921396],[-81.903741,35.921325],[-81.90447,35.920453],[-81.903739,35.920695],[-81.903307,35.921086],[-81.903063,35.920875],[-81.903843,35.920287],[-81.904523,35.920009],[-81.90487,35.9196],[-81.905163,35.919624],[-81.905074,35.919905],[-81.904509,35.920428],[-81.905144,35.919983],[-81.905597,35.919396],[-81.906094,35.919377],[-81.906175,35.919521],[-81.905741,35.920073],[-81.905412,35.920215],[-81.90479,35.920724],[-81.905269,35.92036],[-81.905516,35.92035],[-81.905603,35.920524],[-81.905297,35.920843],[-81.906194,35.920042],[-81.906403,35.91938],[-81.907371,35.919181],[-81.907416,35.919331],[-81.907106,35.919632],[-81.906698,35.919785],[-81.906749,35.920025],[-81.904696,35.921592],[-81.904845,35.921807],[-81.905041,35.921802],[-81.905063,35.922233],[-81.905459,35.921913],[-81.905932,35.922165],[-81.906249,35.92209],[-81.90656,35.921764],[-81.906523,35.920412],[-81.906722,35.920214],[-81.906876,35.92027],[-81.90691,35.920983],[-81.907305,35.91951],[-81.907559,35.919488],[-81.907621,35.920064],[-81.908005,35.919669],[-81.907934,35.919165],[-81.908146,35.919135],[-81.908248,35.919289],[-81.908343,35.919101],[-81.907982,35.918851],[-81.908007,35.919109],[-81.907798,35.919059],[-81.90769,35.918418],[-81.907214,35.918193],[-81.907393,35.918457],[-81.907173,35.918519],[-81.906707,35.918032],[-81.906416,35.917999],[-81.906104,35.917367],[-81.906237,35.918226],[-81.907327,35.918637],[-81.907509,35.918898],[-81.907406,35.919066],[-81.906939,35.918774],[-81.90702,35.918999],[-81.906819,35.919161],[-81.906592,35.919122],[-81.906039,35.918471],[-81.905928,35.917344],[-81.905718,35.917384],[-81.905615,35.917091],[-81.905303,35.916893],[-81.904273,35.917494],[-81.905355,35.91803],[-81.905555,35.918194],[-81.905507,35.918378],[-81.905096,35.918345],[-81.904202,35.917716],[-81.904194,35.917807],[-81.904596,35.918223],[-81.905707,35.918676],[-81.905922,35.918906],[-81.906266,35.918943],[-81.906322,35.919281],[-81.906047,35.919286],[-81.904697,35.918681],[-81.90384,35.917999],[-81.90286,35.917754],[-81.902887,35.917553],[-81.904126,35.917408],[-81.9048,35.916602],[-81.904585,35.916453],[-81.904478,35.915978],[-81.902987,35.915369],[-81.902835,35.91546],[-81.902134,35.914714]],[[-81.904167,35.921933],[-81.904112,35.9221],[-81.904116,35.922201],[-81.904175,35.92215],[-81.904167,35.921933]],[[-81.904431,35.921759],[-81.904369,35.92171],[-81.904374,35.921873],[-81.904431,35.921759]],[[-81.904944,35.920987],[-81.90459,35.921293],[-81.904566,35.921549],[-81.904644,35.921552],[-81.904944,35.920987]],[[-81.909015,35.919429],[-81.907957,35.920342],[-81.908132,35.920379],[-81.909015,35.919429]],[[-81.908469,35.918186],[-81.908342,35.918112],[-81.908242,35.918191],[-81.908469,35.918186]],[[-81.908323,35.915804],[-81.908605,35.916011],[-81.908899,35.916059],[-81.908459,35.915828],[-81.908323,35.915804]],[[-81.907235,35.91561],[-81.906338,35.915791],[-81.906678,35.915947],[-81.907575,35.915928],[-81.907598,35.916063],[-81.908094,35.916133],[-81.907815,35.915788],[-81.907235,35.91561]]]}},{"id":"88583","type":"Feature","properties":{"OBJECTID":9258,"max_category":0,"label":"cat 0","area_acres":2.43620325931618,"county":"Burke County","watershed":"Lower Linville River"},"geometry":{"type":"Polygon","coordinates":[[[-81.902498,35.91066],[-81.904209,35.911121],[-81.904254,35.911271],[-81.904145,35.911368],[-81.903554,35.9113],[-81.903731,35.911495],[-81.903584,35.91157],[-81.902407,35.91086],[-81.900614,35.911864],[-81.900624,35.911709],[-81.902498,35.91066]]]}},{"id":"88596","type":"Feature","properties":{"OBJECTID":8,"max_category":0,"label":"cat 0","area_acres":181.68713279946752,"county":"Burke County","watershed":"Lower Linville River"},"geometry":{"type":"Polygon","coordinates":[[[-81.897184,35.884952],[-81.897406,35.885128],[-81.897489,35.885506],[-81.896786,35.885976],[-81.894631,35.886035],[-81.895963,35.88642],[-81.896647,35.886861],[-81.89707,35.886893],[-81.897095,35.887041],[-81.896577,35.886998],[-81.895888,35.886555],[-81.89507,35.886274],[-81.894534,35.886556],[-81.894287,35.886499],[-81.894261,35.886907],[-81.893962,35.88726],[-81.89401,35.886502],[-81.893864,35.88652],[-81.893712,35.887077],[-81.893463,35.887161],[-81.893354,35.887018],[-81.893084,35.887449],[-81.892643,35.887676],[-81.892569,35.887406],[-81.893373,35.886627],[-81.892887,35.886791],[-81.892568,35.886564],[-81.892045,35.886618],[-81.891502,35.887001],[-81.89139,35.888372],[-81.89111,35.888306],[-81.890859,35.888618],[-81.890759,35.888122],[-81.890583,35.88884],[-81.890354,35.888817],[-81.890336,35.88846],[-81.890179,35.888877],[-81.889945,35.888854],[-81.889604,35.889115],[-81.888603,35.889445],[-81.888592,35.889248],[-81.889263,35.888782],[-81.889269,35.888466],[-81.889763,35.88818],[-81.889493,35.888183],[-81.889427,35.888046],[-81.890361,35.887807],[-81.89077,35.887445],[-81.890214,35.887596],[-81.890144,35.887428],[-81.890944,35.887106],[-81.891557,35.88652],[-81.891027,35.886478],[-81.889991,35.886832],[-81.889726,35.887635],[-81.889484,35.887414],[-81.889521,35.886757],[-81.889238,35.886972],[-81.889188,35.888177],[-81.888896,35.887927],[-81.888936,35.887203],[-81.888452,35.88765],[-81.888369,35.889205],[-81.888192,35.889016],[-81.888063,35.888099],[-81.887883,35.888732],[-81.888163,35.889071],[-81.888132,35.889596],[-81.887854,35.889599],[-81.88782,35.889067],[-81.887553,35.888962],[-81.88769,35.889524],[-81.88753,35.889566],[-81.887307,35.889261],[-81.887098,35.889469],[-81.887421,35.890378],[-81.887761,35.890615],[-81.888039,35.890529],[-81.888608,35.890678],[-81.889519,35.890493],[-81.889943,35.890704],[-81.890166,35.890506],[-81.890608,35.890825],[-81.890835,35.890819],[-81.890546,35.890659],[-81.890757,35.890326],[-81.891549,35.890692],[-81.891745,35.890578],[-81.89281,35.890609],[-81.892949,35.890715],[-81.893721,35.890613],[-81.894147,35.890319],[-81.893582,35.890045],[-81.893117,35.890166],[-81.89303,35.890466],[-81.892825,35.890558],[-81.8927,35.890422],[-81.892312,35.890432],[-81.89254,35.890152],[-81.892263,35.889994],[-81.891474,35.890297],[-81.891428,35.89017],[-81.891888,35.889893],[-81.891184,35.889937],[-81.89005,35.890403],[-81.889865,35.890336],[-81.889942,35.890214],[-81.888647,35.890216],[-81.888498,35.890057],[-81.889438,35.889835],[-81.890151,35.888995],[-81.890894,35.889178],[-81.891377,35.889546],[-81.891596,35.889482],[-81.890872,35.888978],[-81.891005,35.888781],[-81.892436,35.889655],[-81.891565,35.888908],[-81.892045,35.888964],[-81.892591,35.889439],[-81.892682,35.889773],[-81.893002,35.889888],[-81.892995,35.889697],[-81.893176,35.889681],[-81.89274,35.88937],[-81.892837,35.88926],[-81.892622,35.888975],[-81.893311,35.889029],[-81.893166,35.888813],[-81.893765,35.888551],[-81.893924,35.888301],[-81.893446,35.888563],[-81.893183,35.888535],[-81.893268,35.88832],[-81.892658,35.888555],[-81.89258,35.888365],[-81.891913,35.888655],[-81.891509,35.888562],[-81.891545,35.888371],[-81.892512,35.88795],[-81.893965,35.88797],[-81.894752,35.887813],[-81.894895,35.887689],[-81.894595,35.887472],[-81.895061,35.887284],[-81.895591,35.887546],[-81.896279,35.887503],[-81.896796,35.887724],[-81.896498,35.887968],[-81.895752,35.887892],[-81.89522,35.888108],[-81.894933,35.888034],[-81.894367,35.888267],[-81.894037,35.888721],[-81.893453,35.889058],[-81.893607,35.889199],[-81.893525,35.889726],[-81.89433,35.890077],[-81.894522,35.890023],[-81.894077,35.88973],[-81.894113,35.889591],[-81.894539,35.889526],[-81.895102,35.889814],[-81.895984,35.889488],[-81.896401,35.889511],[-81.896491,35.889648],[-81.895175,35.890089],[-81.895027,35.890608],[-81.894859,35.890316],[-81.894545,35.890434],[-81.894533,35.890925],[-81.894384,35.891015],[-81.89413,35.890902],[-81.893607,35.891633],[-81.893253,35.891673],[-81.893145,35.89156],[-81.893495,35.890925],[-81.89293,35.891021],[-81.892957,35.891844],[-81.892676,35.89221],[-81.892687,35.891156],[-81.892406,35.891487],[-81.892418,35.892153],[-81.892104,35.892274],[-81.892065,35.891721],[-81.891912,35.892421],[-81.892429,35.893557],[-81.893189,35.893705],[-81.892867,35.893192],[-81.89298,35.893056],[-81.892505,35.892546],[-81.893202,35.89261],[-81.893387,35.893426],[-81.893484,35.893488],[-81.893362,35.892851],[-81.893528,35.892735],[-81.893816,35.893197],[-81.893836,35.89369],[-81.894665,35.894219],[-81.895662,35.89436],[-81.895724,35.894135],[-81.895929,35.894079],[-81.896368,35.894231],[-81.896952,35.893844],[-81.897587,35.893645],[-81.897586,35.893868],[-81.897037,35.893976],[-81.896261,35.894447],[-81.896646,35.895417],[-81.896341,35.895421],[-81.896085,35.894824],[-81.896019,35.895165],[-81.896298,35.89574],[-81.896092,35.895808],[-81.89598,35.895652],[-81.895843,35.896064],[-81.895663,35.895861],[-81.89554,35.896425],[-81.894895,35.8969],[-81.894977,35.896317],[-81.895267,35.896115],[-81.895029,35.895935],[-81.895585,35.895518],[-81.895758,35.89469],[-81.895649,35.894503],[-81.894963,35.894519],[-81.89426,35.895154],[-81.894838,35.896301],[-81.894803,35.89658],[-81.894582,35.89655],[-81.894171,35.895678],[-81.893875,35.895726],[-81.894131,35.8963],[-81.894119,35.897197],[-81.893823,35.897164],[-81.893596,35.896065],[-81.893391,35.896395],[-81.893687,35.897107],[-81.893658,35.897538],[-81.893371,35.897545],[-81.893272,35.896989],[-81.89323,35.897288],[-81.892953,35.897276],[-81.892974,35.896545],[-81.892645,35.896743],[-81.892927,35.897739],[-81.89268,35.897792],[-81.892252,35.89714],[-81.892503,35.897969],[-81.892262,35.898101],[-81.891825,35.897953],[-81.891898,35.897297],[-81.891565,35.897647],[-81.891355,35.897161],[-81.890956,35.898102],[-81.890705,35.898066],[-81.890636,35.897899],[-81.890981,35.89717],[-81.890184,35.897354],[-81.890371,35.897878],[-81.890254,35.898145],[-81.890004,35.898001],[-81.889821,35.89739],[-81.889299,35.897649],[-81.88977,35.898153],[-81.889543,35.898275],[-81.889296,35.898019],[-81.88908,35.898073],[-81.889048,35.897891],[-81.888811,35.897933],[-81.887366,35.897525],[-81.886049,35.897],[-81.885713,35.896717],[-81.885388,35.896707],[-81.885203,35.896168],[-81.885333,35.896025],[-81.884334,35.895355],[-81.88439,35.89514],[-81.884179,35.894887],[-81.884441,35.894699],[-81.884008,35.894367],[-81.883155,35.894322],[-81.882415,35.893751],[-81.882844,35.893709],[-81.883365,35.894078],[-81.883657,35.893935],[-81.884291,35.894281],[-81.884249,35.894044],[-81.883425,35.893484],[-81.883535,35.893333],[-81.883833,35.893325],[-81.884373,35.893729],[-81.883341,35.892863],[-81.883511,35.892669],[-81.883938,35.892854],[-81.882828,35.89199],[-81.88296,35.891723],[-81.884222,35.892653],[-81.884775,35.893567],[-81.884702,35.895199],[-81.88481,35.894944],[-81.885098,35.89482],[-81.885013,35.895369],[-81.885315,35.895501],[-81.88566,35.89648],[-81.886129,35.896867],[-81.886735,35.897045],[-81.886659,35.896268],[-81.88628,35.896014],[-81.886464,35.895531],[-81.886145,35.895056],[-81.885969,35.893976],[-81.885413,35.893763],[-81.88501,35.893274],[-81.885297,35.893214],[-81.885993,35.893701],[-81.885453,35.893284],[-81.885219,35.89284],[-81.88412,35.891992],[-81.88417,35.891816],[-81.884392,35.891802],[-81.884899,35.892237],[-81.884015,35.891272],[-81.884191,35.891199],[-81.884544,35.891377],[-81.885268,35.892307],[-81.885256,35.891987],[-81.884878,35.891659],[-81.884933,35.891498],[-81.884099,35.890766],[-81.884327,35.890617],[-81.885005,35.890852],[-81.885518,35.891584],[-81.885433,35.892968],[-81.885922,35.89345],[-81.88609,35.891692],[-81.88516,35.890762],[-81.885031,35.890398],[-81.884452,35.890231],[-81.88485,35.889973],[-81.885484,35.89039],[-81.886172,35.891505],[-81.886235,35.891002],[-81.88546,35.890069],[-81.88586,35.890067],[-81.886336,35.890429],[-81.886168,35.889961],[-81.886657,35.889548],[-81.88563,35.889903],[-81.885521,35.889752],[-81.885779,35.88957],[-81.885207,35.889719],[-81.885104,35.889586],[-81.884606,35.889561],[-81.884354,35.889322],[-81.884542,35.889209],[-81.884814,35.889368],[-81.885215,35.889358],[-81.885526,35.889188],[-81.886054,35.889173],[-81.886495,35.889273],[-81.886894,35.889099],[-81.887556,35.888264],[-81.887021,35.888496],[-81.886672,35.888499],[-81.886628,35.888367],[-81.887701,35.888035],[-81.887791,35.887731],[-81.888539,35.887059],[-81.887314,35.887557],[-81.886402,35.888542],[-81.885913,35.888849],[-81.885823,35.888697],[-81.886338,35.888087],[-81.885598,35.888526],[-81.885549,35.88842],[-81.885972,35.888054],[-81.885653,35.888178],[-81.88574,35.887867],[-81.885359,35.888194],[-81.885142,35.888206],[-81.885216,35.887836],[-81.886824,35.887072],[-81.885513,35.886975],[-81.885526,35.886802],[-81.886049,35.886727],[-81.885619,35.886495],[-81.885632,35.886282],[-81.885904,35.886211],[-81.886155,35.886372],[-81.886066,35.886143],[-81.886286,35.886035],[-81.88709,35.886441],[-81.887656,35.886251],[-81.888637,35.886694],[-81.889437,35.886488],[-81.887847,35.885976],[-81.887106,35.885992],[-81.886462,35.885752],[-81.886485,35.885575],[-81.88677,35.885584],[-81.886359,35.885382],[-81.886353,35.885206],[-81.886592,35.885183],[-81.887582,35.885647],[-81.887692,35.885551],[-81.886758,35.884849],[-81.886929,35.884673],[-81.887374,35.884666],[-81.887568,35.884832],[-81.887714,35.884741],[-81.888561,35.885514],[-81.888945,35.885544],[-81.889781,35.886157],[-81.890565,35.886154],[-81.888319,35.884536],[-81.88759,35.884394],[-81.88759,35.884198],[-81.887792,35.884103],[-81.888402,35.884147],[-81.88863,35.884312],[-81.888534,35.884062],[-81.888875,35.883995],[-81.889248,35.884737],[-81.889391,35.884835],[-81.889356,35.884375],[-81.889795,35.884485],[-81.890024,35.885329],[-81.890474,35.885675],[-81.890282,35.885187],[-81.890455,35.885126],[-81.890884,35.885775],[-81.891454,35.886213],[-81.890367,35.884553],[-81.890332,35.88413],[-81.890563,35.88414],[-81.890665,35.884376],[-81.890889,35.884367],[-81.891382,35.885544],[-81.891823,35.886149],[-81.892694,35.88608],[-81.891615,35.885223],[-81.89159,35.884938],[-81.89114,35.884503],[-81.891196,35.884354],[-81.891493,35.884352],[-81.891863,35.884604],[-81.89197,35.884981],[-81.892209,35.88495],[-81.892585,35.885375],[-81.892137,35.884694],[-81.892757,35.884916],[-81.892933,35.885425],[-81.893157,35.885117],[-81.893278,35.885664],[-81.893513,35.885782],[-81.893398,35.885406],[-81.893555,35.885348],[-81.894048,35.885961],[-81.894272,35.885955],[-81.893623,35.88511],[-81.893255,35.884877],[-81.893352,35.884768],[-81.893069,35.884544],[-81.893145,35.884394],[-81.893543,35.884355],[-81.893825,35.884561],[-81.894252,35.885504],[-81.894783,35.885804],[-81.895305,35.885848],[-81.894272,35.884912],[-81.894235,35.88467],[-81.89502,35.884945],[-81.895666,35.885867],[-81.896706,35.885843],[-81.897332,35.885389],[-81.896666,35.885574],[-81.896513,35.885392],[-81.896922,35.88526],[-81.897184,35.884952]],[[-81.890548,35.889754],[-81.890027,35.889689],[-81.889935,35.889769],[-81.890548,35.889754]],[[-81.886895,35.890013],[-81.88654,35.890294],[-81.886897,35.890434],[-81.886573,35.890847],[-81.886959,35.890556],[-81.88714,35.890722],[-81.886428,35.891529],[-81.887175,35.891075],[-81.887364,35.891257],[-81.886462,35.891826],[-81.886222,35.892361],[-81.886209,35.892937],[-81.886423,35.893249],[-81.886197,35.893531],[-81.886149,35.894082],[-81.886355,35.895117],[-81.886556,35.895272],[-81.886718,35.894147],[-81.886623,35.892415],[-81.886751,35.892195],[-81.886922,35.892225],[-81.887088,35.892953],[-81.88761,35.892055],[-81.887805,35.892227],[-81.887609,35.892558],[-81.887803,35.892431],[-81.887885,35.892582],[-81.88698,35.893705],[-81.886819,35.894888],[-81.88752,35.89388],[-81.887499,35.893264],[-81.887684,35.892918],[-81.888373,35.892767],[-81.888118,35.893427],[-81.888563,35.893583],[-81.88718,35.89458],[-81.886636,35.895417],[-81.88678,35.895765],[-81.887253,35.895693],[-81.886834,35.896237],[-81.886967,35.897136],[-81.888558,35.897716],[-81.889447,35.897421],[-81.888537,35.896583],[-81.888669,35.896175],[-81.889588,35.897305],[-81.890557,35.897092],[-81.890533,35.896784],[-81.890692,35.896706],[-81.890863,35.896767],[-81.89088,35.896975],[-81.891243,35.896939],[-81.891309,35.896635],[-81.891806,35.897062],[-81.892363,35.896756],[-81.892189,35.896689],[-81.892244,35.896572],[-81.892788,35.896389],[-81.892961,35.895981],[-81.893582,35.895729],[-81.893995,35.895202],[-81.893042,35.89536],[-81.893024,35.895021],[-81.89365,35.894875],[-81.894196,35.894944],[-81.894954,35.894355],[-81.894484,35.894366],[-81.893752,35.894763],[-81.893015,35.894868],[-81.891754,35.895927],[-81.891682,35.896517],[-81.891376,35.896254],[-81.890901,35.896731],[-81.889023,35.896105],[-81.888739,35.89585],[-81.889058,35.89584],[-81.888828,35.895523],[-81.889092,35.895396],[-81.89002,35.896088],[-81.890933,35.896259],[-81.891474,35.89581],[-81.890884,35.89607],[-81.890427,35.896052],[-81.889414,35.895247],[-81.889784,35.895247],[-81.89058,35.89569],[-81.891085,35.895731],[-81.891025,35.895416],[-81.891685,35.895554],[-81.891766,35.895475],[-81.891513,35.895276],[-81.892012,35.895244],[-81.892335,35.894966],[-81.890947,35.895026],[-81.890672,35.894994],[-81.890595,35.894843],[-81.889389,35.894727],[-81.889135,35.894387],[-81.890048,35.894383],[-81.889454,35.894344],[-81.888849,35.894075],[-81.888735,35.893849],[-81.888853,35.893757],[-81.889728,35.894128],[-81.889999,35.893838],[-81.891076,35.894469],[-81.892096,35.894637],[-81.892273,35.894569],[-81.892015,35.894397],[-81.890924,35.894196],[-81.890264,35.893782],[-81.891559,35.893886],[-81.892437,35.894259],[-81.892737,35.894622],[-81.894275,35.89431],[-81.893353,35.894035],[-81.892582,35.893995],[-81.891412,35.893587],[-81.890335,35.893634],[-81.89046,35.893362],[-81.889903,35.893327],[-81.890059,35.893069],[-81.889297,35.892944],[-81.88894,35.892726],[-81.888902,35.89255],[-81.889159,35.892399],[-81.890109,35.892925],[-81.890609,35.892917],[-81.890383,35.892697],[-81.890482,35.892376],[-81.890989,35.892666],[-81.891364,35.892513],[-81.891958,35.893322],[-81.891663,35.892635],[-81.891845,35.892422],[-81.891781,35.892161],[-81.891408,35.892482],[-81.891118,35.892313],[-81.891099,35.891947],[-81.892189,35.89126],[-81.891458,35.891523],[-81.891304,35.891448],[-81.890324,35.892259],[-81.889784,35.892247],[-81.889746,35.892017],[-81.890336,35.891875],[-81.890793,35.891454],[-81.890359,35.891413],[-81.889846,35.891781],[-81.889734,35.891535],[-81.889961,35.891285],[-81.889443,35.891297],[-81.888959,35.891712],[-81.888572,35.891893],[-81.888347,35.891849],[-81.888483,35.891635],[-81.888904,35.891497],[-81.889302,35.891136],[-81.888065,35.891711],[-81.887691,35.891634],[-81.887628,35.891353],[-81.88815,35.891273],[-81.887508,35.89115],[-81.887604,35.890984],[-81.887391,35.890898],[-81.886895,35.890013]],[[-81.887174,35.885607],[-81.886804,35.885588],[-81.887236,35.885655],[-81.887174,35.885607]],[[-81.887975,35.890806],[-81.888319,35.891044],[-81.88894,35.891056],[-81.88892,35.890952],[-81.887975,35.890806]],[[-81.894512,35.886218],[-81.894333,35.886179],[-81.894596,35.88625],[-81.894512,35.886218]],[[-81.893922,35.886299],[-81.893366,35.886257],[-81.893488,35.886359],[-81.893922,35.886299]],[[-81.893109,35.886291],[-81.892006,35.88629],[-81.893275,35.886392],[-81.893109,35.886291]],[[-81.890753,35.885898],[-81.891,35.886185],[-81.891209,35.886248],[-81.890753,35.885898]],[[-81.8928,35.88552],[-81.892829,35.885696],[-81.893466,35.886085],[-81.892852,35.885613],[-81.8928,35.88552]],[[-81.896499,35.887777],[-81.896101,35.887649],[-81.895898,35.887709],[-81.896175,35.887834],[-81.896499,35.887777]]]}},{"id":"88623","type":"Feature","properties":{"OBJECTID":6366,"max_category":0,"label":"cat 0","area_acres":1.4084968364812576,"county":"Burke County","watershed":"Lower Linville River"},"geometry":{"type":"Polygon","coordinates":[[[-81.900162,35.861891],[-81.899732,35.862104],[-81.900088,35.861724],[-81.901067,35.861443],[-81.901328,35.861696],[-81.90095,35.861754],[-81.901347,35.862095],[-81.901099,35.862159],[-81.900608,35.861899],[-81.900162,35.861891]]]}},{"id":"88642","type":"Feature","properties":{"OBJECTID":9036,"max_category":0,"label":"cat 0","area_acres":1.0082812972936794,"county":"Burke County","watershed":"Lower Linville River"},"geometry":{"type":"Polygon","coordinates":[[[-81.89108,35.898426],[-81.891289,35.898986],[-81.891522,35.899014],[-81.891551,35.899461],[-81.89121,35.899491],[-81.890991,35.89921],[-81.890931,35.898574],[-81.89108,35.898426]]]}},{"id":"88646","type":"Feature","properties":{"OBJECTID":9483,"max_category":0,"label":"cat 0","area_acres":1.622545402936075,"county":"Burke County","watershed":"Lower Linville River"},"geometry":{"type":"Polygon","coordinates":[[[-81.897899,35.882833],[-81.899291,35.883152],[-81.899501,35.88341],[-81.898859,35.883485],[-81.898098,35.883035],[-81.898291,35.883261],[-81.898131,35.883386],[-81.89774,35.883104],[-81.897899,35.882833]]]}},{"id":"88669","type":"Feature","properties":{"OBJECTID":8869,"max_category":0,"label":"cat 0","area_acres":0.691168062675591,"county":"Burke County","watershed":"Lower Linville River"},"geometry":{"type":"Polygon","coordinates":[[[-81.898935,35.906763],[-81.89784,35.906853],[-81.897857,35.906593],[-81.898993,35.906623],[-81.898935,35.906763]]]}},{"id":"88676","type":"Feature","properties":{"OBJECTID":8618,"max_category":0,"label":"cat 0","area_acres":20.85456846193937,"county":"Burke County","watershed":"Lower Linville River"},"geometry":{"type":"Polygon","coordinates":[[[-81.901835,35.899247],[-81.90109,35.898826],[-81.900198,35.898915],[-81.900224,35.898587],[-81.902332,35.898599],[-81.90268,35.898441],[-81.903167,35.897783],[-81.903409,35.897843],[-81.903206,35.89828],[-81.903659,35.897858],[-81.904052,35.897979],[-81.903416,35.898495],[-81.903879,35.898397],[-81.904482,35.89789],[-81.904755,35.897949],[-81.904704,35.898214],[-81.90552,35.897946],[-81.905698,35.898134],[-81.906609,35.898219],[-81.906546,35.898445],[-81.906243,35.898401],[-81.905876,35.898459],[-81.906326,35.898458],[-81.906382,35.898683],[-81.905828,35.898684],[-81.905062,35.898429],[-81.905095,35.898646],[-81.903793,35.898728],[-81.905241,35.898781],[-81.905356,35.899022],[-81.904618,35.89899],[-81.905871,35.899099],[-81.905941,35.89926],[-81.905674,35.899344],[-81.906025,35.899347],[-81.906086,35.899554],[-81.906717,35.899433],[-81.906847,35.899598],[-81.905867,35.899945],[-81.906131,35.900325],[-81.906005,35.900632],[-81.905523,35.900278],[-81.905307,35.900326],[-81.905134,35.89998],[-81.904717,35.899873],[-81.904169,35.899266],[-81.903986,35.899383],[-81.904583,35.899896],[-81.904544,35.900059],[-81.902824,35.898946],[-81.903494,35.899467],[-81.903391,35.899644],[-81.903068,35.899644],[-81.90333,35.899894],[-81.905355,35.900435],[-81.905418,35.900669],[-81.905938,35.900806],[-81.905774,35.901102],[-81.904838,35.90058],[-81.904605,35.900661],[-81.904186,35.900374],[-81.903219,35.90011],[-81.9019,35.8991],[-81.901835,35.899247]],[[-81.902863,35.899279],[-81.902808,35.89928],[-81.902995,35.89938],[-81.902863,35.899279]]]}},{"id":"88694","type":"Feature","properties":{"OBJECTID":8630,"max_category":0,"label":"cat 0","area_acres":4.1857925181956706,"county":"Burke County","watershed":"Lower Linville River"},"geometry":{"type":"Polygon","coordinates":[[[-81.898522,35.895886],[-81.898712,35.89609],[-81.898026,35.896995],[-81.89787,35.896935],[-81.897854,35.896676],[-81.897076,35.89697],[-81.896842,35.897386],[-81.896157,35.897457],[-81.89572,35.897183],[-81.895804,35.897025],[-81.896477,35.896982],[-81.895955,35.896887],[-81.896145,35.896637],[-81.89694,35.896682],[-81.89641,35.896408],[-81.896468,35.896217],[-81.897528,35.896487],[-81.898522,35.895886]]]}},{"id":"88723","type":"Feature","properties":{"OBJECTID":9478,"max_category":0,"label":"cat 0","area_acres":7.424186590415037,"county":"Burke County","watershed":"Lower Linville River"},"geometry":{"type":"Polygon","coordinates":[[[-81.903845,35.890812],[-81.903921,35.890981],[-81.903341,35.891323],[-81.903188,35.891585],[-81.902644,35.891671],[-81.901922,35.892195],[-81.902515,35.892198],[-81.902576,35.892424],[-81.901564,35.892561],[-81.902332,35.892589],[-81.902244,35.89285],[-81.901119,35.892917],[-81.900857,35.893033],[-81.900867,35.893188],[-81.900496,35.893233],[-81.900708,35.893377],[-81.900637,35.893498],[-81.899618,35.893419],[-81.898739,35.894118],[-81.898049,35.894167],[-81.89809,35.894059],[-81.898654,35.893987],[-81.899475,35.893335],[-81.900013,35.892535],[-81.900314,35.892603],[-81.899889,35.893243],[-81.901103,35.892554],[-81.90144,35.892122],[-81.901496,35.89165],[-81.901869,35.891752],[-81.902081,35.891547],[-81.902518,35.891502],[-81.90303,35.890979],[-81.903362,35.891029],[-81.903845,35.890812]]]}},{"id":"88727","type":"Feature","properties":{"OBJECTID":8694,"max_category":0,"label":"cat 0","area_acres":21.39536838629853,"county":"Burke County","watershed":"Lower Linville River"},"geometry":{"type":"Polygon","coordinates":[[[-81.900185,35.898925],[-81.901287,35.899476],[-81.902311,35.899543],[-81.902685,35.900032],[-81.901947,35.89985],[-81.902396,35.900246],[-81.903502,35.900224],[-81.903981,35.900651],[-81.903749,35.900823],[-81.903048,35.900539],[-81.9028,35.900643],[-81.902925,35.900866],[-81.903395,35.90086],[-81.903477,35.901073],[-81.903842,35.901069],[-81.903935,35.901227],[-81.90438,35.901137],[-81.904426,35.901297],[-81.904733,35.901372],[-81.905163,35.901175],[-81.905358,35.901393],[-81.905059,35.901502],[-81.905611,35.901489],[-81.905836,35.901236],[-81.906256,35.901446],[-81.906673,35.901393],[-81.906689,35.901644],[-81.906998,35.901898],[-81.906733,35.902016],[-81.9069,35.902339],[-81.906645,35.902392],[-81.906164,35.901838],[-81.905792,35.901739],[-81.905477,35.901881],[-81.905585,35.902042],[-81.905338,35.902528],[-81.905054,35.902402],[-81.904747,35.902583],[-81.903407,35.901565],[-81.903953,35.902031],[-81.904069,35.902438],[-81.904707,35.902956],[-81.904297,35.903138],[-81.904207,35.903369],[-81.903817,35.903241],[-81.903726,35.902898],[-81.903462,35.903128],[-81.903179,35.902819],[-81.903011,35.901995],[-81.902777,35.901976],[-81.90264,35.901083],[-81.902068,35.90099],[-81.901786,35.900505],[-81.901442,35.900439],[-81.901576,35.900845],[-81.902218,35.901407],[-81.90217,35.901683],[-81.901766,35.901534],[-81.9017,35.901243],[-81.901337,35.90107],[-81.900969,35.900461],[-81.900948,35.900051],[-81.900012,35.899142],[-81.900185,35.898925]],[[-81.904202,35.901748],[-81.904937,35.90233],[-81.904965,35.902333],[-81.904202,35.901748]]]}},{"id":"88785","type":"Feature","properties":{"OBJECTID":9254,"max_category":0,"label":"cat 0","area_acres":6.616818095188037,"county":"Burke County","watershed":"Lower Linville River"},"geometry":{"type":"Polygon","coordinates":[[[-81.896955,35.883281],[-81.896983,35.883518],[-81.896288,35.883524],[-81.895474,35.884221],[-81.895311,35.884124],[-81.895533,35.883748],[-81.894876,35.884231],[-81.894339,35.88442],[-81.893957,35.884451],[-81.893904,35.884277],[-81.894901,35.883692],[-81.894818,35.883454],[-81.895406,35.8834],[-81.894428,35.883374],[-81.893221,35.884171],[-81.893047,35.884109],[-81.893194,35.883872],[-81.892637,35.883959],[-81.892801,35.883694],[-81.893441,35.883483],[-81.893359,35.883341],[-81.893498,35.883235],[-81.894368,35.883041],[-81.896955,35.883281]]]}},{"id":"88796","type":"Feature","properties":{"OBJECTID":3,"max_category":0,"label":"cat 0","area_acres":57.456748797276305,"county":"Burke County","watershed":"Lower Linville River"},"geometry":{"type":"Polygon","coordinates":[[[-81.914444,35.92838],[-81.912424,35.926917],[-81.912447,35.926766],[-81.912659,35.926758],[-81.913141,35.927117],[-81.912664,35.926662],[-81.912428,35.926092],[-81.912643,35.926077],[-81.913204,35.926535],[-81.913445,35.926986],[-81.914141,35.92752],[-81.9143,35.927433],[-81.914198,35.926466],[-81.914513,35.926373],[-81.913035,35.925161],[-81.913138,35.924927],[-81.913375,35.92493],[-81.913461,35.925156],[-81.913658,35.925067],[-81.913937,35.925628],[-81.914698,35.926211],[-81.914826,35.926101],[-81.914762,35.925282],[-81.913546,35.924329],[-81.913698,35.92408],[-81.914091,35.924331],[-81.913748,35.923381],[-81.913997,35.922809],[-81.913968,35.922112],[-81.914323,35.922186],[-81.914532,35.922496],[-81.914357,35.923227],[-81.914627,35.924341],[-81.914631,35.923456],[-81.914902,35.922695],[-81.91519,35.922948],[-81.915012,35.924574],[-81.914854,35.924813],[-81.914955,35.925714],[-81.915486,35.924965],[-81.916226,35.924639],[-81.916224,35.924394],[-81.91651,35.924082],[-81.915789,35.922819],[-81.915974,35.922706],[-81.916262,35.922818],[-81.916218,35.922554],[-81.915876,35.922258],[-81.915615,35.921724],[-81.915714,35.92158],[-81.915014,35.921019],[-81.915152,35.920832],[-81.915898,35.92117],[-81.915474,35.920641],[-81.915743,35.920625],[-81.915665,35.920238],[-81.915862,35.920181],[-81.915984,35.919808],[-81.916198,35.91996],[-81.916321,35.921449],[-81.916453,35.920139],[-81.916716,35.9203],[-81.916691,35.921451],[-81.916471,35.921889],[-81.91679,35.92251],[-81.917273,35.921811],[-81.917048,35.921213],[-81.917375,35.920898],[-81.917128,35.920543],[-81.917177,35.920335],[-81.917488,35.920371],[-81.917762,35.920607],[-81.917685,35.920894],[-81.917888,35.921186],[-81.918305,35.921229],[-81.918216,35.921431],[-81.917911,35.921524],[-81.917875,35.921782],[-81.918057,35.921954],[-81.917214,35.92323],[-81.91695,35.923929],[-81.917307,35.923706],[-81.917916,35.922448],[-81.918204,35.922338],[-81.918621,35.921696],[-81.918797,35.921744],[-81.918714,35.922378],[-81.917882,35.923514],[-81.918439,35.923227],[-81.918538,35.922875],[-81.918926,35.922746],[-81.918932,35.922966],[-81.919036,35.92291],[-81.919112,35.922066],[-81.919528,35.922495],[-81.919435,35.921623],[-81.920249,35.920942],[-81.920452,35.920935],[-81.920562,35.921093],[-81.920382,35.921431],[-81.919747,35.921838],[-81.919796,35.922408],[-81.920228,35.922235],[-81.920454,35.921618],[-81.920677,35.921592],[-81.920848,35.92122],[-81.921223,35.921125],[-81.92127,35.92143],[-81.921523,35.921367],[-81.921648,35.921555],[-81.921253,35.921756],[-81.921497,35.921771],[-81.921374,35.922],[-81.921776,35.92194],[-81.921838,35.922204],[-81.921634,35.922247],[-81.92167,35.922628],[-81.920869,35.922402],[-81.921472,35.922703],[-81.921519,35.922857],[-81.920921,35.922947],[-81.920446,35.922564],[-81.91964,35.922652],[-81.919565,35.922785],[-81.920353,35.922996],[-81.920385,35.923156],[-81.920138,35.923244],[-81.919368,35.923098],[-81.919226,35.92325],[-81.919631,35.923321],[-81.919646,35.923483],[-81.918766,35.923618],[-81.919754,35.923605],[-81.921644,35.922984],[-81.921563,35.923357],[-81.921173,35.923467],[-81.921038,35.923686],[-81.919969,35.923826],[-81.919802,35.923912],[-81.919987,35.924001],[-81.919929,35.924155],[-81.91923,35.923983],[-81.918941,35.924095],[-81.918534,35.923886],[-81.917345,35.924108],[-81.917055,35.92433],[-81.918571,35.924293],[-81.918687,35.924412],[-81.918418,35.924577],[-81.916821,35.924588],[-81.91663,35.924724],[-81.917993,35.924831],[-81.919357,35.924387],[-81.919847,35.924376],[-81.919977,35.92451],[-81.919775,35.924755],[-81.918962,35.924812],[-81.91887,35.924969],[-81.918325,35.925124],[-81.919339,35.925132],[-81.919528,35.925253],[-81.919471,35.925444],[-81.918826,35.925365],[-81.918973,35.925684],[-81.918781,35.92575],[-81.918288,35.925423],[-81.918401,35.925748],[-81.918271,35.925817],[-81.917587,35.925339],[-81.917644,35.9256],[-81.917416,35.925634],[-81.917231,35.925333],[-81.916557,35.924897],[-81.916022,35.924909],[-81.915377,35.925268],[-81.914992,35.926163],[-81.91455,35.926689],[-81.914607,35.926917],[-81.9148,35.926861],[-81.914864,35.926975],[-81.915709,35.926218],[-81.916641,35.925742],[-81.916813,35.925859],[-81.916479,35.926157],[-81.917072,35.926061],[-81.917544,35.925802],[-81.918076,35.926213],[-81.91582,35.926811],[-81.915701,35.927024],[-81.915421,35.927012],[-81.914625,35.927416],[-81.914462,35.92758],[-81.914949,35.927404],[-81.915085,35.927513],[-81.914474,35.92783],[-81.914444,35.92838]],[[-81.917093,35.922456],[-81.916674,35.922818],[-81.916763,35.92339],[-81.916907,35.922788],[-81.917093,35.922456]],[[-81.917678,35.923669],[-81.917633,35.923689],[-81.917373,35.923914],[-81.917678,35.923669]],[[-81.91717,35.92403],[-81.916939,35.92409],[-81.916749,35.924254],[-81.916938,35.924222],[-81.91717,35.92403]],[[-81.914294,35.924282],[-81.914403,35.92449],[-81.914675,35.924725],[-81.91467,35.924598],[-81.914294,35.924282]]]}},{"id":"88802","type":"Feature","properties":{"OBJECTID":9472,"max_category":0,"label":"cat 0","area_acres":9.443773400243787,"county":"Burke County","watershed":"Lower Linville River"},"geometry":{"type":"Polygon","coordinates":[[[-81.901043,35.886433],[-81.901985,35.886352],[-81.902155,35.886467],[-81.902005,35.886596],[-81.902178,35.886675],[-81.903457,35.886595],[-81.903457,35.886895],[-81.902138,35.88695],[-81.902703,35.887184],[-81.903462,35.887031],[-81.903526,35.887208],[-81.903173,35.887451],[-81.902811,35.88738],[-81.902487,35.887631],[-81.901678,35.886967],[-81.90093,35.886895],[-81.900465,35.886703],[-81.90009,35.886336],[-81.899933,35.886424],[-81.899371,35.886085],[-81.900357,35.886745],[-81.901555,35.887291],[-81.901284,35.887537],[-81.901936,35.887883],[-81.90155,35.888036],[-81.900998,35.887673],[-81.900562,35.887122],[-81.899935,35.886884],[-81.899756,35.886627],[-81.899095,35.886293],[-81.898799,35.885798],[-81.898218,35.885867],[-81.897673,35.885636],[-81.898858,35.885658],[-81.899072,35.885812],[-81.900009,35.885713],[-81.900137,35.885824],[-81.899925,35.886014],[-81.900525,35.88584],[-81.900756,35.886075],[-81.900491,35.886275],[-81.901043,35.886433]]]}},{"id":"88810","type":"Feature","properties":{"OBJECTID":6388,"max_category":0,"label":"cat 0","area_acres":0.7591806934660553,"county":"Burke County","watershed":"Lower Linville River"},"geometry":{"type":"Polygon","coordinates":[[[-81.898816,35.875843],[-81.899844,35.876129],[-81.899923,35.876277],[-81.898685,35.87612],[-81.898816,35.875843]]]}},{"id":"88818","type":"Feature","properties":{"OBJECTID":130,"max_category":0,"label":"cat 0","area_acres":0.573392621938156,"county":"Burke County","watershed":"Lower Linville River"},"geometry":{"type":"Polygon","coordinates":[[[-81.897179,35.880115],[-81.89723,35.880442],[-81.896437,35.880455],[-81.896504,35.880276],[-81.897179,35.880115]]]}},{"id":"88836","type":"Feature","properties":{"OBJECTID":8697,"max_category":0,"label":"cat 0","area_acres":4.037560331414232,"county":"Burke County","watershed":"Lower Linville River"},"geometry":{"type":"Polygon","coordinates":[[[-81.902671,35.908897],[-81.90275,35.909261],[-81.90228,35.909297],[-81.902671,35.909463],[-81.902496,35.909671],[-81.901126,35.909929],[-81.900089,35.909799],[-81.900031,35.909417],[-81.900692,35.909356],[-81.901055,35.909051],[-81.90167,35.908921],[-81.90175,35.909113],[-81.902344,35.90888],[-81.902671,35.908897]],[[-81.902145,35.9093],[-81.901237,35.909376],[-81.900618,35.909776],[-81.901213,35.909756],[-81.902145,35.9093]]]}},{"id":"88843","type":"Feature","properties":{"OBJECTID":8690,"max_category":0,"label":"cat 0","area_acres":24.45780492932884,"county":"Burke County","watershed":"Lower Linville River"},"geometry":{"type":"Polygon","coordinates":[[[-81.906379,35.903972],[-81.906546,35.904309],[-81.906451,35.904483],[-81.90615,35.904468],[-81.906019,35.90429],[-81.905381,35.904713],[-81.904815,35.904592],[-81.904674,35.904855],[-81.904352,35.904905],[-81.904545,35.905085],[-81.904459,35.905228],[-81.90394,35.905162],[-81.903675,35.905332],[-81.903354,35.905281],[-81.903296,35.905452],[-81.902632,35.905386],[-81.902872,35.905588],[-81.902776,35.905711],[-81.902333,35.90553],[-81.902068,35.905727],[-81.901372,35.905608],[-81.900575,35.905847],[-81.901252,35.906018],[-81.902951,35.905865],[-81.902697,35.906151],[-81.901159,35.9063],[-81.900644,35.906223],[-81.900198,35.905966],[-81.900036,35.906241],[-81.899116,35.90632],[-81.898967,35.905992],[-81.89978,35.905613],[-81.900068,35.905229],[-81.900447,35.905322],[-81.90061,35.904982],[-81.900856,35.905026],[-81.901344,35.904561],[-81.901656,35.904619],[-81.902193,35.904443],[-81.902075,35.904804],[-81.901617,35.90486],[-81.90129,35.905141],[-81.902331,35.90514],[-81.90247,35.904907],[-81.90284,35.904758],[-81.902764,35.904473],[-81.902914,35.904362],[-81.902623,35.904195],[-81.902471,35.904257],[-81.902209,35.904064],[-81.901201,35.904128],[-81.901308,35.904288],[-81.901157,35.904376],[-81.900781,35.904193],[-81.900295,35.904287],[-81.900387,35.90456],[-81.89935,35.904298],[-81.89956,35.904517],[-81.899307,35.904585],[-81.898687,35.904272],[-81.896941,35.904185],[-81.897751,35.903903],[-81.89938,35.903863],[-81.900158,35.903518],[-81.900486,35.903617],[-81.900985,35.903331],[-81.901059,35.903961],[-81.902048,35.903855],[-81.902602,35.903375],[-81.902702,35.903593],[-81.903186,35.903333],[-81.903257,35.903524],[-81.903743,35.903459],[-81.904293,35.903651],[-81.904304,35.903844],[-81.903892,35.903789],[-81.903868,35.90398],[-81.903467,35.903854],[-81.903002,35.903969],[-81.903195,35.904119],[-81.902947,35.904356],[-81.90304,35.904506],[-81.903086,35.904318],[-81.903333,35.904265],[-81.903446,35.904565],[-81.90391,35.904362],[-81.904196,35.904409],[-81.904475,35.904101],[-81.904673,35.904291],[-81.905057,35.904319],[-81.905575,35.904211],[-81.906014,35.903845],[-81.906379,35.903972]]]}},{"id":"88851","type":"Feature","properties":{"OBJECTID":8793,"max_category":0,"label":"cat 0","area_acres":14.492884038298515,"county":"Burke County","watershed":"Lower Linville River"},"geometry":{"type":"Polygon","coordinates":[[[-81.893351,35.897685],[-81.893618,35.898062],[-81.893636,35.89849],[-81.894493,35.899201],[-81.8948,35.898999],[-81.895001,35.89935],[-81.89536,35.899342],[-81.894892,35.898829],[-81.89497,35.898719],[-81.895166,35.89881],[-81.895197,35.898632],[-81.895416,35.898709],[-81.895609,35.89905],[-81.895531,35.898676],[-81.895744,35.898639],[-81.895917,35.899175],[-81.895954,35.898701],[-81.89617,35.898758],[-81.896296,35.899198],[-81.896478,35.898921],[-81.896662,35.898916],[-81.896795,35.8991],[-81.896474,35.899453],[-81.896727,35.899399],[-81.896816,35.899576],[-81.896592,35.899918],[-81.897041,35.899955],[-81.897013,35.900348],[-81.897234,35.900397],[-81.897512,35.900326],[-81.896871,35.899368],[-81.897056,35.899279],[-81.897245,35.899478],[-81.897103,35.899156],[-81.897375,35.899144],[-81.897785,35.900205],[-81.898116,35.900518],[-81.897928,35.90066],[-81.897108,35.900652],[-81.89684,35.900796],[-81.896749,35.900679],[-81.895561,35.900904],[-81.895301,35.900651],[-81.895332,35.900479],[-81.896589,35.90039],[-81.895982,35.900399],[-81.895825,35.9003],[-81.895906,35.900186],[-81.895451,35.900361],[-81.894983,35.900306],[-81.895025,35.900097],[-81.895462,35.900081],[-81.895892,35.899967],[-81.895209,35.900064],[-81.895171,35.89988],[-81.896005,35.899729],[-81.895615,35.89959],[-81.895255,35.899758],[-81.89524,35.899542],[-81.89483,35.899442],[-81.894493,35.899766],[-81.894454,35.900251],[-81.894184,35.90036],[-81.894119,35.89989],[-81.893871,35.900579],[-81.893655,35.900676],[-81.893489,35.900655],[-81.893467,35.900484],[-81.893926,35.899848],[-81.893244,35.899507],[-81.892667,35.899711],[-81.892566,35.900065],[-81.892405,35.900117],[-81.8923,35.899697],[-81.892938,35.899427],[-81.893005,35.899209],[-81.893353,35.899209],[-81.893572,35.899523],[-81.894148,35.899798],[-81.894552,35.899421],[-81.893125,35.898288],[-81.89307,35.897823],[-81.893351,35.897685]],[[-81.89644,35.900064],[-81.896042,35.900128],[-81.895973,35.900179],[-81.896572,35.900165],[-81.89644,35.900064]]]}},{"id":"88886","type":"Feature","properties":{"OBJECTID":8606,"max_category":0,"label":"cat 0","area_acres":35.782521411743275,"county":"Burke County","watershed":"Lower Linville River"},"geometry":{"type":"Polygon","coordinates":[[[-81.913121,35.913871],[-81.913336,35.913905],[-81.913233,35.914115],[-81.913894,35.91391],[-81.91416,35.914423],[-81.913111,35.914535],[-81.913211,35.914971],[-81.912676,35.914657],[-81.912272,35.914659],[-81.912535,35.91488],[-81.91235,35.914993],[-81.911494,35.914739],[-81.910413,35.914682],[-81.911179,35.915236],[-81.910969,35.91541],[-81.910457,35.915038],[-81.910243,35.915043],[-81.910148,35.915292],[-81.909631,35.914911],[-81.909437,35.915089],[-81.908964,35.914854],[-81.909053,35.91509],[-81.908468,35.915031],[-81.908275,35.915196],[-81.907633,35.914794],[-81.907195,35.914857],[-81.906199,35.914068],[-81.904989,35.914097],[-81.905007,35.914508],[-81.904218,35.914253],[-81.904039,35.91435],[-81.904202,35.914602],[-81.90383,35.914811],[-81.903375,35.914437],[-81.902803,35.914446],[-81.902195,35.914069],[-81.902831,35.913951],[-81.903298,35.914186],[-81.904521,35.913505],[-81.905196,35.913427],[-81.905766,35.912851],[-81.905626,35.912094],[-81.905899,35.912068],[-81.906081,35.912636],[-81.906186,35.912375],[-81.906041,35.912012],[-81.906276,35.911987],[-81.906245,35.911561],[-81.907062,35.91131],[-81.906642,35.912293],[-81.90744,35.911092],[-81.907707,35.911212],[-81.907482,35.911681],[-81.907977,35.911256],[-81.908207,35.911279],[-81.907898,35.911833],[-81.908217,35.911473],[-81.908891,35.911158],[-81.909038,35.911844],[-81.908412,35.911965],[-81.909006,35.912052],[-81.909038,35.912189],[-81.907662,35.912329],[-81.907927,35.912393],[-81.90798,35.912561],[-81.907247,35.912936],[-81.905771,35.913281],[-81.90526,35.913566],[-81.904601,35.913639],[-81.90358,35.914189],[-81.903911,35.914252],[-81.90422,35.914085],[-81.905417,35.913916],[-81.908965,35.912321],[-81.909189,35.91235],[-81.909149,35.912575],[-81.908356,35.912862],[-81.907904,35.913221],[-81.905712,35.913898],[-81.906873,35.914019],[-81.907385,35.913579],[-81.908497,35.913156],[-81.909172,35.912728],[-81.909313,35.912909],[-81.908586,35.913543],[-81.908797,35.913425],[-81.90889,35.913614],[-81.909054,35.91361],[-81.909905,35.913095],[-81.911638,35.913108],[-81.911999,35.912907],[-81.912828,35.912979],[-81.913084,35.913237],[-81.910402,35.913391],[-81.910168,35.913806],[-81.90895,35.913892],[-81.908758,35.914059],[-81.90778,35.914195],[-81.907677,35.914362],[-81.906757,35.91422],[-81.908047,35.914705],[-81.909472,35.914205],[-81.909674,35.914284],[-81.909533,35.91445],[-81.910026,35.914246],[-81.910338,35.914431],[-81.911918,35.914311],[-81.912091,35.913896],[-81.912242,35.913915],[-81.912275,35.914154],[-81.912625,35.914239],[-81.913121,35.913871]],[[-81.907679,35.91205],[-81.907042,35.912579],[-81.906229,35.912858],[-81.905907,35.913135],[-81.90673,35.912868],[-81.907679,35.91205]]]}},{"id":"88893","type":"Feature","properties":{"OBJECTID":131,"max_category":0,"label":"cat 0","area_acres":5.283274214652224,"county":"Burke County","watershed":"Lower Linville River"},"geometry":{"type":"Polygon","coordinates":[[[-81.899644,35.877749],[-81.902121,35.877341],[-81.902129,35.877687],[-81.900979,35.877798],[-81.902166,35.877777],[-81.902275,35.878302],[-81.900873,35.878054],[-81.901051,35.87828],[-81.90089,35.878437],[-81.900042,35.878101],[-81.89978,35.878239],[-81.899381,35.87795],[-81.899248,35.878172],[-81.898493,35.877723],[-81.899331,35.877646],[-81.899644,35.877749]]]}},{"id":"88914","type":"Feature","properties":{"OBJECTID":8830,"max_category":0,"label":"cat 0","area_acres":0.4629491156838444,"county":"Burke County","watershed":"Lower Linville River"},"geometry":{"type":"Polygon","coordinates":[[[-81.900027,35.907696],[-81.900302,35.90789],[-81.899426,35.908041],[-81.899678,35.907799],[-81.900027,35.907696]]]}},{"id":"88924","type":"Feature","properties":{"OBJECTID":8700,"max_category":0,"label":"cat 0","area_acres":81.052221506724,"county":"Burke County","watershed":"Lower Linville River"},"geometry":{"type":"Polygon","coordinates":[[[-81.900451,35.911973],[-81.900554,35.912404],[-81.900507,35.913051],[-81.900316,35.913313],[-81.900355,35.913873],[-81.900131,35.913784],[-81.900067,35.914233],[-81.899785,35.914268],[-81.899957,35.913529],[-81.899425,35.913516],[-81.898553,35.914071],[-81.898392,35.914294],[-81.898381,35.914954],[-81.898115,35.91499],[-81.898054,35.914481],[-81.897498,35.91481],[-81.897656,35.915446],[-81.897429,35.915691],[-81.897215,35.916519],[-81.896788,35.917177],[-81.896167,35.917659],[-81.895982,35.917601],[-81.896013,35.917442],[-81.896921,35.916639],[-81.896244,35.91713],[-81.896046,35.917119],[-81.896019,35.916964],[-81.896804,35.916361],[-81.896941,35.915991],[-81.897448,35.915467],[-81.897323,35.914829],[-81.896905,35.914784],[-81.895931,35.915397],[-81.895876,35.915724],[-81.896044,35.915974],[-81.895884,35.916043],[-81.895646,35.915912],[-81.895892,35.917201],[-81.895671,35.917883],[-81.895401,35.917861],[-81.89515,35.918249],[-81.894978,35.918198],[-81.895091,35.917545],[-81.895412,35.917166],[-81.895305,35.916022],[-81.895082,35.916214],[-81.89527,35.916831],[-81.894757,35.917909],[-81.894494,35.917903],[-81.894825,35.916766],[-81.894687,35.91647],[-81.89426,35.916838],[-81.89417,35.917565],[-81.893881,35.917561],[-81.894169,35.918093],[-81.894069,35.918443],[-81.893846,35.918417],[-81.893689,35.917882],[-81.893599,35.918509],[-81.893172,35.918541],[-81.892746,35.919327],[-81.892545,35.919121],[-81.892868,35.918577],[-81.892376,35.918944],[-81.892175,35.919423],[-81.891945,35.91927],[-81.891374,35.919504],[-81.890966,35.919388],[-81.891616,35.918769],[-81.892072,35.918631],[-81.892605,35.918086],[-81.893206,35.917766],[-81.893265,35.917527],[-81.89294,35.91779],[-81.892766,35.917617],[-81.891982,35.918349],[-81.891517,35.918394],[-81.891712,35.917921],[-81.892792,35.917217],[-81.89207,35.917509],[-81.89153,35.917975],[-81.891249,35.918543],[-81.891105,35.918469],[-81.891089,35.9181],[-81.890668,35.918854],[-81.88998,35.918948],[-81.890435,35.9184],[-81.890329,35.91836],[-81.889879,35.918655],[-81.889692,35.918589],[-81.890059,35.917988],[-81.890753,35.917673],[-81.891548,35.916845],[-81.891797,35.916291],[-81.892604,35.915797],[-81.893383,35.915631],[-81.893628,35.91542],[-81.893652,35.915152],[-81.893012,35.915171],[-81.893609,35.914587],[-81.893486,35.91459],[-81.892985,35.914767],[-81.892825,35.915067],[-81.892381,35.91492],[-81.892171,35.915101],[-81.892181,35.915507],[-81.891921,35.915684],[-81.891721,35.916167],[-81.891572,35.916256],[-81.891397,35.91614],[-81.890959,35.916769],[-81.889927,35.917532],[-81.889935,35.917956],[-81.889524,35.918459],[-81.888629,35.918963],[-81.888055,35.918837],[-81.888124,35.918553],[-81.888453,35.918496],[-81.888453,35.918298],[-81.888861,35.918144],[-81.88873,35.917948],[-81.889507,35.917332],[-81.889684,35.916953],[-81.890917,35.916117],[-81.89146,35.915233],[-81.890711,35.91585],[-81.890597,35.916204],[-81.890375,35.916313],[-81.8902,35.916234],[-81.890026,35.916554],[-81.889739,35.916548],[-81.889217,35.917309],[-81.888972,35.917265],[-81.888523,35.91785],[-81.887878,35.918128],[-81.887729,35.917762],[-81.88844,35.917407],[-81.888848,35.916853],[-81.888465,35.916902],[-81.888426,35.916735],[-81.890348,35.915758],[-81.890392,35.915598],[-81.889876,35.915908],[-81.888757,35.916064],[-81.888645,35.916329],[-81.887511,35.917286],[-81.887407,35.917122],[-81.887606,35.916738],[-81.888293,35.916142],[-81.887628,35.916315],[-81.88779,35.915953],[-81.89093,35.915173],[-81.890398,35.915158],[-81.889109,35.915544],[-81.887983,35.915627],[-81.887087,35.915866],[-81.886919,35.915759],[-81.887199,35.915557],[-81.887188,35.915342],[-81.886666,35.915207],[-81.886127,35.914795],[-81.885971,35.914304],[-81.887004,35.91504],[-81.88664,35.91463],[-81.886899,35.91442],[-81.887712,35.915201],[-81.888532,35.915059],[-81.888655,35.914837],[-81.889111,35.915073],[-81.889648,35.915031],[-81.889427,35.914917],[-81.889468,35.914713],[-81.889961,35.914897],[-81.890403,35.914741],[-81.891385,35.914717],[-81.891148,35.914535],[-81.88921,35.914607],[-81.888626,35.914372],[-81.888916,35.914253],[-81.889318,35.914353],[-81.88944,35.914103],[-81.890077,35.914118],[-81.890449,35.914301],[-81.890515,35.914106],[-81.89082,35.914248],[-81.890921,35.914096],[-81.891642,35.914161],[-81.891454,35.913903],[-81.892008,35.913987],[-81.891642,35.913701],[-81.892089,35.913381],[-81.89242,35.913747],[-81.892467,35.913534],[-81.892633,35.91353],[-81.893014,35.914196],[-81.892716,35.913502],[-81.892919,35.913376],[-81.893261,35.913723],[-81.893316,35.914054],[-81.893715,35.914387],[-81.893751,35.91413],[-81.893363,35.913628],[-81.893462,35.913515],[-81.893901,35.913758],[-81.894223,35.914402],[-81.894538,35.914395],[-81.894533,35.914276],[-81.894023,35.913776],[-81.894019,35.913505],[-81.894546,35.913826],[-81.894763,35.914389],[-81.895154,35.914325],[-81.894664,35.91389],[-81.894567,35.913407],[-81.894831,35.913481],[-81.895131,35.913978],[-81.895056,35.913725],[-81.895191,35.913666],[-81.895442,35.914004],[-81.89569,35.914042],[-81.895189,35.913287],[-81.895605,35.913487],[-81.895932,35.914004],[-81.89633,35.914077],[-81.89624,35.913823],[-81.895623,35.913318],[-81.895695,35.91313],[-81.89628,35.913471],[-81.896674,35.913987],[-81.896989,35.913952],[-81.896667,35.913463],[-81.896858,35.913378],[-81.89722,35.913825],[-81.897396,35.913616],[-81.897502,35.913967],[-81.89792,35.914012],[-81.898082,35.913928],[-81.897732,35.913656],[-81.897748,35.913454],[-81.897951,35.913446],[-81.89832,35.913728],[-81.898528,35.913629],[-81.898086,35.91331],[-81.898263,35.91313],[-81.898889,35.913577],[-81.899264,35.913447],[-81.89899,35.913119],[-81.899074,35.912999],[-81.899988,35.913276],[-81.900196,35.91304],[-81.900157,35.91281],[-81.89955,35.91273],[-81.900298,35.912499],[-81.900451,35.911973]],[[-81.89343,35.917119],[-81.893272,35.917096],[-81.893049,35.917288],[-81.89324,35.917284],[-81.89343,35.917119]],[[-81.893995,35.916689],[-81.893899,35.916669],[-81.893806,35.916721],[-81.893995,35.916689]],[[-81.892258,35.914344],[-81.89189,35.914353],[-81.891656,35.914442],[-81.892234,35.914642],[-81.89235,35.914612],[-81.892258,35.914344]],[[-81.89273,35.914361],[-81.89236,35.914342],[-81.892862,35.914462],[-81.89273,35.914361]],[[-81.898041,35.914125],[-81.896848,35.914125],[-81.896574,35.91457],[-81.896289,35.914221],[-81.89594,35.914229],[-81.895071,35.914497],[-81.894913,35.91488],[-81.894689,35.914655],[-81.894703,35.915172],[-81.894339,35.915504],[-81.894164,35.915295],[-81.894408,35.914568],[-81.894128,35.914575],[-81.89385,35.914814],[-81.893998,35.915677],[-81.892925,35.916488],[-81.892627,35.916492],[-81.892606,35.916651],[-81.891961,35.917094],[-81.89272,35.916695],[-81.893386,35.916621],[-81.893309,35.916376],[-81.893612,35.91634],[-81.893607,35.916154],[-81.893927,35.916169],[-81.893939,35.915981],[-81.894368,35.916171],[-81.895083,35.915921],[-81.894448,35.915883],[-81.894351,35.915748],[-81.894974,35.915649],[-81.895347,35.91575],[-81.895756,35.915361],[-81.895212,35.915276],[-81.895253,35.915072],[-81.896266,35.914986],[-81.896847,35.914644],[-81.89737,35.914685],[-81.898047,35.914271],[-81.898041,35.914125]],[[-81.898753,35.913695],[-81.898279,35.913967],[-81.898253,35.914178],[-81.898396,35.913998],[-81.898753,35.913695]]]}},{"id":"88925","type":"Feature","properties":{"OBJECTID":9479,"max_category":0,"label":"cat 0","area_acres":0.4564832864502543,"county":"Burke County","watershed":"Lower Linville River"},"geometry":{"type":"Polygon","coordinates":[[[-81.897295,35.880524],[-81.897409,35.88074],[-81.896875,35.880897],[-81.896619,35.880808],[-81.896787,35.880626],[-81.897295,35.880524]]]}},{"id":"88926","type":"Feature","properties":{"OBJECTID":9134,"max_category":0,"label":"cat 0","area_acres":1.4127400260878342,"county":"Burke County","watershed":"Lower Linville River"},"geometry":{"type":"Polygon","coordinates":[[[-81.901702,35.915764],[-81.901728,35.916086],[-81.901175,35.916084],[-81.900531,35.916399],[-81.900145,35.916165],[-81.900434,35.915906],[-81.901702,35.915764]]]}},{"id":"88927","type":"Feature","properties":{"OBJECTID":6367,"max_category":0,"label":"cat 0","area_acres":11.3753443113579,"county":"Burke County","watershed":"Lower Linville River"},"geometry":{"type":"Polygon","coordinates":[[[-81.896667,35.858305],[-81.896995,35.858589],[-81.897048,35.858957],[-81.897406,35.8589],[-81.897309,35.859144],[-81.897723,35.859888],[-81.898054,35.860028],[-81.8977,35.860195],[-81.89711,35.860956],[-81.896284,35.860795],[-81.895791,35.861107],[-81.895681,35.861231],[-81.895849,35.861533],[-81.895665,35.86174],[-81.895422,35.861627],[-81.8955,35.862114],[-81.895271,35.862125],[-81.895235,35.862376],[-81.89494,35.862602],[-81.894763,35.862591],[-81.894735,35.86243],[-81.894989,35.861987],[-81.894976,35.86162],[-81.894367,35.861883],[-81.894045,35.862698],[-81.894504,35.862892],[-81.894488,35.863132],[-81.89417,35.863371],[-81.893801,35.863078],[-81.893627,35.863765],[-81.893444,35.863856],[-81.89333,35.863732],[-81.893016,35.864104],[-81.892899,35.863921],[-81.89313,35.863424],[-81.892711,35.863344],[-81.893833,35.862758],[-81.893425,35.862631],[-81.893758,35.862443],[-81.893816,35.862216],[-81.893307,35.862535],[-81.893118,35.862487],[-81.893592,35.861862],[-81.894241,35.86177],[-81.8942,35.86149],[-81.894385,35.861359],[-81.894773,35.861524],[-81.895423,35.861358],[-81.895557,35.861101],[-81.896217,35.860655],[-81.897025,35.860825],[-81.897464,35.860389],[-81.89762,35.860032],[-81.897285,35.859772],[-81.897,35.859182],[-81.895793,35.859207],[-81.895212,35.858704],[-81.895175,35.858376],[-81.895496,35.858278],[-81.89608,35.858814],[-81.896668,35.858856],[-81.896515,35.858407],[-81.896667,35.858305]]]}},{"id":"88991","type":"Feature","properties":{"OBJECTID":8696,"max_category":0,"label":"cat 0","area_acres":0.8065332277055257,"county":"Burke County","watershed":"Lower Linville River"},"geometry":{"type":"Polygon","coordinates":[[[-81.899292,35.906782],[-81.899198,35.906404],[-81.900235,35.906475],[-81.899987,35.906736],[-81.899292,35.906782]]]}},{"id":"89012","type":"Feature","properties":{"OBJECTID":6368,"max_category":0,"label":"cat 0","area_acres":3.947739766736291,"county":"Burke County","watershed":"Lower Linville River"},"geometry":{"type":"Polygon","coordinates":[[[-81.900438,35.862783],[-81.899683,35.862855],[-81.899618,35.862754],[-81.900622,35.862501],[-81.901967,35.862934],[-81.90237,35.862929],[-81.902385,35.863171],[-81.903104,35.863155],[-81.903207,35.863305],[-81.902198,35.863538],[-81.902544,35.863702],[-81.902456,35.863915],[-81.901768,35.863644],[-81.90147,35.863308],[-81.900438,35.862783]]]}},{"id":"89022","type":"Feature","properties":{"OBJECTID":9470,"max_category":0,"label":"cat 0","area_acres":11.44385070986742,"county":"Burke County","watershed":"Lower Linville River"},"geometry":{"type":"Polygon","coordinates":[[[-81.899864,35.881618],[-81.902347,35.880927],[-81.902429,35.881309],[-81.902892,35.881298],[-81.903643,35.880952],[-81.90388,35.881071],[-81.903825,35.881267],[-81.903122,35.881489],[-81.902516,35.881505],[-81.902504,35.881692],[-81.903176,35.881676],[-81.903704,35.881416],[-81.904086,35.881415],[-81.904208,35.8816],[-81.90407,35.881715],[-81.902583,35.881833],[-81.90253,35.882356],[-81.902206,35.882281],[-81.902414,35.882462],[-81.902342,35.882663],[-81.901574,35.882214],[-81.900335,35.881877],[-81.89936,35.881909],[-81.899046,35.881767],[-81.897787,35.881969],[-81.897812,35.882134],[-81.898068,35.882237],[-81.899249,35.882127],[-81.900578,35.882325],[-81.900622,35.882566],[-81.899598,35.882399],[-81.900323,35.882875],[-81.900299,35.883152],[-81.89983,35.883011],[-81.898946,35.882387],[-81.89802,35.88238],[-81.897645,35.882232],[-81.897752,35.881809],[-81.899864,35.881618]],[[-81.902234,35.881699],[-81.901225,35.881646],[-81.901191,35.881784],[-81.901581,35.881853],[-81.901773,35.881712],[-81.902234,35.881699]]]}},{"id":"89024","type":"Feature","properties":{"OBJECTID":370,"max_category":0,"label":"cat 0","area_acres":120.42384741120233,"county":"Burke County","watershed":"Lower Linville River"},"geometry":{"type":"Polygon","coordinates":[[[-81.879122,35.856033],[-81.876529,35.85676],[-81.875592,35.85604],[-81.875485,35.855593],[-81.87577,35.855553],[-81.875934,35.855926],[-81.875939,35.855667],[-81.876152,35.855662],[-81.876256,35.856246],[-81.876856,35.856548],[-81.877189,35.85654],[-81.878907,35.855896],[-81.879687,35.855794],[-81.878394,35.854787],[-81.878426,35.854654],[-81.878624,35.854649],[-81.879768,35.855526],[-81.879722,35.855179],[-81.878927,35.854532],[-81.878889,35.853505],[-81.879104,35.85352],[-81.879337,35.85384],[-81.879364,35.854415],[-81.879563,35.854494],[-81.879893,35.855127],[-81.879981,35.855636],[-81.880807,35.855685],[-81.879961,35.855062],[-81.879997,35.854276],[-81.88031,35.854563],[-81.880406,35.855242],[-81.881455,35.85586],[-81.882129,35.855448],[-81.882154,35.855204],[-81.881563,35.855071],[-81.881648,35.854789],[-81.880882,35.854251],[-81.880911,35.85401],[-81.880511,35.853579],[-81.880621,35.853304],[-81.881229,35.85387],[-81.881193,35.853572],[-81.881429,35.853517],[-81.881537,35.853813],[-81.88213,35.854349],[-81.8828,35.854703],[-81.883025,35.854592],[-81.881983,35.853789],[-81.882078,35.853462],[-81.883464,35.854385],[-81.883965,35.854346],[-81.884123,35.854153],[-81.882969,35.85356],[-81.882967,35.853395],[-81.883511,35.853462],[-81.884361,35.85406],[-81.884998,35.853624],[-81.884158,35.853138],[-81.882647,35.85318],[-81.882849,35.852987],[-81.882678,35.852712],[-81.883252,35.852826],[-81.882535,35.852394],[-81.882646,35.85203],[-81.8823,35.851741],[-81.882461,35.851581],[-81.882996,35.85181],[-81.883375,35.852421],[-81.883636,35.852384],[-81.884347,35.85283],[-81.883783,35.852365],[-81.884003,35.852266],[-81.885489,35.853483],[-81.885682,35.853481],[-81.884563,35.852404],[-81.883644,35.851995],[-81.883799,35.851794],[-81.883347,35.851495],[-81.883154,35.851065],[-81.883249,35.850957],[-81.883591,35.850986],[-81.884275,35.851643],[-81.884543,35.851636],[-81.884975,35.852026],[-81.885243,35.852654],[-81.885998,35.853394],[-81.886842,35.853097],[-81.888003,35.853069],[-81.888161,35.85296],[-81.887401,35.852771],[-81.887261,35.85264],[-81.887353,35.852387],[-81.886887,35.852294],[-81.886721,35.852115],[-81.885388,35.852159],[-81.885282,35.851977],[-81.885464,35.851891],[-81.884722,35.851595],[-81.884616,35.85135],[-81.885348,35.851433],[-81.885833,35.851718],[-81.886554,35.851747],[-81.886275,35.851466],[-81.884949,35.851303],[-81.884408,35.851058],[-81.883962,35.850766],[-81.883971,35.850391],[-81.884962,35.851022],[-81.885199,35.850881],[-81.885551,35.851039],[-81.88482,35.850398],[-81.885008,35.850281],[-81.885336,35.850411],[-81.885153,35.850258],[-81.885216,35.850113],[-81.885714,35.850217],[-81.88609,35.850421],[-81.886208,35.850702],[-81.88651,35.850745],[-81.886575,35.851194],[-81.887087,35.851881],[-81.886804,35.850938],[-81.887042,35.850814],[-81.887536,35.851105],[-81.887501,35.851611],[-81.887835,35.851541],[-81.887586,35.852023],[-81.887805,35.852552],[-81.888439,35.852838],[-81.889615,35.852838],[-81.889941,35.852693],[-81.888728,35.851627],[-81.888722,35.851435],[-81.88769,35.851121],[-81.887278,35.8507],[-81.886726,35.850621],[-81.886628,35.850468],[-81.886055,35.850296],[-81.886023,35.85007],[-81.885469,35.849952],[-81.885498,35.849806],[-81.885791,35.84985],[-81.885029,35.849559],[-81.884849,35.849349],[-81.885352,35.849257],[-81.885142,35.849017],[-81.885238,35.848848],[-81.885932,35.849257],[-81.88648,35.849385],[-81.886629,35.849886],[-81.887147,35.850083],[-81.888268,35.850919],[-81.88882,35.850621],[-81.889008,35.851273],[-81.889597,35.851888],[-81.889581,35.851353],[-81.88976,35.851316],[-81.890311,35.85189],[-81.890137,35.85262],[-81.890599,35.852815],[-81.891576,35.852929],[-81.892547,35.852686],[-81.893946,35.851942],[-81.894775,35.851836],[-81.894973,35.851948],[-81.89471,35.852116],[-81.894953,35.852826],[-81.894757,35.85291],[-81.894537,35.852722],[-81.894474,35.852307],[-81.894227,35.85269],[-81.894399,35.853362],[-81.894184,35.853331],[-81.894008,35.852879],[-81.893507,35.853396],[-81.893685,35.853731],[-81.894472,35.854017],[-81.894405,35.854213],[-81.893818,35.854118],[-81.893846,35.854469],[-81.894529,35.854538],[-81.894666,35.854732],[-81.894585,35.854864],[-81.894163,35.854796],[-81.894618,35.855219],[-81.894439,35.856038],[-81.894244,35.85607],[-81.894251,35.856455],[-81.893929,35.856607],[-81.893842,35.85635],[-81.894023,35.855751],[-81.893822,35.85578],[-81.893782,35.855609],[-81.894103,35.855221],[-81.893693,35.854819],[-81.893529,35.854198],[-81.893179,35.854613],[-81.893161,35.85505],[-81.89369,35.855694],[-81.893735,35.856018],[-81.893684,35.856704],[-81.89341,35.856415],[-81.893215,35.855632],[-81.89319,35.855917],[-81.893559,35.856764],[-81.893419,35.857013],[-81.893059,35.856973],[-81.892838,35.855642],[-81.892548,35.855864],[-81.89279,35.856732],[-81.892563,35.856683],[-81.892414,35.856434],[-81.89221,35.85706],[-81.892007,35.857057],[-81.891971,35.856899],[-81.891518,35.857193],[-81.891168,35.857105],[-81.892023,35.856451],[-81.892244,35.855697],[-81.892852,35.855112],[-81.892925,35.854766],[-81.892515,35.854932],[-81.891767,35.856341],[-81.891577,35.85638],[-81.891541,35.856194],[-81.89129,35.856314],[-81.89131,35.855935],[-81.891953,35.855463],[-81.891711,35.855511],[-81.891647,35.855385],[-81.891977,35.854765],[-81.892919,35.854601],[-81.893554,35.853968],[-81.89353,35.853819],[-81.89298,35.853915],[-81.893373,35.853249],[-81.892912,35.853315],[-81.892309,35.853892],[-81.892455,35.854218],[-81.891833,35.854302],[-81.891455,35.854544],[-81.891636,35.854937],[-81.891284,35.855455],[-81.891142,35.855411],[-81.891117,35.85473],[-81.890694,35.854975],[-81.890638,35.855302],[-81.891163,35.855841],[-81.890962,35.855916],[-81.891083,35.856461],[-81.890851,35.856551],[-81.8907,35.857203],[-81.890361,35.857138],[-81.890275,35.856618],[-81.890585,35.855868],[-81.890544,35.855691],[-81.890399,35.855965],[-81.890227,35.855954],[-81.890272,35.855424],[-81.890012,35.855732],[-81.890154,35.857303],[-81.889623,35.857403],[-81.889556,35.857173],[-81.889314,35.857136],[-81.889685,35.856192],[-81.889406,35.856366],[-81.889314,35.856201],[-81.889667,35.855699],[-81.889311,35.85597],[-81.888736,35.857309],[-81.888477,35.857247],[-81.888491,35.85677],[-81.888941,35.856156],[-81.888322,35.856624],[-81.888085,35.857189],[-81.887711,35.857258],[-81.887598,35.857162],[-81.887832,35.856708],[-81.88733,35.857155],[-81.886987,35.857099],[-81.886909,35.856954],[-81.887517,35.85655],[-81.888041,35.856448],[-81.888217,35.856111],[-81.888839,35.855861],[-81.889155,35.855417],[-81.889775,35.85539],[-81.889855,35.85518],[-81.891789,35.854161],[-81.892822,35.853186],[-81.893473,35.853104],[-81.894433,35.852097],[-81.894016,35.852079],[-81.892523,35.852829],[-81.891294,35.853833],[-81.889222,35.854942],[-81.889061,35.855364],[-81.888765,35.855365],[-81.888314,35.85589],[-81.88815,35.855782],[-81.88724,35.856664],[-81.887003,35.856572],[-81.887459,35.856152],[-81.887061,35.856393],[-81.886798,35.856391],[-81.886764,35.856263],[-81.887297,35.855999],[-81.887444,35.855732],[-81.887727,35.855714],[-81.887808,35.855504],[-81.88819,35.855428],[-81.888476,35.855069],[-81.88781,35.855085],[-81.886902,35.855782],[-81.886598,35.855786],[-81.886741,35.855431],[-81.887319,35.855048],[-81.888065,35.854909],[-81.88752,35.85489],[-81.887533,35.854691],[-81.887891,35.854583],[-81.888972,35.85464],[-81.890007,35.85434],[-81.891199,35.853707],[-81.892275,35.852835],[-81.891227,35.8533],[-81.888418,35.853202],[-81.888206,35.853385],[-81.88803,35.854321],[-81.887779,35.854453],[-81.887625,35.854294],[-81.88787,35.853477],[-81.888305,35.853063],[-81.887845,35.853215],[-81.887422,35.854117],[-81.887364,35.854703],[-81.887116,35.854767],[-81.887122,35.854425],[-81.886964,35.854849],[-81.88673,35.854997],[-81.886687,35.854385],[-81.887425,35.853295],[-81.88683,35.853609],[-81.886428,35.854826],[-81.886181,35.855068],[-81.886058,35.854821],[-81.886451,35.853594],[-81.886206,35.853666],[-81.886077,35.85445],[-81.885926,35.854545],[-81.885773,35.854335],[-81.885718,35.854665],[-81.886148,35.855346],[-81.886116,35.855498],[-81.885949,35.855458],[-81.886038,35.85621],[-81.885917,35.856337],[-81.885749,35.85628],[-81.885757,35.855902],[-81.885596,35.855867],[-81.885479,35.855482],[-81.885643,35.856494],[-81.885448,35.856558],[-81.88532,35.856327],[-81.884884,35.85672],[-81.884768,35.856528],[-81.885325,35.854936],[-81.884771,35.855947],[-81.884605,35.855703],[-81.884918,35.854771],[-81.88585,35.853729],[-81.884999,35.853887],[-81.884789,35.854124],[-81.884911,35.854473],[-81.884744,35.854518],[-81.884507,35.854311],[-81.884232,35.854605],[-81.884293,35.855369],[-81.88447,35.85561],[-81.884344,35.855839],[-81.88454,35.856625],[-81.884432,35.856841],[-81.884238,35.856831],[-81.884162,35.85664],[-81.884032,35.856823],[-81.883795,35.856666],[-81.884011,35.856107],[-81.883791,35.855686],[-81.883941,35.855158],[-81.883858,35.854724],[-81.883693,35.854621],[-81.883511,35.856302],[-81.883237,35.856107],[-81.883234,35.855204],[-81.883078,35.85527],[-81.882955,35.854952],[-81.882843,35.854983],[-81.882469,35.855374],[-81.883054,35.85597],[-81.88315,35.856332],[-81.882162,35.855627],[-81.882358,35.856164],[-81.882052,35.856113],[-81.881808,35.855846],[-81.881547,35.855988],[-81.881522,35.856232],[-81.882853,35.85641],[-81.883153,35.856617],[-81.883011,35.856737],[-81.881911,35.856736],[-81.881974,35.857114],[-81.883665,35.856839],[-81.88363,35.857047],[-81.883943,35.857084],[-81.883842,35.857322],[-81.882119,35.857281],[-81.882325,35.857463],[-81.883757,35.857505],[-81.883695,35.857627],[-81.882737,35.857706],[-81.882676,35.857867],[-81.883898,35.857784],[-81.884013,35.857944],[-81.883609,35.858085],[-81.883686,35.858258],[-81.883512,35.858505],[-81.883233,35.858539],[-81.882945,35.858296],[-81.882981,35.858625],[-81.882647,35.858439],[-81.882728,35.858818],[-81.882214,35.858776],[-81.882417,35.857917],[-81.88145,35.856523],[-81.880966,35.857674],[-81.881835,35.858795],[-81.881618,35.858822],[-81.881283,35.858568],[-81.88075,35.857865],[-81.880576,35.858043],[-81.88149,35.85901],[-81.880955,35.858851],[-81.880416,35.858114],[-81.880047,35.858415],[-81.880458,35.859154],[-81.880974,35.858953],[-81.88097,35.859281],[-81.881828,35.859333],[-81.881724,35.859621],[-81.881,35.859615],[-81.88095,35.860165],[-81.880753,35.860108],[-81.88042,35.859421],[-81.880271,35.860003],[-81.879764,35.85988],[-81.880271,35.85923],[-81.879876,35.858542],[-81.879164,35.858694],[-81.87831,35.85817],[-81.878638,35.858027],[-81.879224,35.858553],[-81.879821,35.858402],[-81.880982,35.857372],[-81.881225,35.856615],[-81.880778,35.856622],[-81.880717,35.856482],[-81.880886,35.856343],[-81.881303,35.856415],[-81.881353,35.855978],[-81.880809,35.855828],[-81.879874,35.85596],[-81.879644,35.856678],[-81.879469,35.856571],[-81.879487,35.856178],[-81.879019,35.856522],[-81.878841,35.856478],[-81.879122,35.856033]],[[-81.881447,35.854288],[-81.881994,35.85486],[-81.882491,35.854885],[-81.881863,35.854606],[-81.881447,35.854288]],[[-81.885638,35.850643],[-81.885928,35.851044],[-81.886322,35.851293],[-81.886364,35.851228],[-81.885638,35.850643]],[[-81.890223,35.852829],[-81.889668,35.852979],[-81.888555,35.853055],[-81.889704,35.853029],[-81.890275,35.853207],[-81.891305,35.853078],[-81.890223,35.852829]]]}},{"id":"89031","type":"Feature","properties":{"OBJECTID":5423,"max_category":0,"label":"cat 0","area_acres":0.4250355229235941,"county":"Burke County","watershed":"Lower Linville River"},"geometry":{"type":"Polygon","coordinates":[[[-81.897785,35.861247],[-81.897801,35.861547],[-81.897242,35.861472],[-81.897408,35.861235],[-81.897785,35.861247]]]}},{"id":"89059","type":"Feature","properties":{"OBJECTID":4010,"max_category":0,"label":"cat 0","area_acres":7.139670304041755,"county":"Burke County","watershed":"Upper Creek"},"geometry":{"type":"Polygon","coordinates":[[[-81.875754,35.896782],[-81.875872,35.897111],[-81.875371,35.897237],[-81.875394,35.897383],[-81.874808,35.89769],[-81.875101,35.897799],[-81.874842,35.898044],[-81.873829,35.897658],[-81.872514,35.897744],[-81.871695,35.898036],[-81.870483,35.898178],[-81.871011,35.897898],[-81.871154,35.897417],[-81.871477,35.897596],[-81.871344,35.897903],[-81.871903,35.897808],[-81.872006,35.89745],[-81.87247,35.897602],[-81.872749,35.896498],[-81.873067,35.896638],[-81.872853,35.897274],[-81.873209,35.897022],[-81.873499,35.89649],[-81.87407,35.8963],[-81.874308,35.896388],[-81.873906,35.896799],[-81.873994,35.896949],[-81.873338,35.897175],[-81.872713,35.897623],[-81.873853,35.897514],[-81.87468,35.896978],[-81.874799,35.897096],[-81.874458,35.897473],[-81.875754,35.896782]]]}},{"id":"89076","type":"Feature","properties":{"OBJECTID":184,"max_category":0,"label":"cat 0","area_acres":0.9219113667585286,"county":"Burke County","watershed":"Irish Creek"},"geometry":{"type":"Polygon","coordinates":[[[-81.879045,35.876339],[-81.879996,35.877076],[-81.879589,35.877398],[-81.879399,35.8773],[-81.879378,35.87679],[-81.879006,35.876576],[-81.879045,35.876339]]]}},{"id":"89096","type":"Feature","properties":{"OBJECTID":3902,"max_category":0,"label":"cat 0","area_acres":20.378886896802104,"county":"Burke County","watershed":"Irish Creek"},"geometry":{"type":"Polygon","coordinates":[[[-81.864924,35.863594],[-81.863876,35.864777],[-81.863579,35.864894],[-81.864517,35.863734],[-81.865712,35.862816],[-81.865901,35.862427],[-81.865794,35.861295],[-81.865999,35.860958],[-81.86678,35.860398],[-81.86726,35.860264],[-81.867754,35.859556],[-81.868004,35.85955],[-81.868106,35.859778],[-81.868622,35.859411],[-81.868922,35.859538],[-81.869832,35.859024],[-81.870095,35.858698],[-81.870723,35.858509],[-81.871328,35.858438],[-81.871939,35.858623],[-81.87179,35.858759],[-81.870525,35.858929],[-81.870005,35.859293],[-81.870999,35.858994],[-81.871766,35.858994],[-81.871773,35.859227],[-81.870919,35.859326],[-81.871723,35.859363],[-81.871391,35.859895],[-81.870979,35.859796],[-81.870928,35.859998],[-81.870676,35.860049],[-81.869634,35.859556],[-81.868768,35.859877],[-81.869347,35.860181],[-81.869318,35.8603],[-81.868031,35.860032],[-81.869475,35.860469],[-81.869516,35.860674],[-81.868596,35.860592],[-81.867567,35.860208],[-81.866162,35.861023],[-81.86597,35.86133],[-81.866017,35.861802],[-81.866533,35.861316],[-81.867989,35.860747],[-81.868539,35.860702],[-81.869101,35.860847],[-81.869081,35.861073],[-81.868337,35.861014],[-81.868201,35.861178],[-81.867169,35.861371],[-81.866874,35.861539],[-81.866944,35.861756],[-81.866437,35.861663],[-81.866062,35.862015],[-81.865966,35.862608],[-81.866771,35.862667],[-81.867327,35.861933],[-81.867504,35.861892],[-81.86754,35.862065],[-81.867061,35.862589],[-81.867835,35.862175],[-81.867976,35.861661],[-81.86819,35.86151],[-81.868342,35.86157],[-81.868289,35.861981],[-81.868802,35.861633],[-81.869129,35.861643],[-81.868979,35.861905],[-81.869411,35.861808],[-81.869604,35.862003],[-81.869374,35.862197],[-81.868987,35.862235],[-81.869272,35.862346],[-81.869191,35.862543],[-81.868036,35.862406],[-81.868741,35.862762],[-81.868689,35.862917],[-81.868299,35.862959],[-81.867784,35.862676],[-81.867324,35.862934],[-81.866036,35.862745],[-81.864924,35.863594]]]}},{"id":"89100","type":"Feature","properties":{"OBJECTID":108,"max_category":0,"label":"cat 0","area_acres":0.17409038468318644,"county":"Burke County","watershed":"Irish Creek"},"geometry":{"type":"MultiPolygon","coordinates":[[[[-81.885981,35.871439],[-81.886299,35.871537],[-81.886557,35.871671],[-81.886327,35.871708],[-81.885981,35.871439]]],[[[-81.88547,35.871178],[-81.885528,35.871214],[-81.88552,35.871213],[-81.88547,35.871178]]]]}},{"id":"89116","type":"Feature","properties":{"OBJECTID":4084,"max_category":0,"label":"cat 0","area_acres":4.068788280976943,"county":"Burke County","watershed":"Irish Creek"},"geometry":{"type":"Polygon","coordinates":[[[-81.873696,35.893468],[-81.873696,35.893691],[-81.873323,35.893932],[-81.873322,35.894093],[-81.872222,35.894038],[-81.871916,35.893855],[-81.870804,35.893907],[-81.869867,35.893658],[-81.869448,35.893727],[-81.869895,35.893512],[-81.870853,35.893765],[-81.871757,35.893688],[-81.872435,35.892573],[-81.872651,35.892671],[-81.872562,35.89305],[-81.872874,35.892728],[-81.873292,35.893025],[-81.872973,35.893326],[-81.872293,35.893434],[-81.871972,35.893711],[-81.872207,35.893843],[-81.872875,35.893799],[-81.873696,35.893468]]]}},{"id":"89128","type":"Feature","properties":{"OBJECTID":3964,"max_category":0,"label":"cat 0","area_acres":7.02631155706753,"county":"Burke County","watershed":"Irish Creek"},"geometry":{"type":"Polygon","coordinates":[[[-81.862955,35.897825],[-81.863909,35.89893],[-81.864572,35.898944],[-81.864861,35.8991],[-81.864851,35.899283],[-81.864391,35.899419],[-81.863864,35.899073],[-81.865216,35.900061],[-81.865069,35.900277],[-81.864702,35.90026],[-81.86433,35.899823],[-81.864691,35.900504],[-81.864461,35.900807],[-81.864208,35.900764],[-81.863868,35.899362],[-81.863715,35.899244],[-81.86344,35.899482],[-81.863139,35.900449],[-81.863863,35.901068],[-81.863678,35.901688],[-81.863484,35.901626],[-81.863252,35.901051],[-81.863017,35.901515],[-81.862774,35.90151],[-81.863007,35.900787],[-81.862784,35.901148],[-81.862445,35.901134],[-81.86264,35.900589],[-81.863023,35.900312],[-81.863207,35.899508],[-81.863685,35.898977],[-81.863061,35.898256],[-81.862955,35.897825]]]}},{"id":"89153","type":"Feature","properties":{"OBJECTID":4014,"max_category":0,"label":"cat 0","area_acres":33.614222481960226,"county":"Burke County","watershed":"Irish Creek"},"geometry":{"type":"Polygon","coordinates":[[[-81.861642,35.894685],[-81.861304,35.895351],[-81.861095,35.895325],[-81.861307,35.894773],[-81.86108,35.894549],[-81.860801,35.894876],[-81.860448,35.89489],[-81.8607,35.894391],[-81.86051,35.894196],[-81.860197,35.894295],[-81.859428,35.89518],[-81.85898,35.895419],[-81.858805,35.895234],[-81.859577,35.894566],[-81.859606,35.89441],[-81.858822,35.895068],[-81.858681,35.89496],[-81.858905,35.894721],[-81.858365,35.894642],[-81.859335,35.894365],[-81.859264,35.894168],[-81.859474,35.893955],[-81.860399,35.89393],[-81.860695,35.893124],[-81.860824,35.893835],[-81.861235,35.89378],[-81.86144,35.894068],[-81.862367,35.894486],[-81.863748,35.894536],[-81.864156,35.894156],[-81.864205,35.893606],[-81.86435,35.893734],[-81.864679,35.893593],[-81.865283,35.89313],[-81.865405,35.893313],[-81.865006,35.893688],[-81.865175,35.893759],[-81.865665,35.893447],[-81.865849,35.89364],[-81.865415,35.893761],[-81.865224,35.894033],[-81.864584,35.894165],[-81.864512,35.894369],[-81.864255,35.894392],[-81.86393,35.894672],[-81.864894,35.894894],[-81.865123,35.894739],[-81.865148,35.894491],[-81.865459,35.894533],[-81.865961,35.894158],[-81.865799,35.894721],[-81.866251,35.894399],[-81.866436,35.894536],[-81.865707,35.89515],[-81.866772,35.895042],[-81.867151,35.894801],[-81.867029,35.894196],[-81.867183,35.893787],[-81.867009,35.893634],[-81.866989,35.89307],[-81.867196,35.892946],[-81.867439,35.893243],[-81.867377,35.893408],[-81.867755,35.89357],[-81.867676,35.893821],[-81.867267,35.89406],[-81.867323,35.894681],[-81.867645,35.894432],[-81.867934,35.893873],[-81.86836,35.894041],[-81.868936,35.893702],[-81.868779,35.893051],[-81.869031,35.892961],[-81.869122,35.89307],[-81.869196,35.893726],[-81.868285,35.894215],[-81.86791,35.894551],[-81.867931,35.894704],[-81.867509,35.894728],[-81.867082,35.895069],[-81.868381,35.895499],[-81.869191,35.89518],[-81.869361,35.89446],[-81.869653,35.894707],[-81.869485,35.895198],[-81.871587,35.895561],[-81.8721,35.895289],[-81.872477,35.89472],[-81.873487,35.894857],[-81.874191,35.894703],[-81.874564,35.894367],[-81.874729,35.894525],[-81.874928,35.894493],[-81.875105,35.893975],[-81.875597,35.893488],[-81.875797,35.893679],[-81.87528,35.894284],[-81.875369,35.894455],[-81.876337,35.89424],[-81.876511,35.893921],[-81.876819,35.893994],[-81.877268,35.893614],[-81.877375,35.893863],[-81.87771,35.893686],[-81.877866,35.893868],[-81.87723,35.894357],[-81.878269,35.893894],[-81.87898,35.894261],[-81.8777,35.89451],[-81.878597,35.894573],[-81.879329,35.894417],[-81.87958,35.89461],[-81.879397,35.894912],[-81.878728,35.894876],[-81.878628,35.894983],[-81.879114,35.895196],[-81.878981,35.895392],[-81.87857,35.895239],[-81.878412,35.895378],[-81.878116,35.895209],[-81.877959,35.895299],[-81.876718,35.894511],[-81.875932,35.894611],[-81.87604,35.894795],[-81.875897,35.89486],[-81.876253,35.895147],[-81.876186,35.89532],[-81.875532,35.894937],[-81.875366,35.894968],[-81.875239,35.894739],[-81.874613,35.894835],[-81.875645,35.895549],[-81.875773,35.895814],[-81.875627,35.895911],[-81.875289,35.895898],[-81.874262,35.894923],[-81.87383,35.894911],[-81.873651,35.895032],[-81.874167,35.89554],[-81.874156,35.895861],[-81.873896,35.89579],[-81.873736,35.895505],[-81.8737,35.895727],[-81.873485,35.895635],[-81.873345,35.895153],[-81.873121,35.895008],[-81.872554,35.895049],[-81.872215,35.895716],[-81.871928,35.895588],[-81.871628,35.895703],[-81.870798,35.895639],[-81.869383,35.895316],[-81.86835,35.895643],[-81.867684,35.895355],[-81.867695,35.895743],[-81.867539,35.895799],[-81.867388,35.895253],[-81.866158,35.8952],[-81.865656,35.895566],[-81.865335,35.895466],[-81.865118,35.895059],[-81.864552,35.895069],[-81.863653,35.894709],[-81.862307,35.894627],[-81.861355,35.894198],[-81.861159,35.893915],[-81.860849,35.894005],[-81.860605,35.893864],[-81.860894,35.89437],[-81.861642,35.894685]]]}},{"id":"89227","type":"Feature","properties":{"OBJECTID":3904,"max_category":0,"label":"cat 0","area_acres":2.084189431157217,"county":"Burke County","watershed":"Irish Creek"},"geometry":{"type":"Polygon","coordinates":[[[-81.861422,35.863565],[-81.860603,35.863779],[-81.860124,35.864191],[-81.859938,35.864179],[-81.86041,35.863738],[-81.860253,35.863107],[-81.860414,35.862886],[-81.860889,35.862861],[-81.861098,35.862995],[-81.860614,35.86359],[-81.861388,35.863281],[-81.861422,35.863565]]]}},{"id":"89235","type":"Feature","properties":{"OBJECTID":3729,"max_category":0,"label":"cat 0","area_acres":0.6400291921554933,"county":"Burke County","watershed":"Irish Creek"},"geometry":{"type":"Polygon","coordinates":[[[-81.851534,35.856566],[-81.851729,35.856747],[-81.8515,35.857082],[-81.8508,35.856969],[-81.851534,35.856566]]]}},{"id":"89257","type":"Feature","properties":{"OBJECTID":3733,"max_category":0,"label":"cat 0","area_acres":3.9245579809833924,"county":"Burke County","watershed":"Irish Creek"},"geometry":{"type":"Polygon","coordinates":[[[-81.858417,35.858356],[-81.858535,35.858511],[-81.8582,35.858771],[-81.857582,35.85863],[-81.857069,35.858932],[-81.85682,35.859439],[-81.857208,35.859346],[-81.857458,35.859462],[-81.857376,35.859742],[-81.85658,35.859806],[-81.856311,35.860179],[-81.856053,35.860206],[-81.856417,35.859738],[-81.856275,35.859467],[-81.856383,35.859232],[-81.85742,35.858421],[-81.857369,35.858041],[-81.858302,35.857979],[-81.858317,35.858163],[-81.858079,35.858336],[-81.858417,35.858356]]]}},{"id":"89302","type":"Feature","properties":{"OBJECTID":3709,"max_category":0,"label":"cat 0","area_acres":16.653831980666446,"county":"Burke County","watershed":"Irish Creek"},"geometry":{"type":"Polygon","coordinates":[[[-81.86102,35.856561],[-81.861637,35.856377],[-81.861548,35.856635],[-81.862311,35.856863],[-81.86269,35.856622],[-81.862793,35.856366],[-81.863039,35.856433],[-81.863343,35.85621],[-81.863709,35.856223],[-81.864186,35.855814],[-81.864734,35.855596],[-81.86494,35.855647],[-81.864949,35.855812],[-81.864096,35.856381],[-81.865161,35.856219],[-81.865452,35.856361],[-81.864854,35.856615],[-81.86339,35.856705],[-81.863914,35.856842],[-81.863886,35.856984],[-81.863636,35.857002],[-81.863894,35.857126],[-81.863743,35.857325],[-81.863008,35.857233],[-81.86259,35.857028],[-81.86235,35.857251],[-81.862029,35.857001],[-81.861434,35.857072],[-81.86128,35.856781],[-81.860819,35.857029],[-81.860769,35.856697],[-81.860242,35.856133],[-81.859404,35.855729],[-81.858839,35.855819],[-81.858142,35.855427],[-81.857462,35.855633],[-81.857817,35.856103],[-81.858927,35.856716],[-81.859254,35.857154],[-81.859897,35.857195],[-81.859828,35.857486],[-81.859407,35.857565],[-81.85889,35.857364],[-81.858683,35.856911],[-81.857666,35.856183],[-81.857273,35.855667],[-81.856451,35.855659],[-81.856531,35.856099],[-81.856274,35.856322],[-81.856023,35.856152],[-81.856207,35.855623],[-81.85536,35.855052],[-81.854727,35.855362],[-81.854674,35.855143],[-81.854865,35.854912],[-81.854544,35.854769],[-81.85444,35.855364],[-81.854198,35.855361],[-81.854084,35.853787],[-81.854255,35.853779],[-81.854536,35.854516],[-81.855293,35.854911],[-81.855548,35.854692],[-81.855775,35.854695],[-81.855881,35.854905],[-81.855674,35.855097],[-81.856395,35.855517],[-81.856776,35.855481],[-81.856972,35.855065],[-81.857201,35.855153],[-81.857273,35.855524],[-81.857936,35.855344],[-81.857867,35.854739],[-81.858128,35.854625],[-81.858415,35.854854],[-81.85816,35.855284],[-81.858728,35.855628],[-81.859096,35.855674],[-81.859411,35.855543],[-81.860016,35.854739],[-81.860479,35.854766],[-81.860531,35.854982],[-81.859958,35.855082],[-81.859542,35.855639],[-81.859857,35.855738],[-81.860133,35.855464],[-81.860495,35.855463],[-81.860551,35.855645],[-81.860109,35.855873],[-81.860613,35.855861],[-81.860957,35.856119],[-81.860505,35.856245],[-81.86102,35.856561]]]}},{"id":"89304","type":"Feature","properties":{"OBJECTID":4088,"max_category":0,"label":"cat 0","area_acres":0.9171079556676882,"county":"Burke County","watershed":"Irish Creek"},"geometry":{"type":"Polygon","coordinates":[[[-81.862903,35.895815],[-81.863441,35.896139],[-81.862614,35.896233],[-81.862153,35.895639],[-81.862903,35.895815]]]}},{"id":"89310","type":"Feature","properties":{"OBJECTID":3532,"max_category":0,"label":"cat 0","area_acres":4.110975993298677,"county":"Burke County","watershed":"Irish Creek"},"geometry":{"type":"Polygon","coordinates":[[[-81.864002,35.868284],[-81.865224,35.86874],[-81.866016,35.869592],[-81.866682,35.86986],[-81.867044,35.87031],[-81.866772,35.87036],[-81.865896,35.869906],[-81.865731,35.869993],[-81.865446,35.869393],[-81.865416,35.869842],[-81.865147,35.869839],[-81.865059,35.868936],[-81.864619,35.869655],[-81.864294,35.869584],[-81.864772,35.868749],[-81.864435,35.868581],[-81.864037,35.868878],[-81.86386,35.868661],[-81.864002,35.868284]]]}},{"id":"89333","type":"Feature","properties":{"OBJECTID":247,"max_category":0,"label":"cat 0","area_acres":138.03566320648176,"county":"Burke County","watershed":"Irish Creek"},"geometry":{"type":"Polygon","coordinates":[[[-81.873573,35.86199],[-81.872545,35.863273],[-81.872836,35.863266],[-81.874173,35.86285],[-81.874486,35.862693],[-81.874648,35.862356],[-81.875322,35.862193],[-81.87536,35.862472],[-81.875099,35.862597],[-81.875153,35.862777],[-81.874256,35.863177],[-81.874219,35.863456],[-81.873879,35.863271],[-81.873801,35.863413],[-81.87331,35.863288],[-81.872543,35.863416],[-81.87204,35.864001],[-81.873502,35.86391],[-81.874468,35.863341],[-81.875943,35.863275],[-81.876387,35.862977],[-81.876412,35.862107],[-81.876592,35.862095],[-81.876755,35.862688],[-81.877137,35.862218],[-81.877228,35.861901],[-81.877023,35.861354],[-81.877301,35.861247],[-81.877469,35.861535],[-81.877749,35.860897],[-81.878135,35.860871],[-81.878144,35.860613],[-81.878638,35.860158],[-81.878908,35.860017],[-81.879045,35.860101],[-81.879131,35.860267],[-81.87866,35.860771],[-81.878931,35.860866],[-81.878977,35.861034],[-81.878131,35.861058],[-81.877986,35.861239],[-81.87872,35.861403],[-81.878762,35.86153],[-81.877846,35.861614],[-81.87769,35.861947],[-81.878634,35.861646],[-81.878777,35.862055],[-81.878324,35.862261],[-81.8775,35.86231],[-81.877158,35.862632],[-81.877305,35.862846],[-81.876486,35.863103],[-81.876776,35.863414],[-81.876694,35.863599],[-81.876218,35.863359],[-81.876385,35.863689],[-81.876151,35.863852],[-81.875685,35.863536],[-81.875314,35.863516],[-81.875489,35.864031],[-81.874926,35.863606],[-81.874681,35.863664],[-81.874886,35.864017],[-81.874378,35.863785],[-81.874219,35.86395],[-81.874641,35.864253],[-81.874646,35.864568],[-81.873846,35.864074],[-81.873934,35.864336],[-81.873519,35.864241],[-81.874081,35.864729],[-81.874046,35.864942],[-81.873001,35.864226],[-81.872648,35.864293],[-81.873343,35.864856],[-81.873475,35.865315],[-81.873047,35.864954],[-81.872528,35.864825],[-81.872381,35.864257],[-81.871924,35.86412],[-81.871731,35.864232],[-81.87105,35.864166],[-81.870087,35.86438],[-81.869672,35.864336],[-81.869074,35.864624],[-81.868628,35.865179],[-81.869134,35.86536],[-81.86977,35.865268],[-81.869727,35.865496],[-81.870183,35.865342],[-81.870124,35.865694],[-81.871016,35.865685],[-81.871285,35.865428],[-81.871593,35.865415],[-81.871584,35.865797],[-81.872057,35.865685],[-81.872062,35.865923],[-81.872316,35.865935],[-81.872404,35.866167],[-81.872253,35.866252],[-81.871834,35.866098],[-81.871944,35.866422],[-81.871546,35.866233],[-81.87159,35.866542],[-81.871455,35.866601],[-81.87107,35.865998],[-81.871093,35.866391],[-81.870731,35.865951],[-81.870454,35.865938],[-81.870904,35.866406],[-81.870777,35.866534],[-81.870285,35.866306],[-81.869994,35.865922],[-81.869538,35.865767],[-81.869621,35.866226],[-81.869447,35.866317],[-81.869187,35.865596],[-81.868492,35.865325],[-81.867917,35.8658],[-81.868607,35.86579],[-81.868953,35.865969],[-81.868965,35.86613],[-81.868487,35.866091],[-81.868674,35.866248],[-81.8686,35.866394],[-81.868377,35.866388],[-81.867941,35.866055],[-81.867811,35.866215],[-81.867397,35.866269],[-81.867643,35.86663],[-81.867236,35.866553],[-81.867292,35.867123],[-81.867515,35.867216],[-81.867573,35.867514],[-81.867803,35.867495],[-81.867997,35.867102],[-81.868492,35.867033],[-81.868507,35.86731],[-81.868238,35.867636],[-81.868706,35.867706],[-81.869169,35.866968],[-81.869333,35.866985],[-81.869388,35.867239],[-81.869764,35.866829],[-81.870018,35.866959],[-81.869319,35.867719],[-81.870488,35.867911],[-81.870877,35.8676],[-81.870828,35.867997],[-81.871021,35.868091],[-81.872226,35.867953],[-81.872433,35.86769],[-81.872052,35.86709],[-81.872207,35.867056],[-81.872733,35.867404],[-81.873252,35.866898],[-81.873859,35.86595],[-81.873696,35.86527],[-81.874416,35.865385],[-81.874329,35.864919],[-81.874462,35.864768],[-81.874654,35.864794],[-81.874831,35.865169],[-81.875362,35.864993],[-81.875497,35.864442],[-81.875699,35.864507],[-81.875719,35.864875],[-81.876198,35.864753],[-81.876606,35.864374],[-81.876593,35.86413],[-81.877041,35.864196],[-81.877562,35.863719],[-81.877513,35.863281],[-81.877737,35.863288],[-81.877869,35.863615],[-81.878081,35.863582],[-81.878992,35.863108],[-81.879502,35.862244],[-81.879761,35.862203],[-81.879917,35.862412],[-81.880077,35.862285],[-81.88013,35.861903],[-81.879886,35.861596],[-81.879644,35.860561],[-81.879892,35.860329],[-81.880225,35.860364],[-81.880328,35.860674],[-81.880003,35.860972],[-81.879978,35.861216],[-81.880042,35.861352],[-81.880417,35.861427],[-81.88033,35.861663],[-81.880518,35.862176],[-81.879922,35.862625],[-81.879905,35.862867],[-81.879454,35.863028],[-81.879813,35.863119],[-81.879833,35.863267],[-81.878657,35.863492],[-81.87748,35.864025],[-81.878043,35.86427],[-81.87834,35.864236],[-81.878853,35.863963],[-81.87895,35.863684],[-81.879494,35.863525],[-81.87955,35.863678],[-81.879139,35.86411],[-81.879944,35.863941],[-81.879977,35.8643],[-81.879707,35.864346],[-81.879839,35.864566],[-81.879382,35.864654],[-81.878915,35.864255],[-81.878551,35.864319],[-81.87926,35.864945],[-81.879036,35.865213],[-81.878212,35.864409],[-81.87733,35.864155],[-81.877024,35.86456],[-81.87648,35.864747],[-81.87756,35.864866],[-81.878304,35.865444],[-81.878023,35.865509],[-81.876248,35.864895],[-81.876864,35.865315],[-81.877519,35.8655],[-81.877484,35.865713],[-81.877153,35.865643],[-81.877306,35.865852],[-81.8771,35.865974],[-81.876588,35.865671],[-81.876371,35.865692],[-81.876301,35.865291],[-81.876003,35.864956],[-81.874772,35.865342],[-81.874888,35.865751],[-81.874275,35.865601],[-81.874132,35.865847],[-81.874518,35.86587],[-81.874568,35.865994],[-81.874222,35.86607],[-81.874257,35.866285],[-81.873892,35.866215],[-81.873653,35.866629],[-81.873969,35.866647],[-81.87429,35.866375],[-81.874995,35.866129],[-81.875264,35.866331],[-81.875011,35.86643],[-81.875251,35.86648],[-81.876514,35.86612],[-81.877009,35.866353],[-81.876625,35.86656],[-81.876198,35.866518],[-81.875572,35.866697],[-81.874582,35.866666],[-81.874421,35.866747],[-81.875215,35.866785],[-81.875589,35.867001],[-81.874976,35.867179],[-81.874441,35.867094],[-81.874413,35.867329],[-81.874031,35.866925],[-81.87354,35.866773],[-81.873087,35.867276],[-81.873576,35.867789],[-81.872773,35.867575],[-81.872356,35.868049],[-81.872721,35.868436],[-81.873351,35.868668],[-81.873677,35.868428],[-81.873717,35.868172],[-81.873929,35.868325],[-81.874666,35.867954],[-81.87533,35.86788],[-81.875636,35.867139],[-81.875909,35.866992],[-81.876241,35.86721],[-81.875991,35.867546],[-81.87541,35.868013],[-81.874536,35.868179],[-81.87382,35.868768],[-81.875268,35.86898],[-81.875612,35.868769],[-81.875502,35.868464],[-81.87563,35.868342],[-81.875916,35.868609],[-81.876387,35.86824],[-81.876524,35.868513],[-81.876705,35.868534],[-81.876985,35.868143],[-81.877222,35.86825],[-81.877097,35.868526],[-81.877746,35.868372],[-81.878531,35.867241],[-81.87853,35.866705],[-81.878749,35.866618],[-81.878892,35.86676],[-81.879293,35.866579],[-81.879464,35.866694],[-81.879324,35.866879],[-81.879777,35.866967],[-81.879327,35.867208],[-81.880045,35.867137],[-81.880317,35.867264],[-81.879384,35.867541],[-81.878496,35.867508],[-81.877993,35.868449],[-81.878736,35.868706],[-81.879496,35.868496],[-81.880445,35.868449],[-81.881213,35.868184],[-81.881409,35.868353],[-81.881041,35.868624],[-81.882244,35.868913],[-81.882222,35.869134],[-81.881929,35.869158],[-81.882349,35.869419],[-81.882041,35.869453],[-81.880123,35.868789],[-81.878767,35.868875],[-81.877909,35.868636],[-81.877541,35.868745],[-81.878394,35.869374],[-81.879657,35.869373],[-81.880882,35.86915],[-81.881375,35.869348],[-81.880692,35.869462],[-81.880478,35.869659],[-81.87982,35.86962],[-81.879862,35.869894],[-81.879341,35.869577],[-81.878634,35.869484],[-81.878703,35.869985],[-81.879166,35.870208],[-81.880709,35.870061],[-81.881374,35.869853],[-81.882236,35.869897],[-81.882303,35.870111],[-81.881866,35.870232],[-81.879949,35.870277],[-81.880095,35.870484],[-81.879417,35.870533],[-81.878549,35.870062],[-81.878457,35.869515],[-81.878046,35.86925],[-81.877763,35.869217],[-81.877153,35.868776],[-81.876513,35.868709],[-81.875452,35.869064],[-81.876318,35.869152],[-81.876844,35.869387],[-81.87683,35.869539],[-81.876578,35.869555],[-81.876722,35.869772],[-81.876517,35.869836],[-81.875845,35.86941],[-81.876611,35.870261],[-81.876483,35.87033],[-81.875889,35.870077],[-81.875472,35.869514],[-81.875325,35.869928],[-81.87561,35.870368],[-81.875398,35.870501],[-81.875157,35.870113],[-81.875042,35.869156],[-81.874693,35.869259],[-81.874901,35.869482],[-81.875066,35.870238],[-81.87474,35.870608],[-81.874663,35.869563],[-81.874432,35.86946],[-81.874379,35.869157],[-81.874182,35.869134],[-81.874196,35.869546],[-81.873801,35.869563],[-81.873677,35.869355],[-81.873865,35.86895],[-81.873428,35.868826],[-81.873496,35.869854],[-81.873226,35.869794],[-81.873335,35.870137],[-81.873103,35.870121],[-81.872971,35.870467],[-81.87281,35.870062],[-81.872665,35.870299],[-81.872448,35.870265],[-81.872346,35.869908],[-81.872971,35.869462],[-81.873185,35.868813],[-81.872678,35.868605],[-81.872417,35.869296],[-81.871991,35.86954],[-81.871959,35.869295],[-81.87237,35.868678],[-81.872392,35.868352],[-81.872199,35.868124],[-81.871568,35.868166],[-81.871761,35.86847],[-81.871655,35.868741],[-81.871228,35.868445],[-81.871206,35.86823],[-81.870942,35.868225],[-81.871677,35.869911],[-81.871429,35.86998],[-81.871205,35.869788],[-81.870754,35.868636],[-81.870602,35.869105],[-81.870999,35.869881],[-81.870833,35.870023],[-81.870602,35.869912],[-81.870547,35.869658],[-81.87047,35.86993],[-81.870257,35.869907],[-81.870355,35.869008],[-81.870093,35.869318],[-81.869924,35.869233],[-81.870029,35.868829],[-81.870705,35.868388],[-81.870712,35.868104],[-81.868754,35.867847],[-81.868847,35.868184],[-81.869607,35.868805],[-81.869464,35.869007],[-81.868928,35.868576],[-81.869077,35.868949],[-81.869656,35.869294],[-81.869536,35.869614],[-81.869019,35.869312],[-81.868447,35.869295],[-81.868672,35.868188],[-81.868559,35.867865],[-81.86806,35.8683],[-81.868046,35.867685],[-81.867847,35.867647],[-81.867683,35.86798],[-81.867316,35.867552],[-81.867178,35.867731],[-81.867442,35.868125],[-81.866796,35.867976],[-81.866817,35.868261],[-81.866626,35.868348],[-81.867601,35.868365],[-81.867819,35.86849],[-81.867779,35.868823],[-81.86728,35.868744],[-81.868291,35.869306],[-81.868628,35.869753],[-81.868374,35.869828],[-81.867397,35.869349],[-81.866406,35.868562],[-81.865918,35.868738],[-81.866706,35.869027],[-81.866961,35.86928],[-81.866675,35.869403],[-81.866248,35.869197],[-81.866267,35.869366],[-81.866057,35.869386],[-81.865421,35.868738],[-81.866329,35.868341],[-81.866123,35.867963],[-81.866392,35.868061],[-81.8669,35.867735],[-81.867102,35.867144],[-81.866952,35.866364],[-81.86642,35.866391],[-81.866613,35.867277],[-81.866421,35.867325],[-81.86617,35.867008],[-81.866107,35.866329],[-81.865768,35.866103],[-81.865801,35.86709],[-81.86549,35.867244],[-81.86552,35.865958],[-81.864947,35.865572],[-81.865513,35.865732],[-81.866363,35.866249],[-81.8673,35.866145],[-81.867648,35.865986],[-81.868162,35.865259],[-81.868188,35.865016],[-81.867537,35.864433],[-81.867582,35.864232],[-81.867775,35.864236],[-81.867902,35.863992],[-81.868081,35.864046],[-81.868447,35.864558],[-81.868337,35.865225],[-81.868847,35.864641],[-81.868634,35.864243],[-81.868691,35.863956],[-81.86892,35.863995],[-81.86912,35.864453],[-81.870011,35.864062],[-81.869746,35.863236],[-81.870039,35.862948],[-81.869967,35.862636],[-81.870162,35.862596],[-81.870601,35.861657],[-81.870208,35.861045],[-81.870424,35.86055],[-81.870601,35.860623],[-81.870599,35.86101],[-81.870756,35.8611],[-81.870877,35.860881],[-81.871177,35.860832],[-81.871295,35.861075],[-81.871191,35.86141],[-81.870941,35.861542],[-81.871103,35.861769],[-81.870682,35.861851],[-81.870725,35.862164],[-81.870327,35.863328],[-81.870508,35.863686],[-81.870074,35.864215],[-81.87104,35.864023],[-81.871219,35.863868],[-81.871065,35.863324],[-81.871204,35.863195],[-81.871448,35.863453],[-81.871457,35.863833],[-81.871235,35.864063],[-81.871684,35.86409],[-81.871864,35.863963],[-81.873233,35.862133],[-81.872005,35.861204],[-81.872168,35.861002],[-81.872657,35.861416],[-81.872269,35.860905],[-81.872434,35.86075],[-81.873275,35.861702],[-81.873306,35.860828],[-81.872642,35.860637],[-81.872784,35.860453],[-81.872058,35.859779],[-81.872118,35.859629],[-81.87233,35.859668],[-81.873331,35.860536],[-81.873069,35.859871],[-81.872068,35.859238],[-81.87218,35.858972],[-81.87251,35.858935],[-81.872879,35.859281],[-81.872841,35.858196],[-81.87312,35.858338],[-81.873553,35.859994],[-81.87383,35.860199],[-81.873582,35.861746],[-81.873903,35.861469],[-81.873817,35.860877],[-81.874079,35.860723],[-81.874123,35.860023],[-81.874003,35.859547],[-81.873586,35.859179],[-81.873686,35.858932],[-81.873993,35.859129],[-81.873687,35.858261],[-81.873822,35.85816],[-81.873959,35.858304],[-81.873635,35.857598],[-81.873736,35.857316],[-81.874201,35.857506],[-81.87438,35.858765],[-81.874339,35.857189],[-81.874697,35.857298],[-81.874797,35.85796],[-81.875002,35.857641],[-81.875305,35.857607],[-81.875398,35.857758],[-81.875044,35.858174],[-81.875214,35.858279],[-81.875092,35.858891],[-81.874604,35.859176],[-81.874413,35.859482],[-81.874559,35.859807],[-81.874454,35.860673],[-81.874697,35.860825],[-81.874232,35.861052],[-81.874261,35.86134],[-81.874781,35.861168],[-81.875057,35.860757],[-81.875002,35.86055],[-81.875207,35.860542],[-81.875777,35.860051],[-81.875238,35.859136],[-81.875468,35.858945],[-81.875402,35.858506],[-81.875604,35.858424],[-81.875743,35.858524],[-81.875943,35.858301],[-81.876065,35.858479],[-81.876221,35.857779],[-81.876737,35.857847],[-81.876091,35.859223],[-81.876041,35.859712],[-81.876362,35.859433],[-81.876748,35.858279],[-81.877153,35.858034],[-81.877232,35.858259],[-81.877047,35.85855],[-81.877516,35.858336],[-81.877615,35.858521],[-81.877342,35.858767],[-81.877725,35.858658],[-81.877778,35.858843],[-81.877526,35.859061],[-81.877963,35.858977],[-81.878142,35.859377],[-81.877062,35.859517],[-81.877326,35.85977],[-81.876664,35.859691],[-81.87612,35.860057],[-81.877918,35.859876],[-81.877954,35.860107],[-81.877344,35.860361],[-81.87643,35.8603],[-81.876451,35.860441],[-81.876251,35.860465],[-81.875976,35.860341],[-81.875206,35.860958],[-81.87597,35.860665],[-81.876714,35.860675],[-81.876821,35.860784],[-81.876671,35.860895],[-81.87592,35.860984],[-81.876866,35.861002],[-81.876992,35.861218],[-81.876313,35.861431],[-81.875367,35.861206],[-81.875202,35.86132],[-81.876032,35.861687],[-81.875873,35.86188],[-81.875464,35.861914],[-81.875004,35.861571],[-81.874637,35.861553],[-81.875123,35.861842],[-81.875111,35.862117],[-81.874035,35.861704],[-81.873923,35.861759],[-81.874495,35.862298],[-81.873573,35.86199]],[[-81.876961,35.859171],[-81.876801,35.859234],[-81.876797,35.859285],[-81.876961,35.859171]]]}},{"id":"89344","type":"Feature","properties":{"OBJECTID":4021,"max_category":0,"label":"cat 0","area_acres":0.8624726777970303,"county":"Burke County","watershed":"Irish Creek"},"geometry":{"type":"Polygon","coordinates":[[[-81.856071,35.865529],[-81.856265,35.865719],[-81.856167,35.865905],[-81.855041,35.866159],[-81.85506,35.866004],[-81.855474,35.865928],[-81.855684,35.865663],[-81.856071,35.865529]]]}},{"id":"89363","type":"Feature","properties":{"OBJECTID":3727,"max_category":0,"label":"cat 0","area_acres":0.5348694688576185,"county":"Burke County","watershed":"Irish Creek"},"geometry":{"type":"Polygon","coordinates":[[[-81.85119,35.857343],[-81.851261,35.857487],[-81.850581,35.857977],[-81.850462,35.857714],[-81.85119,35.857343]]]}},{"id":"89380","type":"Feature","properties":{"OBJECTID":3726,"max_category":0,"label":"cat 0","area_acres":1.8410797428215937,"county":"Burke County","watershed":"Irish Creek"},"geometry":{"type":"Polygon","coordinates":[[[-81.850756,35.854605],[-81.851248,35.854853],[-81.851116,35.855179],[-81.85041,35.855251],[-81.849619,35.856045],[-81.849437,35.856056],[-81.84948,35.855817],[-81.850199,35.855224],[-81.850092,35.854978],[-81.850309,35.85496],[-81.850471,35.854624],[-81.850756,35.854605]]]}},{"id":"89408","type":"Feature","properties":{"OBJECTID":3706,"max_category":0,"label":"cat 0","area_acres":43.726174575144334,"county":"Burke County","watershed":"Irish Creek"},"geometry":{"type":"Polygon","coordinates":[[[-81.871604,35.854583],[-81.872588,35.854709],[-81.872279,35.85493],[-81.872651,35.855081],[-81.872665,35.855297],[-81.872232,35.855532],[-81.871942,35.855132],[-81.871897,35.855449],[-81.871737,35.85548],[-81.871262,35.854613],[-81.871131,35.854952],[-81.870976,35.854976],[-81.870885,35.854453],[-81.868549,35.852819],[-81.867939,35.852826],[-81.867524,35.852486],[-81.866953,35.852499],[-81.867445,35.852871],[-81.867387,35.852983],[-81.86638,35.852595],[-81.865982,35.852659],[-81.865782,35.852747],[-81.868181,35.853249],[-81.868591,35.853622],[-81.869142,35.854628],[-81.870308,35.855129],[-81.870045,35.855284],[-81.869475,35.854991],[-81.869499,35.85518],[-81.869268,35.855275],[-81.868948,35.854983],[-81.868895,35.8545],[-81.868341,35.853755],[-81.868012,35.853734],[-81.868018,35.853903],[-81.867788,35.853987],[-81.867359,35.853668],[-81.866071,35.853152],[-81.866937,35.853896],[-81.868117,35.854361],[-81.868025,35.854616],[-81.867356,35.854489],[-81.866857,35.85427],[-81.865997,35.853527],[-81.866523,35.854105],[-81.866156,35.854203],[-81.867387,35.855044],[-81.867207,35.855213],[-81.866803,35.855079],[-81.865579,35.854109],[-81.86536,35.854161],[-81.865047,35.853577],[-81.864755,35.853677],[-81.864558,35.853544],[-81.864497,35.852777],[-81.86435,35.852889],[-81.863713,35.852575],[-81.863629,35.852687],[-81.863431,35.852608],[-81.863388,35.852744],[-81.864466,35.853601],[-81.864806,35.854207],[-81.865384,35.854332],[-81.86563,35.854676],[-81.865423,35.854731],[-81.865079,35.854507],[-81.864889,35.854544],[-81.864136,35.854021],[-81.863388,35.853123],[-81.862956,35.853221],[-81.86312,35.852547],[-81.86286,35.852348],[-81.862272,35.852252],[-81.862425,35.852946],[-81.861941,35.852996],[-81.861722,35.852168],[-81.861561,35.852198],[-81.861647,35.852727],[-81.861467,35.852817],[-81.86123,35.852521],[-81.861243,35.851987],[-81.861146,35.851912],[-81.861114,35.852212],[-81.860914,35.852321],[-81.860623,35.851617],[-81.859217,35.850509],[-81.858772,35.850328],[-81.859256,35.850964],[-81.85911,35.851221],[-81.858708,35.85116],[-81.85873,35.850617],[-81.858028,35.849836],[-81.857896,35.849735],[-81.857733,35.850065],[-81.857509,35.850023],[-81.857589,35.848884],[-81.857259,35.848814],[-81.856891,35.848463],[-81.857747,35.848811],[-81.857853,35.849479],[-81.858275,35.849963],[-81.858569,35.850189],[-81.859302,35.850379],[-81.860604,35.851406],[-81.861775,35.851214],[-81.863383,35.850519],[-81.864351,35.850576],[-81.864561,35.850408],[-81.864766,35.850469],[-81.864552,35.850794],[-81.86342,35.850878],[-81.861737,35.851521],[-81.860782,35.851544],[-81.860954,35.851755],[-81.861467,35.851935],[-81.861971,35.852006],[-81.862946,35.851168],[-81.86406,35.85089],[-81.864059,35.851233],[-81.862935,35.851467],[-81.862155,35.852112],[-81.862923,35.852204],[-81.863492,35.852053],[-81.865075,35.850779],[-81.865229,35.850975],[-81.864878,35.851526],[-81.865447,35.851219],[-81.865661,35.850821],[-81.865964,35.850825],[-81.865945,35.85105],[-81.866333,35.851059],[-81.866449,35.85123],[-81.864269,35.852174],[-81.863199,35.852312],[-81.864471,35.852307],[-81.864659,35.852493],[-81.865187,35.85247],[-81.865136,35.852729],[-81.865715,35.852428],[-81.865858,35.851795],[-81.866076,35.851948],[-81.866251,35.851899],[-81.866314,35.852137],[-81.866782,35.851481],[-81.867036,35.851551],[-81.86693,35.851784],[-81.867412,35.851632],[-81.867341,35.851884],[-81.867642,35.851763],[-81.867879,35.851895],[-81.867934,35.852134],[-81.8672,35.852271],[-81.867604,35.852353],[-81.868009,35.852689],[-81.869121,35.852772],[-81.87,35.852074],[-81.87046,35.852091],[-81.870452,35.852313],[-81.870063,35.852426],[-81.870439,35.852659],[-81.871179,35.852693],[-81.871195,35.852886],[-81.870907,35.853136],[-81.870405,35.852803],[-81.869826,35.852651],[-81.869734,35.852868],[-81.86907,35.852916],[-81.871107,35.854375],[-81.871622,35.854199],[-81.871732,35.854354],[-81.871604,35.854583]],[[-81.865013,35.853006],[-81.864827,35.852888],[-81.865385,35.853397],[-81.865717,35.853654],[-81.865977,35.854092],[-81.865603,35.853065],[-81.865346,35.852949],[-81.865013,35.853006]],[[-81.8646,35.851305],[-81.864034,35.851793],[-81.864352,35.851739],[-81.8646,35.851305]]]}},{"id":"89419","type":"Feature","properties":{"OBJECTID":4038,"max_category":0,"label":"cat 0","area_acres":3.1952485106562984,"county":"Burke County","watershed":"Irish Creek"},"geometry":{"type":"Polygon","coordinates":[[[-81.859646,35.896886],[-81.860009,35.897164],[-81.859357,35.897651],[-81.8601,35.897715],[-81.859937,35.898],[-81.858252,35.897745],[-81.858696,35.897335],[-81.858977,35.896557],[-81.859354,35.896736],[-81.858679,35.897623],[-81.859646,35.896886]]]}},{"id":"89425","type":"Feature","properties":{"OBJECTID":3538,"max_category":0,"label":"cat 0","area_acres":0.9449988462195487,"county":"Burke County","watershed":"Irish Creek"},"geometry":{"type":"Polygon","coordinates":[[[-81.86341,35.867775],[-81.863536,35.867936],[-81.863341,35.868125],[-81.863408,35.869061],[-81.863278,35.86913],[-81.863028,35.868969],[-81.863037,35.868286],[-81.86341,35.867775]]]}},{"id":"89427","type":"Feature","properties":{"OBJECTID":3537,"max_category":0,"label":"cat 0","area_acres":1.7611692561259247,"county":"Burke County","watershed":"Irish Creek"},"geometry":{"type":"Polygon","coordinates":[[[-81.858708,35.865632],[-81.859157,35.866295],[-81.859631,35.866456],[-81.85965,35.866905],[-81.859436,35.867266],[-81.859143,35.86704],[-81.859431,35.866599],[-81.859032,35.866997],[-81.858738,35.866908],[-81.858957,35.866508],[-81.858708,35.865632]]]}},{"id":"89433","type":"Feature","properties":{"OBJECTID":3644,"max_category":0,"label":"cat 0","area_acres":0.3554029249246559,"county":"Burke County","watershed":"Irish Creek"},"geometry":{"type":"Polygon","coordinates":[[[-81.850505,35.861839],[-81.850669,35.862172],[-81.850363,35.862285],[-81.850255,35.861953],[-81.850505,35.861839]]]}},{"id":"89466","type":"Feature","properties":{"OBJECTID":3744,"max_category":0,"label":"cat 0","area_acres":1.1759760845940472,"county":"Burke County","watershed":"Irish Creek"},"geometry":{"type":"Polygon","coordinates":[[[-81.850031,35.857975],[-81.850225,35.858166],[-81.849922,35.85858],[-81.849122,35.858374],[-81.849311,35.857807],[-81.849533,35.857838],[-81.849456,35.858346],[-81.849609,35.858397],[-81.850031,35.857975]]]}},{"id":"89488","type":"Feature","properties":{"OBJECTID":3719,"max_category":0,"label":"cat 0","area_acres":3.993218461902024,"county":"Burke County","watershed":"Irish Creek"},"geometry":{"type":"Polygon","coordinates":[[[-81.850506,35.852728],[-81.851638,35.853225],[-81.852213,35.853746],[-81.852618,35.853655],[-81.852885,35.853755],[-81.85281,35.853915],[-81.852444,35.85403],[-81.852737,35.854229],[-81.853113,35.854111],[-81.853352,35.854278],[-81.853302,35.854454],[-81.853001,35.854512],[-81.853264,35.854849],[-81.853857,35.855044],[-81.85384,35.855235],[-81.853585,35.855255],[-81.853879,35.855478],[-81.853656,35.855734],[-81.852761,35.855136],[-81.852862,35.854602],[-81.852541,35.854541],[-81.852597,35.854345],[-81.852162,35.853904],[-81.851553,35.853355],[-81.850197,35.85272],[-81.850506,35.852728]]]}},{"id":"89491","type":"Feature","properties":{"OBJECTID":3735,"max_category":0,"label":"cat 0","area_acres":2.0216637316411394,"county":"Burke County","watershed":"Irish Creek"},"geometry":{"type":"Polygon","coordinates":[[[-81.858037,35.859079],[-81.858168,35.859381],[-81.857896,35.859745],[-81.858116,35.860405],[-81.857701,35.860713],[-81.856446,35.860588],[-81.856424,35.860409],[-81.857182,35.860583],[-81.857663,35.860531],[-81.85747,35.85975],[-81.858037,35.859079]]]}},{"id":"89600","type":"Feature","properties":{"OBJECTID":4015,"max_category":0,"label":"cat 0","area_acres":3.7965609359319377,"county":"Burke County","watershed":"Irish Creek"},"geometry":{"type":"Polygon","coordinates":[[[-81.864223,35.89546],[-81.864437,35.895757],[-81.864828,35.89579],[-81.865214,35.896208],[-81.865064,35.896319],[-81.864499,35.896008],[-81.864407,35.896267],[-81.864609,35.896742],[-81.864944,35.896817],[-81.865428,35.896587],[-81.865604,35.896717],[-81.86538,35.896988],[-81.865601,35.897104],[-81.866587,35.897054],[-81.867208,35.89726],[-81.867757,35.897167],[-81.867886,35.897305],[-81.867673,35.897467],[-81.868092,35.897469],[-81.868121,35.897709],[-81.867385,35.897806],[-81.866681,35.897221],[-81.865552,35.897246],[-81.864523,35.896872],[-81.864233,35.89631],[-81.864223,35.89546]]]}},{"id":"89628","type":"Feature","properties":{"OBJECTID":3967,"max_category":0,"label":"cat 0","area_acres":3.6250193298304008,"county":"Burke County","watershed":"Irish Creek"},"geometry":{"type":"Polygon","coordinates":[[[-81.857416,35.89878],[-81.857866,35.899017],[-81.85869,35.89908],[-81.85884,35.898767],[-81.859195,35.898632],[-81.859034,35.899081],[-81.859719,35.89868],[-81.859869,35.898812],[-81.859789,35.898977],[-81.85914,35.899311],[-81.859185,35.899522],[-81.859438,35.89961],[-81.85998,35.899256],[-81.860162,35.898912],[-81.860798,35.898898],[-81.860996,35.899161],[-81.860835,35.899307],[-81.860324,35.899322],[-81.860182,35.899622],[-81.85971,35.899584],[-81.859433,35.899782],[-81.859034,35.899603],[-81.85878,35.899221],[-81.857812,35.899158],[-81.857385,35.898923],[-81.856928,35.898877],[-81.857416,35.89878]]]}},{"id":"89658","type":"Feature","properties":{"OBJECTID":4086,"max_category":0,"label":"cat 0","area_acres":7.190031655311271,"county":"Burke County","watershed":"Irish Creek"},"geometry":{"type":"Polygon","coordinates":[[[-81.863501,35.889403],[-81.864104,35.890131],[-81.864887,35.890305],[-81.865184,35.89027],[-81.865446,35.889962],[-81.865675,35.890204],[-81.866941,35.890037],[-81.867617,35.890295],[-81.868158,35.889857],[-81.868237,35.889563],[-81.868459,35.889509],[-81.868633,35.889871],[-81.868135,35.890284],[-81.868784,35.890105],[-81.868918,35.890185],[-81.868844,35.890349],[-81.869472,35.890311],[-81.869605,35.890558],[-81.869402,35.890698],[-81.868735,35.890687],[-81.868747,35.891025],[-81.869027,35.891323],[-81.869016,35.891504],[-81.868803,35.891592],[-81.868623,35.891461],[-81.868558,35.890649],[-81.868401,35.890502],[-81.867792,35.890407],[-81.868153,35.890606],[-81.868311,35.891125],[-81.868148,35.891222],[-81.867816,35.890694],[-81.867108,35.89023],[-81.866209,35.890334],[-81.867109,35.890814],[-81.867046,35.890964],[-81.866819,35.890964],[-81.866935,35.891438],[-81.867751,35.89166],[-81.867569,35.891892],[-81.867216,35.891766],[-81.867045,35.891878],[-81.866811,35.891755],[-81.8665,35.890725],[-81.866013,35.890339],[-81.86441,35.890424],[-81.86372,35.890003],[-81.863422,35.889549],[-81.863501,35.889403]]]}},{"id":"89670","type":"Feature","properties":{"OBJECTID":3707,"max_category":0,"label":"cat 0","area_acres":1.5851877545176212,"county":"Burke County","watershed":"Irish Creek"},"geometry":{"type":"Polygon","coordinates":[[[-81.858216,35.851737],[-81.859428,35.85216],[-81.859557,35.852365],[-81.860132,35.852592],[-81.860148,35.852737],[-81.85962,35.852698],[-81.859638,35.852839],[-81.859391,35.852912],[-81.859094,35.852312],[-81.858198,35.85189],[-81.858216,35.851737]]]}},{"id":"89703","type":"Feature","properties":{"OBJECTID":3540,"max_category":0,"label":"cat 0","area_acres":0.668049836440591,"county":"Burke County","watershed":"Irish Creek"},"geometry":{"type":"Polygon","coordinates":[[[-81.863986,35.879277],[-81.864619,35.879816],[-81.864636,35.880025],[-81.863856,35.879557],[-81.863986,35.879277]]]}},{"id":"89710","type":"Feature","properties":{"OBJECTID":4011,"max_category":0,"label":"cat 0","area_acres":0.4188850935021411,"county":"Burke County","watershed":"Upper Creek"},"geometry":{"type":"Polygon","coordinates":[[[-81.868901,35.898785],[-81.869325,35.899007],[-81.869192,35.899244],[-81.868693,35.898948],[-81.868901,35.898785]]]}},{"id":"89720","type":"Feature","properties":{"OBJECTID":4047,"max_category":0,"label":"cat 0","area_acres":20.413986608122453,"county":"Burke County","watershed":"Irish Creek"},"geometry":{"type":"Polygon","coordinates":[[[-81.861926,35.886829],[-81.86328,35.887254],[-81.863381,35.887434],[-81.863118,35.887548],[-81.863157,35.887694],[-81.863739,35.887929],[-81.863684,35.888053],[-81.863271,35.888067],[-81.863407,35.889035],[-81.864191,35.889006],[-81.864232,35.889222],[-81.863459,35.889327],[-81.863283,35.889213],[-81.862867,35.88732],[-81.861239,35.886631],[-81.860869,35.886904],[-81.860625,35.886399],[-81.860444,35.886442],[-81.860421,35.886745],[-81.860081,35.886766],[-81.859944,35.886304],[-81.859289,35.886237],[-81.859339,35.886711],[-81.85982,35.886922],[-81.859286,35.887097],[-81.859648,35.887349],[-81.860445,35.887428],[-81.86051,35.887771],[-81.861178,35.887963],[-81.861682,35.888516],[-81.861437,35.888623],[-81.860885,35.888095],[-81.859994,35.887731],[-81.860007,35.887951],[-81.859788,35.887972],[-81.859398,35.887407],[-81.859412,35.887944],[-81.859179,35.887958],[-81.858959,35.887607],[-81.859171,35.886908],[-81.859004,35.886009],[-81.858668,35.885879],[-81.858417,35.886657],[-81.858177,35.886726],[-81.858014,35.886621],[-81.858038,35.886195],[-81.858619,35.885714],[-81.858196,35.885124],[-81.857805,35.88535],[-81.8576,35.885719],[-81.857214,35.885672],[-81.857224,35.885332],[-81.858156,35.884953],[-81.858489,35.883873],[-81.858479,35.883581],[-81.857899,35.883741],[-81.857561,35.884103],[-81.857141,35.88387],[-81.857149,35.883593],[-81.857603,35.883606],[-81.857685,35.883465],[-81.858091,35.883566],[-81.858472,35.883379],[-81.85848,35.881706],[-81.857838,35.881133],[-81.857774,35.881803],[-81.857368,35.882107],[-81.857694,35.881049],[-81.857335,35.880833],[-81.857703,35.880222],[-81.857915,35.880144],[-81.858003,35.880493],[-81.85778,35.880919],[-81.858465,35.880328],[-81.858876,35.879592],[-81.859288,35.879793],[-81.858857,35.880368],[-81.857959,35.881029],[-81.858454,35.881356],[-81.859571,35.88103],[-81.859726,35.880769],[-81.860031,35.880677],[-81.86028,35.880066],[-81.860526,35.880213],[-81.860503,35.880609],[-81.860755,35.880374],[-81.861076,35.880508],[-81.86096,35.880875],[-81.860231,35.880938],[-81.860165,35.881183],[-81.859263,35.881235],[-81.858528,35.881494],[-81.859109,35.881726],[-81.859397,35.881287],[-81.859962,35.881417],[-81.85917,35.881867],[-81.858658,35.881771],[-81.858626,35.882784],[-81.859108,35.882821],[-81.859168,35.883007],[-81.858994,35.883083],[-81.859319,35.883283],[-81.859114,35.883462],[-81.858639,35.883137],[-81.85841,35.885249],[-81.858917,35.885773],[-81.859385,35.885652],[-81.859266,35.886094],[-81.860264,35.886236],[-81.860465,35.885966],[-81.860878,35.885924],[-81.860794,35.886306],[-81.861926,35.886829]]]}},{"id":"89741","type":"Feature","properties":{"OBJECTID":261,"max_category":0,"label":"cat 0","area_acres":18.888237507607897,"county":"Burke County","watershed":"Irish Creek"},"geometry":{"type":"Polygon","coordinates":[[[-81.866755,35.874513],[-81.867082,35.874718],[-81.866938,35.874921],[-81.866721,35.874919],[-81.866489,35.874689],[-81.865837,35.874831],[-81.866325,35.875258],[-81.866351,35.875955],[-81.865946,35.875817],[-81.865952,35.875292],[-81.865616,35.874847],[-81.865015,35.874889],[-81.864487,35.875148],[-81.863555,35.875044],[-81.864198,35.875488],[-81.864523,35.876242],[-81.865676,35.876517],[-81.866155,35.876105],[-81.866397,35.876105],[-81.866421,35.876363],[-81.865911,35.87672],[-81.866546,35.877101],[-81.86699,35.87694],[-81.867112,35.876569],[-81.866913,35.876477],[-81.866901,35.876207],[-81.867319,35.87596],[-81.867574,35.876116],[-81.867947,35.875914],[-81.868199,35.876022],[-81.870143,35.87578],[-81.870472,35.875921],[-81.870438,35.876237],[-81.870231,35.876273],[-81.870326,35.876631],[-81.869713,35.876098],[-81.869044,35.876141],[-81.869206,35.876395],[-81.869068,35.876552],[-81.868599,35.876096],[-81.867964,35.876382],[-81.867318,35.876469],[-81.867198,35.876921],[-81.867898,35.876877],[-81.8684,35.87703],[-81.869457,35.876897],[-81.869663,35.877021],[-81.869611,35.877252],[-81.868862,35.87718],[-81.868174,35.877371],[-81.867354,35.877197],[-81.866497,35.877244],[-81.865648,35.876688],[-81.865104,35.876591],[-81.864745,35.877244],[-81.864569,35.877986],[-81.865415,35.878983],[-81.86606,35.879273],[-81.86601,35.88003],[-81.866445,35.880202],[-81.866548,35.88047],[-81.866281,35.880603],[-81.866164,35.881055],[-81.866344,35.88138],[-81.867203,35.881994],[-81.867324,35.88239],[-81.867019,35.882335],[-81.867039,35.882875],[-81.867543,35.883238],[-81.867481,35.883378],[-81.866987,35.883268],[-81.866715,35.882502],[-81.86651,35.882359],[-81.86659,35.881846],[-81.866449,35.881684],[-81.866344,35.881604],[-81.865995,35.881954],[-81.865822,35.881838],[-81.865847,35.881523],[-81.866134,35.881358],[-81.866025,35.881147],[-81.865267,35.881492],[-81.865106,35.881716],[-81.865213,35.882127],[-81.864853,35.882187],[-81.865007,35.881539],[-81.865985,35.880976],[-81.866039,35.88059],[-81.865927,35.880226],[-81.865359,35.880278],[-81.865327,35.880102],[-81.865777,35.879869],[-81.865772,35.879721],[-81.864779,35.878398],[-81.864661,35.878307],[-81.86455,35.878403],[-81.864224,35.878881],[-81.864019,35.878812],[-81.864058,35.878507],[-81.864503,35.878235],[-81.864116,35.878129],[-81.86402,35.877813],[-81.864417,35.877701],[-81.864915,35.876526],[-81.864352,35.876306],[-81.864037,35.875557],[-81.863812,35.875384],[-81.863363,35.875092],[-81.862733,35.874958],[-81.8637,35.874859],[-81.86444,35.875007],[-81.864957,35.874749],[-81.866755,35.874513]]]}},{"id":"89752","type":"Feature","properties":{"OBJECTID":3534,"max_category":0,"label":"cat 0","area_acres":9.611018051051671,"county":"Burke County","watershed":"Irish Creek"},"geometry":{"type":"Polygon","coordinates":[[[-81.86382,35.869827],[-81.863999,35.870048],[-81.862884,35.870866],[-81.863519,35.870933],[-81.863985,35.870348],[-81.864201,35.870561],[-81.865413,35.870314],[-81.865536,35.870447],[-81.865106,35.870702],[-81.864816,35.870677],[-81.863596,35.871068],[-81.864183,35.871412],[-81.864414,35.871407],[-81.864944,35.871043],[-81.865606,35.870997],[-81.865638,35.871152],[-81.865054,35.87126],[-81.86483,35.871452],[-81.865473,35.871355],[-81.865706,35.871542],[-81.866535,35.87158],[-81.86647,35.871764],[-81.866192,35.871783],[-81.866277,35.872016],[-81.86579,35.87204],[-81.864263,35.871581],[-81.865314,35.872428],[-81.865287,35.872559],[-81.865077,35.872576],[-81.864564,35.872275],[-81.864814,35.872582],[-81.864718,35.872751],[-81.864202,35.872418],[-81.86411,35.871899],[-81.863869,35.871748],[-81.864026,35.871515],[-81.863379,35.871098],[-81.863396,35.871583],[-81.863766,35.871792],[-81.863789,35.872185],[-81.863624,35.872295],[-81.863686,35.872638],[-81.86335,35.872705],[-81.86325,35.872403],[-81.863436,35.871943],[-81.863224,35.87163],[-81.863204,35.871124],[-81.862693,35.870928],[-81.862955,35.870146],[-81.863255,35.870143],[-81.86382,35.869827]]]}},{"id":"89762","type":"Feature","properties":{"OBJECTID":4082,"max_category":0,"label":"cat 0","area_acres":4.797841542834119,"county":"Burke County","watershed":"Upper Creek"},"geometry":{"type":"Polygon","coordinates":[[[-81.873877,35.898546],[-81.873721,35.899194],[-81.874286,35.899263],[-81.874771,35.899156],[-81.875007,35.898049],[-81.875187,35.898319],[-81.875463,35.898108],[-81.875619,35.898314],[-81.875004,35.89888],[-81.874821,35.899321],[-81.874333,35.899405],[-81.873356,35.899315],[-81.872506,35.899022],[-81.871772,35.899271],[-81.870509,35.898892],[-81.870713,35.898772],[-81.871849,35.899128],[-81.872019,35.898559],[-81.872212,35.898578],[-81.872214,35.898954],[-81.872326,35.898494],[-81.872551,35.898436],[-81.872668,35.898733],[-81.87289,35.898346],[-81.873246,35.898298],[-81.873356,35.898458],[-81.873017,35.899073],[-81.873438,35.899173],[-81.873616,35.898568],[-81.873877,35.898546]]]}},{"id":"89783","type":"Feature","properties":{"OBJECTID":252,"max_category":0,"label":"cat 0","area_acres":105.01032251726983,"county":"Burke County","watershed":"Irish Creek"},"geometry":{"type":"Polygon","coordinates":[[[-81.861556,35.882722],[-81.862458,35.882914],[-81.863044,35.882218],[-81.86324,35.882485],[-81.863544,35.882505],[-81.864164,35.882249],[-81.864116,35.88268],[-81.863638,35.883095],[-81.863962,35.883263],[-81.864572,35.882948],[-81.865086,35.883079],[-81.864981,35.883235],[-81.864445,35.883386],[-81.864288,35.883523],[-81.864448,35.883636],[-81.86604,35.88289],[-81.866398,35.882918],[-81.866595,35.883261],[-81.866054,35.883296],[-81.866348,35.883558],[-81.865892,35.883443],[-81.864955,35.883658],[-81.864762,35.883824],[-81.865132,35.884033],[-81.865959,35.883756],[-81.865942,35.883995],[-81.865511,35.884189],[-81.86588,35.88418],[-81.866396,35.883894],[-81.866785,35.883963],[-81.866777,35.884095],[-81.866281,35.884284],[-81.865254,35.884365],[-81.865394,35.884604],[-81.865836,35.884731],[-81.866978,35.884294],[-81.867405,35.884306],[-81.867414,35.884451],[-81.866956,35.884785],[-81.865797,35.885039],[-81.866001,35.885524],[-81.866954,35.885749],[-81.867304,35.885714],[-81.867635,35.885183],[-81.867701,35.885677],[-81.868178,35.885665],[-81.86839,35.885214],[-81.868617,35.885236],[-81.868648,35.885416],[-81.869384,35.884647],[-81.869537,35.884875],[-81.868901,35.885877],[-81.869487,35.885429],[-81.869776,35.88487],[-81.870026,35.884876],[-81.870091,35.885142],[-81.869193,35.88606],[-81.869399,35.886131],[-81.870558,35.886049],[-81.870416,35.88496],[-81.870739,35.88478],[-81.870905,35.885253],[-81.871243,35.885247],[-81.870918,35.885592],[-81.8709,35.886068],[-81.871635,35.885996],[-81.871836,35.885442],[-81.872065,35.885563],[-81.872244,35.885322],[-81.872397,35.885435],[-81.872344,35.885826],[-81.87307,35.885441],[-81.873703,35.885617],[-81.874149,35.885525],[-81.874591,35.885871],[-81.875954,35.886196],[-81.876422,35.88576],[-81.876672,35.885744],[-81.87673,35.885951],[-81.876487,35.886079],[-81.876703,35.886371],[-81.877301,35.886247],[-81.877364,35.885882],[-81.877629,35.885908],[-81.877966,35.885709],[-81.878117,35.885942],[-81.877742,35.886209],[-81.879267,35.886448],[-81.880057,35.886054],[-81.880256,35.885683],[-81.880383,35.885834],[-81.880543,35.885705],[-81.880931,35.885719],[-81.880761,35.88615],[-81.881079,35.885887],[-81.881667,35.885884],[-81.881634,35.886028],[-81.88091,35.886343],[-81.881292,35.8864],[-81.881978,35.886204],[-81.881692,35.886583],[-81.882712,35.886074],[-81.882359,35.88665],[-81.882692,35.886777],[-81.883921,35.886342],[-81.883981,35.886516],[-81.884297,35.88646],[-81.884398,35.88671],[-81.884077,35.88678],[-81.884191,35.886965],[-81.883837,35.887082],[-81.884358,35.887075],[-81.884466,35.887296],[-81.883117,35.887183],[-81.883705,35.887635],[-81.884521,35.887887],[-81.884559,35.888291],[-81.884772,35.888497],[-81.88467,35.888715],[-81.884138,35.888612],[-81.883067,35.887875],[-81.882702,35.88788],[-81.883545,35.888507],[-81.883204,35.888801],[-81.882332,35.888085],[-81.882127,35.887581],[-81.881835,35.88741],[-81.880987,35.887237],[-81.881861,35.887544],[-81.881847,35.887828],[-81.881399,35.887804],[-81.881259,35.888079],[-81.881046,35.887578],[-81.880717,35.887326],[-81.880375,35.887652],[-81.880191,35.887617],[-81.879889,35.886851],[-81.877845,35.88635],[-81.876148,35.886526],[-81.876003,35.886338],[-81.875236,35.886109],[-81.874413,35.886154],[-81.874279,35.885908],[-81.873961,35.885809],[-81.873605,35.885927],[-81.873082,35.885774],[-81.872214,35.885988],[-81.871751,35.886327],[-81.871511,35.886223],[-81.870254,35.886253],[-81.870634,35.886652],[-81.871383,35.886826],[-81.871924,35.886596],[-81.872954,35.886487],[-81.873345,35.886207],[-81.873751,35.886498],[-81.873517,35.886809],[-81.874547,35.887466],[-81.875901,35.887625],[-81.876364,35.887207],[-81.876687,35.887362],[-81.876989,35.887286],[-81.87698,35.887574],[-81.877241,35.887694],[-81.877038,35.887841],[-81.877154,35.888113],[-81.877026,35.888302],[-81.877289,35.888611],[-81.87858,35.888417],[-81.87905,35.888578],[-81.878881,35.888793],[-81.881196,35.88885],[-81.881808,35.889043],[-81.881435,35.88931],[-81.882816,35.889329],[-81.8827,35.889505],[-81.881517,35.889534],[-81.882519,35.889635],[-81.882186,35.890066],[-81.881122,35.88964],[-81.880982,35.889711],[-81.881968,35.890688],[-81.881755,35.891094],[-81.880474,35.88997],[-81.880207,35.890134],[-81.879891,35.889843],[-81.878502,35.889275],[-81.879055,35.889834],[-81.880822,35.890619],[-81.880429,35.89085],[-81.88004,35.890572],[-81.880073,35.890828],[-81.87985,35.890825],[-81.878599,35.889813],[-81.878584,35.889991],[-81.878357,35.890054],[-81.87819,35.889875],[-81.878269,35.889266],[-81.877631,35.888856],[-81.877417,35.88886],[-81.877554,35.889856],[-81.878137,35.889983],[-81.87916,35.890903],[-81.879864,35.890945],[-81.880286,35.891206],[-81.882098,35.891248],[-81.882712,35.89166],[-81.882713,35.89192],[-81.882427,35.892039],[-81.88256,35.892276],[-81.882255,35.892319],[-81.88223,35.892448],[-81.881604,35.892307],[-81.881193,35.892383],[-81.882134,35.892712],[-81.881792,35.89303],[-81.881408,35.892833],[-81.881432,35.893103],[-81.881123,35.893005],[-81.8807,35.892521],[-81.880521,35.892481],[-81.880629,35.892763],[-81.880488,35.892826],[-81.879362,35.892277],[-81.879939,35.892863],[-81.88138,35.893364],[-81.880613,35.89386],[-81.880484,35.893583],[-81.880042,35.893322],[-81.880335,35.893965],[-81.880146,35.894128],[-81.879751,35.893681],[-81.879621,35.893081],[-81.879189,35.892323],[-81.878978,35.892479],[-81.878742,35.892327],[-81.878688,35.891938],[-81.87852,35.892102],[-81.878323,35.892058],[-81.878298,35.891445],[-81.877846,35.891077],[-81.877762,35.891463],[-81.877495,35.891449],[-81.877649,35.89082],[-81.877371,35.890606],[-81.876858,35.890533],[-81.876503,35.88994],[-81.876164,35.889892],[-81.875405,35.889251],[-81.875363,35.88999],[-81.875717,35.890449],[-81.877207,35.891993],[-81.877761,35.892365],[-81.878454,35.892498],[-81.878927,35.892888],[-81.879694,35.894076],[-81.879487,35.894277],[-81.878951,35.893924],[-81.878563,35.892777],[-81.87768,35.892498],[-81.876683,35.891654],[-81.876412,35.89168],[-81.87603,35.891418],[-81.875825,35.890808],[-81.875225,35.89008],[-81.874921,35.889994],[-81.87491,35.88965],[-81.87526,35.889168],[-81.874997,35.888436],[-81.874772,35.888183],[-81.874428,35.888236],[-81.874272,35.887478],[-81.874021,35.887391],[-81.873855,35.887869],[-81.873615,35.887882],[-81.873807,35.887255],[-81.873095,35.886682],[-81.871954,35.886757],[-81.873315,35.887884],[-81.873366,35.888083],[-81.873187,35.888246],[-81.872806,35.888035],[-81.872346,35.887388],[-81.872145,35.88758],[-81.871947,35.887509],[-81.871874,35.887026],[-81.871702,35.886894],[-81.871838,35.887813],[-81.871752,35.887946],[-81.871439,35.887945],[-81.871197,35.886987],[-81.870827,35.886844],[-81.870704,35.887381],[-81.870547,35.887419],[-81.870395,35.887228],[-81.870444,35.886702],[-81.870232,35.886432],[-81.86949,35.886272],[-81.870259,35.887149],[-81.870294,35.887312],[-81.870105,35.887424],[-81.87019,35.88786],[-81.870547,35.888482],[-81.870898,35.888542],[-81.871154,35.888234],[-81.871336,35.888394],[-81.871918,35.888362],[-81.872031,35.888495],[-81.871835,35.888631],[-81.8731,35.889507],[-81.873893,35.889983],[-81.874343,35.89004],[-81.874432,35.890403],[-81.874309,35.890501],[-81.871785,35.888774],[-81.871272,35.888593],[-81.870588,35.888681],[-81.870826,35.889657],[-81.872027,35.890686],[-81.872573,35.890919],[-81.872875,35.890698],[-81.873313,35.890688],[-81.873316,35.890853],[-81.873016,35.89102],[-81.873338,35.891226],[-81.872888,35.891386],[-81.871933,35.890811],[-81.870721,35.889773],[-81.870657,35.89079],[-81.87054,35.890892],[-81.87026,35.890776],[-81.870135,35.890289],[-81.87046,35.889995],[-81.87061,35.889474],[-81.870204,35.889363],[-81.870409,35.888572],[-81.869906,35.887731],[-81.869645,35.887888],[-81.869473,35.887813],[-81.869755,35.887225],[-81.869669,35.886748],[-81.869314,35.886262],[-81.868403,35.885803],[-81.867806,35.885982],[-81.868225,35.886817],[-81.868067,35.886875],[-81.867746,35.886633],[-81.86779,35.886969],[-81.86765,35.887027],[-81.867268,35.88655],[-81.867142,35.885915],[-81.866432,35.885767],[-81.866409,35.886082],[-81.866102,35.885979],[-81.866073,35.886626],[-81.865657,35.886682],[-81.865572,35.886448],[-81.865758,35.885852],[-81.865297,35.886095],[-81.865347,35.885791],[-81.864788,35.88586],[-81.864669,35.885764],[-81.864985,35.885526],[-81.865579,35.885405],[-81.865583,35.884865],[-81.865449,35.884773],[-81.864782,35.885386],[-81.86452,35.885314],[-81.865131,35.884514],[-81.864846,35.884085],[-81.864658,35.883941],[-81.864154,35.884377],[-81.86406,35.884848],[-81.863872,35.88491],[-81.86382,35.884433],[-81.864462,35.883817],[-81.864105,35.88357],[-81.863626,35.884293],[-81.863385,35.884374],[-81.863368,35.884059],[-81.863943,35.883445],[-81.862734,35.88294],[-81.862913,35.883794],[-81.86274,35.883857],[-81.862571,35.88356],[-81.862424,35.883794],[-81.862225,35.883495],[-81.862276,35.883031],[-81.861837,35.88284],[-81.86185,35.883217],[-81.862275,35.883805],[-81.86208,35.883908],[-81.861771,35.883697],[-81.861614,35.883326],[-81.861556,35.882722]],[[-81.867587,35.886136],[-81.867563,35.886243],[-81.867631,35.886296],[-81.867587,35.886136]],[[-81.880442,35.886233],[-81.879309,35.88659],[-81.880042,35.886625],[-81.880263,35.886782],[-81.880726,35.88672],[-81.880746,35.887045],[-81.882018,35.8871],[-81.882666,35.887372],[-81.882721,35.887521],[-81.883122,35.88757],[-81.882221,35.886878],[-81.881744,35.886752],[-81.88153,35.886866],[-81.880962,35.886681],[-81.880442,35.886233]],[[-81.880205,35.886977],[-81.880411,35.887136],[-81.880612,35.887158],[-81.880471,35.887057],[-81.880205,35.886977]],[[-81.878587,35.890605],[-81.878458,35.890577],[-81.87859,35.890678],[-81.878587,35.890605]],[[-81.878014,35.890138],[-81.87779,35.890144],[-81.878085,35.890219],[-81.878014,35.890138]],[[-81.880422,35.889477],[-81.880146,35.889549],[-81.880797,35.889765],[-81.880422,35.889477]],[[-81.878403,35.888728],[-81.87774,35.888743],[-81.878318,35.889054],[-81.87907,35.889037],[-81.879151,35.889199],[-81.880587,35.889275],[-81.87986,35.888992],[-81.879324,35.889063],[-81.87879,35.888935],[-81.878403,35.888728]],[[-81.876946,35.88758],[-81.876206,35.887598],[-81.876081,35.887678],[-81.876577,35.887721],[-81.876946,35.88758]],[[-81.874918,35.887601],[-81.874569,35.887609],[-81.87461,35.887795],[-81.875162,35.888371],[-81.875361,35.888973],[-81.875893,35.889249],[-81.876396,35.889261],[-81.876311,35.889491],[-81.876819,35.890093],[-81.878525,35.89119],[-81.878681,35.891683],[-81.878998,35.892006],[-81.880167,35.8922],[-81.882186,35.891771],[-81.880856,35.891609],[-81.880252,35.891733],[-81.879752,35.891446],[-81.878982,35.891255],[-81.878282,35.890557],[-81.877463,35.890084],[-81.87724,35.888823],[-81.876897,35.888472],[-81.876769,35.887927],[-81.875532,35.887668],[-81.875282,35.887974],[-81.874918,35.887601]]]}},{"id":"89786","type":"Feature","properties":{"OBJECTID":3731,"max_category":0,"label":"cat 0","area_acres":1.2368316911457957,"county":"Burke County","watershed":"Irish Creek"},"geometry":{"type":"Polygon","coordinates":[[[-81.862061,35.861156],[-81.862495,35.861524],[-81.862357,35.861752],[-81.861049,35.861982],[-81.860219,35.861907],[-81.860283,35.861803],[-81.861002,35.86184],[-81.861908,35.861682],[-81.862061,35.861156]]]}},{"id":"89794","type":"Feature","properties":{"OBJECTID":3739,"max_category":0,"label":"cat 0","area_acres":0.5295701193484333,"county":"Burke County","watershed":"Irish Creek"},"geometry":{"type":"Polygon","coordinates":[[[-81.849726,35.860813],[-81.850355,35.861002],[-81.850385,35.861156],[-81.849657,35.86122],[-81.849726,35.860813]]]}},{"id":"89807","type":"Feature","properties":{"OBJECTID":4087,"max_category":0,"label":"cat 0","area_acres":8.669277243012289,"county":"Burke County","watershed":"Irish Creek"},"geometry":{"type":"Polygon","coordinates":[[[-81.862803,35.892979],[-81.862624,35.892808],[-81.86196,35.892687],[-81.86101,35.892875],[-81.861376,35.893218],[-81.863142,35.893133],[-81.863204,35.893259],[-81.862871,35.893353],[-81.862858,35.893488],[-81.862558,35.89336],[-81.861316,35.893358],[-81.860836,35.892844],[-81.861787,35.892576],[-81.862054,35.892105],[-81.862271,35.892315],[-81.862244,35.892578],[-81.862733,35.892581],[-81.863014,35.892424],[-81.863142,35.891979],[-81.863388,35.891773],[-81.863537,35.891818],[-81.863513,35.892125],[-81.866076,35.891541],[-81.866344,35.891927],[-81.865924,35.892017],[-81.866629,35.892277],[-81.866428,35.892416],[-81.865834,35.892316],[-81.86522,35.891979],[-81.865513,35.892322],[-81.865376,35.89244],[-81.864616,35.891993],[-81.865647,35.89291],[-81.865328,35.892896],[-81.864751,35.892454],[-81.864463,35.892446],[-81.864174,35.892113],[-81.863742,35.892365],[-81.864025,35.892451],[-81.86411,35.892677],[-81.863687,35.892615],[-81.864104,35.892832],[-81.864082,35.892983],[-81.863641,35.892963],[-81.863137,35.89255],[-81.863023,35.892673],[-81.863162,35.892926],[-81.862803,35.892979]]]}},{"id":"89859","type":"Feature","properties":{"OBJECTID":4007,"max_category":0,"label":"cat 0","area_acres":6.826417931565069,"county":"Burke County","watershed":"Upper Creek"},"geometry":{"type":"Polygon","coordinates":[[[-81.878362,35.896996],[-81.878358,35.897452],[-81.87781,35.897989],[-81.877553,35.898775],[-81.876939,35.899276],[-81.876573,35.89934],[-81.876914,35.898638],[-81.87682,35.896934],[-81.877079,35.896292],[-81.877243,35.896227],[-81.877373,35.896348],[-81.877399,35.896875],[-81.877091,35.897704],[-81.87709,35.898678],[-81.876838,35.899148],[-81.87739,35.898709],[-81.877635,35.898017],[-81.877533,35.897027],[-81.877779,35.896115],[-81.878136,35.896024],[-81.878169,35.896679],[-81.878451,35.896267],[-81.87838,35.895735],[-81.878885,35.895695],[-81.878831,35.896447],[-81.878362,35.896996]]]}},{"id":"89869","type":"Feature","properties":{"OBJECTID":3736,"max_category":0,"label":"cat 0","area_acres":0.5702907535976522,"county":"Burke County","watershed":"Irish Creek"},"geometry":{"type":"Polygon","coordinates":[[[-81.849678,35.861391],[-81.850192,35.861623],[-81.850191,35.861834],[-81.849932,35.86188],[-81.849519,35.861623],[-81.849678,35.861391]]]}},{"id":"89874","type":"Feature","properties":{"OBJECTID":3525,"max_category":0,"label":"cat 0","area_acres":1.0913258705967195,"county":"Burke County","watershed":"Irish Creek"},"geometry":{"type":"Polygon","coordinates":[[[-81.859795,35.868685],[-81.86038,35.868918],[-81.860686,35.868891],[-81.861348,35.869301],[-81.861146,35.869503],[-81.8609,35.869509],[-81.86038,35.869061],[-81.859704,35.868809],[-81.859795,35.868685]]]}},{"id":"89912","type":"Feature","properties":{"OBJECTID":3901,"max_category":0,"label":"cat 0","area_acres":4.7132309461154405,"county":"Burke County","watershed":"Irish Creek"},"geometry":{"type":"Polygon","coordinates":[[[-81.868078,35.863268],[-81.868167,35.863416],[-81.867892,35.86374],[-81.866765,35.863757],[-81.866818,35.863875],[-81.867525,35.863883],[-81.867422,35.864321],[-81.867076,35.864365],[-81.866286,35.864058],[-81.865735,35.864533],[-81.865901,35.864639],[-81.867006,35.864616],[-81.867002,35.864854],[-81.866215,35.864994],[-81.865361,35.864872],[-81.866777,35.863173],[-81.867098,35.863182],[-81.86702,35.863404],[-81.867459,35.863256],[-81.868078,35.863268]]]}},{"id":"89915","type":"Feature","properties":{"OBJECTID":3662,"max_category":0,"label":"cat 0","area_acres":1.0898528378333796,"county":"Burke County","watershed":"Irish Creek"},"geometry":{"type":"Polygon","coordinates":[[[-81.852097,35.861603],[-81.853305,35.861508],[-81.853631,35.861929],[-81.853563,35.862149],[-81.853329,35.8622],[-81.852998,35.861759],[-81.852247,35.861739],[-81.852097,35.861603]]]}},{"id":"89923","type":"Feature","properties":{"OBJECTID":3722,"max_category":0,"label":"cat 0","area_acres":0.5231583209680882,"county":"Burke County","watershed":"Irish Creek"},"geometry":{"type":"Polygon","coordinates":[[[-81.852426,35.856984],[-81.852517,35.857155],[-81.852299,35.85747],[-81.851837,35.857447],[-81.852004,35.857177],[-81.852426,35.856984]]]}},{"id":"89948","type":"Feature","properties":{"OBJECTID":3542,"max_category":0,"label":"cat 0","area_acres":3.201151812747406,"county":"Burke County","watershed":"Irish Creek"},"geometry":{"type":"Polygon","coordinates":[[[-81.861826,35.895516],[-81.86191,35.895644],[-81.86153,35.896034],[-81.861731,35.896395],[-81.86137,35.896341],[-81.860926,35.89694],[-81.860739,35.896755],[-81.860268,35.896985],[-81.860029,35.896765],[-81.861303,35.896078],[-81.861426,35.895833],[-81.860625,35.895852],[-81.860191,35.896216],[-81.859337,35.896246],[-81.859348,35.895963],[-81.860048,35.895915],[-81.860572,35.895711],[-81.86156,35.895687],[-81.861826,35.895516]]]}},{"id":"90004","type":"Feature","properties":{"OBJECTID":3718,"max_category":0,"label":"cat 0","area_acres":1.0817395916366817,"county":"Burke County","watershed":"Irish Creek"},"geometry":{"type":"Polygon","coordinates":[[[-81.856564,35.849879],[-81.85764,35.850704],[-81.858032,35.850605],[-81.858221,35.850948],[-81.857762,35.851021],[-81.856607,35.850185],[-81.856564,35.849879]]]}},{"id":"90018","type":"Feature","properties":{"OBJECTID":300,"max_category":0,"label":"cat 0","area_acres":11.547669652031589,"county":"Burke County","watershed":"Irish Creek"},"geometry":{"type":"Polygon","coordinates":[[[-81.876573,35.871423],[-81.876653,35.871701],[-81.876141,35.871945],[-81.876345,35.87204],[-81.876213,35.872277],[-81.875717,35.872108],[-81.875224,35.872175],[-81.875902,35.872429],[-81.875786,35.872711],[-81.87522,35.872713],[-81.874829,35.872238],[-81.874465,35.872439],[-81.873775,35.872456],[-81.873881,35.87278],[-81.873442,35.872574],[-81.873533,35.872794],[-81.87336,35.872849],[-81.872918,35.872613],[-81.872496,35.872926],[-81.872144,35.872715],[-81.87119,35.872761],[-81.869591,35.872191],[-81.86976,35.872107],[-81.870456,35.872309],[-81.870963,35.87186],[-81.870996,35.871421],[-81.871451,35.871079],[-81.871649,35.871199],[-81.871655,35.87145],[-81.871369,35.871702],[-81.871292,35.872023],[-81.870722,35.872402],[-81.871249,35.87262],[-81.871785,35.872635],[-81.871833,35.87156],[-81.872127,35.871351],[-81.872224,35.870977],[-81.872433,35.870992],[-81.872531,35.871217],[-81.873167,35.870901],[-81.873274,35.871169],[-81.872145,35.871684],[-81.872075,35.872574],[-81.873677,35.872207],[-81.873701,35.871814],[-81.873955,35.871542],[-81.874138,35.871726],[-81.873885,35.872174],[-81.874548,35.872021],[-81.874429,35.871444],[-81.874755,35.871249],[-81.874935,35.871332],[-81.87489,35.871941],[-81.875666,35.871393],[-81.875818,35.871531],[-81.875559,35.871805],[-81.876573,35.871423]]]}},{"id":"90030","type":"Feature","properties":{"OBJECTID":249,"max_category":0,"label":"cat 0","area_acres":0.03836192793033291,"county":"Burke County","watershed":"Irish Creek"},"geometry":{"type":"Polygon","coordinates":[[[-81.882911,35.891729],[-81.882882,35.891858],[-81.882828,35.89199],[-81.882787,35.891869],[-81.882911,35.891729]]]}},{"id":"90079","type":"Feature","properties":{"OBJECTID":3645,"max_category":0,"label":"cat 0","area_acres":0.6151867183377848,"county":"Burke County","watershed":"Irish Creek"},"geometry":{"type":"Polygon","coordinates":[[[-81.853689,35.864046],[-81.853847,35.864146],[-81.85367,35.864293],[-81.853955,35.864372],[-81.853835,35.864511],[-81.853532,35.864542],[-81.853072,35.864237],[-81.853689,35.864046]]]}},{"id":"90088","type":"Feature","properties":{"OBJECTID":4083,"max_category":0,"label":"cat 0","area_acres":1.0795375715204905,"county":"Burke County","watershed":"Upper Creek"},"geometry":{"type":"Polygon","coordinates":[[[-81.86916,35.897515],[-81.869941,35.898357],[-81.869913,35.898482],[-81.869412,35.898036],[-81.868936,35.898013],[-81.868576,35.897705],[-81.868826,35.897471],[-81.86916,35.897515]]]}},{"id":"90091","type":"Feature","properties":{"OBJECTID":4031,"max_category":0,"label":"cat 0","area_acres":0.6992586934451501,"county":"Burke County","watershed":"Upper Creek"},"geometry":{"type":"Polygon","coordinates":[[[-81.8683,35.898992],[-81.868554,35.899163],[-81.868769,35.899693],[-81.868172,35.89951],[-81.86812,35.899191],[-81.8683,35.898992]]]}},{"id":"90092","type":"Feature","properties":{"OBJECTID":262,"max_category":0,"label":"cat 0","area_acres":16.678448510877566,"county":"Burke County","watershed":"Irish Creek"},"geometry":{"type":"Polygon","coordinates":[[[-81.868109,35.879345],[-81.868477,35.880588],[-81.868805,35.880813],[-81.869402,35.880844],[-81.869455,35.880964],[-81.869189,35.881108],[-81.869325,35.881186],[-81.869837,35.880993],[-81.86998,35.88115],[-81.869754,35.881302],[-81.870014,35.881554],[-81.870563,35.881816],[-81.8713,35.881722],[-81.871464,35.882017],[-81.871498,35.882227],[-81.871251,35.88241],[-81.870739,35.881978],[-81.870976,35.882483],[-81.870737,35.882667],[-81.870443,35.88192],[-81.870037,35.881713],[-81.869939,35.882752],[-81.870655,35.883961],[-81.870546,35.884103],[-81.870171,35.884009],[-81.870081,35.883539],[-81.870039,35.883997],[-81.869785,35.884003],[-81.869695,35.882599],[-81.86942,35.884403],[-81.869243,35.884259],[-81.869302,35.883077],[-81.868935,35.884298],[-81.868576,35.884247],[-81.868665,35.883187],[-81.868787,35.882948],[-81.869816,35.882343],[-81.869787,35.881523],[-81.868692,35.880922],[-81.869129,35.881857],[-81.868969,35.882341],[-81.868747,35.882351],[-81.868546,35.881748],[-81.868324,35.882036],[-81.868551,35.883074],[-81.868359,35.88322],[-81.868164,35.88313],[-81.868066,35.882305],[-81.867808,35.883005],[-81.867589,35.883064],[-81.867437,35.882873],[-81.867526,35.882403],[-81.868499,35.881384],[-81.868514,35.880866],[-81.868272,35.8806],[-81.868144,35.88071],[-81.867951,35.880989],[-81.868028,35.881452],[-81.867519,35.882056],[-81.867126,35.881721],[-81.867467,35.881368],[-81.867042,35.881247],[-81.867822,35.880864],[-81.868163,35.880485],[-81.868064,35.879612],[-81.867308,35.879987],[-81.867101,35.880608],[-81.866819,35.880491],[-81.866868,35.880166],[-81.866566,35.880292],[-81.866394,35.880076],[-81.866537,35.879773],[-81.867165,35.879875],[-81.867844,35.879572],[-81.867756,35.879059],[-81.868109,35.879345]]]}},{"id":"90106","type":"Feature","properties":{"OBJECTID":3725,"max_category":0,"label":"cat 0","area_acres":1.6942469410222147,"county":"Burke County","watershed":"Irish Creek"},"geometry":{"type":"Polygon","coordinates":[[[-81.849928,35.853937],[-81.850912,35.854083],[-81.850866,35.854431],[-81.850485,35.854421],[-81.850197,35.854156],[-81.84955,35.854006],[-81.848877,35.853997],[-81.848136,35.854279],[-81.848705,35.853889],[-81.849325,35.853869],[-81.849504,35.853562],[-81.849928,35.853937]]]}},{"id":"90111","type":"Feature","properties":{"OBJECTID":3734,"max_category":0,"label":"cat 0","area_acres":2.2231317439106326,"county":"Burke County","watershed":"Irish Creek"},"geometry":{"type":"Polygon","coordinates":[[[-81.854916,35.85833],[-81.856582,35.858548],[-81.85661,35.858674],[-81.854999,35.858817],[-81.85496,35.858904],[-81.855498,35.859022],[-81.855498,35.859197],[-81.85427,35.85901],[-81.854632,35.858816],[-81.854916,35.85833]]]}},{"id":"90121","type":"Feature","properties":{"OBJECTID":3643,"max_category":0,"label":"cat 0","area_acres":0.6118642033115874,"county":"Burke County","watershed":"Irish Creek"},"geometry":{"type":"Polygon","coordinates":[[[-81.852561,35.860801],[-81.852785,35.861005],[-81.852341,35.861274],[-81.851848,35.861054],[-81.851937,35.860954],[-81.852115,35.861071],[-81.852561,35.860801]]]}},{"id":"90149","type":"Feature","properties":{"OBJECTID":3533,"max_category":0,"label":"cat 0","area_acres":1.3294992042640563,"county":"Burke County","watershed":"Irish Creek"},"geometry":{"type":"Polygon","coordinates":[[[-81.864011,35.866634],[-81.864944,35.867269],[-81.865011,35.867506],[-81.864804,35.867516],[-81.863814,35.866864],[-81.862889,35.866916],[-81.863013,35.866743],[-81.864011,35.866634]]]}},{"id":"90178","type":"Feature","properties":{"OBJECTID":4085,"max_category":0,"label":"cat 0","area_acres":2.302435355886703,"county":"Burke County","watershed":"Irish Creek"},"geometry":{"type":"Polygon","coordinates":[[[-81.870143,35.891912],[-81.870473,35.891977],[-81.870557,35.892176],[-81.871203,35.891806],[-81.871418,35.892059],[-81.870642,35.892423],[-81.870926,35.892561],[-81.870401,35.892914],[-81.870304,35.893453],[-81.870178,35.892535],[-81.869927,35.892104],[-81.870143,35.891912]]]}},{"id":"90190","type":"Feature","properties":{"OBJECTID":3737,"max_category":0,"label":"cat 0","area_acres":0.4298609430581281,"county":"Burke County","watershed":"Irish Creek"},"geometry":{"type":"Polygon","coordinates":[[[-81.850224,35.855799],[-81.850381,35.855908],[-81.850309,35.856128],[-81.849854,35.856268],[-81.849757,35.856117],[-81.850224,35.855799]]]}},{"id":"90242","type":"Feature","properties":{"OBJECTID":3530,"max_category":0,"label":"cat 0","area_acres":4.3637711342285215,"county":"Burke County","watershed":"Irish Creek"},"geometry":{"type":"Polygon","coordinates":[[[-81.868986,35.869815],[-81.869167,35.870114],[-81.869671,35.869937],[-81.869862,35.870146],[-81.868997,35.870506],[-81.86889,35.871332],[-81.869102,35.871565],[-81.868915,35.872016],[-81.869277,35.871912],[-81.869313,35.871571],[-81.869581,35.871346],[-81.869776,35.8714],[-81.87012,35.87079],[-81.870448,35.870753],[-81.8706,35.870985],[-81.870058,35.871616],[-81.869257,35.872136],[-81.868654,35.872192],[-81.868725,35.871599],[-81.868473,35.871126],[-81.868553,35.870894],[-81.868831,35.870768],[-81.868671,35.869954],[-81.868986,35.869815]]]}},{"id":"90250","type":"Feature","properties":{"OBJECTID":4019,"max_category":0,"label":"cat 0","area_acres":15.630611487206412,"county":"Burke County","watershed":"Irish Creek"},"geometry":{"type":"Polygon","coordinates":[[[-81.862681,35.889547],[-81.862789,35.889784],[-81.862075,35.890074],[-81.861773,35.890584],[-81.86297,35.89046],[-81.863089,35.890629],[-81.862636,35.890881],[-81.861902,35.89093],[-81.861625,35.891085],[-81.862252,35.891273],[-81.862948,35.891113],[-81.863011,35.891382],[-81.862644,35.891571],[-81.86191,35.891534],[-81.861068,35.891197],[-81.859948,35.891498],[-81.859981,35.891991],[-81.859106,35.892451],[-81.858995,35.8921],[-81.859744,35.891662],[-81.859769,35.891405],[-81.858411,35.891028],[-81.857998,35.891665],[-81.858237,35.892162],[-81.858034,35.892226],[-81.857671,35.892059],[-81.858112,35.892607],[-81.858839,35.892877],[-81.858766,35.893037],[-81.858378,35.89299],[-81.858728,35.893429],[-81.858396,35.893443],[-81.858475,35.893774],[-81.858198,35.894005],[-81.857935,35.893956],[-81.858027,35.892765],[-81.857581,35.893009],[-81.857468,35.892227],[-81.856732,35.892507],[-81.856493,35.892355],[-81.856599,35.892073],[-81.857276,35.892022],[-81.857757,35.891805],[-81.858235,35.890997],[-81.858125,35.890757],[-81.857868,35.890559],[-81.857142,35.891041],[-81.857028,35.890742],[-81.856526,35.890754],[-81.856406,35.891082],[-81.856059,35.891355],[-81.856152,35.891755],[-81.855996,35.891713],[-81.855834,35.891923],[-81.855477,35.891873],[-81.856432,35.890628],[-81.857209,35.890567],[-81.857703,35.890296],[-81.857733,35.88962],[-81.858037,35.890493],[-81.858657,35.890286],[-81.859056,35.890348],[-81.859024,35.890493],[-81.858298,35.890712],[-81.858422,35.890869],[-81.858825,35.890942],[-81.859348,35.890548],[-81.859444,35.890655],[-81.859271,35.890961],[-81.859462,35.891107],[-81.859981,35.890709],[-81.860152,35.89073],[-81.860268,35.891048],[-81.859941,35.891355],[-81.860757,35.891144],[-81.860779,35.8907],[-81.861066,35.890587],[-81.861195,35.890996],[-81.861575,35.890891],[-81.861937,35.889254],[-81.862226,35.889308],[-81.862192,35.889624],[-81.862681,35.889547]]]}},{"id":"90255","type":"Feature","properties":{"OBJECTID":4018,"max_category":0,"label":"cat 0","area_acres":11.086817705317745,"county":"Burke County","watershed":"Irish Creek"},"geometry":{"type":"Polygon","coordinates":[[[-81.862295,35.884469],[-81.862869,35.884368],[-81.862597,35.884728],[-81.863082,35.884576],[-81.863352,35.884659],[-81.863252,35.884812],[-81.862703,35.884947],[-81.862757,35.88505],[-81.863551,35.884922],[-81.863773,35.885066],[-81.863719,35.885222],[-81.862905,35.885363],[-81.863443,35.885776],[-81.863878,35.885744],[-81.863938,35.88593],[-81.864292,35.885846],[-81.864318,35.886159],[-81.863856,35.886367],[-81.863012,35.885642],[-81.862538,35.886194],[-81.862375,35.886167],[-81.862703,35.885561],[-81.862621,35.885155],[-81.862303,35.88475],[-81.861945,35.884608],[-81.861793,35.884995],[-81.861529,35.885064],[-81.861441,35.884248],[-81.861254,35.884131],[-81.861177,35.884849],[-81.86097,35.884846],[-81.860875,35.884479],[-81.860751,35.884621],[-81.860963,35.885372],[-81.86071,35.885394],[-81.860534,35.885147],[-81.860351,35.885327],[-81.860198,35.88526],[-81.860578,35.884676],[-81.860403,35.884325],[-81.860872,35.883943],[-81.860196,35.883258],[-81.859965,35.88238],[-81.860651,35.881981],[-81.860596,35.881247],[-81.861045,35.880944],[-81.861252,35.880971],[-81.861304,35.881306],[-81.8618,35.881116],[-81.861914,35.881344],[-81.860996,35.881552],[-81.860917,35.881686],[-81.86118,35.881787],[-81.860533,35.8823],[-81.861154,35.88234],[-81.861845,35.881752],[-81.862106,35.881871],[-81.861461,35.882499],[-81.860113,35.882365],[-81.860363,35.883197],[-81.861115,35.883935],[-81.861764,35.883929],[-81.861834,35.884248],[-81.862295,35.884469]]]}},{"id":"90277","type":"Feature","properties":{"OBJECTID":3724,"max_category":0,"label":"cat 0","area_acres":1.9092306953164255,"county":"Burke County","watershed":"Irish Creek"},"geometry":{"type":"Polygon","coordinates":[[[-81.853112,35.850592],[-81.853398,35.851424],[-81.853825,35.852046],[-81.855011,35.852664],[-81.856092,35.852618],[-81.856025,35.852927],[-81.854946,35.852803],[-81.853678,35.85213],[-81.853227,35.851476],[-81.853034,35.850862],[-81.853112,35.850592]]]}},{"id":"90308","type":"Feature","properties":{"OBJECTID":3732,"max_category":0,"label":"cat 0","area_acres":12.114133406084385,"county":"Burke County","watershed":"Irish Creek"},"geometry":{"type":"Polygon","coordinates":[[[-81.8616,35.85904],[-81.862219,35.859009],[-81.862523,35.858647],[-81.862944,35.858907],[-81.862736,35.85941],[-81.861689,35.859164],[-81.861546,35.859397],[-81.861926,35.859528],[-81.861943,35.85968],[-81.86117,35.859781],[-81.860696,35.860161],[-81.860588,35.860481],[-81.861592,35.859849],[-81.861833,35.859991],[-81.86156,35.860237],[-81.861977,35.860059],[-81.862308,35.860122],[-81.861979,35.860586],[-81.860364,35.860844],[-81.860109,35.861064],[-81.861193,35.861122],[-81.861199,35.86131],[-81.859039,35.861312],[-81.858369,35.860891],[-81.857746,35.860829],[-81.858465,35.860746],[-81.858611,35.860592],[-81.858355,35.859712],[-81.858653,35.859781],[-81.858882,35.859666],[-81.859055,35.859198],[-81.859202,35.859229],[-81.859231,35.859463],[-81.859976,35.8591],[-81.859703,35.858758],[-81.859796,35.858498],[-81.860162,35.858533],[-81.860214,35.858957],[-81.860416,35.858562],[-81.860767,35.85864],[-81.861018,35.85903],[-81.860694,35.859241],[-81.860087,35.859229],[-81.859934,35.859658],[-81.859478,35.859683],[-81.858904,35.860094],[-81.858778,35.860354],[-81.859443,35.860245],[-81.859355,35.860468],[-81.858952,35.860547],[-81.859124,35.860751],[-81.858582,35.860858],[-81.859093,35.861171],[-81.859795,35.861127],[-81.860202,35.860719],[-81.860156,35.860324],[-81.860352,35.860194],[-81.860427,35.859676],[-81.861189,35.859472],[-81.8616,35.85904]]]}},{"id":"90309","type":"Feature","properties":{"OBJECTID":3903,"max_category":0,"label":"cat 0","area_acres":31.05552871057827,"county":"Burke County","watershed":"Irish Creek"},"geometry":{"type":"Polygon","coordinates":[[[-81.862457,35.863652],[-81.86107,35.864642],[-81.859919,35.864702],[-81.85963,35.864491],[-81.859772,35.864205],[-81.859956,35.864558],[-81.860995,35.864506],[-81.862723,35.863271],[-81.863241,35.862627],[-81.863563,35.861871],[-81.86425,35.861107],[-81.863698,35.860738],[-81.863547,35.860356],[-81.863729,35.860302],[-81.864447,35.86077],[-81.864825,35.860638],[-81.864825,35.860389],[-81.865176,35.86008],[-81.865459,35.859496],[-81.864965,35.858764],[-81.864997,35.858541],[-81.86549,35.858767],[-81.865722,35.85927],[-81.865524,35.858457],[-81.865608,35.857814],[-81.865953,35.858067],[-81.866128,35.859167],[-81.86554,35.859664],[-81.864997,35.860549],[-81.866835,35.859244],[-81.866782,35.857766],[-81.866498,35.857353],[-81.866731,35.857265],[-81.866717,35.856785],[-81.866978,35.856463],[-81.867116,35.856514],[-81.867112,35.857355],[-81.867586,35.856852],[-81.867732,35.856894],[-81.867746,35.857173],[-81.867312,35.85822],[-81.867295,35.858906],[-81.866609,35.859647],[-81.867371,35.859122],[-81.867783,35.85837],[-81.86794,35.858037],[-81.867813,35.857327],[-81.867974,35.857006],[-81.868145,35.857104],[-81.868242,35.857796],[-81.868466,35.85764],[-81.868769,35.856248],[-81.869098,35.855996],[-81.869451,35.855965],[-81.869046,35.856668],[-81.869132,35.85681],[-81.869538,35.85646],[-81.869654,35.855768],[-81.869894,35.855713],[-81.870099,35.855922],[-81.869712,35.856405],[-81.869709,35.856658],[-81.86888,35.857632],[-81.868995,35.857667],[-81.869363,35.857686],[-81.869956,35.857462],[-81.870524,35.856657],[-81.870709,35.855821],[-81.871205,35.85561],[-81.871472,35.855618],[-81.87151,35.855802],[-81.870928,35.856442],[-81.871435,35.856153],[-81.871794,35.855711],[-81.872034,35.855755],[-81.872087,35.855989],[-81.870285,35.857514],[-81.87122,35.856965],[-81.871863,35.856775],[-81.872434,35.856159],[-81.872676,35.856223],[-81.872465,35.856691],[-81.871689,35.857243],[-81.870945,35.857484],[-81.871883,35.857325],[-81.872627,35.856924],[-81.873146,35.856252],[-81.873509,35.856329],[-81.873384,35.856803],[-81.872996,35.857079],[-81.873794,35.856895],[-81.873935,35.85712],[-81.872988,35.857414],[-81.873155,35.857787],[-81.872513,35.857468],[-81.871986,35.857641],[-81.872626,35.858081],[-81.87251,35.858276],[-81.87213,35.858108],[-81.87194,35.858226],[-81.871393,35.857809],[-81.870702,35.857769],[-81.869578,35.857907],[-81.869418,35.858048],[-81.868632,35.857874],[-81.868234,35.858076],[-81.867947,35.858434],[-81.86855,35.85848],[-81.868725,35.858699],[-81.86792,35.85877],[-81.867711,35.859007],[-81.867855,35.859279],[-81.867501,35.85933],[-81.867073,35.859692],[-81.866172,35.85991],[-81.864555,35.860965],[-81.863729,35.861932],[-81.863407,35.862688],[-81.862457,35.863652]]]}},{"id":"90363","type":"Feature","properties":{"OBJECTID":3728,"max_category":0,"label":"cat 0","area_acres":0.49838836185759317,"county":"Burke County","watershed":"Irish Creek"},"geometry":{"type":"Polygon","coordinates":[[[-81.85134,35.857779],[-81.851598,35.858069],[-81.851051,35.858334],[-81.850973,35.858213],[-81.85134,35.857779]]]}},{"id":"90364","type":"Feature","properties":{"OBJECTID":3668,"max_category":0,"label":"cat 0","area_acres":0.49139768445045906,"county":"Burke County","watershed":"Irish Creek"},"geometry":{"type":"Polygon","coordinates":[[[-81.851781,35.851145],[-81.852071,35.851261],[-81.852389,35.851137],[-81.852545,35.851364],[-81.852166,35.851521],[-81.851716,35.851262],[-81.851781,35.851145]]]}},{"id":"90381","type":"Feature","properties":{"OBJECTID":4009,"max_category":0,"label":"cat 0","area_acres":10.18614742031566,"county":"Burke County","watershed":"Upper Creek"},"geometry":{"type":"Polygon","coordinates":[[[-81.87462,35.900357],[-81.873668,35.900379],[-81.874556,35.900218],[-81.87502,35.899883],[-81.875589,35.899809],[-81.876158,35.899442],[-81.877566,35.899378],[-81.878473,35.898766],[-81.878641,35.89834],[-81.878982,35.898112],[-81.879139,35.898322],[-81.878845,35.898597],[-81.878869,35.89883],[-81.878037,35.899152],[-81.877809,35.8994],[-81.879218,35.899284],[-81.879958,35.898731],[-81.879995,35.896921],[-81.879459,35.896535],[-81.879192,35.896104],[-81.879547,35.895746],[-81.879168,35.895344],[-81.879283,35.895191],[-81.879632,35.895246],[-81.879922,35.895651],[-81.879775,35.896263],[-81.880168,35.896878],[-81.88023,35.898594],[-81.879676,35.899154],[-81.879949,35.899421],[-81.879928,35.899615],[-81.879673,35.899631],[-81.879325,35.899424],[-81.878899,35.899489],[-81.87947,35.900079],[-81.878963,35.90035],[-81.878885,35.899915],[-81.878417,35.899556],[-81.878151,35.899535],[-81.878302,35.900431],[-81.878034,35.900515],[-81.87786,35.899567],[-81.877509,35.899522],[-81.877313,35.899609],[-81.877615,35.900126],[-81.877634,35.900666],[-81.877469,35.900775],[-81.877158,35.899791],[-81.876968,35.899645],[-81.876228,35.89958],[-81.875836,35.899861],[-81.87639,35.900262],[-81.876387,35.900479],[-81.875562,35.900008],[-81.875095,35.900019],[-81.87462,35.900357]]]}},{"id":"90414","type":"Feature","properties":{"OBJECTID":3710,"max_category":0,"label":"cat 0","area_acres":2.9811580945091882,"county":"Burke County","watershed":"Irish Creek"},"geometry":{"type":"Polygon","coordinates":[[[-81.860448,35.857566],[-81.861402,35.857736],[-81.862535,35.857545],[-81.863318,35.857636],[-81.863687,35.85749],[-81.863981,35.857614],[-81.863664,35.857765],[-81.863874,35.857847],[-81.863844,35.857979],[-81.863128,35.858086],[-81.862773,35.85797],[-81.862644,35.858234],[-81.86235,35.857939],[-81.861818,35.857842],[-81.861973,35.858133],[-81.861783,35.858227],[-81.861503,35.857876],[-81.860592,35.85781],[-81.860337,35.857667],[-81.860448,35.857566]]]}},{"id":"90416","type":"Feature","properties":{"OBJECTID":3543,"max_category":0,"label":"cat 0","area_acres":0.967769083695198,"county":"Burke County","watershed":"Irish Creek"},"geometry":{"type":"Polygon","coordinates":[[[-81.860963,35.866376],[-81.861064,35.867719],[-81.8608,35.867814],[-81.86051,35.867493],[-81.860802,35.867164],[-81.86078,35.866493],[-81.860963,35.866376]]]}},{"id":"90452","type":"Feature","properties":{"OBJECTID":3661,"max_category":0,"label":"cat 0","area_acres":0.6395983917547202,"county":"Burke County","watershed":"Irish Creek"},"geometry":{"type":"Polygon","coordinates":[[[-81.853924,35.860192],[-81.854295,35.860599],[-81.853733,35.860998],[-81.853523,35.860836],[-81.853979,35.860482],[-81.853924,35.860192]]]}},{"id":"90459","type":"Feature","properties":{"OBJECTID":3721,"max_category":0,"label":"cat 0","area_acres":9.271016234064156,"county":"Burke County","watershed":"Irish Creek"},"geometry":{"type":"Polygon","coordinates":[[[-81.85535,35.856586],[-81.855567,35.856857],[-81.855371,35.857051],[-81.854939,35.857142],[-81.854934,35.857292],[-81.854525,35.857531],[-81.854434,35.857844],[-81.854862,35.857999],[-81.85536,35.857905],[-81.855591,35.85706],[-81.855927,35.856851],[-81.855982,35.857121],[-81.856355,35.857003],[-81.856469,35.857167],[-81.855897,35.857504],[-81.855746,35.857827],[-81.856688,35.857517],[-81.857156,35.857632],[-81.856959,35.857891],[-81.8564,35.858036],[-81.856833,35.858287],[-81.856742,35.858446],[-81.856218,35.858378],[-81.8556,35.858015],[-81.854825,35.858143],[-81.854417,35.857988],[-81.852412,35.857857],[-81.852952,35.857604],[-81.853292,35.857226],[-81.853386,35.856965],[-81.853157,35.856265],[-81.853332,35.856009],[-81.8535,35.856274],[-81.853743,35.856188],[-81.853809,35.856356],[-81.85411,35.856066],[-81.854534,35.856148],[-81.854616,35.856299],[-81.85376,35.856832],[-81.854215,35.856809],[-81.854047,35.857151],[-81.853585,35.857238],[-81.853069,35.857711],[-81.85421,35.85785],[-81.854478,35.857335],[-81.854398,35.856909],[-81.854607,35.856659],[-81.855069,35.856455],[-81.855233,35.856555],[-81.855067,35.856771],[-81.85535,35.856586]]]}},{"id":"90463","type":"Feature","properties":{"OBJECTID":110,"max_category":0,"label":"cat 0","area_acres":126.70061143972134,"county":"Burke County","watershed":"Irish Creek"},"geometry":{"type":"MultiPolygon","coordinates":[[[[-81.886059,35.872298],[-81.886251,35.872466],[-81.885949,35.872741],[-81.886243,35.872789],[-81.886833,35.871828],[-81.887573,35.87186],[-81.887917,35.87207],[-81.887915,35.872291],[-81.88681,35.872478],[-81.88667,35.872766],[-81.887153,35.872524],[-81.887714,35.872455],[-81.88779,35.872596],[-81.887264,35.872901],[-81.887701,35.872897],[-81.887783,35.873052],[-81.887266,35.873155],[-81.886711,35.87303],[-81.88651,35.87342],[-81.885518,35.873224],[-81.885798,35.873353],[-81.885745,35.873481],[-81.884753,35.873489],[-81.884544,35.873754],[-81.884165,35.87386],[-81.885269,35.873884],[-81.885744,35.873572],[-81.885979,35.8736],[-81.88589,35.873774],[-81.886525,35.873525],[-81.887014,35.873567],[-81.88764,35.873203],[-81.887948,35.873193],[-81.888028,35.87358],[-81.887492,35.873617],[-81.887644,35.873734],[-81.887253,35.873964],[-81.887238,35.874148],[-81.88691,35.87418],[-81.887957,35.874421],[-81.887735,35.874652],[-81.887889,35.874786],[-81.887815,35.874976],[-81.886884,35.874648],[-81.886391,35.874821],[-81.885213,35.874193],[-81.884383,35.87421],[-81.88392,35.873921],[-81.883763,35.873925],[-81.884537,35.874536],[-81.884227,35.874628],[-81.884174,35.874821],[-81.883916,35.874745],[-81.883653,35.87433],[-81.883402,35.874477],[-81.882981,35.874108],[-81.882367,35.874188],[-81.882617,35.874622],[-81.882381,35.874726],[-81.881678,35.874056],[-81.880898,35.874017],[-81.880234,35.873788],[-81.879633,35.87383],[-81.87879,35.874246],[-81.879951,35.874147],[-81.880105,35.874335],[-81.880596,35.874242],[-81.880717,35.874387],[-81.880937,35.874351],[-81.881014,35.87459],[-81.880713,35.874656],[-81.880869,35.874854],[-81.881439,35.875238],[-81.882296,35.87523],[-81.882432,35.875627],[-81.882731,35.87562],[-81.88378,35.874945],[-81.883949,35.875051],[-81.884154,35.8749],[-81.884339,35.874958],[-81.884375,35.875197],[-81.885173,35.874903],[-81.885266,35.875149],[-81.886181,35.874934],[-81.886983,35.874995],[-81.885963,35.875269],[-81.887662,35.875158],[-81.887806,35.875287],[-81.887737,35.875498],[-81.886858,35.875583],[-81.88715,35.875871],[-81.887008,35.876019],[-81.88661,35.875827],[-81.88649,35.875997],[-81.885869,35.875551],[-81.885495,35.875478],[-81.885022,35.875571],[-81.884378,35.875394],[-81.883593,35.875424],[-81.885009,35.875713],[-81.885587,35.876048],[-81.885496,35.87622],[-81.88347,35.875526],[-81.883027,35.87563],[-81.883931,35.876004],[-81.884552,35.876001],[-81.884554,35.876205],[-81.883979,35.876278],[-81.884148,35.876411],[-81.884992,35.876316],[-81.885016,35.876461],[-81.884597,35.876623],[-81.884983,35.876668],[-81.885365,35.876547],[-81.885576,35.876269],[-81.885737,35.876456],[-81.886091,35.876504],[-81.886914,35.876073],[-81.887177,35.876257],[-81.887492,35.8761],[-81.887613,35.875684],[-81.887995,35.875706],[-81.888288,35.875984],[-81.888287,35.876215],[-81.886858,35.87671],[-81.887387,35.876858],[-81.887754,35.876574],[-81.888111,35.876757],[-81.888411,35.8767],[-81.888648,35.877132],[-81.888578,35.877292],[-81.88805,35.877066],[-81.8872,35.877141],[-81.886644,35.87692],[-81.88707,35.877412],[-81.88687,35.877505],[-81.886365,35.877161],[-81.885421,35.876936],[-81.886585,35.877508],[-81.886562,35.878005],[-81.885892,35.877572],[-81.885413,35.877444],[-81.884597,35.876818],[-81.884102,35.876785],[-81.883644,35.876139],[-81.883212,35.875862],[-81.882373,35.875768],[-81.881949,35.875479],[-81.881364,35.875374],[-81.880331,35.87453],[-81.878538,35.874406],[-81.879546,35.875095],[-81.879591,35.875248],[-81.879435,35.875302],[-81.879727,35.87598],[-81.880126,35.876286],[-81.880724,35.87608],[-81.881742,35.876226],[-81.883362,35.877062],[-81.885621,35.877705],[-81.885555,35.877999],[-81.886404,35.878196],[-81.886376,35.878373],[-81.885839,35.878568],[-81.882104,35.87663],[-81.883187,35.877249],[-81.883863,35.877875],[-81.885317,35.87842],[-81.885163,35.878564],[-81.884337,35.87839],[-81.884562,35.878545],[-81.886253,35.878722],[-81.885969,35.878957],[-81.886181,35.87905],[-81.886111,35.879256],[-81.885414,35.878888],[-81.884911,35.87884],[-81.886111,35.879361],[-81.885969,35.879862],[-81.884818,35.879151],[-81.884556,35.879217],[-81.883968,35.878411],[-81.883968,35.878749],[-81.883729,35.878769],[-81.883577,35.878064],[-81.882844,35.877314],[-81.88267,35.877465],[-81.882518,35.877197],[-81.882151,35.87713],[-81.882118,35.876917],[-81.881632,35.876502],[-81.880967,35.876327],[-81.880313,35.87644],[-81.880887,35.876818],[-81.88161,35.876951],[-81.881545,35.877165],[-81.880843,35.876989],[-81.881046,35.877474],[-81.881777,35.87735],[-81.881811,35.877648],[-81.882202,35.877449],[-81.882467,35.877475],[-81.882547,35.877651],[-81.882272,35.87783],[-81.88273,35.877941],[-81.883461,35.878413],[-81.883414,35.8786],[-81.882947,35.878612],[-81.882071,35.87795],[-81.881755,35.877957],[-81.881771,35.878351],[-81.882106,35.878768],[-81.882621,35.87882],[-81.883131,35.879129],[-81.88351,35.878929],[-81.883911,35.878982],[-81.88384,35.879194],[-81.884175,35.879109],[-81.884223,35.879323],[-81.8854,35.879642],[-81.885434,35.879779],[-81.885155,35.879801],[-81.885644,35.879856],[-81.885874,35.880273],[-81.886161,35.880281],[-81.886379,35.880016],[-81.88633,35.879819],[-81.886506,35.87981],[-81.886282,35.880348],[-81.886191,35.880311],[-81.886224,35.880541],[-81.886036,35.880631],[-81.885296,35.880239],[-81.884515,35.880118],[-81.885089,35.880511],[-81.885606,35.880548],[-81.885501,35.880787],[-81.885847,35.880918],[-81.885735,35.881183],[-81.885028,35.880701],[-81.884952,35.880767],[-81.885538,35.881114],[-81.885444,35.881268],[-81.884779,35.880964],[-81.883904,35.880871],[-81.88435,35.881134],[-81.885199,35.881251],[-81.885363,35.881538],[-81.885183,35.881806],[-81.884804,35.881597],[-81.8846,35.881703],[-81.884245,35.881462],[-81.88406,35.881553],[-81.883744,35.881369],[-81.883592,35.88101],[-81.883591,35.881186],[-81.883403,35.881264],[-81.883212,35.881067],[-81.883228,35.880573],[-81.882762,35.880242],[-81.882313,35.880216],[-81.881697,35.879773],[-81.88169,35.880145],[-81.881458,35.880271],[-81.881296,35.879811],[-81.881115,35.879994],[-81.880977,35.879947],[-81.880952,35.879254],[-81.880711,35.879229],[-81.88044,35.878914],[-81.880489,35.879418],[-81.88022,35.87964],[-81.880014,35.879471],[-81.880163,35.878927],[-81.879566,35.878671],[-81.879203,35.879027],[-81.879204,35.878528],[-81.878635,35.878168],[-81.877877,35.878075],[-81.878123,35.878347],[-81.877962,35.878558],[-81.878008,35.878907],[-81.878428,35.879334],[-81.878375,35.87949],[-81.878047,35.879453],[-81.877849,35.879288],[-81.87794,35.879077],[-81.877496,35.877992],[-81.877226,35.878222],[-81.877075,35.87817],[-81.87659,35.877213],[-81.875829,35.876514],[-81.875761,35.875721],[-81.875448,35.875507],[-81.875154,35.87585],[-81.874899,35.875779],[-81.875127,35.874994],[-81.874806,35.874507],[-81.8743,35.874383],[-81.874067,35.874126],[-81.873103,35.873857],[-81.87348,35.874261],[-81.873466,35.874644],[-81.874003,35.875526],[-81.873756,35.876084],[-81.873609,35.875971],[-81.873624,35.875469],[-81.873161,35.87475],[-81.873313,35.874322],[-81.872997,35.873972],[-81.872359,35.873589],[-81.871082,35.873427],[-81.871857,35.873781],[-81.87282,35.874689],[-81.872728,35.874871],[-81.872491,35.874759],[-81.872292,35.875798],[-81.873139,35.876083],[-81.87311,35.876454],[-81.873453,35.877125],[-81.873129,35.877446],[-81.872982,35.877355],[-81.873022,35.876582],[-81.872121,35.875851],[-81.872144,35.874678],[-81.872077,35.8746],[-81.871733,35.874896],[-81.871473,35.874711],[-81.872025,35.874183],[-81.871763,35.873906],[-81.870532,35.873415],[-81.870072,35.874147],[-81.870617,35.874544],[-81.870642,35.875029],[-81.870359,35.875045],[-81.870157,35.874649],[-81.870245,35.875226],[-81.870082,35.875319],[-81.869757,35.87494],[-81.869875,35.874565],[-81.869762,35.874147],[-81.870356,35.873279],[-81.869787,35.873293],[-81.869543,35.873765],[-81.869316,35.873653],[-81.869262,35.873415],[-81.868731,35.873467],[-81.869023,35.87409],[-81.869406,35.874407],[-81.869342,35.874593],[-81.869069,35.874463],[-81.869329,35.87511],[-81.868986,35.875207],[-81.868714,35.875047],[-81.868805,35.874742],[-81.868557,35.873514],[-81.868147,35.873603],[-81.868235,35.873789],[-81.868092,35.873964],[-81.867446,35.873611],[-81.869746,35.873151],[-81.870838,35.873153],[-81.871275,35.873334],[-81.872422,35.873445],[-81.872551,35.873164],[-81.872821,35.873051],[-81.872938,35.873225],[-81.872638,35.87358],[-81.873006,35.873733],[-81.873528,35.873],[-81.873934,35.872897],[-81.873876,35.873274],[-81.873288,35.873727],[-81.874126,35.873899],[-81.874824,35.873444],[-81.8746,35.873897],[-81.874203,35.874034],[-81.87438,35.874251],[-81.87496,35.87443],[-81.875463,35.87527],[-81.876105,35.875204],[-81.87588,35.875616],[-81.876481,35.875839],[-81.876372,35.876071],[-81.875948,35.876061],[-81.876181,35.876462],[-81.876954,35.876499],[-81.877883,35.87612],[-81.878036,35.876156],[-81.878016,35.876338],[-81.8784,35.876245],[-81.878515,35.876337],[-81.878535,35.876878],[-81.878162,35.876694],[-81.877901,35.876882],[-81.877764,35.876485],[-81.877001,35.87664],[-81.876135,35.876605],[-81.876752,35.877144],[-81.87688,35.877587],[-81.877646,35.877854],[-81.878867,35.8777],[-81.878851,35.877967],[-81.879202,35.877954],[-81.879427,35.878474],[-81.880653,35.878775],[-81.881208,35.878694],[-81.881277,35.878855],[-81.881102,35.878987],[-81.881427,35.87913],[-81.881237,35.87949],[-81.882548,35.879967],[-81.883013,35.879846],[-81.882846,35.879346],[-81.882315,35.879071],[-81.881802,35.879128],[-81.881602,35.878529],[-81.881282,35.878624],[-81.88155,35.878041],[-81.881353,35.877692],[-81.881141,35.877737],[-81.881,35.878284],[-81.880662,35.878281],[-81.880798,35.877772],[-81.880462,35.876873],[-81.879602,35.876104],[-81.879294,35.87539],[-81.879028,35.875312],[-81.879079,35.875038],[-81.878868,35.874796],[-81.878471,35.874544],[-81.876724,35.874448],[-81.878225,35.875067],[-81.878205,35.875228],[-81.877743,35.875301],[-81.878351,35.875673],[-81.878228,35.875867],[-81.877492,35.87558],[-81.877456,35.874979],[-81.876806,35.874706],[-81.876525,35.874425],[-81.875814,35.87444],[-81.875546,35.87424],[-81.875981,35.874076],[-81.876497,35.874091],[-81.876906,35.873738],[-81.876905,35.873461],[-81.877365,35.872862],[-81.879055,35.871237],[-81.879566,35.871219],[-81.879488,35.871464],[-81.88012,35.871532],[-81.88084,35.871296],[-81.882368,35.871121],[-81.883504,35.870244],[-81.883781,35.870361],[-81.883734,35.870484],[-81.884074,35.870481],[-81.884256,35.870658],[-81.88344,35.870772],[-81.883011,35.871057],[-81.88365,35.871091],[-81.884287,35.870889],[-81.884397,35.871078],[-81.884034,35.871192],[-81.884368,35.871318],[-81.884317,35.871456],[-81.88346,35.871541],[-81.882193,35.87135],[-81.881681,35.871528],[-81.880764,35.871467],[-81.880173,35.871673],[-81.87905,35.871672],[-81.878706,35.871884],[-81.878765,35.872314],[-81.878571,35.872367],[-81.878326,35.872212],[-81.878014,35.872452],[-81.877333,35.873238],[-81.877434,35.87363],[-81.876725,35.874102],[-81.878209,35.873803],[-81.878671,35.873517],[-81.879448,35.872182],[-81.879677,35.87223],[-81.879767,35.872487],[-81.879244,35.872835],[-81.879026,35.873399],[-81.879408,35.873335],[-81.879579,35.873074],[-81.879985,35.872883],[-81.88028,35.872961],[-81.880243,35.873162],[-81.878948,35.873544],[-81.877972,35.874032],[-81.877024,35.874276],[-81.876231,35.874213],[-81.875908,35.874297],[-81.878298,35.874406],[-81.879292,35.873888],[-81.879631,35.873525],[-81.880281,35.873602],[-81.880514,35.873503],[-81.880974,35.87371],[-81.88125,35.873276],[-81.881525,35.873377],[-81.881883,35.873181],[-81.882078,35.872957],[-81.882231,35.872177],[-81.882716,35.871829],[-81.883059,35.871795],[-81.883125,35.871908],[-81.882434,35.872348],[-81.882249,35.872837],[-81.882623,35.872522],[-81.882893,35.872593],[-81.88313,35.872233],[-81.883321,35.872592],[-81.883692,35.872045],[-81.883903,35.872063],[-81.884189,35.871673],[-81.884449,35.871732],[-81.88469,35.871481],[-81.884858,35.87151],[-81.884878,35.871738],[-81.884704,35.871919],[-81.885024,35.872106],[-81.883613,35.87299],[-81.882437,35.872912],[-81.881686,35.873447],[-81.881803,35.873574],[-81.881667,35.873715],[-81.880952,35.873876],[-81.882098,35.873959],[-81.883006,35.873827],[-81.883224,35.873603],[-81.883428,35.873763],[-81.883668,35.873592],[-81.884215,35.873689],[-81.884843,35.872837],[-81.885103,35.87216],[-81.885619,35.871897],[-81.885736,35.871595],[-81.88612,35.871677],[-81.886266,35.871884],[-81.885969,35.872044],[-81.885449,35.872766],[-81.886059,35.872298]]],[[[-81.883543,35.879454],[-81.883862,35.879743],[-81.884939,35.879965],[-81.884599,35.879704],[-81.8841,35.879685],[-81.883543,35.879454]]],[[[-81.883305,35.879723],[-81.883094,35.879877],[-81.883521,35.880393],[-81.884564,35.880665],[-81.883305,35.879723]]],[[[-81.882032,35.877786],[-81.881682,35.877794],[-81.882069,35.877807],[-81.882032,35.877786]]],[[[-81.887324,35.873676],[-81.887091,35.873709],[-81.886621,35.873852],[-81.887056,35.873814],[-81.887324,35.873676]]],[[[-81.888168,35.877817],[-81.888351,35.877772],[-81.888167,35.877897],[-81.888168,35.877817]]],[[[-81.886185,35.880708],[-81.886117,35.880958],[-81.886115,35.880958],[-81.88604,35.880798],[-81.886185,35.880708]]]]}},{"id":"90475","type":"Feature","properties":{"OBJECTID":3723,"max_category":0,"label":"cat 0","area_acres":1.434319503643909,"county":"Burke County","watershed":"Irish Creek"},"geometry":{"type":"Polygon","coordinates":[[[-81.853719,35.850578],[-81.854353,35.85125],[-81.855023,35.85131],[-81.855482,35.851895],[-81.855211,35.851996],[-81.854259,35.851374],[-81.853645,35.85071],[-81.853719,35.850578]]]}},{"id":"90494","type":"Feature","properties":{"OBJECTID":4016,"max_category":0,"label":"cat 0","area_acres":4.668295129947297,"county":"Burke County","watershed":"Irish Creek"},"geometry":{"type":"Polygon","coordinates":[[[-81.86413,35.897605],[-81.865025,35.897997],[-81.865674,35.897955],[-81.86594,35.898085],[-81.866781,35.898071],[-81.86731,35.897892],[-81.867367,35.898072],[-81.867157,35.898172],[-81.867555,35.898257],[-81.867588,35.898471],[-81.86746,35.898631],[-81.867172,35.898552],[-81.867228,35.898809],[-81.86703,35.898916],[-81.866473,35.898342],[-81.866833,35.898978],[-81.866661,35.899143],[-81.86632,35.89878],[-81.866229,35.898316],[-81.865485,35.898101],[-81.866329,35.899118],[-81.866234,35.899363],[-81.86592,35.899352],[-81.865547,35.898514],[-81.865457,35.898789],[-81.865273,35.898804],[-81.865243,35.898134],[-81.863783,35.89774],[-81.86413,35.897605]]]}},{"id":"90533","type":"Feature","properties":{"OBJECTID":3526,"max_category":0,"label":"cat 0","area_acres":1.3518364788574866,"county":"Burke County","watershed":"Irish Creek"},"geometry":{"type":"Polygon","coordinates":[[[-81.861335,35.866395],[-81.861862,35.86649],[-81.86189,35.867193],[-81.862111,35.867712],[-81.86192,35.867978],[-81.861474,35.867938],[-81.861719,35.867335],[-81.861693,35.866584],[-81.861219,35.866526],[-81.861335,35.866395]]]}},{"id":"90547","type":"Feature","properties":{"OBJECTID":3720,"max_category":0,"label":"cat 0","area_acres":3.1856686228956885,"county":"Burke County","watershed":"Irish Creek"},"geometry":{"type":"Polygon","coordinates":[[[-81.851788,35.856043],[-81.850124,35.856354],[-81.850621,35.856134],[-81.850502,35.855644],[-81.850653,35.855514],[-81.851079,35.855612],[-81.850785,35.856198],[-81.851611,35.855959],[-81.851561,35.855493],[-81.852231,35.855285],[-81.852462,35.855521],[-81.85219,35.855781],[-81.85297,35.855802],[-81.852916,35.856078],[-81.852735,35.856158],[-81.852186,35.856225],[-81.851788,35.856043]]]}},{"id":"90549","type":"Feature","properties":{"OBJECTID":3965,"max_category":0,"label":"cat 0","area_acres":2.292297521156218,"county":"Burke County","watershed":"Irish Creek"},"geometry":{"type":"Polygon","coordinates":[[[-81.861105,35.89993],[-81.861383,35.900207],[-81.86055,35.900493],[-81.861263,35.900638],[-81.861189,35.901032],[-81.86066,35.900798],[-81.860533,35.90096],[-81.860248,35.900961],[-81.859539,35.900158],[-81.859719,35.900076],[-81.860076,35.900366],[-81.860442,35.900358],[-81.861105,35.89993]]]}},{"id":"90577","type":"Feature","properties":{"OBJECTID":3742,"max_category":0,"label":"cat 0","area_acres":0.5570231462529925,"county":"Burke County","watershed":"Irish Creek"},"geometry":{"type":"Polygon","coordinates":[[[-81.850651,35.856851],[-81.850732,35.857279],[-81.850415,35.857559],[-81.850347,35.856953],[-81.850651,35.856851]]]}},{"id":"90581","type":"Feature","properties":{"OBJECTID":4013,"max_category":0,"label":"cat 0","area_acres":4.195438087828343,"county":"Burke County","watershed":"Irish Creek"},"geometry":{"type":"Polygon","coordinates":[[[-81.86521,35.887109],[-81.865985,35.887943],[-81.866304,35.887798],[-81.86659,35.887874],[-81.866549,35.888113],[-81.866163,35.88816],[-81.8663,35.888265],[-81.867512,35.888378],[-81.867825,35.888528],[-81.867834,35.888674],[-81.866988,35.888639],[-81.867112,35.888922],[-81.86682,35.889027],[-81.866261,35.888563],[-81.866171,35.889141],[-81.86598,35.889365],[-81.865777,35.889367],[-81.865723,35.887938],[-81.865282,35.887568],[-81.86521,35.887109]],[[-81.86591,35.888371],[-81.865875,35.888156],[-81.865884,35.888401],[-81.86591,35.888371]]]}},{"id":"90582","type":"Feature","properties":{"OBJECTID":3663,"max_category":0,"label":"cat 0","area_acres":0.4818480780619436,"county":"Burke County","watershed":"Irish Creek"},"geometry":{"type":"Polygon","coordinates":[[[-81.850195,35.852117],[-81.85042,35.852225],[-81.850095,35.852618],[-81.849816,35.852431],[-81.850195,35.852117]]]}},{"id":"90595","type":"Feature","properties":{"OBJECTID":3966,"max_category":0,"label":"cat 0","area_acres":1.6964378246989549,"county":"Burke County","watershed":"Irish Creek"},"geometry":{"type":"Polygon","coordinates":[[[-81.862921,35.898264],[-81.863147,35.898987],[-81.862813,35.899373],[-81.86241,35.899206],[-81.862771,35.898916],[-81.862724,35.89855],[-81.862283,35.898886],[-81.862058,35.898802],[-81.862074,35.89864],[-81.862613,35.89826],[-81.862585,35.897862],[-81.862921,35.898264]]]}},{"id":"90617","type":"Feature","properties":{"OBJECTID":3541,"max_category":0,"label":"cat 0","area_acres":3.96932160043524,"county":"Burke County","watershed":"Irish Creek"},"geometry":{"type":"Polygon","coordinates":[[[-81.863608,35.880028],[-81.863744,35.880437],[-81.86449,35.88045],[-81.864757,35.880623],[-81.864669,35.880749],[-81.864248,35.880761],[-81.864283,35.880919],[-81.864908,35.880958],[-81.864846,35.881202],[-81.864479,35.881195],[-81.864757,35.881433],[-81.864614,35.881736],[-81.864442,35.881718],[-81.863668,35.880776],[-81.863874,35.881672],[-81.863623,35.881647],[-81.863524,35.881093],[-81.863339,35.881004],[-81.863276,35.881729],[-81.862978,35.881708],[-81.862925,35.88122],[-81.863509,35.880677],[-81.863608,35.880028]]]}},{"id":"90645","type":"Feature","properties":{"OBJECTID":185,"max_category":0,"label":"cat 0","area_acres":60.505759679006424,"county":"Burke County","watershed":"Irish Creek"},"geometry":{"type":"Polygon","coordinates":[[[-81.884008,35.881829],[-81.884548,35.88182],[-81.884687,35.88206],[-81.885671,35.882072],[-81.885703,35.882436],[-81.884542,35.882451],[-81.88366,35.882106],[-81.88369,35.882301],[-81.883486,35.882365],[-81.883188,35.881982],[-81.882792,35.881886],[-81.882782,35.882286],[-81.882646,35.882331],[-81.882412,35.88213],[-81.882324,35.88175],[-81.881722,35.881421],[-81.881187,35.881434],[-81.880942,35.881576],[-81.879581,35.881032],[-81.878714,35.881131],[-81.876749,35.880219],[-81.875978,35.880265],[-81.87614,35.880492],[-81.875988,35.880594],[-81.875465,35.880195],[-81.87466,35.880241],[-81.875087,35.880595],[-81.875021,35.880782],[-81.874695,35.88075],[-81.874222,35.880389],[-81.874032,35.88042],[-81.874326,35.880823],[-81.874191,35.881021],[-81.873688,35.880539],[-81.872254,35.880435],[-81.872128,35.880811],[-81.872534,35.881114],[-81.872978,35.881801],[-81.873703,35.881935],[-81.874026,35.881605],[-81.87456,35.881547],[-81.874572,35.881761],[-81.873884,35.88215],[-81.874193,35.882361],[-81.874639,35.882252],[-81.874944,35.882432],[-81.874917,35.882593],[-81.876682,35.882139],[-81.877166,35.881725],[-81.877986,35.881531],[-81.878138,35.88164],[-81.878078,35.881822],[-81.877321,35.88191],[-81.877012,35.882148],[-81.87793,35.882168],[-81.878133,35.882436],[-81.878594,35.882561],[-81.879445,35.882212],[-81.879612,35.882319],[-81.880245,35.882257],[-81.880194,35.882525],[-81.880765,35.882293],[-81.880823,35.882423],[-81.880554,35.882631],[-81.881208,35.882594],[-81.881271,35.882747],[-81.88094,35.882923],[-81.881431,35.883099],[-81.882313,35.882803],[-81.882669,35.882493],[-81.882966,35.882597],[-81.883418,35.882508],[-81.883461,35.882721],[-81.8845,35.882532],[-81.88498,35.882686],[-81.884838,35.882857],[-81.884208,35.882874],[-81.884551,35.88297],[-81.885673,35.882673],[-81.885677,35.883106],[-81.885288,35.883314],[-81.884302,35.883309],[-81.882857,35.88288],[-81.882736,35.883121],[-81.882458,35.883055],[-81.881835,35.883287],[-81.881865,35.883473],[-81.881191,35.883495],[-81.880323,35.88283],[-81.879523,35.882653],[-81.878708,35.882729],[-81.879592,35.883087],[-81.880111,35.883049],[-81.880203,35.88321],[-81.88052,35.883215],[-81.880742,35.883703],[-81.88114,35.883903],[-81.881574,35.883893],[-81.881828,35.883649],[-81.882333,35.88349],[-81.882493,35.883539],[-81.882434,35.883791],[-81.884289,35.883416],[-81.884487,35.883506],[-81.884313,35.883663],[-81.885306,35.883506],[-81.8854,35.883649],[-81.885193,35.883833],[-81.884533,35.883856],[-81.885285,35.884094],[-81.885317,35.884292],[-81.885125,35.884417],[-81.88354,35.884016],[-81.884627,35.88447],[-81.884782,35.884751],[-81.883513,35.884292],[-81.882918,35.884276],[-81.881851,35.883974],[-81.88285,35.884522],[-81.884516,35.885132],[-81.884585,35.885304],[-81.884434,35.885419],[-81.883184,35.884947],[-81.883008,35.884963],[-81.883263,35.885202],[-81.883218,35.885343],[-81.882925,35.885308],[-81.882099,35.88438],[-81.881718,35.884352],[-81.881428,35.884106],[-81.88105,35.884268],[-81.880871,35.884052],[-81.880581,35.884124],[-81.880141,35.883465],[-81.879738,35.883604],[-81.879679,35.883336],[-81.878876,35.883027],[-81.87894,35.883298],[-81.878701,35.883347],[-81.878432,35.883163],[-81.87831,35.882647],[-81.878071,35.882824],[-81.877194,35.882297],[-81.876409,35.8823],[-81.877244,35.882834],[-81.87721,35.882982],[-81.875953,35.882519],[-81.875394,35.882642],[-81.875987,35.883365],[-81.877404,35.883364],[-81.878643,35.884175],[-81.878636,35.884331],[-81.877954,35.884189],[-81.877339,35.883503],[-81.875859,35.883751],[-81.875461,35.883256],[-81.875444,35.882957],[-81.875115,35.882704],[-81.874761,35.882699],[-81.874973,35.882892],[-81.874992,35.883348],[-81.875964,35.884211],[-81.875902,35.884333],[-81.875632,35.884274],[-81.875813,35.884595],[-81.875632,35.884667],[-81.87537,35.884495],[-81.875344,35.883948],[-81.874828,35.883413],[-81.874802,35.882944],[-81.874484,35.882539],[-81.874047,35.88247],[-81.87347,35.882028],[-81.87294,35.881968],[-81.872141,35.881061],[-81.872361,35.881538],[-81.872281,35.882147],[-81.873694,35.882832],[-81.873942,35.883274],[-81.873765,35.883323],[-81.87333,35.882856],[-81.873163,35.883198],[-81.873804,35.883691],[-81.874263,35.883683],[-81.874902,35.884082],[-81.874946,35.884377],[-81.874345,35.884169],[-81.874514,35.88441],[-81.874137,35.884563],[-81.87403,35.884033],[-81.873832,35.88396],[-81.873846,35.884408],[-81.873713,35.884456],[-81.873498,35.884223],[-81.873477,35.883662],[-81.873083,35.883413],[-81.872696,35.883973],[-81.872459,35.884051],[-81.872276,35.883908],[-81.872401,35.883485],[-81.872954,35.883203],[-81.873108,35.882792],[-81.872776,35.882457],[-81.872292,35.882349],[-81.872079,35.882154],[-81.872187,35.881577],[-81.871992,35.88092],[-81.871651,35.880763],[-81.871973,35.880317],[-81.871374,35.879617],[-81.870974,35.879283],[-81.870086,35.879002],[-81.868414,35.879124],[-81.868653,35.879388],[-81.869924,35.879645],[-81.87038,35.879986],[-81.870208,35.880124],[-81.869799,35.879903],[-81.86897,35.87988],[-81.868874,35.879593],[-81.8685,35.879492],[-81.868025,35.879049],[-81.868767,35.878918],[-81.869173,35.878511],[-81.86917,35.878092],[-81.869496,35.877829],[-81.869631,35.877892],[-81.869547,35.878467],[-81.869129,35.878964],[-81.869459,35.878848],[-81.870353,35.878908],[-81.871128,35.877986],[-81.871196,35.87841],[-81.870641,35.879066],[-81.871003,35.87914],[-81.871248,35.878929],[-81.871443,35.878109],[-81.871698,35.878137],[-81.871584,35.878675],[-81.87227,35.877958],[-81.872472,35.878155],[-81.872051,35.878567],[-81.872554,35.878362],[-81.87271,35.878469],[-81.872393,35.878798],[-81.871235,35.879314],[-81.871686,35.879728],[-81.872135,35.879635],[-81.872616,35.879157],[-81.872624,35.879488],[-81.873299,35.879223],[-81.873533,35.879263],[-81.873603,35.87943],[-81.872474,35.879905],[-81.871795,35.879896],[-81.872231,35.880293],[-81.874013,35.880223],[-81.874583,35.87962],[-81.874758,35.879659],[-81.874679,35.87996],[-81.87542,35.87934],[-81.875562,35.879471],[-81.875207,35.879911],[-81.87533,35.880055],[-81.876562,35.879946],[-81.877845,35.880518],[-81.878245,35.880508],[-81.878911,35.880163],[-81.879106,35.880344],[-81.878943,35.88051],[-81.878186,35.88068],[-81.878774,35.88099],[-81.879291,35.880978],[-81.880293,35.880571],[-81.880194,35.880875],[-81.880875,35.880824],[-81.880861,35.881036],[-81.880538,35.881119],[-81.880611,35.881249],[-81.881771,35.881278],[-81.8821,35.881462],[-81.882947,35.881314],[-81.882731,35.881639],[-81.883428,35.881349],[-81.883707,35.881564],[-81.883323,35.881686],[-81.883979,35.881638],[-81.884008,35.881829]]]}},{"id":"90654","type":"Feature","properties":{"OBJECTID":3712,"max_category":0,"label":"cat 0","area_acres":43.42782520908187,"county":"Burke County","watershed":"Irish Creek"},"geometry":{"type":"Polygon","coordinates":[[[-81.861446,35.848296],[-81.861111,35.847744],[-81.860426,35.847788],[-81.860472,35.848125],[-81.861253,35.848517],[-81.860999,35.848731],[-81.861644,35.848956],[-81.861546,35.849163],[-81.861058,35.849039],[-81.861015,35.849157],[-81.861301,35.849301],[-81.862427,35.849083],[-81.863268,35.849447],[-81.863927,35.849554],[-81.863954,35.850094],[-81.863585,35.849859],[-81.86315,35.849836],[-81.863539,35.85014],[-81.863534,35.850356],[-81.863078,35.850269],[-81.862698,35.849979],[-81.862684,35.850148],[-81.862178,35.85016],[-81.861346,35.849554],[-81.861214,35.849768],[-81.860808,35.849155],[-81.860683,35.848564],[-81.860267,35.848128],[-81.86025,35.847778],[-81.859613,35.847395],[-81.859205,35.847322],[-81.859347,35.848759],[-81.859158,35.84915],[-81.85921,35.849667],[-81.860016,35.850046],[-81.860628,35.849958],[-81.860706,35.850096],[-81.860527,35.850253],[-81.861108,35.850167],[-81.861185,35.850337],[-81.860974,35.850435],[-81.862003,35.850468],[-81.862106,35.850617],[-81.861827,35.850751],[-81.860778,35.85066],[-81.859172,35.849833],[-81.858964,35.849569],[-81.85917,35.848733],[-81.859,35.847162],[-81.858664,35.847219],[-81.858498,35.847021],[-81.859429,35.846954],[-81.860263,35.846067],[-81.861199,35.845869],[-81.861246,35.846047],[-81.860395,35.846519],[-81.860838,35.846318],[-81.861182,35.846337],[-81.861292,35.846491],[-81.861165,35.846626],[-81.859804,35.846923],[-81.859483,35.8472],[-81.8605,35.847643],[-81.861622,35.846546],[-81.861706,35.846747],[-81.861966,35.846792],[-81.861941,35.84697],[-81.860983,35.847604],[-81.862113,35.84744],[-81.862549,35.846979],[-81.861991,35.846282],[-81.86215,35.84624],[-81.862558,35.846523],[-81.862902,35.846392],[-81.863092,35.845991],[-81.862801,35.845361],[-81.863053,35.845168],[-81.863326,35.845245],[-81.863472,35.845759],[-81.863468,35.845185],[-81.863619,35.845102],[-81.863942,35.845664],[-81.864283,35.84537],[-81.864305,35.845125],[-81.865073,35.844802],[-81.865019,35.844339],[-81.865567,35.844268],[-81.865513,35.84464],[-81.86578,35.844311],[-81.86594,35.844357],[-81.865946,35.844603],[-81.86658,35.844157],[-81.867185,35.843948],[-81.867848,35.844181],[-81.867847,35.844342],[-81.867334,35.844591],[-81.867311,35.84482],[-81.866572,35.844538],[-81.866262,35.844748],[-81.866504,35.844985],[-81.866383,35.845143],[-81.865745,35.844965],[-81.866235,35.845345],[-81.86616,35.845533],[-81.865388,35.845048],[-81.864971,35.84507],[-81.864561,35.845338],[-81.864647,35.845484],[-81.865621,35.845779],[-81.865646,35.845954],[-81.865411,35.84599],[-81.864398,35.845648],[-81.864305,35.845782],[-81.864517,35.846083],[-81.864035,35.845904],[-81.863417,35.845986],[-81.863013,35.846512],[-81.863975,35.846407],[-81.864093,35.846571],[-81.864396,35.846398],[-81.865081,35.846436],[-81.86653,35.845999],[-81.866644,35.84616],[-81.866437,35.846322],[-81.86686,35.846456],[-81.866682,35.846756],[-81.865948,35.84653],[-81.865644,35.846675],[-81.864509,35.846713],[-81.864864,35.846907],[-81.866004,35.846831],[-81.866336,35.846982],[-81.866112,35.847129],[-81.866604,35.847362],[-81.867262,35.847334],[-81.867276,35.847638],[-81.867515,35.847792],[-81.867316,35.847927],[-81.867409,35.848485],[-81.867167,35.848387],[-81.867042,35.847961],[-81.866806,35.847953],[-81.866475,35.847618],[-81.865776,35.847331],[-81.865932,35.847889],[-81.865815,35.848013],[-81.865553,35.847779],[-81.865515,35.847201],[-81.865246,35.847152],[-81.864835,35.847354],[-81.864507,35.847115],[-81.864665,35.847369],[-81.864524,35.847469],[-81.864104,35.84693],[-81.863733,35.84683],[-81.86402,35.847379],[-81.865324,35.848276],[-81.865271,35.848431],[-81.865082,35.848413],[-81.863699,35.847408],[-81.863456,35.846795],[-81.863031,35.846682],[-81.862786,35.846756],[-81.862732,35.847139],[-81.863754,35.847524],[-81.863897,35.847708],[-81.863559,35.847849],[-81.862661,35.847457],[-81.863268,35.84799],[-81.864344,35.848457],[-81.864188,35.848711],[-81.86483,35.84883],[-81.864794,35.848987],[-81.864536,35.84906],[-81.865184,35.849107],[-81.865313,35.849359],[-81.864444,35.849337],[-81.862794,35.848557],[-81.862894,35.84885],[-81.862741,35.84891],[-81.862322,35.848595],[-81.861446,35.848296]],[[-81.859292,35.8471],[-81.859102,35.847104],[-81.859033,35.847155],[-81.8592,35.847179],[-81.859292,35.8471]],[[-81.862811,35.848089],[-81.861462,35.847818],[-81.861788,35.848135],[-81.863394,35.848537],[-81.862811,35.848089]],[[-81.862221,35.847555],[-81.862171,35.847616],[-81.86239,35.847685],[-81.862221,35.847555]],[[-81.861801,35.849513],[-81.861924,35.849616],[-81.862499,35.849827],[-81.862135,35.849547],[-81.861801,35.849513]]]}},{"id":"90662","type":"Feature","properties":{"OBJECTID":4030,"max_category":0,"label":"cat 0","area_acres":1.9613872631275011,"county":"Burke County","watershed":"Upper Creek"},"geometry":{"type":"Polygon","coordinates":[[[-81.87175,35.895987],[-81.872821,35.896054],[-81.873566,35.8959],[-81.873719,35.895999],[-81.873176,35.896326],[-81.871848,35.89611],[-81.870973,35.896946],[-81.869912,35.897055],[-81.870193,35.896833],[-81.870888,35.896815],[-81.87175,35.895987]]]}},{"id":"90680","type":"Feature","properties":{"OBJECTID":3708,"max_category":0,"label":"cat 0","area_acres":19.352194783823354,"county":"Burke County","watershed":"Irish Creek"},"geometry":{"type":"Polygon","coordinates":[[[-81.861387,35.853041],[-81.861481,35.853201],[-81.860957,35.853734],[-81.861189,35.853756],[-81.862027,35.853119],[-81.862396,35.85316],[-81.862492,35.853349],[-81.861532,35.853809],[-81.862038,35.853901],[-81.862388,35.853702],[-81.86242,35.853947],[-81.862565,35.853945],[-81.863256,35.853634],[-81.863441,35.853797],[-81.863306,35.8541],[-81.863815,35.854143],[-81.863744,35.854355],[-81.864566,35.854536],[-81.865011,35.854793],[-81.865051,35.854962],[-81.864836,35.854994],[-81.863698,35.854691],[-81.864142,35.855033],[-81.864808,35.855225],[-81.865016,35.855405],[-81.864943,35.855505],[-81.864169,35.855301],[-81.864225,35.855675],[-81.86378,35.855642],[-81.863337,35.855411],[-81.863134,35.854856],[-81.862275,35.854284],[-81.862563,35.854752],[-81.862532,35.855064],[-81.862349,35.855128],[-81.861931,35.854251],[-81.861465,35.853947],[-81.86124,35.853925],[-81.861737,35.854474],[-81.861629,35.854624],[-81.86231,35.855271],[-81.862211,35.855385],[-81.861985,35.855329],[-81.861479,35.854839],[-81.861393,35.854991],[-81.861196,35.854915],[-81.861044,35.85397],[-81.860305,35.85359],[-81.859161,35.853583],[-81.85967,35.85384],[-81.859856,35.854117],[-81.860507,35.85422],[-81.860443,35.854606],[-81.859976,35.854724],[-81.859687,35.854499],[-81.859594,35.854032],[-81.859367,35.853804],[-81.858429,35.853661],[-81.85869,35.854049],[-81.859165,35.854315],[-81.85921,35.854616],[-81.858991,35.85472],[-81.858575,35.854552],[-81.858475,35.853893],[-81.858344,35.853827],[-81.858084,35.854017],[-81.857841,35.853592],[-81.857363,35.853439],[-81.856023,35.853498],[-81.856613,35.854056],[-81.857234,35.854348],[-81.857358,35.85471],[-81.857081,35.854788],[-81.855778,35.853503],[-81.855194,35.853215],[-81.854539,35.853232],[-81.855225,35.853071],[-81.855812,35.85336],[-81.857357,35.853269],[-81.85763,35.852976],[-81.857558,35.852653],[-81.857754,35.852519],[-81.858174,35.852611],[-81.858536,35.852892],[-81.858469,35.853021],[-81.857761,35.8531],[-81.857506,35.853348],[-81.858149,35.85358],[-81.858952,35.853506],[-81.859336,35.853168],[-81.859679,35.853406],[-81.860436,35.853251],[-81.860622,35.853452],[-81.86099,35.853138],[-81.861387,35.853041]],[[-81.862877,35.85416],[-81.863417,35.854583],[-81.863439,35.854582],[-81.863013,35.854239],[-81.862877,35.85416]]]}},{"id":"90713","type":"Feature","properties":{"OBJECTID":4066,"max_category":0,"label":"cat 0","area_acres":7.419387111059435,"county":"Burke County","watershed":"Irish Creek"},"geometry":{"type":"Polygon","coordinates":[[[-81.85893,35.888108],[-81.859175,35.888322],[-81.859497,35.88833],[-81.859532,35.888463],[-81.858826,35.888739],[-81.858484,35.889301],[-81.858999,35.889151],[-81.859566,35.888591],[-81.859765,35.888643],[-81.859856,35.888942],[-81.859184,35.88942],[-81.858609,35.889463],[-81.859347,35.889473],[-81.860278,35.889066],[-81.86086,35.888586],[-81.86103,35.888675],[-81.860893,35.888923],[-81.861467,35.889042],[-81.861363,35.889262],[-81.860524,35.889203],[-81.859726,35.889573],[-81.860207,35.88981],[-81.860695,35.889838],[-81.860702,35.890039],[-81.859826,35.890234],[-81.859651,35.889909],[-81.859302,35.889781],[-81.859626,35.890124],[-81.859492,35.890324],[-81.858952,35.889762],[-81.857517,35.889379],[-81.85758,35.889267],[-81.857932,35.889423],[-81.858277,35.88932],[-81.858287,35.888411],[-81.858458,35.888288],[-81.858639,35.888498],[-81.85869,35.888173],[-81.85893,35.888108]]]}},{"id":"90718","type":"Feature","properties":{"OBJECTID":3717,"max_category":0,"label":"cat 0","area_acres":2.8393560716713155,"county":"Burke County","watershed":"Irish Creek"},"geometry":{"type":"Polygon","coordinates":[[[-81.8538,35.850141],[-81.854375,35.850171],[-81.854357,35.850345],[-81.854631,35.850502],[-81.855142,35.850627],[-81.855655,35.850355],[-81.855719,35.850559],[-81.856,35.850567],[-81.856145,35.850812],[-81.855662,35.850917],[-81.856474,35.851304],[-81.856456,35.851536],[-81.855939,35.851594],[-81.855703,35.851308],[-81.855429,35.851336],[-81.855484,35.851009],[-81.855244,35.850795],[-81.853795,35.850402],[-81.8538,35.850141]]]}},{"id":"90775","type":"Feature","properties":{"OBJECTID":3523,"max_category":0,"label":"cat 0","area_acres":0.5691133941968516,"county":"Burke County","watershed":"Irish Creek"},"geometry":{"type":"Polygon","coordinates":[[[-81.853538,35.86743],[-81.853784,35.867538],[-81.853838,35.867755],[-81.853406,35.867986],[-81.853162,35.867826],[-81.853538,35.86743]]]}},{"id":"90841","type":"Feature","properties":{"OBJECTID":4089,"max_category":0,"label":"cat 0","area_acres":1.7294244427530723,"county":"Burke County","watershed":"Upper Creek"},"geometry":{"type":"Polygon","coordinates":[[[-81.866967,35.89949],[-81.867287,35.899711],[-81.867348,35.900155],[-81.867657,35.900429],[-81.867655,35.90096],[-81.867389,35.900543],[-81.866289,35.899875],[-81.866356,35.899706],[-81.86658,35.899729],[-81.867215,35.900267],[-81.866753,35.899718],[-81.866967,35.89949]]]}},{"id":"90845","type":"Feature","properties":{"OBJECTID":3640,"max_category":0,"label":"cat 0","area_acres":0.6427485095870976,"county":"Burke County","watershed":"Irish Creek"},"geometry":{"type":"Polygon","coordinates":[[[-81.849375,35.859557],[-81.850053,35.859514],[-81.850131,35.859791],[-81.84947,35.859875],[-81.849375,35.859557]]]}},{"id":"90867","type":"Feature","properties":{"OBJECTID":3945,"max_category":0,"label":"cat 0","area_acres":0.09780178861739965,"county":"Burke County","watershed":"Upper Creek"},"geometry":{"type":"Polygon","coordinates":[[[-81.879955,35.894457],[-81.880005,35.89487],[-81.879845,35.894595],[-81.879955,35.894457]]]}}],"meta":{"source":"MRMS","generated_at":"2026-09-10T08:59:39.845351+00:00","n_flagged":271,"n_debris":225300,"min_category_shipped":0}}