{"type":"FeatureCollection","features":[{"id":"12178","type":"Feature","properties":{"OBJECTID":4452,"max_category":0,"label":"0.01 to 0.10 inches","area_acres":20.95945389840652,"county":"Unicoi County","watershed":"Rice Creek"},"geometry":{"type":"Polygon","coordinates":[[[-82.569971,35.988695],[-82.570513,35.989222],[-82.569966,35.989305],[-82.569385,35.989784],[-82.57036,35.990234],[-82.570779,35.98984],[-82.570845,35.989334],[-82.571087,35.989458],[-82.571297,35.989235],[-82.57181,35.989331],[-82.571014,35.989901],[-82.57134,35.989892],[-82.572172,35.989404],[-82.572355,35.989471],[-82.571961,35.989982],[-82.570914,35.990075],[-82.570559,35.990385],[-82.570835,35.990594],[-82.57161,35.990626],[-82.572108,35.990419],[-82.572256,35.990007],[-82.572544,35.989941],[-82.572734,35.989605],[-82.573044,35.989707],[-82.572879,35.990067],[-82.573359,35.990042],[-82.573338,35.990407],[-82.572323,35.990552],[-82.573469,35.990969],[-82.573482,35.991167],[-82.57264,35.991034],[-82.57202,35.99062],[-82.571391,35.990775],[-82.572188,35.990954],[-82.572197,35.991218],[-82.571027,35.990827],[-82.571476,35.991317],[-82.573364,35.991949],[-82.57406,35.991551],[-82.574211,35.991721],[-82.57379,35.992096],[-82.574053,35.992232],[-82.574602,35.99181],[-82.574919,35.991856],[-82.574959,35.991986],[-82.574476,35.992448],[-82.576006,35.992839],[-82.576184,35.992994],[-82.576916,35.992758],[-82.577079,35.992938],[-82.576867,35.99323],[-82.576238,35.993379],[-82.574562,35.992731],[-82.57476,35.99327],[-82.57514,35.993517],[-82.574894,35.993691],[-82.574427,35.993341],[-82.574394,35.99279],[-82.574119,35.992556],[-82.573859,35.992593],[-82.573545,35.992307],[-82.57233,35.991866],[-82.572977,35.992724],[-82.572713,35.992825],[-82.572516,35.992696],[-82.57228,35.992831],[-82.571944,35.991707],[-82.571223,35.991321],[-82.571138,35.991671],[-82.571613,35.99206],[-82.571887,35.992554],[-82.571662,35.992842],[-82.571449,35.992845],[-82.571251,35.992085],[-82.570964,35.991715],[-82.571041,35.991184],[-82.570751,35.990725],[-82.570069,35.990209],[-82.568986,35.989814],[-82.568477,35.989376],[-82.568287,35.989492],[-82.567686,35.989429],[-82.568418,35.989235],[-82.568257,35.988652],[-82.568401,35.98825],[-82.568673,35.988376],[-82.569169,35.988282],[-82.569641,35.988533],[-82.569527,35.988737],[-82.568612,35.988863],[-82.56868,35.989335],[-82.569061,35.989006],[-82.569352,35.988973],[-82.569287,35.989242],[-82.568896,35.989527],[-82.569139,35.989709],[-82.569971,35.988695]]]}},{"id":"12179","type":"Feature","properties":{"OBJECTID":6492,"max_category":0,"label":"0.01 to 0.10 inches","area_acres":1.4819562000564623,"county":"Unicoi County","watershed":"Rice Creek"},"geometry":{"type":"Polygon","coordinates":[[[-82.548614,36.012215],[-82.548706,36.012358],[-82.548363,36.012995],[-82.548529,36.013236],[-82.548196,36.0131],[-82.548344,36.013426],[-82.547736,36.013361],[-82.547658,36.013144],[-82.547954,36.012706],[-82.548614,36.012215]]]}},{"id":"12184","type":"Feature","properties":{"OBJECTID":2980,"max_category":0,"label":"0.01 to 0.10 inches","area_acres":5.881937753971295,"county":"Unicoi County","watershed":"Rice Creek"},"geometry":{"type":"Polygon","coordinates":[[[-82.529666,36.002126],[-82.529931,36.002617],[-82.531286,36.002548],[-82.531691,36.002728],[-82.532909,36.002665],[-82.532993,36.00278],[-82.531053,36.002834],[-82.530045,36.003001],[-82.529603,36.003397],[-82.528415,36.003294],[-82.527736,36.003639],[-82.527529,36.003595],[-82.527493,36.003365],[-82.528149,36.003028],[-82.52879,36.003031],[-82.529643,36.002816],[-82.529382,36.002635],[-82.528181,36.002676],[-82.528272,36.002429],[-82.528996,36.002311],[-82.529156,36.002064],[-82.529666,36.002126]]]}},{"id":"12189","type":"Feature","properties":{"OBJECTID":5537,"max_category":0,"label":"0.01 to 0.10 inches","area_acres":8.445598658740638,"county":"Unicoi County","watershed":"Upper South Indian Creek"},"geometry":{"type":"Polygon","coordinates":[[[-82.543282,36.020204],[-82.543476,36.020366],[-82.5434,36.020586],[-82.541795,36.020803],[-82.543296,36.02099],[-82.543085,36.021367],[-82.542318,36.021227],[-82.542482,36.021568],[-82.542285,36.021667],[-82.54188,36.021459],[-82.54167,36.020957],[-82.541145,36.020517],[-82.540755,36.02072],[-82.53994,36.020842],[-82.539892,36.020541],[-82.539359,36.01994],[-82.539531,36.019888],[-82.540076,36.020353],[-82.540108,36.020665],[-82.54042,36.02059],[-82.540857,36.020151],[-82.540964,36.018751],[-82.540383,36.018602],[-82.540305,36.018383],[-82.540836,36.018187],[-82.541156,36.018249],[-82.541473,36.018629],[-82.541185,36.018992],[-82.54103,36.020199],[-82.540668,36.020582],[-82.541427,36.020052],[-82.541556,36.01963],[-82.54188,36.019366],[-82.542386,36.0195],[-82.541871,36.019932],[-82.542128,36.020078],[-82.54156,36.020232],[-82.541302,36.020457],[-82.541404,36.020561],[-82.542378,36.020505],[-82.543282,36.020204]]]}},{"id":"12196","type":"Feature","properties":{"OBJECTID":3608,"max_category":0,"label":"0.01 to 0.10 inches","area_acres":30.37740999215147,"county":"Unicoi County","watershed":"Rice Creek"},"geometry":{"type":"Polygon","coordinates":[[[-82.524511,35.983253],[-82.525875,35.983727],[-82.526578,35.984636],[-82.526667,35.986477],[-82.526936,35.986522],[-82.527402,35.986196],[-82.527608,35.986388],[-82.52727,35.986697],[-82.527907,35.986537],[-82.528063,35.986727],[-82.527854,35.987005],[-82.526876,35.987012],[-82.526284,35.987386],[-82.525988,35.987957],[-82.526005,35.988332],[-82.527549,35.987216],[-82.528323,35.987223],[-82.5283,35.987365],[-82.52793,35.987516],[-82.528004,35.987764],[-82.526883,35.987946],[-82.526564,35.988225],[-82.527763,35.988342],[-82.527822,35.988551],[-82.527558,35.988586],[-82.527652,35.988899],[-82.527242,35.988831],[-82.526628,35.988421],[-82.526027,35.988836],[-82.525971,35.989369],[-82.526263,35.98936],[-82.527148,35.988897],[-82.527695,35.989114],[-82.527717,35.989241],[-82.526545,35.989523],[-82.527142,35.989666],[-82.527877,35.989452],[-82.527977,35.989697],[-82.527463,35.990089],[-82.527174,35.990136],[-82.525809,35.989681],[-82.525187,35.990641],[-82.525832,35.990995],[-82.526212,35.990993],[-82.526287,35.991139],[-82.525789,35.991356],[-82.525016,35.990886],[-82.524603,35.991873],[-82.525605,35.991834],[-82.525472,35.992104],[-82.524665,35.992161],[-82.524638,35.992665],[-82.525001,35.993232],[-82.525857,35.993614],[-82.52581,35.99251],[-82.526138,35.992423],[-82.526098,35.993906],[-82.525099,35.993502],[-82.524465,35.992709],[-82.524397,35.991886],[-82.525203,35.990257],[-82.525182,35.989795],[-82.524536,35.988934],[-82.522577,35.987454],[-82.522621,35.987329],[-82.522801,35.987351],[-82.523834,35.987915],[-82.524692,35.988754],[-82.525365,35.989952],[-82.525326,35.989214],[-82.52424,35.988096],[-82.524109,35.987682],[-82.522643,35.986627],[-82.522789,35.986293],[-82.523034,35.986277],[-82.524499,35.98757],[-82.525495,35.989156],[-82.525555,35.989645],[-82.525802,35.989278],[-82.525682,35.987307],[-82.524109,35.985873],[-82.523567,35.985705],[-82.523293,35.985239],[-82.523431,35.985072],[-82.523208,35.984833],[-82.523373,35.984758],[-82.523385,35.984444],[-82.523866,35.984623],[-82.525173,35.986327],[-82.525653,35.986696],[-82.525914,35.987812],[-82.526007,35.98742],[-82.52655,35.98703],[-82.526453,35.98481],[-82.525769,35.98424],[-82.524392,35.983516],[-82.524511,35.983253]],[[-82.524817,35.988377],[-82.524932,35.988561],[-82.524995,35.988609],[-82.524921,35.988456],[-82.524817,35.988377]]]}},{"id":"12197","type":"Feature","properties":{"OBJECTID":6533,"max_category":0,"label":"0.01 to 0.10 inches","area_acres":1.075439628996111,"county":"Unicoi County","watershed":"Rice Creek"},"geometry":{"type":"Polygon","coordinates":[[[-82.546939,36.014133],[-82.547029,36.014248],[-82.546769,36.014404],[-82.546766,36.014689],[-82.546254,36.015054],[-82.54618,36.014918],[-82.546434,36.014526],[-82.54609,36.014685],[-82.545939,36.014579],[-82.546232,36.014326],[-82.546939,36.014133]]]}},{"id":"12199","type":"Feature","properties":{"OBJECTID":3816,"max_category":0,"label":"0.01 to 0.10 inches","area_acres":1.691501812653208,"county":"Unicoi County","watershed":"Rice Creek"},"geometry":{"type":"Polygon","coordinates":[[[-82.573431,36.008001],[-82.574477,36.009772],[-82.574891,36.010119],[-82.574756,36.010436],[-82.574223,36.010165],[-82.574043,36.009293],[-82.573323,36.008259],[-82.573431,36.008001]]]}},{"id":"12213","type":"Feature","properties":{"OBJECTID":200,"max_category":0,"label":"0.01 to 0.10 inches","area_acres":5.297600895961118,"county":"Unicoi County","watershed":"Rice Creek"},"geometry":{"type":"Polygon","coordinates":[[[-82.562181,36.010666],[-82.562638,36.01101],[-82.563394,36.01129],[-82.564135,36.010896],[-82.564175,36.011123],[-82.563813,36.01147],[-82.564444,36.011397],[-82.564639,36.011038],[-82.565176,36.011128],[-82.565603,36.0109],[-82.565803,36.01108],[-82.565855,36.011533],[-82.565657,36.011613],[-82.565325,36.011432],[-82.564795,36.01142],[-82.565291,36.011778],[-82.565081,36.011989],[-82.564817,36.011924],[-82.56452,36.011593],[-82.564024,36.011607],[-82.564753,36.012028],[-82.564741,36.012173],[-82.564488,36.012222],[-82.563903,36.012002],[-82.56357,36.011538],[-82.563283,36.011626],[-82.562838,36.011381],[-82.562692,36.011503],[-82.562053,36.010895],[-82.561468,36.010923],[-82.561507,36.010718],[-82.562181,36.010666]]]}},{"id":"12215","type":"Feature","properties":{"OBJECTID":6499,"max_category":0,"label":"0.01 to 0.10 inches","area_acres":0.968851462508035,"county":"Unicoi County","watershed":"Rice Creek"},"geometry":{"type":"Polygon","coordinates":[[[-82.552022,36.010467],[-82.55233,36.010565],[-82.552328,36.010802],[-82.55266,36.011053],[-82.55306,36.010992],[-82.55355,36.011307],[-82.552996,36.011131],[-82.552596,36.011192],[-82.552068,36.010801],[-82.551814,36.010794],[-82.551751,36.010648],[-82.552022,36.010467]]]}},{"id":"12227","type":"Feature","properties":{"OBJECTID":6528,"max_category":0,"label":"0.01 to 0.10 inches","area_acres":6.730780756889665,"county":"Unicoi County","watershed":"Upper South Indian Creek"},"geometry":{"type":"Polygon","coordinates":[[[-82.552499,36.015923],[-82.553377,36.016478],[-82.553704,36.016249],[-82.553851,36.01634],[-82.553329,36.016745],[-82.552405,36.017154],[-82.552179,36.017408],[-82.552126,36.017852],[-82.551682,36.01771],[-82.551121,36.017883],[-82.551023,36.017523],[-82.551917,36.017342],[-82.552139,36.017148],[-82.551632,36.016973],[-82.551392,36.01714],[-82.550887,36.017175],[-82.550825,36.017041],[-82.551389,36.016863],[-82.551368,36.01672],[-82.550426,36.016694],[-82.549878,36.016362],[-82.54979,36.016065],[-82.550133,36.01597],[-82.551151,36.016458],[-82.551019,36.015776],[-82.551276,36.015691],[-82.551649,36.016193],[-82.551566,36.016543],[-82.552109,36.016979],[-82.552341,36.017],[-82.553171,36.016624],[-82.552646,36.016227],[-82.55168,36.016105],[-82.551595,36.015787],[-82.551831,36.015724],[-82.552499,36.015923]]]}},{"id":"12240","type":"Feature","properties":{"OBJECTID":6540,"max_category":0,"label":"0.01 to 0.10 inches","area_acres":0.5017053461283036,"county":"Unicoi County","watershed":"Rice Creek"},"geometry":{"type":"Polygon","coordinates":[[[-82.559136,36.013723],[-82.559561,36.013967],[-82.559505,36.014203],[-82.558796,36.013895],[-82.558855,36.013741],[-82.559136,36.013723]]]}},{"id":"12241","type":"Feature","properties":{"OBJECTID":6226,"max_category":0,"label":"0.01 to 0.10 inches","area_acres":11.064964931817272,"county":"Unicoi County","watershed":"Upper South Indian Creek"},"geometry":{"type":"Polygon","coordinates":[[[-82.537844,36.019675],[-82.537942,36.019922],[-82.537665,36.020523],[-82.537805,36.021438],[-82.537411,36.021753],[-82.537154,36.020965],[-82.535557,36.020869],[-82.535712,36.020699],[-82.537034,36.020688],[-82.536831,36.020534],[-82.536083,36.020521],[-82.535287,36.020029],[-82.53471,36.019911],[-82.534911,36.019666],[-82.534659,36.019221],[-82.53425,36.019076],[-82.534578,36.018919],[-82.534328,36.018442],[-82.534674,36.018231],[-82.534905,36.018272],[-82.535085,36.018781],[-82.534927,36.019045],[-82.535294,36.019258],[-82.535449,36.019616],[-82.536313,36.020186],[-82.536849,36.020171],[-82.537162,36.020008],[-82.537151,36.019768],[-82.536602,36.019166],[-82.5357,36.018748],[-82.535971,36.018496],[-82.536599,36.018667],[-82.536796,36.018368],[-82.537069,36.018423],[-82.537194,36.019049],[-82.537437,36.019222],[-82.537463,36.019769],[-82.537844,36.019675]]]}},{"id":"12258","type":"Feature","properties":{"OBJECTID":4480,"max_category":0,"label":"0.01 to 0.10 inches","area_acres":8.09753828648427,"county":"Unicoi County","watershed":"Upper South Indian Creek"},"geometry":{"type":"Polygon","coordinates":[[[-82.574385,36.016549],[-82.574771,36.016813],[-82.575026,36.016753],[-82.575316,36.016907],[-82.575994,36.018122],[-82.576207,36.01982],[-82.575682,36.020115],[-82.575572,36.020026],[-82.575793,36.019823],[-82.573503,36.017986],[-82.573053,36.01742],[-82.573199,36.017271],[-82.573575,36.017398],[-82.573779,36.017077],[-82.573671,36.016661],[-82.573982,36.016747],[-82.574259,36.017832],[-82.574526,36.017959],[-82.575017,36.018909],[-82.576026,36.019679],[-82.575827,36.018257],[-82.575224,36.017615],[-82.574261,36.016939],[-82.574206,36.016717],[-82.574385,36.016549]]]}},{"id":"12262","type":"Feature","properties":{"OBJECTID":6512,"max_category":0,"label":"0.01 to 0.10 inches","area_acres":2.985474131986804,"county":"Unicoi County","watershed":"Rice Creek"},"geometry":{"type":"Polygon","coordinates":[[[-82.560073,36.005834],[-82.560746,36.006077],[-82.561463,36.006618],[-82.56179,36.006627],[-82.561559,36.007079],[-82.560566,36.006348],[-82.560047,36.006243],[-82.560045,36.006115],[-82.55895,36.005656],[-82.558924,36.005417],[-82.559274,36.004935],[-82.559477,36.00497],[-82.559504,36.005522],[-82.559921,36.005903],[-82.560073,36.005834]]]}},{"id":"12267","type":"Feature","properties":{"OBJECTID":2975,"max_category":0,"label":"0.01 to 0.10 inches","area_acres":1.4251042041219348,"county":"Unicoi County","watershed":"Rice Creek"},"geometry":{"type":"Polygon","coordinates":[[[-82.535662,35.997692],[-82.535772,35.997882],[-82.534198,35.998235],[-82.5341,35.997961],[-82.533632,35.997912],[-82.533546,35.997715],[-82.534059,35.997631],[-82.534591,35.997888],[-82.535261,35.997869],[-82.535662,35.997692]]]}},{"id":"12270","type":"Feature","properties":{"OBJECTID":204,"max_category":0,"label":"0.01 to 0.10 inches","area_acres":14.827995769053693,"county":"Unicoi County","watershed":"Rice Creek"},"geometry":{"type":"Polygon","coordinates":[[[-82.551027,35.999391],[-82.551129,35.999537],[-82.550665,35.999571],[-82.55033,36.000007],[-82.550679,36.001011],[-82.550442,36.001357],[-82.550176,36.001255],[-82.550159,36.000108],[-82.549839,36.000378],[-82.549834,36.001407],[-82.549997,36.001668],[-82.54973,36.001755],[-82.54976,36.002243],[-82.549433,36.002253],[-82.549255,36.001855],[-82.549565,36.001234],[-82.549482,36.000348],[-82.549164,36.000425],[-82.548853,36.001039],[-82.549095,36.00191],[-82.548946,36.002782],[-82.548633,36.002901],[-82.548482,36.002734],[-82.548717,36.001946],[-82.548663,36.001482],[-82.547598,36.002505],[-82.547621,36.003022],[-82.547928,36.003286],[-82.54802,36.003636],[-82.547873,36.004146],[-82.547601,36.004129],[-82.547542,36.00398],[-82.547347,36.004171],[-82.547159,36.004129],[-82.547189,36.003853],[-82.547535,36.00352],[-82.547448,36.003092],[-82.546935,36.003568],[-82.54676,36.004024],[-82.546576,36.003953],[-82.546553,36.003511],[-82.545563,36.003979],[-82.544526,36.003928],[-82.544597,36.003703],[-82.545958,36.003556],[-82.544773,36.003446],[-82.544486,36.00328],[-82.544554,36.003077],[-82.546329,36.003403],[-82.547032,36.003218],[-82.547373,36.00292],[-82.547397,36.002699],[-82.546369,36.002638],[-82.545834,36.002846],[-82.545382,36.002611],[-82.54447,36.002713],[-82.544381,36.002463],[-82.544699,36.002079],[-82.544417,36.001789],[-82.544543,36.001628],[-82.546027,36.00256],[-82.546258,36.002525],[-82.546093,36.002267],[-82.546277,36.00214],[-82.546633,36.002487],[-82.547304,36.002495],[-82.548492,36.00143],[-82.549007,36.000353],[-82.549784,36.000046],[-82.549892,35.999609],[-82.550044,35.999651],[-82.54996,36.000063],[-82.55057,35.999446],[-82.551027,35.999391]]]}},{"id":"12278","type":"Feature","properties":{"OBJECTID":6535,"max_category":0,"label":"0.01 to 0.10 inches","area_acres":0.6846006050614154,"county":"Unicoi County","watershed":"Rice Creek"},"geometry":{"type":"Polygon","coordinates":[[[-82.568906,36.008958],[-82.569171,36.009172],[-82.5692,36.00986],[-82.568732,36.009268],[-82.568906,36.008958]]]}},{"id":"12280","type":"Feature","properties":{"OBJECTID":6508,"max_category":0,"label":"0.01 to 0.10 inches","area_acres":3.659549628994338,"county":"Unicoi County","watershed":"Rice Creek"},"geometry":{"type":"Polygon","coordinates":[[[-82.563349,36.009287],[-82.563802,36.009485],[-82.563742,36.009679],[-82.562908,36.009781],[-82.563715,36.010126],[-82.564094,36.009952],[-82.564308,36.010017],[-82.564098,36.01031],[-82.564517,36.010445],[-82.564358,36.010708],[-82.564008,36.010776],[-82.562692,36.010052],[-82.562714,36.01029],[-82.562394,36.010499],[-82.561949,36.010203],[-82.562335,36.010016],[-82.562364,36.00968],[-82.562777,36.009659],[-82.563349,36.009287]]]}},{"id":"12283","type":"Feature","properties":{"OBJECTID":3003,"max_category":0,"label":"0.01 to 0.10 inches","area_acres":13.219965021027845,"county":"Unicoi County","watershed":"Rice Creek"},"geometry":{"type":"Polygon","coordinates":[[[-82.530609,35.985799],[-82.530916,35.985897],[-82.530946,35.986085],[-82.53023,35.986678],[-82.530522,35.987214],[-82.531048,35.987377],[-82.531126,35.987887],[-82.532997,35.989303],[-82.53486,35.989167],[-82.535802,35.98931],[-82.535875,35.989476],[-82.533349,35.989628],[-82.533208,35.990119],[-82.532814,35.990468],[-82.53265,35.990406],[-82.532865,35.989898],[-82.532712,35.989757],[-82.532404,35.990026],[-82.532496,35.990854],[-82.53217,35.990883],[-82.532136,35.990259],[-82.531885,35.990536],[-82.531751,35.991294],[-82.531606,35.991243],[-82.531589,35.990735],[-82.532497,35.989735],[-82.530872,35.990817],[-82.530432,35.990822],[-82.530528,35.990589],[-82.530159,35.990561],[-82.530152,35.990387],[-82.530629,35.990251],[-82.531227,35.990289],[-82.531323,35.990106],[-82.531938,35.989966],[-82.532245,35.989698],[-82.532021,35.989529],[-82.529958,35.989616],[-82.529095,35.989437],[-82.528072,35.988518],[-82.528528,35.987845],[-82.52882,35.987869],[-82.528897,35.988027],[-82.52828,35.988494],[-82.528316,35.988601],[-82.529175,35.989304],[-82.529994,35.989472],[-82.532062,35.989386],[-82.532401,35.989595],[-82.533273,35.989493],[-82.532679,35.989495],[-82.530243,35.987676],[-82.530396,35.987317],[-82.530052,35.986642],[-82.530609,35.985799]]]}},{"id":"12285","type":"Feature","properties":{"OBJECTID":5597,"max_category":0,"label":"0.01 to 0.10 inches","area_acres":7.712773284271206,"county":"Unicoi County","watershed":"Rice Creek"},"geometry":{"type":"Polygon","coordinates":[[[-82.525131,36.009047],[-82.526211,36.009703],[-82.525998,36.009189],[-82.526335,36.009162],[-82.527587,36.010213],[-82.528325,36.010192],[-82.528824,36.010012],[-82.529072,36.009882],[-82.529127,36.009538],[-82.529277,36.009842],[-82.528368,36.010355],[-82.527596,36.010438],[-82.527203,36.010779],[-82.526853,36.010752],[-82.526773,36.010587],[-82.527363,36.010319],[-82.526825,36.009938],[-82.526594,36.009945],[-82.525539,36.011155],[-82.525235,36.011017],[-82.525825,36.010352],[-82.525144,36.010756],[-82.524998,36.010653],[-82.524623,36.010709],[-82.524225,36.010446],[-82.525293,36.010158],[-82.524577,36.010095],[-82.524517,36.009957],[-82.524741,36.009802],[-82.525267,36.009846],[-82.525686,36.010076],[-82.52612,36.010035],[-82.526096,36.009904],[-82.525119,36.009602],[-82.52488,36.009176],[-82.525131,36.009047]]]}},{"id":"12295","type":"Feature","properties":{"OBJECTID":30,"max_category":0,"label":"0.01 to 0.10 inches","area_acres":5.436428513396304,"county":"Unicoi County","watershed":"Rice Creek"},"geometry":{"type":"Polygon","coordinates":[[[-82.52936,36.005956],[-82.530373,36.006614],[-82.531282,36.006905],[-82.531268,36.007028],[-82.531783,36.006959],[-82.531853,36.007063],[-82.531042,36.007232],[-82.53046,36.007679],[-82.529495,36.008017],[-82.528999,36.007734],[-82.529002,36.007606],[-82.529398,36.00761],[-82.529743,36.007814],[-82.531142,36.007034],[-82.529993,36.006576],[-82.529339,36.006475],[-82.529268,36.006212],[-82.527938,36.006827],[-82.527763,36.006612],[-82.527414,36.006558],[-82.526881,36.006214],[-82.527274,36.006099],[-82.52828,36.006216],[-82.527709,36.005988],[-82.527758,36.00581],[-82.528484,36.005982],[-82.52936,36.005956]]]}},{"id":"12297","type":"Feature","properties":{"OBJECTID":2982,"max_category":0,"label":"0.01 to 0.10 inches","area_acres":0.6816896241287826,"county":"Unicoi County","watershed":"Rice Creek"},"geometry":{"type":"Polygon","coordinates":[[[-82.530159,35.997164],[-82.530198,35.99759],[-82.530587,35.997966],[-82.530235,35.99813],[-82.530037,35.997927],[-82.530159,35.997164]]]}},{"id":"12301","type":"Feature","properties":{"OBJECTID":3838,"max_category":0,"label":"0.01 to 0.10 inches","area_acres":0.39513763956878517,"county":"Unicoi County","watershed":"Rice Creek"},"geometry":{"type":"Polygon","coordinates":[[[-82.561263,35.989884],[-82.561389,35.989997],[-82.561365,35.990408],[-82.561059,35.9903],[-82.561052,35.990017],[-82.561263,35.989884]]]}},{"id":"12316","type":"Feature","properties":{"OBJECTID":5525,"max_category":0,"label":"0.01 to 0.10 inches","area_acres":16.437045168276804,"county":"Unicoi County","watershed":"Rice Creek"},"geometry":{"type":"Polygon","coordinates":[[[-82.543827,36.013887],[-82.543546,36.014219],[-82.544384,36.014841],[-82.544751,36.014947],[-82.544513,36.015431],[-82.543385,36.014289],[-82.543562,36.013961],[-82.543213,36.013724],[-82.54107,36.013509],[-82.541043,36.013375],[-82.538802,36.013687],[-82.537963,36.014288],[-82.537672,36.014163],[-82.537608,36.013971],[-82.538019,36.013765],[-82.537379,36.013696],[-82.53725,36.013524],[-82.536889,36.013676],[-82.536069,36.012844],[-82.535986,36.013091],[-82.536188,36.01384],[-82.536552,36.013894],[-82.5366,36.014024],[-82.536224,36.014361],[-82.535739,36.014344],[-82.535984,36.01397],[-82.535926,36.013427],[-82.535868,36.013301],[-82.535521,36.013331],[-82.535442,36.013182],[-82.535838,36.012971],[-82.535943,36.012272],[-82.535576,36.011623],[-82.534524,36.010634],[-82.53441,36.009719],[-82.533859,36.009812],[-82.533531,36.009472],[-82.534511,36.009374],[-82.534654,36.01049],[-82.53488,36.010662],[-82.535426,36.010705],[-82.535117,36.011027],[-82.535734,36.011549],[-82.536081,36.012181],[-82.536889,36.012036],[-82.536989,36.012314],[-82.537429,36.012407],[-82.537592,36.012694],[-82.537403,36.012821],[-82.536091,36.012405],[-82.536102,36.012648],[-82.536971,36.013093],[-82.537287,36.01344],[-82.537843,36.013353],[-82.538288,36.013532],[-82.538544,36.01347],[-82.537575,36.012894],[-82.537766,36.012613],[-82.538382,36.01286],[-82.539132,36.01348],[-82.539663,36.013465],[-82.540332,36.01317],[-82.540457,36.012953],[-82.540142,36.012714],[-82.539161,36.012793],[-82.53918,36.012666],[-82.539478,36.012618],[-82.539391,36.012394],[-82.539655,36.012365],[-82.540195,36.01256],[-82.540826,36.013116],[-82.541237,36.013089],[-82.541076,36.012799],[-82.541308,36.012621],[-82.542098,36.013257],[-82.542664,36.013392],[-82.542892,36.013591],[-82.543339,36.013587],[-82.543525,36.013804],[-82.543762,36.013678],[-82.543827,36.013887]]]}},{"id":"12322","type":"Feature","properties":{"OBJECTID":6432,"max_category":0,"label":"0.01 to 0.10 inches","area_acres":1.3316100649205331,"county":"Unicoi County","watershed":"Rice Creek"},"geometry":{"type":"Polygon","coordinates":[[[-82.540067,36.006333],[-82.540155,36.006453],[-82.539934,36.006656],[-82.540033,36.00688],[-82.539118,36.007026],[-82.538866,36.007225],[-82.538637,36.007087],[-82.53896,36.006787],[-82.540067,36.006333]]]}},{"id":"12323","type":"Feature","properties":{"OBJECTID":196,"max_category":0,"label":"0.01 to 0.10 inches","area_acres":1.4309050785089814,"county":"Unicoi County","watershed":"Rice Creek"},"geometry":{"type":"Polygon","coordinates":[[[-82.569962,36.006068],[-82.570906,36.006322],[-82.570649,36.006684],[-82.570202,36.00645],[-82.570355,36.006847],[-82.570184,36.007001],[-82.569948,36.006827],[-82.569881,36.006226],[-82.569709,36.006156],[-82.569962,36.006068]]]}},{"id":"12324","type":"Feature","properties":{"OBJECTID":6534,"max_category":0,"label":"0.01 to 0.10 inches","area_acres":2.0684360533711854,"county":"Unicoi County","watershed":"Rice Creek"},"geometry":{"type":"Polygon","coordinates":[[[-82.547556,36.015077],[-82.547802,36.015746],[-82.546873,36.016472],[-82.546749,36.016272],[-82.547115,36.015916],[-82.546658,36.016067],[-82.546421,36.015732],[-82.547485,36.015464],[-82.547556,36.015077]]]}},{"id":"12326","type":"Feature","properties":{"OBJECTID":6548,"max_category":0,"label":"0.01 to 0.10 inches","area_acres":0.6476350091095056,"county":"Unicoi County","watershed":"Rice Creek"},"geometry":{"type":"Polygon","coordinates":[[[-82.56503,36.0047],[-82.56519,36.004831],[-82.564997,36.004979],[-82.564143,36.004926],[-82.564229,36.004698],[-82.56503,36.0047]]]}},{"id":"12332","type":"Feature","properties":{"OBJECTID":6227,"max_category":0,"label":"0.01 to 0.10 inches","area_acres":17.36971855827644,"county":"Unicoi County","watershed":"Upper South Indian Creek"},"geometry":{"type":"Polygon","coordinates":[[[-82.531176,36.018851],[-82.531268,36.018993],[-82.531032,36.019326],[-82.531747,36.019],[-82.53192,36.019188],[-82.532398,36.019063],[-82.53265,36.019142],[-82.532612,36.019316],[-82.532286,36.019478],[-82.531344,36.019588],[-82.532216,36.01985],[-82.532342,36.020093],[-82.530903,36.01987],[-82.530893,36.020101],[-82.530203,36.019874],[-82.52923,36.019929],[-82.527781,36.021221],[-82.527903,36.021688],[-82.527779,36.021751],[-82.527587,36.021541],[-82.527606,36.021183],[-82.528273,36.020241],[-82.528171,36.019451],[-82.527904,36.018771],[-82.527425,36.018379],[-82.527154,36.017858],[-82.526718,36.017606],[-82.526415,36.016994],[-82.526658,36.016897],[-82.527027,36.017197],[-82.527307,36.016809],[-82.527533,36.016809],[-82.527816,36.018138],[-82.528147,36.018442],[-82.528406,36.017361],[-82.528926,36.017295],[-82.529132,36.017442],[-82.528771,36.017876],[-82.529065,36.017757],[-82.529249,36.017855],[-82.528481,36.018645],[-82.528699,36.018998],[-82.528385,36.020429],[-82.529845,36.019042],[-82.52999,36.018544],[-82.52969,36.017696],[-82.530053,36.017919],[-82.530341,36.017765],[-82.530422,36.018159],[-82.530895,36.017847],[-82.531305,36.018226],[-82.530544,36.018639],[-82.529945,36.019656],[-82.530194,36.019649],[-82.530657,36.019131],[-82.531176,36.018851]]]}},{"id":"12342","type":"Feature","properties":{"OBJECTID":3870,"max_category":0,"label":"0.01 to 0.10 inches","area_acres":6.428063335352558,"county":"Unicoi County","watershed":"Rice Creek"},"geometry":{"type":"Polygon","coordinates":[[[-82.557243,35.99231],[-82.557869,35.992492],[-82.557694,35.992865],[-82.557855,35.993089],[-82.558374,35.993074],[-82.558407,35.992807],[-82.558572,35.992769],[-82.559459,35.9934],[-82.559861,35.993475],[-82.559564,35.993134],[-82.559472,35.992669],[-82.559862,35.992516],[-82.56016,35.992809],[-82.560054,35.993452],[-82.560637,35.994025],[-82.561186,35.994202],[-82.562344,35.994059],[-82.562412,35.994214],[-82.561144,35.994345],[-82.560402,35.994065],[-82.559642,35.994413],[-82.559223,35.994213],[-82.559259,35.994083],[-82.560126,35.994068],[-82.560303,35.993942],[-82.559733,35.99359],[-82.559234,35.993659],[-82.558285,35.994227],[-82.558034,35.994237],[-82.558273,35.993749],[-82.558657,35.993753],[-82.559282,35.993488],[-82.558667,35.993209],[-82.556785,35.993111],[-82.556829,35.992877],[-82.557422,35.992867],[-82.556997,35.992513],[-82.557243,35.99231]]]}},{"id":"12356","type":"Feature","properties":{"OBJECTID":4473,"max_category":0,"label":"0.01 to 0.10 inches","area_acres":4.821322786929631,"county":"Unicoi County","watershed":"Upper South Indian Creek"},"geometry":{"type":"Polygon","coordinates":[[[-82.570158,36.01813],[-82.570398,36.018407],[-82.570403,36.017864],[-82.570512,36.017712],[-82.570685,36.017757],[-82.57089,36.018157],[-82.570647,36.021071],[-82.570831,36.021423],[-82.571696,36.022106],[-82.571614,36.022241],[-82.570599,36.021413],[-82.570244,36.020471],[-82.570274,36.019684],[-82.56993,36.018785],[-82.570075,36.018686],[-82.570237,36.018859],[-82.570017,36.018457],[-82.570011,36.018178],[-82.570158,36.01813]]]}},{"id":"12360","type":"Feature","properties":{"OBJECTID":5591,"max_category":0,"label":"0.01 to 0.10 inches","area_acres":3.8164529936573963,"county":"Unicoi County","watershed":"Rice Creek"},"geometry":{"type":"Polygon","coordinates":[[[-82.539381,36.008442],[-82.539796,36.008772],[-82.539528,36.008693],[-82.538765,36.009358],[-82.537412,36.01014],[-82.537286,36.010336],[-82.537393,36.011311],[-82.537096,36.011443],[-82.536767,36.011009],[-82.537017,36.010192],[-82.537615,36.009611],[-82.539381,36.008442]]]}},{"id":"12369","type":"Feature","properties":{"OBJECTID":6532,"max_category":0,"label":"0.01 to 0.10 inches","area_acres":0.9550652667319166,"county":"Unicoi County","watershed":"Rice Creek"},"geometry":{"type":"Polygon","coordinates":[[[-82.548519,36.013895],[-82.549292,36.014965],[-82.549147,36.015225],[-82.548901,36.015141],[-82.548762,36.014484],[-82.548415,36.014185],[-82.548519,36.013895]]]}},{"id":"12378","type":"Feature","properties":{"OBJECTID":4462,"max_category":0,"label":"0.01 to 0.10 inches","area_acres":9.068442793266001,"county":"Unicoi County","watershed":"Rice Creek"},"geometry":{"type":"Polygon","coordinates":[[[-82.578206,36.005057],[-82.578404,36.005269],[-82.578019,36.005741],[-82.57805,36.006437],[-82.579208,36.006004],[-82.579194,36.005679],[-82.578646,36.005261],[-82.578553,36.004839],[-82.579164,36.00512],[-82.579391,36.005437],[-82.579413,36.005883],[-82.580023,36.005293],[-82.579547,36.004858],[-82.579036,36.004684],[-82.578725,36.004147],[-82.578982,36.004135],[-82.579654,36.00448],[-82.580352,36.005091],[-82.58002,36.004473],[-82.579478,36.004063],[-82.578414,36.003709],[-82.578386,36.003368],[-82.578584,36.003288],[-82.57998,36.004009],[-82.580569,36.004698],[-82.580585,36.005122],[-82.579913,36.005656],[-82.58001,36.005865],[-82.580458,36.006071],[-82.580606,36.006504],[-82.580113,36.006559],[-82.579601,36.005956],[-82.578066,36.006602],[-82.577144,36.006728],[-82.577068,36.00649],[-82.577322,36.00617],[-82.577668,36.006354],[-82.577641,36.005494],[-82.578206,36.005057]]]}},{"id":"12382","type":"Feature","properties":{"OBJECTID":2984,"max_category":0,"label":"0.01 to 0.10 inches","area_acres":1.4368697585650798,"county":"Unicoi County","watershed":"Rice Creek"},"geometry":{"type":"Polygon","coordinates":[[[-82.526067,35.994864],[-82.526834,35.995078],[-82.525976,35.995037],[-82.525336,35.995965],[-82.524984,35.996068],[-82.525149,35.995578],[-82.525644,35.995031],[-82.526067,35.994864]]]}},{"id":"12387","type":"Feature","properties":{"OBJECTID":2988,"max_category":0,"label":"0.01 to 0.10 inches","area_acres":0.7874308892769389,"county":"Unicoi County","watershed":"Rice Creek"},"geometry":{"type":"Polygon","coordinates":[[[-82.540263,35.993848],[-82.541055,35.994286],[-82.541132,35.994495],[-82.54079,35.994516],[-82.540075,35.994058],[-82.540263,35.993848]]]}},{"id":"12391","type":"Feature","properties":{"OBJECTID":7,"max_category":0,"label":"0.01 to 0.10 inches","area_acres":6.400040029692301,"county":"Unicoi County","watershed":"Rice Creek"},"geometry":{"type":"Polygon","coordinates":[[[-82.540288,36.002181],[-82.540464,36.001898],[-82.540902,36.002186],[-82.541304,36.002202],[-82.541813,36.001759],[-82.542109,36.001748],[-82.541821,36.00216],[-82.542053,36.002208],[-82.542009,36.002337],[-82.541025,36.002518],[-82.541367,36.00275],[-82.54197,36.002732],[-82.542566,36.00244],[-82.543138,36.001886],[-82.54357,36.001753],[-82.543638,36.001939],[-82.543164,36.002385],[-82.543445,36.002442],[-82.54387,36.002295],[-82.544322,36.002438],[-82.544355,36.002639],[-82.541708,36.002883],[-82.542247,36.002938],[-82.542517,36.003159],[-82.542378,36.003358],[-82.541752,36.003339],[-82.541426,36.002918],[-82.541101,36.003311],[-82.540957,36.00319],[-82.541073,36.002749],[-82.540288,36.002181]]]}},{"id":"12392","type":"Feature","properties":{"OBJECTID":5592,"max_category":0,"label":"0.01 to 0.10 inches","area_acres":0.6244376577748857,"county":"Unicoi County","watershed":"Rice Creek"},"geometry":{"type":"Polygon","coordinates":[[[-82.542733,36.010022],[-82.54288,36.010243],[-82.542502,36.010599],[-82.542133,36.01069],[-82.542174,36.010451],[-82.542733,36.010022]]]}},{"id":"12395","type":"Feature","properties":{"OBJECTID":3832,"max_category":0,"label":"0.01 to 0.10 inches","area_acres":11.46358110156845,"county":"Unicoi County","watershed":"Rice Creek"},"geometry":{"type":"Polygon","coordinates":[[[-82.543475,35.987658],[-82.545846,35.987511],[-82.546679,35.988035],[-82.546625,35.988142],[-82.546354,35.988096],[-82.546448,35.988281],[-82.547396,35.988677],[-82.547309,35.989211],[-82.546838,35.989656],[-82.545205,35.990714],[-82.545007,35.990648],[-82.545179,35.990412],[-82.544412,35.990376],[-82.544356,35.990192],[-82.54551,35.990122],[-82.545708,35.989985],[-82.544813,35.990009],[-82.544656,35.989869],[-82.544813,35.989758],[-82.546505,35.989709],[-82.54714,35.989155],[-82.547238,35.988758],[-82.54687,35.988714],[-82.54677,35.989059],[-82.54578,35.989425],[-82.545982,35.988969],[-82.546723,35.98885],[-82.546836,35.988709],[-82.546285,35.988429],[-82.545054,35.989387],[-82.544287,35.989547],[-82.544501,35.989235],[-82.544888,35.989096],[-82.545501,35.988561],[-82.543915,35.988689],[-82.543929,35.988424],[-82.546186,35.988233],[-82.546145,35.988075],[-82.545649,35.987925],[-82.544233,35.988103],[-82.54417,35.987956],[-82.544532,35.987847],[-82.544062,35.987861],[-82.543631,35.988121],[-82.543406,35.987946],[-82.543475,35.987658]]]}},{"id":"12399","type":"Feature","properties":{"OBJECTID":4465,"max_category":0,"label":"0.01 to 0.10 inches","area_acres":22.022140619813754,"county":"Unicoi County","watershed":"Upper South Indian Creek"},"geometry":{"type":"Polygon","coordinates":[[[-82.577164,36.01313],[-82.577406,36.013325],[-82.577306,36.0135],[-82.57662,36.013355],[-82.577286,36.013759],[-82.577157,36.014164],[-82.577496,36.014177],[-82.577808,36.01477],[-82.57839,36.017133],[-82.578903,36.018025],[-82.579525,36.018528],[-82.579467,36.018648],[-82.578816,36.01818],[-82.578647,36.017735],[-82.577981,36.017014],[-82.57748,36.015075],[-82.577053,36.014218],[-82.576817,36.014229],[-82.576264,36.013467],[-82.576096,36.014458],[-82.575737,36.014496],[-82.576087,36.013435],[-82.576045,36.013089],[-82.575544,36.014004],[-82.575518,36.014452],[-82.575191,36.014425],[-82.575241,36.01398],[-82.575871,36.013139],[-82.575663,36.01227],[-82.575048,36.012026],[-82.575385,36.012715],[-82.575115,36.012863],[-82.574622,36.012298],[-82.574698,36.011857],[-82.574211,36.011352],[-82.574045,36.01086],[-82.573398,36.010371],[-82.572637,36.010503],[-82.573824,36.011402],[-82.574305,36.012119],[-82.574444,36.012851],[-82.575023,36.013134],[-82.575055,36.013733],[-82.574801,36.013841],[-82.574593,36.013317],[-82.573869,36.012893],[-82.573849,36.0118],[-82.573574,36.011778],[-82.573228,36.011384],[-82.573076,36.011711],[-82.573574,36.012466],[-82.573394,36.01251],[-82.572935,36.012273],[-82.57274,36.011945],[-82.572779,36.011309],[-82.572531,36.01091],[-82.572467,36.012012],[-82.572039,36.011836],[-82.572275,36.010637],[-82.571788,36.01017],[-82.571911,36.01081],[-82.57146,36.010922],[-82.571574,36.01008],[-82.571382,36.009844],[-82.572523,36.010364],[-82.574019,36.010142],[-82.574311,36.010641],[-82.574648,36.010698],[-82.574814,36.010929],[-82.575446,36.011225],[-82.57538,36.011385],[-82.574812,36.011264],[-82.574964,36.011599],[-82.576234,36.01227],[-82.576105,36.012912],[-82.577164,36.01313]],[[-82.572412,36.010521],[-82.572451,36.010628],[-82.572619,36.010755],[-82.572616,36.010682],[-82.572412,36.010521]]]}},{"id":"12402","type":"Feature","properties":{"OBJECTID":454,"max_category":0,"label":"0.01 to 0.10 inches","area_acres":1.3503264339243783,"county":"Unicoi County","watershed":"Rice Creek"},"geometry":{"type":"Polygon","coordinates":[[[-82.541357,35.99181],[-82.542247,35.991929],[-82.542656,35.992154],[-82.542676,35.992314],[-82.542163,35.992554],[-82.54133,35.991956],[-82.541095,35.992042],[-82.541357,35.99181]]]}},{"id":"12423","type":"Feature","properties":{"OBJECTID":6519,"max_category":0,"label":"0.01 to 0.10 inches","area_acres":0.8026187798638272,"county":"Unicoi County","watershed":"Rice Creek"},"geometry":{"type":"Polygon","coordinates":[[[-82.555686,36.013769],[-82.555836,36.013958],[-82.555131,36.014548],[-82.555186,36.014063],[-82.555686,36.013769]]]}},{"id":"12427","type":"Feature","properties":{"OBJECTID":6544,"max_category":0,"label":"0.01 to 0.10 inches","area_acres":1.1062869009118346,"county":"Unicoi County","watershed":"Rice Creek"},"geometry":{"type":"Polygon","coordinates":[[[-82.552839,36.004423],[-82.553461,36.00468],[-82.554201,36.004636],[-82.554225,36.004867],[-82.553084,36.004888],[-82.552601,36.004753],[-82.552535,36.004574],[-82.552839,36.004423]]]}},{"id":"12432","type":"Feature","properties":{"OBJECTID":6517,"max_category":0,"label":"0.01 to 0.10 inches","area_acres":0.49523096349754653,"county":"Unicoi County","watershed":"Rice Creek"},"geometry":{"type":"Polygon","coordinates":[[[-82.55369,36.009154],[-82.55401,36.009307],[-82.553395,36.009598],[-82.55325,36.00934],[-82.55369,36.009154]]]}},{"id":"12434","type":"Feature","properties":{"OBJECTID":3607,"max_category":0,"label":"0.01 to 0.10 inches","area_acres":10.607708069482285,"county":"Unicoi County","watershed":"Rice Creek"},"geometry":{"type":"Polygon","coordinates":[[[-82.530628,35.994732],[-82.531199,35.994774],[-82.531328,35.994916],[-82.5311,35.99508],[-82.530442,35.995073],[-82.530148,35.995586],[-82.529861,35.995539],[-82.529565,35.994094],[-82.529215,35.993786],[-82.529064,35.9927],[-82.529263,35.992611],[-82.529114,35.992295],[-82.529207,35.991958],[-82.529515,35.991718],[-82.529996,35.995454],[-82.530213,35.995006],[-82.530083,35.992771],[-82.52977,35.991837],[-82.529902,35.991565],[-82.530169,35.991863],[-82.530485,35.991848],[-82.530557,35.993431],[-82.530745,35.993231],[-82.530912,35.992207],[-82.531083,35.992003],[-82.531241,35.992082],[-82.531076,35.992962],[-82.531354,35.993151],[-82.530702,35.993649],[-82.530619,35.994061],[-82.531276,35.993978],[-82.531495,35.994146],[-82.531475,35.994353],[-82.530755,35.994486],[-82.530628,35.994732]]]}},{"id":"12437","type":"Feature","properties":{"OBJECTID":6513,"max_category":0,"label":"0.01 to 0.10 inches","area_acres":1.8064902246253103,"county":"Unicoi County","watershed":"Rice Creek"},"geometry":{"type":"Polygon","coordinates":[[[-82.561199,36.007588],[-82.561263,36.007825],[-82.56074,36.007855],[-82.559609,36.00867],[-82.559489,36.009228],[-82.559262,36.00897],[-82.558979,36.009032],[-82.558711,36.008895],[-82.5593,36.008478],[-82.56004,36.008227],[-82.560654,36.007724],[-82.561199,36.007588]]]}},{"id":"12448","type":"Feature","properties":{"OBJECTID":6431,"max_category":0,"label":"0.01 to 0.10 inches","area_acres":2.0671310243750676,"county":"Unicoi County","watershed":"Rice Creek"},"geometry":{"type":"Polygon","coordinates":[[[-82.537259,36.004793],[-82.537448,36.005119],[-82.536282,36.005967],[-82.535959,36.006646],[-82.535739,36.006727],[-82.53568,36.006211],[-82.53601,36.005741],[-82.537259,36.004793]]]}},{"id":"12469","type":"Feature","properties":{"OBJECTID":6224,"max_category":0,"label":"0.01 to 0.10 inches","area_acres":9.912546006841193,"county":"Unicoi County","watershed":"Upper South Indian Creek"},"geometry":{"type":"Polygon","coordinates":[[[-82.525848,36.013837],[-82.526317,36.014069],[-82.525749,36.014928],[-82.526771,36.015413],[-82.526765,36.015582],[-82.52649,36.015674],[-82.527091,36.016429],[-82.527036,36.016682],[-82.526829,36.01671],[-82.526179,36.01611],[-82.52603,36.015362],[-82.525662,36.015057],[-82.524827,36.015026],[-82.526258,36.016778],[-82.526305,36.016969],[-82.526136,36.017077],[-82.525789,36.017012],[-82.525583,36.016668],[-82.525459,36.016792],[-82.525289,36.016736],[-82.525282,36.01607],[-82.524982,36.015711],[-82.524797,36.015851],[-82.524662,36.015748],[-82.524735,36.015152],[-82.524407,36.014983],[-82.523678,36.015059],[-82.524421,36.016339],[-82.525295,36.01714],[-82.525339,36.017359],[-82.525143,36.017462],[-82.524612,36.016996],[-82.524539,36.017209],[-82.524364,36.01723],[-82.524364,36.016729],[-82.523945,36.016272],[-82.523605,36.015581],[-82.523621,36.015212],[-82.523378,36.015038],[-82.524024,36.014824],[-82.52545,36.014865],[-82.525467,36.014006],[-82.525848,36.013837]]]}},{"id":"12471","type":"Feature","properties":{"OBJECTID":6251,"max_category":0,"label":"0.01 to 0.10 inches","area_acres":30.14488144751998,"county":"Unicoi County","watershed":"Upper South Indian Creek"},"geometry":{"type":"Polygon","coordinates":[[[-82.525825,36.017191],[-82.526267,36.017364],[-82.526405,36.017644],[-82.526341,36.018456],[-82.526616,36.018559],[-82.526367,36.019063],[-82.526493,36.019606],[-82.526626,36.019816],[-82.527108,36.020021],[-82.527351,36.020672],[-82.527265,36.021825],[-82.527002,36.022671],[-82.527305,36.02355],[-82.527697,36.022258],[-82.528173,36.021811],[-82.528936,36.021459],[-82.529082,36.020707],[-82.529342,36.020758],[-82.529333,36.021114],[-82.529766,36.020852],[-82.53,36.020455],[-82.530222,36.020463],[-82.530326,36.020675],[-82.530851,36.020429],[-82.531989,36.020284],[-82.532211,36.020395],[-82.532073,36.020664],[-82.530492,36.020959],[-82.531897,36.021003],[-82.532242,36.020777],[-82.532399,36.020829],[-82.532112,36.021274],[-82.529909,36.0212],[-82.52933,36.021356],[-82.530047,36.021526],[-82.529852,36.021969],[-82.52915,36.021635],[-82.528445,36.021931],[-82.528888,36.022188],[-82.529528,36.022194],[-82.529437,36.022392],[-82.529666,36.022548],[-82.529449,36.022805],[-82.528575,36.02249],[-82.528459,36.022164],[-82.528105,36.022051],[-82.527863,36.022318],[-82.527751,36.022908],[-82.528421,36.022504],[-82.528826,36.022811],[-82.528313,36.022974],[-82.528638,36.023123],[-82.528456,36.023301],[-82.527712,36.023134],[-82.527313,36.02386],[-82.527149,36.023817],[-82.526998,36.023182],[-82.524548,36.022576],[-82.523376,36.021661],[-82.522742,36.020652],[-82.522012,36.020185],[-82.522164,36.019898],[-82.52239,36.019879],[-82.522671,36.01998],[-82.522876,36.020453],[-82.522963,36.020031],[-82.523186,36.019945],[-82.523249,36.020738],[-82.523685,36.020359],[-82.523958,36.020369],[-82.5241,36.020629],[-82.523509,36.021015],[-82.523563,36.021476],[-82.523724,36.021598],[-82.524376,36.021615],[-82.524757,36.022115],[-82.525554,36.022349],[-82.526242,36.022786],[-82.526861,36.022769],[-82.527082,36.021639],[-82.526347,36.021063],[-82.52656,36.020967],[-82.527033,36.021225],[-82.527177,36.020716],[-82.526963,36.020448],[-82.526044,36.019911],[-82.525073,36.020049],[-82.524618,36.020412],[-82.524319,36.020399],[-82.524389,36.020142],[-82.523623,36.019892],[-82.52369,36.0197],[-82.525482,36.019593],[-82.524761,36.019206],[-82.523887,36.019076],[-82.523821,36.018919],[-82.524048,36.01859],[-82.52458,36.018821],[-82.525032,36.01882],[-82.526114,36.019575],[-82.525927,36.019213],[-82.524597,36.018182],[-82.524708,36.017821],[-82.525045,36.017798],[-82.525428,36.018523],[-82.52578,36.018598],[-82.52607,36.017835],[-82.525524,36.017713],[-82.52541,36.017435],[-82.525825,36.017191]],[[-82.526901,36.02291],[-82.526593,36.022919],[-82.526921,36.023042],[-82.526901,36.02291]]]}},{"id":"12487","type":"Feature","properties":{"OBJECTID":6504,"max_category":0,"label":"0.01 to 0.10 inches","area_acres":0.6167785088539226,"county":"Unicoi County","watershed":"Rice Creek"},"geometry":{"type":"Polygon","coordinates":[[[-82.554377,36.011375],[-82.555277,36.011395],[-82.555399,36.01154],[-82.555087,36.011675],[-82.55437,36.011586],[-82.554377,36.011375]]]}},{"id":"12488","type":"Feature","properties":{"OBJECTID":3753,"max_category":0,"label":"0.01 to 0.10 inches","area_acres":2.163569106121298,"county":"Unicoi County","watershed":"Rice Creek"},"geometry":{"type":"Polygon","coordinates":[[[-82.535414,35.993576],[-82.535765,35.993735],[-82.536218,35.994495],[-82.536252,35.995287],[-82.535965,35.995847],[-82.535854,35.995582],[-82.535996,35.99498],[-82.535454,35.99417],[-82.535073,35.993969],[-82.535414,35.993576]]]}},{"id":"12494","type":"Feature","properties":{"OBJECTID":2998,"max_category":0,"label":"0.01 to 0.10 inches","area_acres":5.641141202253322,"county":"Unicoi County","watershed":"Rice Creek"},"geometry":{"type":"Polygon","coordinates":[[[-82.539267,35.989644],[-82.539263,35.989812],[-82.538366,35.989868],[-82.536524,35.990278],[-82.536235,35.99073],[-82.536014,35.990813],[-82.535944,35.990618],[-82.536215,35.990177],[-82.535175,35.990949],[-82.535083,35.990786],[-82.535861,35.990077],[-82.535054,35.989993],[-82.534846,35.990175],[-82.534813,35.990802],[-82.534405,35.990587],[-82.534206,35.990933],[-82.533891,35.990986],[-82.533646,35.990716],[-82.534047,35.990323],[-82.533361,35.99039],[-82.533665,35.990061],[-82.534697,35.989832],[-82.536784,35.990106],[-82.538306,35.989728],[-82.539267,35.989644]]]}},{"id":"12496","type":"Feature","properties":{"OBJECTID":6547,"max_category":0,"label":"0.01 to 0.10 inches","area_acres":5.856098396437683,"county":"Unicoi County","watershed":"Rice Creek"},"geometry":{"type":"Polygon","coordinates":[[[-82.564357,36.005544],[-82.565,36.005608],[-82.565299,36.005119],[-82.566174,36.004794],[-82.566084,36.005071],[-82.566388,36.005222],[-82.56583,36.00552],[-82.565826,36.005721],[-82.566451,36.005489],[-82.566926,36.006043],[-82.566202,36.005965],[-82.565987,36.006078],[-82.56531,36.005742],[-82.564475,36.005711],[-82.565513,36.006418],[-82.566522,36.006623],[-82.566723,36.007078],[-82.566359,36.007218],[-82.565649,36.006776],[-82.565796,36.007136],[-82.56552,36.007148],[-82.5653,36.006689],[-82.564185,36.005684],[-82.564357,36.005544]]]}},{"id":"12503","type":"Feature","properties":{"OBJECTID":3623,"max_category":0,"label":"0.01 to 0.10 inches","area_acres":1.6255566896770046,"county":"Unicoi County","watershed":"Rice Creek"},"geometry":{"type":"Polygon","coordinates":[[[-82.537965,35.993887],[-82.538713,35.99469],[-82.539133,35.994726],[-82.538521,35.995137],[-82.538179,35.994958],[-82.538051,35.994781],[-82.538159,35.994679],[-82.537731,35.994318],[-82.537965,35.993887]]]}},{"id":"12509","type":"Feature","properties":{"OBJECTID":6493,"max_category":0,"label":"0.01 to 0.10 inches","area_acres":1.6065836281469696,"county":"Unicoi County","watershed":"Rice Creek"},"geometry":{"type":"Polygon","coordinates":[[[-82.545046,36.011852],[-82.545291,36.012035],[-82.545715,36.012027],[-82.545732,36.012535],[-82.545342,36.012809],[-82.54476,36.012688],[-82.545046,36.011852]]]}},{"id":"12511","type":"Feature","properties":{"OBJECTID":6516,"max_category":0,"label":"0.01 to 0.10 inches","area_acres":8.487107587000128,"county":"Unicoi County","watershed":"Rice Creek"},"geometry":{"type":"Polygon","coordinates":[[[-82.552444,36.007761],[-82.552697,36.007876],[-82.552879,36.008406],[-82.55346,36.008501],[-82.553454,36.008739],[-82.552985,36.008522],[-82.551113,36.008904],[-82.549853,36.008826],[-82.549328,36.008489],[-82.548839,36.008404],[-82.549327,36.008114],[-82.54908,36.007834],[-82.549155,36.007587],[-82.549684,36.007877],[-82.549757,36.008513],[-82.54995,36.008686],[-82.550631,36.008776],[-82.551885,36.008646],[-82.550753,36.007815],[-82.549853,36.007851],[-82.549887,36.007655],[-82.55048,36.007463],[-82.550828,36.007634],[-82.550322,36.007251],[-82.549465,36.007291],[-82.549353,36.007138],[-82.549513,36.007052],[-82.549007,36.006972],[-82.548866,36.006699],[-82.549158,36.006579],[-82.549176,36.006307],[-82.549368,36.006289],[-82.549868,36.006846],[-82.55007,36.006895],[-82.550096,36.006644],[-82.550293,36.006662],[-82.550712,36.007298],[-82.55083,36.006575],[-82.551229,36.006601],[-82.551358,36.007241],[-82.551075,36.007705],[-82.551328,36.008082],[-82.551989,36.008529],[-82.552589,36.008488],[-82.552366,36.007954],[-82.552444,36.007761]]]}},{"id":"12525","type":"Feature","properties":{"OBJECTID":3811,"max_category":0,"label":"0.01 to 0.10 inches","area_acres":2.4479604657734426,"county":"Unicoi County","watershed":"Rice Creek"},"geometry":{"type":"Polygon","coordinates":[[[-82.576542,36.007222],[-82.5777,36.008096],[-82.578317,36.007941],[-82.579119,36.008319],[-82.579125,36.008567],[-82.578787,36.008549],[-82.578983,36.008891],[-82.578693,36.008854],[-82.57808,36.008392],[-82.57772,36.008385],[-82.576518,36.007475],[-82.576542,36.007222]]]}},{"id":"12532","type":"Feature","properties":{"OBJECTID":2997,"max_category":0,"label":"0.01 to 0.10 inches","area_acres":0.8840326301459962,"county":"Unicoi County","watershed":"Rice Creek"},"geometry":{"type":"Polygon","coordinates":[[[-82.539174,35.990609],[-82.539177,35.990813],[-82.538652,35.990986],[-82.538363,35.991438],[-82.5382,35.991418],[-82.538666,35.990479],[-82.539174,35.990609]]]}},{"id":"12534","type":"Feature","properties":{"OBJECTID":6225,"max_category":0,"label":"0.01 to 0.10 inches","area_acres":0.9451016402780232,"county":"Unicoi County","watershed":"Rice Creek"},"geometry":{"type":"Polygon","coordinates":[[[-82.537139,36.017469],[-82.53746,36.017789],[-82.537833,36.017913],[-82.538218,36.018387],[-82.537632,36.017982],[-82.536994,36.017914],[-82.536705,36.01773],[-82.536723,36.017603],[-82.537139,36.017469]]]}},{"id":"12542","type":"Feature","properties":{"OBJECTID":4464,"max_category":0,"label":"0.01 to 0.10 inches","area_acres":7.777554732092152,"county":"Unicoi County","watershed":"Rice Creek"},"geometry":{"type":"Polygon","coordinates":[[[-82.577183,36.004125],[-82.577305,36.004275],[-82.576889,36.004674],[-82.57674,36.005119],[-82.576757,36.005499],[-82.576963,36.005582],[-82.576553,36.006251],[-82.57667,36.006859],[-82.576323,36.006852],[-82.57584,36.007138],[-82.575409,36.007059],[-82.575408,36.006933],[-82.575788,36.006995],[-82.576229,36.006724],[-82.576162,36.005211],[-82.576402,36.00452],[-82.576379,36.003926],[-82.576941,36.003706],[-82.57701,36.002923],[-82.576852,36.002341],[-82.577598,36.001736],[-82.577108,36.001202],[-82.57714,36.000855],[-82.577458,36.000913],[-82.577485,36.001327],[-82.577775,36.00176],[-82.577274,36.002257],[-82.577456,36.002961],[-82.577142,36.003512],[-82.577151,36.003695],[-82.577321,36.00329],[-82.577646,36.003235],[-82.577756,36.003676],[-82.577075,36.003914],[-82.576837,36.004207],[-82.577183,36.004125]]]}},{"id":"12545","type":"Feature","properties":{"OBJECTID":6223,"max_category":0,"label":"0.01 to 0.10 inches","area_acres":5.476662048181267,"county":"Unicoi County","watershed":"Rice Creek"},"geometry":{"type":"Polygon","coordinates":[[[-82.527425,36.014577],[-82.527057,36.014467],[-82.527046,36.014274],[-82.528425,36.013239],[-82.527951,36.013122],[-82.526899,36.013777],[-82.52656,36.013746],[-82.527447,36.012953],[-82.528016,36.012868],[-82.528696,36.01315],[-82.529128,36.013055],[-82.529252,36.012886],[-82.529741,36.013065],[-82.530548,36.013041],[-82.530871,36.012302],[-82.530699,36.01323],[-82.529733,36.013932],[-82.52927,36.014073],[-82.529148,36.013946],[-82.530219,36.013221],[-82.528601,36.013295],[-82.528292,36.013565],[-82.528186,36.013943],[-82.527425,36.014577]]]}},{"id":"12554","type":"Feature","properties":{"OBJECTID":3824,"max_category":0,"label":"0.01 to 0.10 inches","area_acres":6.060925176369769,"county":"Unicoi County","watershed":"Rice Creek"},"geometry":{"type":"Polygon","coordinates":[[[-82.567037,36.011844],[-82.567631,36.012211],[-82.567958,36.012219],[-82.568745,36.012921],[-82.569164,36.012613],[-82.569459,36.012612],[-82.569516,36.012766],[-82.569064,36.013076],[-82.569493,36.013119],[-82.570011,36.012951],[-82.570158,36.01313],[-82.569765,36.013347],[-82.569904,36.013492],[-82.570751,36.013578],[-82.571328,36.01348],[-82.571461,36.013746],[-82.571165,36.01401],[-82.57029,36.013857],[-82.570072,36.014288],[-82.569827,36.014083],[-82.569734,36.013601],[-82.569157,36.013408],[-82.569383,36.01394],[-82.569153,36.014004],[-82.568899,36.013776],[-82.568871,36.01321],[-82.568488,36.012921],[-82.567731,36.012532],[-82.567672,36.013004],[-82.567424,36.012992],[-82.567373,36.012237],[-82.56679,36.011996],[-82.567037,36.011844]]]}},{"id":"12556","type":"Feature","properties":{"OBJECTID":3609,"max_category":0,"label":"0.01 to 0.10 inches","area_acres":8.554031828935074,"county":"Unicoi County","watershed":"Rice Creek"},"geometry":{"type":"Polygon","coordinates":[[[-82.523332,35.99497],[-82.523452,35.995093],[-82.523137,35.995404],[-82.523703,35.996859],[-82.523541,35.997102],[-82.523251,35.997118],[-82.522956,35.995965],[-82.522621,35.996862],[-82.522921,35.997518],[-82.522806,35.997774],[-82.522326,35.997851],[-82.522298,35.997327],[-82.522027,35.997487],[-82.521928,35.997364],[-82.522153,35.997107],[-82.522331,35.996331],[-82.522742,35.995881],[-82.522732,35.995644],[-82.522218,35.99612],[-82.521796,35.996944],[-82.521321,35.997272],[-82.521346,35.997736],[-82.521021,35.997794],[-82.520934,35.997376],[-82.520202,35.997546],[-82.520265,35.99733],[-82.520983,35.996989],[-82.521877,35.996208],[-82.521261,35.996038],[-82.521244,35.995848],[-82.522477,35.995599],[-82.523332,35.99497]]]}},{"id":"12569","type":"Feature","properties":{"OBJECTID":6536,"max_category":0,"label":"0.01 to 0.10 inches","area_acres":0.4196867584775447,"county":"Unicoi County","watershed":"Rice Creek"},"geometry":{"type":"Polygon","coordinates":[[[-82.561258,36.008164],[-82.561403,36.008501],[-82.560841,36.008545],[-82.560864,36.008306],[-82.561258,36.008164]]]}},{"id":"12578","type":"Feature","properties":{"OBJECTID":3628,"max_category":0,"label":"0.01 to 0.10 inches","area_acres":0.9326538725911638,"county":"Unicoi County","watershed":"Rice Creek"},"geometry":{"type":"Polygon","coordinates":[[[-82.533979,35.9948],[-82.534138,35.994931],[-82.534391,35.995945],[-82.534191,35.995894],[-82.533672,35.995119],[-82.533714,35.994887],[-82.533979,35.9948]]]}},{"id":"12582","type":"Feature","properties":{"OBJECTID":5,"max_category":0,"label":"0.01 to 0.10 inches","area_acres":15.781766728678585,"county":"Unicoi County","watershed":"Rice Creek"},"geometry":{"type":"Polygon","coordinates":[[[-82.546992,35.999151],[-82.547885,35.999427],[-82.54832,35.999442],[-82.54801,35.998945],[-82.548076,35.998632],[-82.548261,35.998537],[-82.54854,35.998609],[-82.548593,35.999379],[-82.54976,35.999371],[-82.548878,35.999706],[-82.54826,36.000445],[-82.546267,36.002063],[-82.546051,36.001825],[-82.547072,36.001044],[-82.546843,36.000871],[-82.547092,36.000714],[-82.546427,36.000507],[-82.546368,36.000347],[-82.546785,36.00023],[-82.547758,36.000503],[-82.548935,35.999512],[-82.547513,35.999608],[-82.546934,35.999432],[-82.546365,35.999504],[-82.546053,35.999663],[-82.545909,36.000357],[-82.545668,36.000241],[-82.545664,35.999746],[-82.544768,36.000402],[-82.54459,36.000304],[-82.544497,35.999771],[-82.545021,35.999513],[-82.544715,35.999262],[-82.544519,35.999365],[-82.543909,35.999135],[-82.543099,35.999106],[-82.54299,35.999201],[-82.543217,35.999797],[-82.543374,35.999915],[-82.54394,35.999789],[-82.54413,35.999887],[-82.544069,36.000053],[-82.543574,36.000226],[-82.54462,36.000383],[-82.544878,36.000745],[-82.544835,36.000926],[-82.544624,36.000983],[-82.543865,36.000688],[-82.544539,36.001497],[-82.54435,36.001679],[-82.543766,36.001203],[-82.543681,36.001359],[-82.543524,36.001333],[-82.543471,36.000343],[-82.542978,35.999751],[-82.54285,35.999289],[-82.541996,35.999115],[-82.542859,35.999106],[-82.543049,35.998748],[-82.543811,35.998777],[-82.544066,35.998658],[-82.544742,35.99923],[-82.545278,35.999365],[-82.546651,35.99916],[-82.546796,35.998827],[-82.546958,35.998866],[-82.546992,35.999151]]]}},{"id":"12587","type":"Feature","properties":{"OBJECTID":3815,"max_category":0,"label":"0.01 to 0.10 inches","area_acres":1.2052217520666764,"county":"Unicoi County","watershed":"Rice Creek"},"geometry":{"type":"Polygon","coordinates":[[[-82.574053,36.005553],[-82.574437,36.005392],[-82.574469,36.005786],[-82.575136,36.006432],[-82.574855,36.006669],[-82.574062,36.005795],[-82.574053,36.005553]]]}},{"id":"12597","type":"Feature","properties":{"OBJECTID":3871,"max_category":0,"label":"0.01 to 0.10 inches","area_acres":0.6406018767067619,"county":"Unicoi County","watershed":"Rice Creek"},"geometry":{"type":"Polygon","coordinates":[[[-82.549916,35.992606],[-82.550064,35.993269],[-82.549695,35.993467],[-82.549456,35.993304],[-82.549812,35.993008],[-82.549916,35.992606]]]}},{"id":"12598","type":"Feature","properties":{"OBJECTID":147,"max_category":0,"label":"0.01 to 0.10 inches","area_acres":8.179861866370588,"county":"Unicoi County","watershed":"Rice Creek"},"geometry":{"type":"Polygon","coordinates":[[[-82.53349,36.003693],[-82.533584,36.003885],[-82.533396,36.004095],[-82.532131,36.004726],[-82.530295,36.004835],[-82.529759,36.005016],[-82.526881,36.005099],[-82.526727,36.004963],[-82.527085,36.004732],[-82.527859,36.004683],[-82.52709,36.004456],[-82.527273,36.00401],[-82.527566,36.004041],[-82.528215,36.004477],[-82.529015,36.004512],[-82.529649,36.004766],[-82.530176,36.004723],[-82.529728,36.004384],[-82.529188,36.00432],[-82.529123,36.003764],[-82.529738,36.003984],[-82.530421,36.004634],[-82.531119,36.004613],[-82.530948,36.00406],[-82.530102,36.003788],[-82.530213,36.003431],[-82.530655,36.003512],[-82.530959,36.003794],[-82.531332,36.00458],[-82.532071,36.004586],[-82.533296,36.003973],[-82.53349,36.003693]],[[-82.529448,36.004882],[-82.529112,36.004869],[-82.529086,36.004892],[-82.529448,36.004882]]]}},{"id":"12604","type":"Feature","properties":{"OBJECTID":6426,"max_category":0,"label":"0.01 to 0.10 inches","area_acres":0.8415958509568293,"county":"Unicoi County","watershed":"Rice Creek"},"geometry":{"type":"Polygon","coordinates":[[[-82.537217,36.002293],[-82.537535,36.002268],[-82.537952,36.002665],[-82.538003,36.002887],[-82.537804,36.003096],[-82.537182,36.002456],[-82.537217,36.002293]]]}},{"id":"12607","type":"Feature","properties":{"OBJECTID":6521,"max_category":0,"label":"0.01 to 0.10 inches","area_acres":3.396391145888936,"county":"Unicoi County","watershed":"Rice Creek"},"geometry":{"type":"Polygon","coordinates":[[[-82.551945,36.012558],[-82.552146,36.013584],[-82.55284,36.013897],[-82.552914,36.014118],[-82.552542,36.014331],[-82.552191,36.013998],[-82.552177,36.014496],[-82.551893,36.014572],[-82.55146,36.014293],[-82.551879,36.013811],[-82.551865,36.012731],[-82.551568,36.012752],[-82.551454,36.013736],[-82.551063,36.013905],[-82.55099,36.013615],[-82.551409,36.013138],[-82.551406,36.012657],[-82.551945,36.012558]]]}},{"id":"12613","type":"Feature","properties":{"OBJECTID":3852,"max_category":0,"label":"0.01 to 0.10 inches","area_acres":5.819935421365368,"county":"Unicoi County","watershed":"Rice Creek"},"geometry":{"type":"Polygon","coordinates":[[[-82.569964,35.99389],[-82.570142,35.994023],[-82.570855,35.994084],[-82.571659,35.994033],[-82.572111,35.992866],[-82.572466,35.992918],[-82.572407,35.993269],[-82.57275,35.993291],[-82.572958,35.993212],[-82.573136,35.992839],[-82.573498,35.993074],[-82.573841,35.992956],[-82.574464,35.993468],[-82.574333,35.993629],[-82.573319,35.99333],[-82.572217,35.993528],[-82.571907,35.994026],[-82.572816,35.993863],[-82.573716,35.99415],[-82.573362,35.99437],[-82.573113,35.994326],[-82.572979,35.994494],[-82.57242,35.994319],[-82.572407,35.994704],[-82.572008,35.994276],[-82.570089,35.994165],[-82.569887,35.994042],[-82.569964,35.99389]]]}},{"id":"12627","type":"Feature","properties":{"OBJECTID":6541,"max_category":0,"label":"0.01 to 0.10 inches","area_acres":0.7975227260912843,"county":"Unicoi County","watershed":"Rice Creek"},"geometry":{"type":"Polygon","coordinates":[[[-82.55041,36.011503],[-82.550679,36.0118],[-82.550709,36.012516],[-82.550131,36.011734],[-82.550146,36.011532],[-82.55041,36.011503]]]}},{"id":"12636","type":"Feature","properties":{"OBJECTID":3889,"max_category":0,"label":"0.01 to 0.10 inches","area_acres":4.23672621652652,"county":"Unicoi County","watershed":"Rice Creek"},"geometry":{"type":"Polygon","coordinates":[[[-82.549986,35.991889],[-82.550303,35.992049],[-82.550323,35.992285],[-82.549959,35.992035],[-82.548456,35.992406],[-82.547979,35.992708],[-82.547763,35.99325],[-82.547493,35.993137],[-82.547471,35.99282],[-82.546436,35.993455],[-82.546079,35.99319],[-82.545109,35.992941],[-82.545233,35.99277],[-82.546015,35.993049],[-82.546618,35.993031],[-82.547142,35.992802],[-82.545939,35.992805],[-82.545807,35.992691],[-82.545892,35.992496],[-82.54611,35.992444],[-82.546618,35.992648],[-82.546538,35.992381],[-82.546667,35.992288],[-82.547041,35.992552],[-82.547718,35.99267],[-82.549046,35.992032],[-82.549986,35.991889]]]}},{"id":"12640","type":"Feature","properties":{"OBJECTID":3899,"max_category":0,"label":"0.01 to 0.10 inches","area_acres":1.2111413688109274,"county":"Unicoi County","watershed":"Rice Creek"},"geometry":{"type":"Polygon","coordinates":[[[-82.549218,35.998261],[-82.54971,35.998632],[-82.55016,35.999242],[-82.549852,35.999278],[-82.548994,35.998603],[-82.548911,35.998388],[-82.549218,35.998261]]]}},{"id":"12643","type":"Feature","properties":{"OBJECTID":3878,"max_category":0,"label":"0.01 to 0.10 inches","area_acres":9.787040123411156,"county":"Unicoi County","watershed":"Rice Creek"},"geometry":{"type":"Polygon","coordinates":[[[-82.556847,35.995593],[-82.557525,35.995838],[-82.557827,35.996279],[-82.559074,35.99579],[-82.558814,35.996021],[-82.558975,35.99659],[-82.559066,35.996765],[-82.559726,35.99708],[-82.559666,35.99733],[-82.559398,35.997443],[-82.55903,35.997143],[-82.5586,35.99789],[-82.558333,35.998081],[-82.558098,35.998004],[-82.558879,35.996867],[-82.558642,35.996114],[-82.558354,35.996322],[-82.558375,35.996875],[-82.557958,35.997737],[-82.557732,35.997809],[-82.557657,35.997528],[-82.558128,35.996724],[-82.558113,35.996386],[-82.557558,35.99669],[-82.557706,35.997],[-82.557386,35.997421],[-82.557532,35.997965],[-82.557161,35.997662],[-82.557197,35.99803],[-82.556867,35.998029],[-82.556656,35.997763],[-82.557106,35.997331],[-82.557323,35.996867],[-82.556961,35.99718],[-82.556421,35.997311],[-82.556482,35.997022],[-82.556259,35.996875],[-82.556921,35.996718],[-82.556124,35.996715],[-82.556022,35.996513],[-82.556601,35.99637],[-82.556085,35.996162],[-82.556264,35.995942],[-82.556958,35.996264],[-82.557013,35.996044],[-82.556699,35.995756],[-82.556847,35.995593]]]}},{"id":"12651","type":"Feature","properties":{"OBJECTID":209,"max_category":0,"label":"0.01 to 0.10 inches","area_acres":41.211245321016165,"county":"Unicoi County","watershed":"Rice Creek"},"geometry":{"type":"Polygon","coordinates":[[[-82.565687,36.01268],[-82.566247,36.013049],[-82.56708,36.013229],[-82.567937,36.013822],[-82.568447,36.013546],[-82.568698,36.013809],[-82.568275,36.014078],[-82.569022,36.014589],[-82.569809,36.014786],[-82.570376,36.014715],[-82.57158,36.013966],[-82.572932,36.013927],[-82.573417,36.014184],[-82.573311,36.014352],[-82.572964,36.014397],[-82.57164,36.014106],[-82.570221,36.014912],[-82.571911,36.015],[-82.572641,36.014484],[-82.572795,36.014578],[-82.572667,36.01506],[-82.573165,36.015046],[-82.573779,36.01434],[-82.57391,36.014555],[-82.57372,36.014865],[-82.574879,36.014583],[-82.575105,36.014891],[-82.574256,36.015129],[-82.5742,36.015295],[-82.573599,36.015229],[-82.573068,36.015356],[-82.572023,36.015167],[-82.572654,36.01561],[-82.573867,36.015688],[-82.574345,36.016003],[-82.574268,36.016231],[-82.573988,36.016372],[-82.573336,36.015843],[-82.572536,36.015716],[-82.573326,36.016624],[-82.573204,36.016846],[-82.573017,36.016866],[-82.572654,36.016442],[-82.572647,36.017045],[-82.572423,36.016994],[-82.572333,36.015748],[-82.572154,36.015534],[-82.57158,36.015152],[-82.570572,36.015044],[-82.57103,36.015603],[-82.571541,36.01562],[-82.571532,36.015851],[-82.571846,36.016168],[-82.571591,36.016251],[-82.571324,36.016149],[-82.571315,36.016296],[-82.571944,36.016559],[-82.572154,36.016947],[-82.57203,36.017081],[-82.571514,36.016668],[-82.571407,36.016843],[-82.571657,36.017246],[-82.57121,36.017445],[-82.571012,36.017247],[-82.570775,36.017253],[-82.571061,36.016826],[-82.571052,36.015868],[-82.570643,36.015529],[-82.57055,36.015223],[-82.569968,36.014952],[-82.569798,36.015653],[-82.570126,36.016193],[-82.570754,36.016617],[-82.570551,36.017079],[-82.570379,36.01667],[-82.570112,36.016637],[-82.570314,36.017372],[-82.570138,36.017446],[-82.569684,36.017065],[-82.569767,36.015878],[-82.569615,36.015491],[-82.569796,36.014998],[-82.568701,36.014568],[-82.568626,36.015165],[-82.569223,36.015672],[-82.569166,36.015853],[-82.568821,36.015768],[-82.56923,36.016579],[-82.569107,36.017081],[-82.568896,36.01715],[-82.568782,36.016566],[-82.568494,36.016165],[-82.568521,36.014485],[-82.567977,36.014021],[-82.567897,36.014321],[-82.567644,36.014431],[-82.567614,36.013826],[-82.566563,36.013585],[-82.565657,36.012824],[-82.565324,36.012834],[-82.564969,36.01317],[-82.566333,36.013644],[-82.56778,36.014819],[-82.568089,36.01538],[-82.568141,36.015782],[-82.5679,36.015916],[-82.567592,36.015601],[-82.567527,36.014954],[-82.567155,36.014567],[-82.566102,36.013957],[-82.566024,36.014579],[-82.565831,36.014624],[-82.565644,36.014439],[-82.565639,36.01358],[-82.565482,36.013461],[-82.564418,36.013381],[-82.564395,36.013559],[-82.565087,36.014218],[-82.565357,36.014724],[-82.565635,36.014788],[-82.565722,36.014961],[-82.566378,36.015036],[-82.566277,36.01519],[-82.565854,36.015263],[-82.565908,36.015684],[-82.566138,36.015938],[-82.56782,36.016029],[-82.568432,36.016351],[-82.568391,36.016561],[-82.567929,36.016496],[-82.568425,36.016905],[-82.568266,36.017062],[-82.566883,36.016059],[-82.566489,36.016126],[-82.567853,36.017027],[-82.567732,36.017215],[-82.567391,36.017115],[-82.567578,36.017484],[-82.567363,36.017553],[-82.566946,36.01705],[-82.566765,36.017217],[-82.56655,36.016577],[-82.565705,36.015666],[-82.565437,36.015626],[-82.565292,36.014909],[-82.565029,36.015169],[-82.56484,36.015149],[-82.564727,36.014375],[-82.564286,36.014144],[-82.564002,36.013283],[-82.562906,36.0136],[-82.563484,36.014091],[-82.564011,36.014225],[-82.564454,36.014586],[-82.5644,36.014812],[-82.563796,36.014636],[-82.563709,36.014924],[-82.565026,36.015442],[-82.565333,36.015767],[-82.565219,36.015994],[-82.563558,36.015005],[-82.563516,36.014548],[-82.563038,36.014184],[-82.562943,36.013823],[-82.562714,36.013597],[-82.56229,36.013529],[-82.56252,36.013432],[-82.562626,36.012716],[-82.562974,36.012854],[-82.562953,36.013239],[-82.56273,36.013454],[-82.56338,36.013352],[-82.563549,36.01309],[-82.563953,36.012938],[-82.564171,36.012451],[-82.564389,36.012707],[-82.564225,36.013135],[-82.564526,36.012964],[-82.564788,36.013007],[-82.564993,36.012743],[-82.564868,36.012221],[-82.565028,36.01207],[-82.565231,36.012124],[-82.565471,36.012686],[-82.565687,36.01268]]]}},{"id":"12654","type":"Feature","properties":{"OBJECTID":3892,"max_category":0,"label":"0.01 to 0.10 inches","area_acres":0.5129407518425961,"county":"Unicoi County","watershed":"Rice Creek"},"geometry":{"type":"Polygon","coordinates":[[[-82.552013,35.990291],[-82.552601,35.990628],[-82.552566,35.990785],[-82.551824,35.99058],[-82.552013,35.990291]]]}},{"id":"12668","type":"Feature","properties":{"OBJECTID":6427,"max_category":0,"label":"0.01 to 0.10 inches","area_acres":1.0200879722023954,"county":"Unicoi County","watershed":"Rice Creek"},"geometry":{"type":"Polygon","coordinates":[[[-82.538051,36.002021],[-82.538559,36.002541],[-82.538938,36.003318],[-82.538513,36.003689],[-82.538372,36.003577],[-82.538688,36.003121],[-82.537944,36.002206],[-82.538051,36.002021]]]}},{"id":"12670","type":"Feature","properties":{"OBJECTID":560,"max_category":0,"label":"0.01 to 0.10 inches","area_acres":1.8302197679196126,"county":"Unicoi County","watershed":"Rice Creek"},"geometry":{"type":"Polygon","coordinates":[[[-82.540334,35.996237],[-82.540755,35.996528],[-82.542064,35.996466],[-82.54213,35.99672],[-82.541698,35.996808],[-82.541729,35.997055],[-82.540773,35.996859],[-82.54027,35.996382],[-82.539862,35.996519],[-82.540334,35.996237]]]}},{"id":"12690","type":"Feature","properties":{"OBJECTID":6428,"max_category":0,"label":"0.01 to 0.10 inches","area_acres":2.197259469046188,"county":"Unicoi County","watershed":"Rice Creek"},"geometry":{"type":"Polygon","coordinates":[[[-82.538676,36.003927],[-82.538948,36.004288],[-82.539249,36.00439],[-82.539301,36.004869],[-82.539071,36.004963],[-82.538544,36.004734],[-82.537776,36.005241],[-82.53763,36.004955],[-82.538352,36.004468],[-82.538403,36.00414],[-82.538676,36.003927]]]}},{"id":"12692","type":"Feature","properties":{"OBJECTID":144,"max_category":0,"label":"0.01 to 0.10 inches","area_acres":0.5413333647425922,"county":"Unicoi County","watershed":"Rice Creek"},"geometry":{"type":"Polygon","coordinates":[[[-82.534995,35.999443],[-82.535484,35.999732],[-82.535796,35.999732],[-82.535832,35.999829],[-82.535002,35.999851],[-82.534851,35.999711],[-82.534995,35.999443]]]}},{"id":"12700","type":"Feature","properties":{"OBJECTID":3818,"max_category":0,"label":"0.01 to 0.10 inches","area_acres":1.3833146327348371,"county":"Unicoi County","watershed":"Rice Creek"},"geometry":{"type":"Polygon","coordinates":[[[-82.57113,36.006474],[-82.571855,36.007216],[-82.571576,36.007507],[-82.571294,36.007189],[-82.5706,36.007078],[-82.570964,36.006973],[-82.570787,36.006725],[-82.57113,36.006474]]]}},{"id":"12701","type":"Feature","properties":{"OBJECTID":3627,"max_category":0,"label":"0.01 to 0.10 inches","area_acres":4.027943901915943,"county":"Unicoi County","watershed":"Rice Creek"},"geometry":{"type":"Polygon","coordinates":[[[-82.533261,35.996167],[-82.533347,35.996264],[-82.533086,35.996343],[-82.533094,35.996517],[-82.533427,35.997274],[-82.53304,35.997251],[-82.532815,35.997447],[-82.53281,35.996378],[-82.531521,35.996264],[-82.53105,35.995364],[-82.531335,35.995399],[-82.531852,35.996126],[-82.531864,35.995514],[-82.532153,35.995266],[-82.532008,35.994901],[-82.532129,35.994773],[-82.532428,35.994797],[-82.532559,35.995142],[-82.532212,35.995694],[-82.532231,35.996129],[-82.532557,35.996243],[-82.533261,35.996167]]]}},{"id":"12711","type":"Feature","properties":{"OBJECTID":6487,"max_category":0,"label":"0.01 to 0.10 inches","area_acres":1.3207164212670983,"county":"Unicoi County","watershed":"Upper South Indian Creek"},"geometry":{"type":"Polygon","coordinates":[[[-82.549399,36.016206],[-82.549588,36.016304],[-82.549721,36.016899],[-82.550016,36.016766],[-82.550161,36.016956],[-82.549736,36.017327],[-82.549324,36.017228],[-82.54918,36.016306],[-82.549399,36.016206]]]}},{"id":"12714","type":"Feature","properties":{"OBJECTID":2979,"max_category":0,"label":"0.01 to 0.10 inches","area_acres":1.7778355480701262,"county":"Unicoi County","watershed":"Rice Creek"},"geometry":{"type":"Polygon","coordinates":[[[-82.531053,35.998265],[-82.531246,35.998464],[-82.530738,35.999118],[-82.530747,35.999321],[-82.531059,35.999555],[-82.530935,35.999703],[-82.530441,35.999289],[-82.53019,35.998325],[-82.530564,35.998239],[-82.530695,35.998604],[-82.531053,35.998265]]]}},{"id":"12715","type":"Feature","properties":{"OBJECTID":3827,"max_category":0,"label":"0.01 to 0.10 inches","area_acres":2.3589497158974253,"county":"Unicoi County","watershed":"Rice Creek"},"geometry":{"type":"Polygon","coordinates":[[[-82.572392,36.004403],[-82.572481,36.004549],[-82.572036,36.005091],[-82.572046,36.005307],[-82.572773,36.005888],[-82.572883,36.006631],[-82.572412,36.007156],[-82.57236,36.00688],[-82.571776,36.00621],[-82.571988,36.006191],[-82.572528,36.006706],[-82.572706,36.006607],[-82.572609,36.005954],[-82.571963,36.005465],[-82.571687,36.004989],[-82.572392,36.004403]]]}},{"id":"12731","type":"Feature","properties":{"OBJECTID":3848,"max_category":0,"label":"0.01 to 0.10 inches","area_acres":1.6909299114620548,"county":"Unicoi County","watershed":"Rice Creek"},"geometry":{"type":"Polygon","coordinates":[[[-82.566333,35.992869],[-82.566351,35.993231],[-82.56577,35.993522],[-82.564649,35.993089],[-82.5641,35.993268],[-82.564157,35.992989],[-82.564696,35.992946],[-82.565362,35.993145],[-82.566333,35.992869]]]}},{"id":"12734","type":"Feature","properties":{"OBJECTID":3893,"max_category":0,"label":"0.01 to 0.10 inches","area_acres":1.2745290256185946,"county":"Unicoi County","watershed":"Rice Creek"},"geometry":{"type":"Polygon","coordinates":[[[-82.547908,35.993846],[-82.547993,35.993942],[-82.547711,35.994306],[-82.548195,35.994797],[-82.547474,35.994716],[-82.54714,35.995074],[-82.547091,35.994703],[-82.547908,35.993846]]]}},{"id":"12748","type":"Feature","properties":{"OBJECTID":6502,"max_category":0,"label":"0.01 to 0.10 inches","area_acres":1.432730899166214,"county":"Unicoi County","watershed":"Rice Creek"},"geometry":{"type":"Polygon","coordinates":[[[-82.555566,36.010281],[-82.556237,36.010558],[-82.556252,36.010937],[-82.55597,36.011123],[-82.555734,36.011051],[-82.555302,36.010487],[-82.554741,36.010414],[-82.555566,36.010281]]]}},{"id":"12769","type":"Feature","properties":{"OBJECTID":4460,"max_category":0,"label":"0.01 to 0.10 inches","area_acres":11.76447298783298,"county":"Unicoi County","watershed":"Rice Creek"},"geometry":{"type":"Polygon","coordinates":[[[-82.578147,36.00679],[-82.579994,36.007176],[-82.580797,36.006913],[-82.580874,36.007124],[-82.580474,36.007355],[-82.581099,36.007403],[-82.581079,36.007599],[-82.581867,36.007823],[-82.582104,36.008214],[-82.582552,36.008238],[-82.583379,36.008754],[-82.583842,36.008442],[-82.584254,36.008463],[-82.584246,36.009024],[-82.584089,36.009177],[-82.583745,36.00905],[-82.58353,36.009162],[-82.582685,36.008477],[-82.582128,36.008356],[-82.58275,36.009419],[-82.583127,36.009685],[-82.583138,36.009932],[-82.582986,36.009973],[-82.582671,36.009816],[-82.581953,36.008374],[-82.581504,36.008035],[-82.581097,36.008028],[-82.581354,36.008463],[-82.581197,36.008541],[-82.580947,36.008378],[-82.580747,36.007887],[-82.580135,36.007425],[-82.579721,36.007245],[-82.579083,36.007204],[-82.58068,36.00876],[-82.581247,36.008999],[-82.581379,36.009261],[-82.581723,36.009415],[-82.581381,36.009527],[-82.580605,36.009107],[-82.580529,36.009676],[-82.580858,36.009872],[-82.58173,36.009895],[-82.582326,36.010551],[-82.582139,36.010716],[-82.581902,36.010692],[-82.581444,36.010218],[-82.580622,36.010073],[-82.580357,36.009748],[-82.580421,36.008942],[-82.579857,36.008276],[-82.579612,36.008656],[-82.579408,36.008651],[-82.579491,36.007787],[-82.578629,36.007029],[-82.577987,36.006938],[-82.577036,36.007224],[-82.578147,36.00679]]]}},{"id":"12779","type":"Feature","properties":{"OBJECTID":3869,"max_category":0,"label":"0.01 to 0.10 inches","area_acres":1.7366767943004993,"county":"Unicoi County","watershed":"Rice Creek"},"geometry":{"type":"Polygon","coordinates":[[[-82.5563,35.991623],[-82.556602,35.991878],[-82.55627,35.992026],[-82.556313,35.992242],[-82.556738,35.992676],[-82.556215,35.992895],[-82.556063,35.992792],[-82.555964,35.992146],[-82.55551,35.991823],[-82.5563,35.991623]]]}},{"id":"12787","type":"Feature","properties":{"OBJECTID":6539,"max_category":0,"label":"0.01 to 0.10 inches","area_acres":0.9033202396840695,"county":"Unicoi County","watershed":"Rice Creek"},"geometry":{"type":"Polygon","coordinates":[[[-82.56047,36.009727],[-82.561552,36.010084],[-82.561468,36.010268],[-82.56037,36.009947],[-82.56047,36.009727]]]}},{"id":"12788","type":"Feature","properties":{"OBJECTID":3883,"max_category":0,"label":"0.01 to 0.10 inches","area_acres":1.3149789093306619,"county":"Unicoi County","watershed":"Rice Creek"},"geometry":{"type":"Polygon","coordinates":[[[-82.556618,35.998073],[-82.556976,35.998166],[-82.557134,35.99916],[-82.556539,35.99894],[-82.556643,35.998735],[-82.556368,35.998225],[-82.556618,35.998073]]]}},{"id":"12800","type":"Feature","properties":{"OBJECTID":203,"max_category":0,"label":"0.01 to 0.10 inches","area_acres":4.119224954811653,"county":"Unicoi County","watershed":"Rice Creek"},"geometry":{"type":"Polygon","coordinates":[[[-82.56287,36.001712],[-82.564548,36.001829],[-82.564656,36.001938],[-82.562833,36.002075],[-82.561782,36.001584],[-82.560786,36.002187],[-82.559993,36.002179],[-82.56013,36.001994],[-82.560901,36.001747],[-82.560069,36.001699],[-82.560019,36.001517],[-82.560373,36.001401],[-82.561868,36.001439],[-82.561986,36.001272],[-82.56287,36.001712]]]}},{"id":"12829","type":"Feature","properties":{"OBJECTID":6501,"max_category":0,"label":"0.01 to 0.10 inches","area_acres":3.967419197769368,"county":"Unicoi County","watershed":"Rice Creek"},"geometry":{"type":"Polygon","coordinates":[[[-82.558258,36.010698],[-82.558448,36.01075],[-82.55863,36.011849],[-82.557936,36.012155],[-82.557942,36.012428],[-82.557496,36.013114],[-82.557727,36.012161],[-82.556658,36.011299],[-82.556453,36.010831],[-82.556663,36.010717],[-82.557009,36.010787],[-82.558065,36.010205],[-82.558005,36.010555],[-82.557614,36.010801],[-82.557217,36.010816],[-82.556908,36.011086],[-82.556952,36.011327],[-82.557825,36.012014],[-82.558083,36.011789],[-82.557923,36.011205],[-82.558258,36.010698]]]}},{"id":"12830","type":"Feature","properties":{"OBJECTID":6552,"max_category":0,"label":"0.01 to 0.10 inches","area_acres":4.77184444400343,"county":"Unicoi County","watershed":"Rice Creek"},"geometry":{"type":"Polygon","coordinates":[[[-82.559685,36.003949],[-82.560071,36.004213],[-82.561133,36.004436],[-82.562232,36.004971],[-82.562207,36.00543],[-82.56246,36.005804],[-82.562423,36.006413],[-82.561269,36.005393],[-82.560535,36.005155],[-82.56039,36.004939],[-82.560987,36.004963],[-82.56194,36.005546],[-82.561889,36.005278],[-82.561314,36.004869],[-82.559757,36.004487],[-82.559506,36.004168],[-82.559685,36.003949]]]}},{"id":"12844","type":"Feature","properties":{"OBJECTID":3898,"max_category":0,"label":"0.01 to 0.10 inches","area_acres":0.6169013928404516,"county":"Unicoi County","watershed":"Rice Creek"},"geometry":{"type":"Polygon","coordinates":[[[-82.550638,35.998247],[-82.550744,35.998476],[-82.550232,35.998621],[-82.549715,35.998442],[-82.549813,35.998328],[-82.550638,35.998247]]]}},{"id":"12856","type":"Feature","properties":{"OBJECTID":199,"max_category":0,"label":"0.01 to 0.10 inches","area_acres":4.263267120411067,"county":"Unicoi County","watershed":"Rice Creek"},"geometry":{"type":"Polygon","coordinates":[[[-82.562391,36.007773],[-82.562948,36.00806],[-82.563247,36.007862],[-82.563436,36.007898],[-82.563249,36.008287],[-82.563474,36.008484],[-82.564231,36.008287],[-82.564361,36.00851],[-82.563939,36.008758],[-82.565071,36.008922],[-82.565035,36.009064],[-82.564509,36.00924],[-82.564977,36.009567],[-82.56556,36.009372],[-82.565803,36.009642],[-82.565391,36.00978],[-82.565316,36.009956],[-82.565918,36.010252],[-82.566173,36.010007],[-82.566521,36.009997],[-82.566499,36.010411],[-82.565973,36.010476],[-82.565349,36.010176],[-82.563859,36.008891],[-82.562811,36.008151],[-82.562148,36.007884],[-82.562391,36.007773]]]}},{"id":"12858","type":"Feature","properties":{"OBJECTID":3613,"max_category":0,"label":"0.01 to 0.10 inches","area_acres":2.713986704597946,"county":"Unicoi County","watershed":"Rice Creek"},"geometry":{"type":"Polygon","coordinates":[[[-82.522712,35.989298],[-82.523202,35.989614],[-82.52346,35.989606],[-82.523165,35.989228],[-82.523438,35.989009],[-82.523633,35.989039],[-82.523686,35.989449],[-82.524786,35.990283],[-82.524866,35.99056],[-82.524508,35.990718],[-82.524635,35.990496],[-82.523677,35.98977],[-82.522688,35.989976],[-82.522434,35.989593],[-82.522512,35.989328],[-82.522712,35.989298]]]}},{"id":"12877","type":"Feature","properties":{"OBJECTID":3890,"max_category":0,"label":"0.01 to 0.10 inches","area_acres":2.743832756542459,"county":"Unicoi County","watershed":"Rice Creek"},"geometry":{"type":"Polygon","coordinates":[[[-82.544768,35.993223],[-82.545602,35.993719],[-82.545676,35.993541],[-82.545884,35.993535],[-82.546089,35.993981],[-82.546582,35.994006],[-82.546382,35.994142],[-82.545827,35.994159],[-82.545154,35.994604],[-82.544952,35.994954],[-82.54455,35.99473],[-82.54465,35.994436],[-82.545156,35.994421],[-82.545709,35.994053],[-82.544513,35.993541],[-82.544768,35.993223]]]}},{"id":"12886","type":"Feature","properties":{"OBJECTID":6530,"max_category":0,"label":"0.01 to 0.10 inches","area_acres":4.7337248279280075,"county":"Unicoi County","watershed":"Rice Creek"},"geometry":{"type":"Polygon","coordinates":[[[-82.550191,36.013434],[-82.550615,36.014151],[-82.551613,36.014803],[-82.551538,36.015216],[-82.551287,36.015252],[-82.550935,36.014668],[-82.550522,36.014355],[-82.550499,36.014594],[-82.551238,36.015517],[-82.550941,36.015614],[-82.550617,36.015409],[-82.550368,36.01477],[-82.550079,36.01505],[-82.550333,36.015768],[-82.550033,36.01587],[-82.549782,36.015364],[-82.549587,36.015397],[-82.549705,36.015815],[-82.549498,36.015904],[-82.549085,36.015608],[-82.550319,36.014517],[-82.550258,36.01389],[-82.549977,36.013654],[-82.550191,36.013434]]]}},{"id":"12899","type":"Feature","properties":{"OBJECTID":4567,"max_category":0,"label":"0.01 to 0.10 inches","area_acres":3.109147987646246,"county":"Unicoi County","watershed":"Upper South Indian Creek"},"geometry":{"type":"Polygon","coordinates":[[[-82.575239,36.015974],[-82.575933,36.016312],[-82.576287,36.017031],[-82.576702,36.017378],[-82.576752,36.018816],[-82.576093,36.01737],[-82.575428,36.016727],[-82.575509,36.016478],[-82.575126,36.016146],[-82.575239,36.015974]]]}},{"id":"12901","type":"Feature","properties":{"OBJECTID":6554,"max_category":0,"label":"0.01 to 0.10 inches","area_acres":2.7612408615544375,"county":"Unicoi County","watershed":"Rice Creek"},"geometry":{"type":"Polygon","coordinates":[[[-82.556409,36.004842],[-82.556537,36.005006],[-82.556276,36.005475],[-82.555515,36.006172],[-82.554719,36.006277],[-82.554949,36.005943],[-82.554931,36.005337],[-82.555529,36.004696],[-82.555921,36.00464],[-82.555985,36.004806],[-82.555111,36.00564],[-82.555121,36.005993],[-82.555374,36.005971],[-82.555943,36.005474],[-82.556141,36.005019],[-82.556409,36.004842]]]}},{"id":"12903","type":"Feature","properties":{"OBJECTID":4472,"max_category":0,"label":"0.01 to 0.10 inches","area_acres":6.5719684060944,"county":"Unicoi County","watershed":"Upper South Indian Creek"},"geometry":{"type":"Polygon","coordinates":[[[-82.568689,36.019355],[-82.568912,36.019502],[-82.569444,36.020667],[-82.569709,36.020638],[-82.569685,36.021506],[-82.569963,36.021064],[-82.569941,36.020574],[-82.569742,36.019892],[-82.569056,36.018925],[-82.569081,36.018531],[-82.569397,36.018299],[-82.569973,36.019649],[-82.57014,36.021088],[-82.569628,36.021765],[-82.569737,36.022699],[-82.569573,36.022879],[-82.569195,36.022824],[-82.56956,36.02267],[-82.569351,36.022522],[-82.56933,36.021284],[-82.569286,36.022474],[-82.569046,36.022481],[-82.569175,36.020843],[-82.568557,36.019856],[-82.568474,36.019469],[-82.568689,36.019355]]]}},{"id":"12905","type":"Feature","properties":{"OBJECTID":6524,"max_category":0,"label":"0.01 to 0.10 inches","area_acres":1.6584294485542548,"county":"Unicoi County","watershed":"Upper South Indian Creek"},"geometry":{"type":"Polygon","coordinates":[[[-82.558481,36.017288],[-82.560295,36.017655],[-82.560623,36.018044],[-82.559694,36.01794],[-82.558859,36.017475],[-82.558452,36.017507],[-82.558481,36.017288]]]}},{"id":"12908","type":"Feature","properties":{"OBJECTID":6430,"max_category":0,"label":"0.01 to 0.10 inches","area_acres":1.7719293589418905,"county":"Unicoi County","watershed":"Rice Creek"},"geometry":{"type":"Polygon","coordinates":[[[-82.539272,36.00523],[-82.539816,36.005569],[-82.539289,36.005879],[-82.539287,36.006251],[-82.538326,36.00643],[-82.538269,36.006276],[-82.538757,36.005996],[-82.539272,36.00523]]]}},{"id":"12911","type":"Feature","properties":{"OBJECTID":21,"max_category":0,"label":"0.01 to 0.10 inches","area_acres":47.20877895060232,"county":"Unicoi County","watershed":"Rice Creek"},"geometry":{"type":"Polygon","coordinates":[[[-82.529467,35.998366],[-82.531117,36.000154],[-82.530416,36.001897],[-82.530066,36.00188],[-82.530073,36.001721],[-82.529667,36.00191],[-82.529495,36.001754],[-82.529645,36.001516],[-82.530772,36.000817],[-82.530911,36.000183],[-82.530404,35.999719],[-82.530127,35.999823],[-82.529685,36.00055],[-82.529149,36.001785],[-82.528268,36.002215],[-82.52819,36.002062],[-82.528416,36.001594],[-82.529166,36.001221],[-82.530057,35.999674],[-82.52916,35.999783],[-82.528464,36.000105],[-82.528252,36.001312],[-82.526929,36.002499],[-82.527321,36.003236],[-82.527012,36.003363],[-82.52676,36.002646],[-82.526259,36.003425],[-82.526186,36.003658],[-82.526628,36.004169],[-82.526435,36.004277],[-82.526112,36.003951],[-82.525841,36.004701],[-82.525864,36.005564],[-82.525367,36.00558],[-82.525395,36.004671],[-82.52564,36.004087],[-82.525361,36.003903],[-82.52595,36.003485],[-82.526263,36.00289],[-82.525781,36.002959],[-82.525374,36.003314],[-82.525259,36.003919],[-82.524908,36.004262],[-82.52457,36.00504],[-82.524568,36.005584],[-82.523948,36.005705],[-82.52385,36.00555],[-82.524194,36.00511],[-82.52371,36.005435],[-82.523594,36.005273],[-82.523878,36.004923],[-82.524247,36.004772],[-82.524189,36.004481],[-82.525087,36.003867],[-82.525279,36.003016],[-82.525773,36.002599],[-82.526474,36.002686],[-82.528085,36.001252],[-82.528151,36.000197],[-82.52704,36.000806],[-82.526785,36.001108],[-82.525902,36.001143],[-82.525295,36.001502],[-82.5253,36.001774],[-82.52479,36.002341],[-82.524753,36.002599],[-82.523628,36.003611],[-82.523607,36.004755],[-82.523118,36.005565],[-82.522973,36.005025],[-82.523155,36.003623],[-82.524389,36.002596],[-82.525002,36.001918],[-82.525121,36.001548],[-82.52421,36.00185],[-82.523042,36.002584],[-82.52298,36.003564],[-82.522658,36.003859],[-82.522541,36.004275],[-82.522701,36.004919],[-82.522019,36.006191],[-82.521946,36.005518],[-82.522201,36.005057],[-82.521756,36.005028],[-82.522338,36.004441],[-82.522396,36.004088],[-82.521339,36.005004],[-82.5209,36.004774],[-82.521565,36.004532],[-82.5223,36.003762],[-82.522673,36.00358],[-82.522741,36.002815],[-82.522252,36.003214],[-82.520317,36.004183],[-82.520049,36.00412],[-82.519809,36.003815],[-82.521621,36.003051],[-82.522255,36.002918],[-82.523003,36.002379],[-82.521671,36.002583],[-82.520534,36.003083],[-82.520466,36.002911],[-82.521216,36.002431],[-82.520202,36.002706],[-82.520143,36.002567],[-82.520554,36.002322],[-82.520271,36.002293],[-82.518684,36.002941],[-82.518716,36.002561],[-82.518922,36.002442],[-82.518471,36.002418],[-82.518415,36.002221],[-82.518925,36.001997],[-82.519641,36.002086],[-82.51873,36.001688],[-82.518631,36.001499],[-82.518996,36.001457],[-82.519922,36.00205],[-82.520458,36.00198],[-82.519346,36.001357],[-82.519212,36.001006],[-82.519439,36.000855],[-82.520004,36.001104],[-82.520478,36.001595],[-82.520952,36.001718],[-82.520951,36.001519],[-82.521107,36.00147],[-82.521713,36.002026],[-82.522332,36.002228],[-82.523273,36.002201],[-82.523765,36.002],[-82.523257,36.002005],[-82.522222,36.001357],[-82.521633,36.0014],[-82.520817,36.001141],[-82.520743,36.001022],[-82.520931,36.000938],[-82.520436,36.00067],[-82.520391,36.000498],[-82.520798,36.000356],[-82.521939,36.001028],[-82.522027,36.000843],[-82.522375,36.000832],[-82.5235,36.001865],[-82.5239,36.001853],[-82.524558,36.001452],[-82.523717,36.000815],[-82.523708,36.00049],[-82.524106,36.000518],[-82.525065,36.001407],[-82.525425,36.001207],[-82.524967,36.000858],[-82.524923,36.000539],[-82.525793,36.001029],[-82.525886,36.000892],[-82.525494,36.000591],[-82.525559,36.000383],[-82.526224,36.000714],[-82.526729,36.000782],[-82.527619,36.00024],[-82.527053,35.999808],[-82.527113,35.999569],[-82.527508,35.999617],[-82.528022,36.000057],[-82.528849,35.999759],[-82.528344,35.999295],[-82.528449,35.999061],[-82.529186,35.999611],[-82.530394,35.999576],[-82.529162,35.998537],[-82.529181,35.998359],[-82.529467,35.998366]]]}},{"id":"12912","type":"Feature","properties":{"OBJECTID":6549,"max_category":0,"label":"0.01 to 0.10 inches","area_acres":3.5506004174016756,"county":"Unicoi County","watershed":"Rice Creek"},"geometry":{"type":"Polygon","coordinates":[[[-82.562828,36.003885],[-82.563354,36.004227],[-82.563873,36.004224],[-82.563907,36.004432],[-82.562685,36.004417],[-82.562496,36.00453],[-82.562232,36.00421],[-82.561223,36.004181],[-82.560551,36.003972],[-82.560435,36.003774],[-82.560667,36.003701],[-82.56131,36.003902],[-82.562451,36.00396],[-82.561586,36.003377],[-82.561287,36.003337],[-82.561087,36.003146],[-82.561172,36.003026],[-82.561599,36.003166],[-82.562661,36.003915],[-82.562828,36.003885]]]}},{"id":"12917","type":"Feature","properties":{"OBJECTID":6537,"max_category":0,"label":"0.01 to 0.10 inches","area_acres":1.6521037008079718,"county":"Unicoi County","watershed":"Rice Creek"},"geometry":{"type":"Polygon","coordinates":[[[-82.559818,36.013099],[-82.560034,36.013684],[-82.560625,36.014049],[-82.560514,36.014156],[-82.559984,36.014098],[-82.560816,36.014462],[-82.560876,36.014715],[-82.560152,36.014626],[-82.559827,36.014301],[-82.55967,36.013257],[-82.559818,36.013099]]]}},{"id":"12938","type":"Feature","properties":{"OBJECTID":3008,"max_category":0,"label":"0.01 to 0.10 inches","area_acres":1.5908341784091398,"county":"Unicoi County","watershed":"Rice Creek"},"geometry":{"type":"Polygon","coordinates":[[[-82.524031,35.99473],[-82.524723,35.994684],[-82.525515,35.994928],[-82.524109,35.994898],[-82.523931,35.995054],[-82.524135,35.99588],[-82.523948,35.996057],[-82.523722,35.995814],[-82.523618,35.995029],[-82.524031,35.99473]]]}},{"id":"12946","type":"Feature","properties":{"OBJECTID":6500,"max_category":0,"label":"0.01 to 0.10 inches","area_acres":4.599790546811181,"county":"Unicoi County","watershed":"Rice Creek"},"geometry":{"type":"Polygon","coordinates":[[[-82.559784,36.010791],[-82.560087,36.011087],[-82.560124,36.011895],[-82.560512,36.01228],[-82.560268,36.012428],[-82.559931,36.01213],[-82.560142,36.012505],[-82.559981,36.012687],[-82.559811,36.012543],[-82.559556,36.012781],[-82.558873,36.012007],[-82.559063,36.011818],[-82.558775,36.011345],[-82.558676,36.010633],[-82.558967,36.01054],[-82.559253,36.010662],[-82.559186,36.011346],[-82.559608,36.012619],[-82.55953,36.011602],[-82.559792,36.011424],[-82.559633,36.010894],[-82.559784,36.010791]]]}},{"id":"12947","type":"Feature","properties":{"OBJECTID":3868,"max_category":0,"label":"0.01 to 0.10 inches","area_acres":13.675289746101148,"county":"Unicoi County","watershed":"Rice Creek"},"geometry":{"type":"Polygon","coordinates":[[[-82.552099,35.99224],[-82.553208,35.992785],[-82.553488,35.992749],[-82.553703,35.992444],[-82.554327,35.992465],[-82.554343,35.992626],[-82.55381,35.992908],[-82.554827,35.992869],[-82.55471,35.993126],[-82.554937,35.993287],[-82.554842,35.993522],[-82.555068,35.993365],[-82.555395,35.993378],[-82.555517,35.99412],[-82.555944,35.993984],[-82.555862,35.993258],[-82.556373,35.993167],[-82.556478,35.993742],[-82.556091,35.99413],[-82.556918,35.993996],[-82.557166,35.994139],[-82.556875,35.994348],[-82.557226,35.99459],[-82.55707,35.994903],[-82.556216,35.99438],[-82.555988,35.994386],[-82.556056,35.994833],[-82.556838,35.995138],[-82.55673,35.995489],[-82.556071,35.995262],[-82.555858,35.995637],[-82.555624,35.995602],[-82.55585,35.994921],[-82.555829,35.994459],[-82.555577,35.994374],[-82.555604,35.99426],[-82.555029,35.994677],[-82.555071,35.995093],[-82.554197,35.994878],[-82.554405,35.995389],[-82.554952,35.995319],[-82.555473,35.995493],[-82.555444,35.995654],[-82.555127,35.995703],[-82.555651,35.995962],[-82.555531,35.996186],[-82.5545,35.995612],[-82.554946,35.996514],[-82.555461,35.996758],[-82.555126,35.997098],[-82.554898,35.997097],[-82.554688,35.99685],[-82.554772,35.996551],[-82.55402,35.994841],[-82.553152,35.994764],[-82.552474,35.994302],[-82.553248,35.993887],[-82.553511,35.994089],[-82.552928,35.994431],[-82.553324,35.994651],[-82.554337,35.994731],[-82.554839,35.994607],[-82.555308,35.994197],[-82.554795,35.993753],[-82.554814,35.993554],[-82.55459,35.993622],[-82.553602,35.992986],[-82.552887,35.992815],[-82.552182,35.992469],[-82.552099,35.99224]],[[-82.555856,35.994286],[-82.555741,35.994228],[-82.555705,35.994252],[-82.555856,35.994286]]]}},{"id":"12955","type":"Feature","properties":{"OBJECTID":6550,"max_category":0,"label":"0.01 to 0.10 inches","area_acres":5.247995509947382,"county":"Unicoi County","watershed":"Rice Creek"},"geometry":{"type":"Polygon","coordinates":[[[-82.547813,36.006301],[-82.548757,36.006961],[-82.548958,36.007379],[-82.548568,36.007617],[-82.547832,36.008487],[-82.547154,36.008902],[-82.546817,36.008916],[-82.54664,36.007011],[-82.546796,36.006816],[-82.547169,36.006698],[-82.546924,36.00717],[-82.547237,36.008144],[-82.547128,36.008721],[-82.548039,36.008068],[-82.547554,36.007594],[-82.547561,36.007374],[-82.548285,36.007797],[-82.548362,36.007701],[-82.548415,36.007374],[-82.547639,36.006589],[-82.547813,36.006301]]]}},{"id":"12959","type":"Feature","properties":{"OBJECTID":2987,"max_category":0,"label":"0.01 to 0.10 inches","area_acres":1.4553529814787736,"county":"Unicoi County","watershed":"Rice Creek"},"geometry":{"type":"Polygon","coordinates":[[[-82.536372,35.993823],[-82.536893,35.994471],[-82.53679,35.995177],[-82.536926,35.996038],[-82.536643,35.995798],[-82.536623,35.994604],[-82.536229,35.994096],[-82.536372,35.993823]]]}},{"id":"12962","type":"Feature","properties":{"OBJECTID":3895,"max_category":0,"label":"0.01 to 0.10 inches","area_acres":3.4900284561438077,"county":"Unicoi County","watershed":"Rice Creek"},"geometry":{"type":"Polygon","coordinates":[[[-82.549675,35.994042],[-82.550084,35.994519],[-82.550217,35.99514],[-82.550617,35.995209],[-82.55059,35.995498],[-82.549602,35.995338],[-82.549283,35.995159],[-82.548821,35.995251],[-82.54828,35.994873],[-82.548477,35.994627],[-82.548958,35.994805],[-82.548728,35.994494],[-82.548959,35.994421],[-82.549582,35.994952],[-82.549902,35.995026],[-82.549822,35.994771],[-82.549403,35.994461],[-82.549434,35.99414],[-82.549675,35.994042]]]}},{"id":"12971","type":"Feature","properties":{"OBJECTID":3847,"max_category":0,"label":"0.01 to 0.10 inches","area_acres":1.0232369175382603,"county":"Unicoi County","watershed":"Rice Creek"},"geometry":{"type":"Polygon","coordinates":[[[-82.566558,35.990306],[-82.566818,35.990485],[-82.566756,35.990736],[-82.566141,35.990764],[-82.565883,35.990964],[-82.565457,35.990831],[-82.565522,35.990722],[-82.565784,35.990809],[-82.566072,35.990473],[-82.566558,35.990306]]]}},{"id":"12985","type":"Feature","properties":{"OBJECTID":3867,"max_category":0,"label":"0.01 to 0.10 inches","area_acres":3.3702417005372647,"county":"Unicoi County","watershed":"Rice Creek"},"geometry":{"type":"Polygon","coordinates":[[[-82.553963,35.990014],[-82.554091,35.990169],[-82.553833,35.990449],[-82.553913,35.991142],[-82.554391,35.990978],[-82.554485,35.990223],[-82.5549,35.9902],[-82.5548,35.990924],[-82.555258,35.990705],[-82.555357,35.990308],[-82.555779,35.990044],[-82.555982,35.9901],[-82.555895,35.990579],[-82.555091,35.991053],[-82.553849,35.991282],[-82.553659,35.991185],[-82.553411,35.99023],[-82.553963,35.990014]]]}},{"id":"12987","type":"Feature","properties":{"OBJECTID":6219,"max_category":0,"label":"0.01 to 0.10 inches","area_acres":15.214663766619914,"county":"Unicoi County","watershed":"Rice Creek"},"geometry":{"type":"Polygon","coordinates":[[[-82.531661,36.014466],[-82.531775,36.015054],[-82.532255,36.015203],[-82.532188,36.015418],[-82.531683,36.015281],[-82.531889,36.016893],[-82.532405,36.017814],[-82.532895,36.018052],[-82.533173,36.018415],[-82.532979,36.018556],[-82.532699,36.01839],[-82.532669,36.018675],[-82.532079,36.018212],[-82.53192,36.018605],[-82.53152,36.0185],[-82.531443,36.01825],[-82.53189,36.017827],[-82.53183,36.017234],[-82.531396,36.017812],[-82.531084,36.017895],[-82.530869,36.017694],[-82.531078,36.01748],[-82.53076,36.017468],[-82.53114,36.016915],[-82.53171,36.016815],[-82.531519,36.015536],[-82.530491,36.015865],[-82.530628,36.016789],[-82.530133,36.01746],[-82.529886,36.017573],[-82.52964,36.017536],[-82.529606,36.017382],[-82.530152,36.016778],[-82.530173,36.016478],[-82.529952,36.016444],[-82.529927,36.01625],[-82.530326,36.015802],[-82.529993,36.015729],[-82.529716,36.015943],[-82.529642,36.016648],[-82.529333,36.017358],[-82.528988,36.017231],[-82.529264,36.016593],[-82.528767,36.017022],[-82.528567,36.016904],[-82.528904,36.016384],[-82.529981,36.015565],[-82.529279,36.01564],[-82.528882,36.015844],[-82.528454,36.016388],[-82.527756,36.016726],[-82.527485,36.01657],[-82.528451,36.015774],[-82.527654,36.016339],[-82.527354,36.016238],[-82.527667,36.01601],[-82.527558,36.015763],[-82.527968,36.015634],[-82.527595,36.015424],[-82.527753,36.01524],[-82.529931,36.015398],[-82.530431,36.015683],[-82.53133,36.015465],[-82.531599,36.015059],[-82.531661,36.014466]]]}},{"id":"12992","type":"Feature","properties":{"OBJECTID":3849,"max_category":0,"label":"0.01 to 0.10 inches","area_acres":1.2167314534253826,"county":"Unicoi County","watershed":"Rice Creek"},"geometry":{"type":"Polygon","coordinates":[[[-82.565846,35.992554],[-82.5659,35.992796],[-82.56513,35.992937],[-82.56401,35.992798],[-82.564954,35.992526],[-82.565846,35.992554]]]}},{"id":"12994","type":"Feature","properties":{"OBJECTID":559,"max_category":0,"label":"0.01 to 0.10 inches","area_acres":5.341196725971895,"county":"Unicoi County","watershed":"Rice Creek"},"geometry":{"type":"Polygon","coordinates":[[[-82.543075,35.99242],[-82.543476,35.992612],[-82.543461,35.99286],[-82.542856,35.993131],[-82.543353,35.993213],[-82.543251,35.993557],[-82.542807,35.993468],[-82.54243,35.993186],[-82.54171,35.993481],[-82.542577,35.993527],[-82.542547,35.993796],[-82.543033,35.994151],[-82.5429,35.994345],[-82.542597,35.994293],[-82.542042,35.993848],[-82.542266,35.994338],[-82.541979,35.994403],[-82.541369,35.993684],[-82.540615,35.993588],[-82.540951,35.993471],[-82.540994,35.993307],[-82.542025,35.99322],[-82.542148,35.992657],[-82.542336,35.992654],[-82.542451,35.992878],[-82.543075,35.99242]]]}},{"id":"13004","type":"Feature","properties":{"OBJECTID":3850,"max_category":0,"label":"0.01 to 0.10 inches","area_acres":1.0807262438768115,"county":"Unicoi County","watershed":"Rice Creek"},"geometry":{"type":"Polygon","coordinates":[[[-82.563494,35.995206],[-82.564556,35.995403],[-82.56471,35.995686],[-82.563845,35.995559],[-82.563442,35.995673],[-82.563494,35.995206]]]}},{"id":"13019","type":"Feature","properties":{"OBJECTID":202,"max_category":0,"label":"0.01 to 0.10 inches","area_acres":1.3222881815970557,"county":"Unicoi County","watershed":"Rice Creek"},"geometry":{"type":"Polygon","coordinates":[[[-82.569522,36.008362],[-82.569745,36.00851],[-82.570021,36.009249],[-82.569509,36.009715],[-82.569431,36.009614],[-82.569744,36.009307],[-82.569109,36.008661],[-82.569522,36.008362]]]}},{"id":"13026","type":"Feature","properties":{"OBJECTID":3611,"max_category":0,"label":"0.01 to 0.10 inches","area_acres":1.2700086384182787,"county":"Unicoi County","watershed":"Rice Creek"},"geometry":{"type":"Polygon","coordinates":[[[-82.522903,35.992124],[-82.524188,35.993548],[-82.524168,35.993647],[-82.523954,35.993617],[-82.522888,35.992675],[-82.522751,35.992195],[-82.522903,35.992124]]]}},{"id":"13032","type":"Feature","properties":{"OBJECTID":3833,"max_category":0,"label":"0.01 to 0.10 inches","area_acres":0.3444811465321384,"county":"Unicoi County","watershed":"Rice Creek"},"geometry":{"type":"Polygon","coordinates":[[[-82.547381,35.993422],[-82.547666,35.993481],[-82.547641,35.993824],[-82.547281,35.993693],[-82.547381,35.993422]]]}},{"id":"13036","type":"Feature","properties":{"OBJECTID":3873,"max_category":0,"label":"0.01 to 0.10 inches","area_acres":21.566464688773937,"county":"Unicoi County","watershed":"Rice Creek"},"geometry":{"type":"Polygon","coordinates":[[[-82.568678,35.994643],[-82.569168,35.994958],[-82.569964,35.99491],[-82.570839,35.995267],[-82.572222,35.995281],[-82.572704,35.995049],[-82.573379,35.99504],[-82.573573,35.994868],[-82.57361,35.994468],[-82.574138,35.994232],[-82.573616,35.995186],[-82.57416,35.995234],[-82.574277,35.995462],[-82.5727,35.995273],[-82.572403,35.995496],[-82.572003,35.995538],[-82.572936,35.996644],[-82.573692,35.996794],[-82.573385,35.996902],[-82.57377,35.997141],[-82.57382,35.997454],[-82.573667,35.997544],[-82.573311,35.997233],[-82.573392,35.997559],[-82.573197,35.997758],[-82.572988,35.997607],[-82.572843,35.99703],[-82.572653,35.997452],[-82.572375,35.997414],[-82.572606,35.996771],[-82.572054,35.996269],[-82.571652,35.995413],[-82.571221,35.995399],[-82.571792,35.996518],[-82.572175,35.996871],[-82.572087,35.997131],[-82.571527,35.996637],[-82.571203,35.995604],[-82.570668,35.995515],[-82.569911,35.995052],[-82.569497,35.995119],[-82.569503,35.995238],[-82.570178,35.995988],[-82.570648,35.99616],[-82.570685,35.996742],[-82.57116,35.997527],[-82.571749,35.997759],[-82.572501,35.998434],[-82.573236,35.998486],[-82.57311,35.998735],[-82.573299,35.998878],[-82.574034,35.998929],[-82.5741,35.999096],[-82.573714,35.999119],[-82.574393,35.999307],[-82.574612,35.999762],[-82.57438,35.999779],[-82.573622,35.999397],[-82.573481,35.999592],[-82.573144,35.999483],[-82.572978,35.999016],[-82.57239,35.99873],[-82.572352,35.99939],[-82.57207,35.99939],[-82.572078,35.998547],[-82.571293,35.99798],[-82.571177,35.998251],[-82.570925,35.998152],[-82.570897,35.997839],[-82.570396,35.997156],[-82.570185,35.996294],[-82.569569,35.995851],[-82.569322,35.995124],[-82.568617,35.994789],[-82.568428,35.994903],[-82.569528,35.99588],[-82.569361,35.996616],[-82.570267,35.997491],[-82.570603,35.998271],[-82.570429,35.998256],[-82.569514,35.997165],[-82.56893,35.996773],[-82.568886,35.996546],[-82.569237,35.996263],[-82.569358,35.995933],[-82.568288,35.994992],[-82.568006,35.995053],[-82.567856,35.995478],[-82.569011,35.997133],[-82.568815,35.997228],[-82.568599,35.997056],[-82.56839,35.997185],[-82.568179,35.997085],[-82.568333,35.996486],[-82.567676,35.995362],[-82.567889,35.994931],[-82.568678,35.994643]]]}},{"id":"13041","type":"Feature","properties":{"OBJECTID":3836,"max_category":0,"label":"0.01 to 0.10 inches","area_acres":0.7924703542395282,"county":"Unicoi County","watershed":"Rice Creek"},"geometry":{"type":"Polygon","coordinates":[[[-82.557175,35.999954],[-82.557637,36.000408],[-82.557945,36.000509],[-82.55801,36.0008],[-82.557718,36.000905],[-82.557514,36.000801],[-82.557371,36.000269],[-82.557094,36.000046],[-82.557175,35.999954]]]}},{"id":"13046","type":"Feature","properties":{"OBJECTID":6222,"max_category":0,"label":"0.01 to 0.10 inches","area_acres":3.4939494479885274,"county":"Unicoi County","watershed":"Rice Creek"},"geometry":{"type":"Polygon","coordinates":[[[-82.530865,36.014049],[-82.530942,36.014158],[-82.529989,36.015177],[-82.529751,36.015146],[-82.529742,36.014829],[-82.529242,36.015116],[-82.528884,36.015053],[-82.52887,36.014904],[-82.529263,36.014648],[-82.529017,36.01441],[-82.528152,36.014816],[-82.527695,36.014943],[-82.5275,36.014869],[-82.527552,36.014685],[-82.528543,36.014091],[-82.528984,36.014141],[-82.529639,36.014579],[-82.530174,36.014564],[-82.530865,36.014049]]]}},{"id":"13051","type":"Feature","properties":{"OBJECTID":6510,"max_category":0,"label":"0.01 to 0.10 inches","area_acres":2.087201029247649,"county":"Unicoi County","watershed":"Rice Creek"},"geometry":{"type":"Polygon","coordinates":[[[-82.562383,36.013711],[-82.563141,36.014475],[-82.56308,36.014928],[-82.562884,36.014785],[-82.562599,36.014888],[-82.562476,36.014293],[-82.562334,36.014845],[-82.562046,36.014809],[-82.562132,36.013771],[-82.562383,36.013711]]]}},{"id":"13055","type":"Feature","properties":{"OBJECTID":3879,"max_category":0,"label":"0.01 to 0.10 inches","area_acres":0.6189690671006955,"county":"Unicoi County","watershed":"Rice Creek"},"geometry":{"type":"Polygon","coordinates":[[[-82.551232,35.995591],[-82.551796,35.995779],[-82.551825,35.995878],[-82.551574,35.995943],[-82.550613,35.995754],[-82.550702,35.995609],[-82.551232,35.995591]]]}},{"id":"13056","type":"Feature","properties":{"OBJECTID":6551,"max_category":0,"label":"0.01 to 0.10 inches","area_acres":3.200115659972064,"county":"Unicoi County","watershed":"Rice Creek"},"geometry":{"type":"Polygon","coordinates":[[[-82.547346,36.005682],[-82.547506,36.0058],[-82.547397,36.006102],[-82.546934,36.00625],[-82.545744,36.007259],[-82.54617,36.00848],[-82.546619,36.008753],[-82.54638,36.008847],[-82.545716,36.008114],[-82.545475,36.007459],[-82.544991,36.007151],[-82.545595,36.006778],[-82.545702,36.007086],[-82.546544,36.00638],[-82.546783,36.00583],[-82.547346,36.005682]]]}},{"id":"13058","type":"Feature","properties":{"OBJECTID":5594,"max_category":0,"label":"0.01 to 0.10 inches","area_acres":6.220431974328208,"county":"Unicoi County","watershed":"Rice Creek"},"geometry":{"type":"Polygon","coordinates":[[[-82.535968,36.006974],[-82.536322,36.007638],[-82.536816,36.008116],[-82.537561,36.007946],[-82.538367,36.007994],[-82.537291,36.008151],[-82.537329,36.009055],[-82.537038,36.009256],[-82.536917,36.008244],[-82.536193,36.008553],[-82.535999,36.009032],[-82.535843,36.009072],[-82.53593,36.009519],[-82.536326,36.0101],[-82.536217,36.010354],[-82.535929,36.010212],[-82.535382,36.009086],[-82.534158,36.009176],[-82.533565,36.008957],[-82.533911,36.008683],[-82.534267,36.00874],[-82.534674,36.009046],[-82.535575,36.008883],[-82.536527,36.008201],[-82.535629,36.007326],[-82.535968,36.006974]]]}},{"id":"13059","type":"Feature","properties":{"OBJECTID":201,"max_category":0,"label":"0.01 to 0.10 inches","area_acres":6.082341107965918,"county":"Unicoi County","watershed":"Upper South Indian Creek"},"geometry":{"type":"Polygon","coordinates":[[[-82.561452,36.014838],[-82.561681,36.014985],[-82.561458,36.015239],[-82.562018,36.015344],[-82.562896,36.015028],[-82.562935,36.015287],[-82.562535,36.015575],[-82.562886,36.015841],[-82.565635,36.016622],[-82.565853,36.016847],[-82.565818,36.017048],[-82.565513,36.017166],[-82.565092,36.016854],[-82.564648,36.016832],[-82.564008,36.016444],[-82.563095,36.01627],[-82.562087,36.015485],[-82.560519,36.015228],[-82.559765,36.015331],[-82.558634,36.015079],[-82.559149,36.014933],[-82.560346,36.014953],[-82.561092,36.015178],[-82.561452,36.014838]]]}},{"id":"13062","type":"Feature","properties":{"OBJECTID":6229,"max_category":0,"label":"0.01 to 0.10 inches","area_acres":4.527646905782083,"county":"Unicoi County","watershed":"Upper South Indian Creek"},"geometry":{"type":"Polygon","coordinates":[[[-82.521019,36.016367],[-82.521344,36.01659],[-82.521514,36.017165],[-82.52195,36.017495],[-82.522745,36.017885],[-82.523063,36.017887],[-82.523108,36.018066],[-82.523844,36.018046],[-82.524049,36.018158],[-82.524008,36.018317],[-82.523439,36.018337],[-82.523491,36.018611],[-82.523037,36.018534],[-82.522679,36.018293],[-82.52308,36.018935],[-82.523598,36.019333],[-82.523437,36.019592],[-82.523126,36.019562],[-82.522657,36.019021],[-82.522448,36.019072],[-82.522496,36.01813],[-82.521357,36.017266],[-82.52118,36.016656],[-82.520873,36.016517],[-82.521019,36.016367]]]}},{"id":"13065","type":"Feature","properties":{"OBJECTID":207,"max_category":0,"label":"0.01 to 0.10 inches","area_acres":51.277217458922486,"county":"Unicoi County","watershed":"Rice Creek"},"geometry":{"type":"Polygon","coordinates":[[[-82.56623,36.000487],[-82.566365,36.000779],[-82.566176,36.001306],[-82.565328,36.002053],[-82.56618,36.001844],[-82.566796,36.000664],[-82.566982,36.00099],[-82.566513,36.001854],[-82.567119,36.001652],[-82.567671,36.000371],[-82.568124,36.000171],[-82.567964,35.999404],[-82.568412,35.999379],[-82.568724,35.998967],[-82.568996,35.998994],[-82.569134,35.999232],[-82.568825,35.999712],[-82.568353,35.999839],[-82.568177,36.000582],[-82.568731,36.000126],[-82.569002,35.999633],[-82.56928,35.999532],[-82.569507,35.999081],[-82.569744,35.999164],[-82.569543,35.99957],[-82.570074,35.999495],[-82.570522,35.999236],[-82.570762,35.999308],[-82.570499,35.999647],[-82.570714,35.999791],[-82.570504,35.999977],[-82.570207,36.000015],[-82.56992,35.999835],[-82.56915,35.999885],[-82.56894,36.000097],[-82.568967,36.000357],[-82.567956,36.001065],[-82.567351,36.001879],[-82.56566,36.002077],[-82.566283,36.002382],[-82.567672,36.002178],[-82.568823,36.000844],[-82.569902,36.00027],[-82.570092,36.000359],[-82.570052,36.000494],[-82.569273,36.000999],[-82.568261,36.002001],[-82.568495,36.002043],[-82.569194,36.001405],[-82.570071,36.000924],[-82.570287,36.000393],[-82.570692,36.000274],[-82.570776,36.000389],[-82.57048,36.001004],[-82.569015,36.002055],[-82.569339,36.002265],[-82.570053,36.002052],[-82.570794,36.001041],[-82.570824,36.001492],[-82.570412,36.002119],[-82.5709,36.00211],[-82.571298,36.001563],[-82.570939,36.000334],[-82.571085,35.999647],[-82.571315,35.999459],[-82.57189,35.999509],[-82.571371,35.999998],[-82.571504,36.000746],[-82.571825,36.000476],[-82.572151,35.999706],[-82.572308,35.999595],[-82.572506,35.999678],[-82.57245,36.000133],[-82.57163,36.001273],[-82.572644,36.000045],[-82.573035,35.999714],[-82.573193,35.999892],[-82.572413,36.001026],[-82.57125,36.002099],[-82.571803,36.001863],[-82.572711,36.001131],[-82.573551,35.99978],[-82.573781,35.999827],[-82.573773,36.000003],[-82.57417,35.999909],[-82.57424,36.000112],[-82.573525,36.000512],[-82.573463,36.000661],[-82.573774,36.0006],[-82.573814,36.000744],[-82.572289,36.001877],[-82.572785,36.001862],[-82.573137,36.001633],[-82.573421,36.001734],[-82.574812,35.999991],[-82.575273,36.000185],[-82.575336,36.000351],[-82.573806,36.001778],[-82.574537,36.001701],[-82.574999,36.001183],[-82.575257,36.001185],[-82.575533,36.000944],[-82.575968,36.000372],[-82.57614,36.00039],[-82.576163,36.000561],[-82.575772,36.001088],[-82.576411,36.000442],[-82.576604,36.000449],[-82.576815,36.000721],[-82.576058,36.001405],[-82.575065,36.001676],[-82.575744,36.001778],[-82.575667,36.00197],[-82.575036,36.002022],[-82.575285,36.002218],[-82.575244,36.002367],[-82.5749,36.002348],[-82.574314,36.002043],[-82.572799,36.002142],[-82.573733,36.002577],[-82.574279,36.002671],[-82.574304,36.00302],[-82.573927,36.003287],[-82.57369,36.003215],[-82.573282,36.002666],[-82.573297,36.003096],[-82.573117,36.003101],[-82.572809,36.002417],[-82.572514,36.002449],[-82.571987,36.002193],[-82.571427,36.002292],[-82.572666,36.002989],[-82.572424,36.003151],[-82.573084,36.003359],[-82.572982,36.003592],[-82.57226,36.003515],[-82.57187,36.003006],[-82.571554,36.002927],[-82.570855,36.002266],[-82.570597,36.002384],[-82.570817,36.002779],[-82.570708,36.002918],[-82.570422,36.00284],[-82.57019,36.00234],[-82.569631,36.002537],[-82.567899,36.00226],[-82.566423,36.002515],[-82.567234,36.002525],[-82.567864,36.002941],[-82.568457,36.002762],[-82.568576,36.003002],[-82.569192,36.003149],[-82.570225,36.002958],[-82.570281,36.003083],[-82.570075,36.003239],[-82.570387,36.003417],[-82.571079,36.003149],[-82.57166,36.00329],[-82.571641,36.00349],[-82.570867,36.003595],[-82.571505,36.003608],[-82.571614,36.003778],[-82.571238,36.003891],[-82.571204,36.004057],[-82.570746,36.003879],[-82.570808,36.004186],[-82.570619,36.00424],[-82.570266,36.003967],[-82.570173,36.003647],[-82.569845,36.003465],[-82.56934,36.003453],[-82.569192,36.003838],[-82.56903,36.003872],[-82.568862,36.003771],[-82.568842,36.003397],[-82.568533,36.003581],[-82.568431,36.003272],[-82.568106,36.003159],[-82.567965,36.003309],[-82.56842,36.003852],[-82.568042,36.003953],[-82.567844,36.00366],[-82.567663,36.003934],[-82.567428,36.003547],[-82.567642,36.003021],[-82.56717,36.002664],[-82.566911,36.002672],[-82.567042,36.0031],[-82.566867,36.003165],[-82.566682,36.002746],[-82.566342,36.002701],[-82.565935,36.002288],[-82.564922,36.002238],[-82.565127,36.002089],[-82.565042,36.001893],[-82.565549,36.001593],[-82.56623,36.000487]]]}},{"id":"13075","type":"Feature","properties":{"OBJECTID":3821,"max_category":0,"label":"0.01 to 0.10 inches","area_acres":2.3684514006821007,"county":"Unicoi County","watershed":"Rice Creek"},"geometry":{"type":"Polygon","coordinates":[[[-82.568344,36.010788],[-82.56849,36.010976],[-82.569115,36.011085],[-82.569048,36.011288],[-82.568684,36.011222],[-82.568524,36.011347],[-82.569168,36.011574],[-82.568936,36.011846],[-82.569334,36.012205],[-82.569263,36.012438],[-82.569,36.012406],[-82.568628,36.012042],[-82.568187,36.011075],[-82.567643,36.01132],[-82.568344,36.010788]]]}},{"id":"13085","type":"Feature","properties":{"OBJECTID":6515,"max_category":0,"label":"0.01 to 0.10 inches","area_acres":1.0330113624977169,"county":"Unicoi County","watershed":"Rice Creek"},"geometry":{"type":"Polygon","coordinates":[[[-82.555295,36.007953],[-82.555415,36.008135],[-82.555143,36.00821],[-82.555357,36.008297],[-82.5553,36.008496],[-82.554465,36.008445],[-82.554443,36.008154],[-82.555295,36.007953]]]}},{"id":"13086","type":"Feature","properties":{"OBJECTID":6505,"max_category":0,"label":"0.01 to 0.10 inches","area_acres":0.7531654475036755,"county":"Unicoi County","watershed":"Rice Creek"},"geometry":{"type":"Polygon","coordinates":[[[-82.554284,36.012655],[-82.554401,36.012814],[-82.553862,36.013287],[-82.553336,36.013379],[-82.553369,36.013167],[-82.554284,36.012655]]]}},{"id":"13087","type":"Feature","properties":{"OBJECTID":2978,"max_category":0,"label":"0.01 to 0.10 inches","area_acres":3.9237323808799274,"county":"Unicoi County","watershed":"Rice Creek"},"geometry":{"type":"Polygon","coordinates":[[[-82.532883,35.99758],[-82.533213,35.997715],[-82.533082,35.998552],[-82.533412,35.998446],[-82.533489,35.998606],[-82.53264,35.999283],[-82.532621,35.99961],[-82.533258,35.999723],[-82.533696,35.999945],[-82.533652,36.000064],[-82.532432,35.999687],[-82.532392,35.99918],[-82.531982,35.998813],[-82.531956,35.998463],[-82.531746,35.998303],[-82.531858,35.997721],[-82.532628,35.998998],[-82.532806,35.998591],[-82.532564,35.997675],[-82.532883,35.99758]]]}},{"id":"13091","type":"Feature","properties":{"OBJECTID":3820,"max_category":0,"label":"0.01 to 0.10 inches","area_acres":3.2015670030988885,"county":"Unicoi County","watershed":"Rice Creek"},"geometry":{"type":"Polygon","coordinates":[[[-82.573679,36.004447],[-82.573936,36.005203],[-82.573679,36.005511],[-82.573616,36.00639],[-82.57394,36.006007],[-82.574288,36.006297],[-82.573726,36.006581],[-82.573423,36.007319],[-82.573293,36.004576],[-82.573679,36.004447]]]}},{"id":"13110","type":"Feature","properties":{"OBJECTID":6,"max_category":0,"label":"0.01 to 0.10 inches","area_acres":4.363000397232671,"county":"Unicoi County","watershed":"Rice Creek"},"geometry":{"type":"Polygon","coordinates":[[[-82.542233,36.000196],[-82.542344,36.000362],[-82.541714,36.000656],[-82.541724,36.000817],[-82.542898,36.001016],[-82.542873,36.001209],[-82.543183,36.001403],[-82.543097,36.001588],[-82.542277,36.001244],[-82.542431,36.001569],[-82.542039,36.001514],[-82.54127,36.000669],[-82.540905,36.000707],[-82.540638,36.001149],[-82.541396,36.00116],[-82.541576,36.001433],[-82.540433,36.001549],[-82.540522,36.000871],[-82.540805,36.000585],[-82.542233,36.000196]]]}},{"id":"13134","type":"Feature","properties":{"OBJECTID":4474,"max_category":0,"label":"0.01 to 0.10 inches","area_acres":5.864670253595852,"county":"Unicoi County","watershed":"Upper South Indian Creek"},"geometry":{"type":"Polygon","coordinates":[[[-82.571615,36.017427],[-82.57196,36.017869],[-82.572072,36.021167],[-82.572493,36.021509],[-82.572465,36.021908],[-82.57213,36.022036],[-82.57168,36.021607],[-82.571584,36.019481],[-82.57128,36.018718],[-82.57144,36.01848],[-82.571116,36.018068],[-82.571148,36.01792],[-82.571347,36.017939],[-82.571275,36.017497],[-82.571615,36.017427]]]}},{"id":"13151","type":"Feature","properties":{"OBJECTID":2996,"max_category":0,"label":"0.01 to 0.10 inches","area_acres":5.4096511173265895,"county":"Unicoi County","watershed":"Rice Creek"},"geometry":{"type":"Polygon","coordinates":[[[-82.537805,35.991803],[-82.537886,35.991908],[-82.537287,35.992633],[-82.53719,35.993628],[-82.536917,35.993604],[-82.537111,35.992597],[-82.535968,35.993093],[-82.535725,35.993074],[-82.535692,35.992933],[-82.536032,35.99275],[-82.535667,35.992604],[-82.535752,35.992369],[-82.536688,35.992605],[-82.53756,35.992035],[-82.536915,35.991614],[-82.535888,35.991604],[-82.535802,35.991186],[-82.537573,35.991342],[-82.536626,35.990813],[-82.536891,35.990621],[-82.537485,35.990663],[-82.537559,35.99111],[-82.538038,35.99135],[-82.537898,35.991448],[-82.537984,35.991672],[-82.537129,35.99158],[-82.537541,35.991893],[-82.537805,35.991803]]]}},{"id":"13154","type":"Feature","properties":{"OBJECTID":3856,"max_category":0,"label":"0.01 to 0.10 inches","area_acres":19.76106065418273,"county":"Unicoi County","watershed":"Rice Creek"},"geometry":{"type":"Polygon","coordinates":[[[-82.565133,35.996455],[-82.565495,35.99642],[-82.565347,35.996818],[-82.565451,35.996999],[-82.564964,35.997638],[-82.565357,35.997626],[-82.566026,35.997099],[-82.565898,35.996335],[-82.566442,35.996224],[-82.566715,35.996522],[-82.566291,35.99682],[-82.566203,35.997134],[-82.567359,35.99765],[-82.56803,35.99763],[-82.568509,35.997315],[-82.568844,35.997396],[-82.569159,35.997677],[-82.568614,35.997778],[-82.569197,35.998085],[-82.570194,35.99897],[-82.569638,35.998981],[-82.56849,35.99809],[-82.567566,35.997917],[-82.566255,35.997275],[-82.5655,35.99771],[-82.566912,35.99824],[-82.56751,35.998268],[-82.567749,35.998489],[-82.567915,35.999334],[-82.567283,35.999008],[-82.566638,35.998281],[-82.564992,35.99778],[-82.564816,35.99788],[-82.564875,35.998085],[-82.564635,35.998202],[-82.564393,35.998017],[-82.563917,35.997948],[-82.563691,35.998142],[-82.56359,35.997793],[-82.563065,35.997698],[-82.561787,35.998808],[-82.5617,35.998638],[-82.561934,35.998307],[-82.562712,35.997626],[-82.561851,35.997789],[-82.561746,35.998274],[-82.56129,35.998795],[-82.561193,35.998621],[-82.561605,35.99808],[-82.561635,35.997768],[-82.561107,35.997783],[-82.561075,35.999114],[-82.560914,35.999179],[-82.560733,35.998952],[-82.560668,35.999276],[-82.560435,35.999342],[-82.560337,35.999204],[-82.560684,35.998684],[-82.560667,35.998302],[-82.55963,35.999411],[-82.559418,35.999131],[-82.559625,35.998725],[-82.560435,35.99816],[-82.559639,35.998238],[-82.55927,35.998674],[-82.559184,35.999102],[-82.558874,35.998853],[-82.558853,35.998563],[-82.558616,35.998467],[-82.558728,35.998236],[-82.559359,35.998215],[-82.558996,35.997998],[-82.559034,35.99776],[-82.559277,35.997642],[-82.559765,35.998037],[-82.560435,35.998017],[-82.561055,35.997642],[-82.560134,35.997645],[-82.559723,35.997449],[-82.559778,35.99724],[-82.560567,35.997308],[-82.560557,35.996753],[-82.560795,35.996853],[-82.560933,35.997275],[-82.561405,35.997631],[-82.563058,35.997473],[-82.56354,35.997551],[-82.563762,35.997783],[-82.564315,35.997766],[-82.564926,35.997461],[-82.564908,35.996945],[-82.565133,35.996455]]]}},{"id":"13159","type":"Feature","properties":{"OBJECTID":3874,"max_category":0,"label":"0.01 to 0.10 inches","area_acres":1.3017184697988187,"county":"Unicoi County","watershed":"Rice Creek"},"geometry":{"type":"Polygon","coordinates":[[[-82.57158,35.992964],[-82.571705,35.993169],[-82.571102,35.99393],[-82.570331,35.99383],[-82.570406,35.993688],[-82.570732,35.993731],[-82.57122,35.993105],[-82.57158,35.992964]]]}},{"id":"13162","type":"Feature","properties":{"OBJECTID":6425,"max_category":0,"label":"0.01 to 0.10 inches","area_acres":1.2981439281888922,"county":"Unicoi County","watershed":"Rice Creek"},"geometry":{"type":"Polygon","coordinates":[[[-82.540687,36.00736],[-82.540813,36.007451],[-82.540762,36.007979],[-82.540103,36.008696],[-82.539842,36.008446],[-82.540386,36.007906],[-82.540381,36.007456],[-82.540687,36.00736]]]}},{"id":"13168","type":"Feature","properties":{"OBJECTID":6538,"max_category":0,"label":"0.01 to 0.10 inches","area_acres":1.863878288154716,"county":"Unicoi County","watershed":"Rice Creek"},"geometry":{"type":"Polygon","coordinates":[[[-82.560241,36.012702],[-82.561948,36.013571],[-82.561726,36.0148],[-82.561533,36.014737],[-82.56151,36.014326],[-82.561784,36.013637],[-82.561517,36.013566],[-82.561223,36.013928],[-82.561046,36.013771],[-82.561163,36.013353],[-82.560121,36.01283],[-82.560241,36.012702]]]}},{"id":"13169","type":"Feature","properties":{"OBJECTID":3004,"max_category":0,"label":"0.01 to 0.10 inches","area_acres":1.593637411871315,"county":"Unicoi County","watershed":"Rice Creek"},"geometry":{"type":"Polygon","coordinates":[[[-82.533438,35.99094],[-82.53457,35.991529],[-82.534776,35.991774],[-82.534596,35.992189],[-82.534625,35.992919],[-82.534411,35.993195],[-82.534258,35.993127],[-82.53445,35.992876],[-82.53444,35.991891],[-82.533893,35.991344],[-82.533206,35.991089],[-82.533216,35.990961],[-82.533438,35.99094]]]}},{"id":"13179","type":"Feature","properties":{"OBJECTID":3882,"max_category":0,"label":"0.01 to 0.10 inches","area_acres":2.422357941870426,"county":"Unicoi County","watershed":"Rice Creek"},"geometry":{"type":"Polygon","coordinates":[[[-82.558176,35.99811],[-82.558808,35.999275],[-82.558107,35.998915],[-82.557842,35.998923],[-82.557105,35.999482],[-82.557106,35.9993],[-82.557547,35.998885],[-82.557393,35.998137],[-82.557637,35.998127],[-82.557895,35.998639],[-82.558176,35.99811]]]}},{"id":"13181","type":"Feature","properties":{"OBJECTID":3859,"max_category":0,"label":"0.01 to 0.10 inches","area_acres":0.6177141781606421,"county":"Unicoi County","watershed":"Rice Creek"},"geometry":{"type":"Polygon","coordinates":[[[-82.563001,35.995551],[-82.56318,35.995802],[-82.562363,35.996189],[-82.562314,35.996035],[-82.563001,35.995551]]]}},{"id":"13187","type":"Feature","properties":{"OBJECTID":3872,"max_category":0,"label":"0.01 to 0.10 inches","area_acres":5.257223344549257,"county":"Unicoi County","watershed":"Rice Creek"},"geometry":{"type":"Polygon","coordinates":[[[-82.568106,35.990539],[-82.569049,35.990548],[-82.568993,35.990724],[-82.568323,35.990755],[-82.568522,35.991046],[-82.568775,35.991134],[-82.569248,35.990813],[-82.569456,35.990832],[-82.569504,35.991019],[-82.569107,35.99131],[-82.569279,35.991407],[-82.569832,35.991039],[-82.570101,35.991287],[-82.569615,35.991608],[-82.569909,35.99183],[-82.570239,35.991577],[-82.570452,35.991662],[-82.570556,35.992337],[-82.570281,35.992532],[-82.57003,35.992329],[-82.569659,35.992314],[-82.569756,35.991936],[-82.568788,35.991318],[-82.569136,35.992415],[-82.568513,35.992699],[-82.568308,35.99264],[-82.568613,35.992103],[-82.568574,35.991228],[-82.5682,35.990966],[-82.568106,35.990539]]]}},{"id":"13188","type":"Feature","properties":{"OBJECTID":210,"max_category":0,"label":"0.01 to 0.10 inches","area_acres":31.73776391637372,"county":"Unicoi County","watershed":"Upper South Indian Creek"},"geometry":{"type":"Polygon","coordinates":[[[-82.558193,36.017654],[-82.558656,36.018135],[-82.55925,36.017981],[-82.559544,36.018039],[-82.559614,36.018183],[-82.559351,36.018396],[-82.560342,36.018774],[-82.560855,36.018636],[-82.560741,36.018201],[-82.561175,36.017897],[-82.561641,36.018064],[-82.561887,36.017931],[-82.562987,36.017927],[-82.563781,36.018152],[-82.564102,36.017827],[-82.564373,36.017778],[-82.564446,36.017924],[-82.564224,36.018195],[-82.564582,36.018347],[-82.565026,36.018074],[-82.565027,36.017531],[-82.565395,36.017582],[-82.565906,36.017127],[-82.56619,36.017198],[-82.566381,36.017527],[-82.565941,36.017626],[-82.565063,36.018251],[-82.565726,36.018204],[-82.566808,36.017623],[-82.56701,36.017679],[-82.566775,36.01804],[-82.566891,36.018089],[-82.569058,36.017804],[-82.569474,36.017463],[-82.569899,36.017512],[-82.569988,36.017661],[-82.569331,36.018185],[-82.569033,36.018003],[-82.568362,36.018023],[-82.567657,36.018153],[-82.567642,36.018279],[-82.56727,36.018384],[-82.565772,36.018428],[-82.567233,36.018686],[-82.567501,36.018865],[-82.567419,36.019074],[-82.567234,36.019098],[-82.566047,36.018585],[-82.565789,36.018593],[-82.566433,36.019249],[-82.566434,36.019504],[-82.566206,36.019569],[-82.565972,36.019473],[-82.565908,36.018905],[-82.565296,36.018442],[-82.564693,36.01846],[-82.564944,36.018777],[-82.56528,36.018819],[-82.56552,36.019202],[-82.565371,36.019566],[-82.564947,36.01915],[-82.565239,36.019733],[-82.565165,36.019875],[-82.564663,36.019681],[-82.564419,36.018495],[-82.563932,36.01848],[-82.56409,36.018956],[-82.563971,36.01914],[-82.563656,36.018976],[-82.563292,36.018253],[-82.561936,36.018073],[-82.561238,36.018368],[-82.56086,36.018841],[-82.561324,36.01891],[-82.562089,36.018536],[-82.562482,36.018494],[-82.56261,36.01865],[-82.56221,36.018939],[-82.562691,36.019117],[-82.563632,36.019121],[-82.563865,36.019324],[-82.563767,36.019503],[-82.562796,36.019477],[-82.561667,36.019015],[-82.561174,36.019057],[-82.562481,36.019728],[-82.563425,36.020059],[-82.564214,36.019542],[-82.564316,36.019785],[-82.56459,36.019786],[-82.564663,36.019937],[-82.563756,36.020241],[-82.564418,36.020333],[-82.565007,36.020014],[-82.565251,36.020104],[-82.565069,36.02044],[-82.56514,36.020657],[-82.564905,36.020893],[-82.563964,36.020692],[-82.5643,36.021396],[-82.564029,36.02161],[-82.563683,36.021272],[-82.563617,36.020648],[-82.563415,36.020412],[-82.562593,36.020033],[-82.562211,36.020114],[-82.56207,36.019847],[-82.561371,36.019452],[-82.561435,36.02013],[-82.561835,36.020751],[-82.562131,36.020975],[-82.562899,36.020788],[-82.563256,36.020955],[-82.563235,36.021157],[-82.562771,36.021221],[-82.5631,36.021469],[-82.563659,36.021557],[-82.5634,36.021726],[-82.563423,36.021963],[-82.563186,36.02205],[-82.562487,36.021465],[-82.562243,36.021705],[-82.562121,36.021255],[-82.561826,36.021045],[-82.561481,36.021047],[-82.561443,36.020464],[-82.561132,36.020288],[-82.5612,36.01956],[-82.561125,36.019242],[-82.560851,36.020126],[-82.560598,36.02022],[-82.560535,36.019788],[-82.560878,36.019157],[-82.56082,36.018985],[-82.560506,36.019021],[-82.560519,36.019413],[-82.56027,36.019598],[-82.559982,36.018803],[-82.558908,36.018326],[-82.55905,36.01899],[-82.56038,36.01981],[-82.560404,36.020033],[-82.560051,36.020125],[-82.559877,36.019837],[-82.558914,36.019401],[-82.558816,36.018452],[-82.558165,36.017982],[-82.558007,36.017722],[-82.558193,36.017654]]]}},{"id":"13189","type":"Feature","properties":{"OBJECTID":6514,"max_category":0,"label":"0.01 to 0.10 inches","area_acres":8.515674188294128,"county":"Unicoi County","watershed":"Rice Creek"},"geometry":{"type":"Polygon","coordinates":[[[-82.557557,36.00632],[-82.557727,36.006858],[-82.557373,36.007059],[-82.556963,36.008011],[-82.556423,36.008533],[-82.557815,36.008001],[-82.557961,36.00813],[-82.557905,36.008502],[-82.55701,36.008431],[-82.556699,36.008616],[-82.557239,36.009023],[-82.557981,36.008684],[-82.558016,36.008918],[-82.558366,36.008956],[-82.558415,36.00954],[-82.558148,36.009739],[-82.557781,36.009306],[-82.5574,36.009243],[-82.557789,36.009738],[-82.557129,36.009874],[-82.556939,36.009635],[-82.55698,36.009049],[-82.556449,36.008749],[-82.555819,36.009356],[-82.556862,36.009773],[-82.557029,36.010003],[-82.556905,36.010261],[-82.555668,36.009569],[-82.554922,36.009826],[-82.556187,36.008711],[-82.555923,36.008382],[-82.555543,36.00841],[-82.55542,36.008181],[-82.555556,36.007867],[-82.555748,36.007748],[-82.555892,36.007819],[-82.55628,36.00843],[-82.556797,36.007951],[-82.557344,36.006398],[-82.557557,36.00632]]]}},{"id":"13199","type":"Feature","properties":{"OBJECTID":6511,"max_category":0,"label":"0.01 to 0.10 inches","area_acres":1.5353048269665641,"county":"Unicoi County","watershed":"Rice Creek"},"geometry":{"type":"Polygon","coordinates":[[[-82.560767,36.005457],[-82.562024,36.0063],[-82.561883,36.006542],[-82.560382,36.005558],[-82.560437,36.005414],[-82.560767,36.005457]]]}},{"id":"13204","type":"Feature","properties":{"OBJECTID":3005,"max_category":0,"label":"0.01 to 0.10 inches","area_acres":8.334753825847868,"county":"Unicoi County","watershed":"Rice Creek"},"geometry":{"type":"Polygon","coordinates":[[[-82.526653,35.991246],[-82.527015,35.991492],[-82.527019,35.990771],[-82.526834,35.990432],[-82.52701,35.990253],[-82.527436,35.990328],[-82.527437,35.990932],[-82.528128,35.990415],[-82.528521,35.990407],[-82.52852,35.990592],[-82.527626,35.991374],[-82.527606,35.991694],[-82.528086,35.991289],[-82.52834,35.991502],[-82.527558,35.992145],[-82.527242,35.993419],[-82.52737,35.994195],[-82.527364,35.993849],[-82.528001,35.993145],[-82.528137,35.992177],[-82.528574,35.992088],[-82.528602,35.992314],[-82.52819,35.992677],[-82.528046,35.993453],[-82.527534,35.993905],[-82.527549,35.994259],[-82.528271,35.99454],[-82.528251,35.994665],[-82.527981,35.994669],[-82.527105,35.994213],[-82.527013,35.992216],[-82.526513,35.991532],[-82.526653,35.991246]]]}},{"id":"13206","type":"Feature","properties":{"OBJECTID":3855,"max_category":0,"label":"0.01 to 0.10 inches","area_acres":2.92782169230976,"county":"Unicoi County","watershed":"Rice Creek"},"geometry":{"type":"Polygon","coordinates":[[[-82.566194,35.991252],[-82.56651,35.991462],[-82.567081,35.991424],[-82.567595,35.991699],[-82.56753,35.991889],[-82.567941,35.992258],[-82.56797,35.992531],[-82.567683,35.99257],[-82.567132,35.99207],[-82.567107,35.991711],[-82.566635,35.991602],[-82.566686,35.991966],[-82.567292,35.992702],[-82.567113,35.992793],[-82.566761,35.99256],[-82.56674,35.992835],[-82.566507,35.992849],[-82.566462,35.991647],[-82.566121,35.991384],[-82.566194,35.991252]]]}},{"id":"13210","type":"Feature","properties":{"OBJECTID":4466,"max_category":0,"label":"0.01 to 0.10 inches","area_acres":3.49363890428893,"county":"Unicoi County","watershed":"Rice Creek"},"geometry":{"type":"Polygon","coordinates":[[[-82.569775,36.005033],[-82.571469,36.004351],[-82.571634,36.003989],[-82.572358,36.004067],[-82.571211,36.004898],[-82.570493,36.005013],[-82.570184,36.005283],[-82.570186,36.005375],[-82.571255,36.00535],[-82.571185,36.005635],[-82.570841,36.005689],[-82.570244,36.005515],[-82.569838,36.0059],[-82.569775,36.005033]]]}},{"id":"13214","type":"Feature","properties":{"OBJECTID":3829,"max_category":0,"label":"0.01 to 0.10 inches","area_acres":1.652931170449894,"county":"Unicoi County","watershed":"Rice Creek"},"geometry":{"type":"Polygon","coordinates":[[[-82.54694,35.990301],[-82.547432,35.990671],[-82.547733,35.990608],[-82.547561,35.990906],[-82.546005,35.990765],[-82.545991,35.990503],[-82.546476,35.990562],[-82.54652,35.990325],[-82.54694,35.990301]]]}},{"id":"13219","type":"Feature","properties":{"OBJECTID":198,"max_category":0,"label":"0.01 to 0.10 inches","area_acres":1.2502019159987006,"county":"Unicoi County","watershed":"Rice Creek"},"geometry":{"type":"Polygon","coordinates":[[[-82.568581,36.0085],[-82.568767,36.008684],[-82.568121,36.009109],[-82.567968,36.009471],[-82.568016,36.009795],[-82.568366,36.010126],[-82.56827,36.010272],[-82.567849,36.009857],[-82.567792,36.009433],[-82.568213,36.008648],[-82.568581,36.0085]]]}},{"id":"13225","type":"Feature","properties":{"OBJECTID":3894,"max_category":0,"label":"0.01 to 0.10 inches","area_acres":1.2592497084840781,"county":"Unicoi County","watershed":"Rice Creek"},"geometry":{"type":"Polygon","coordinates":[[[-82.550752,35.993928],[-82.551107,35.994617],[-82.550901,35.994864],[-82.550143,35.99438],[-82.550393,35.993984],[-82.550752,35.993928]]]}},{"id":"13240","type":"Feature","properties":{"OBJECTID":3006,"max_category":0,"label":"0.01 to 0.10 inches","area_acres":1.6240990571965142,"county":"Unicoi County","watershed":"Rice Creek"},"geometry":{"type":"Polygon","coordinates":[[[-82.52861,35.993471],[-82.52877,35.993583],[-82.528818,35.994661],[-82.52918,35.995134],[-82.528369,35.99453],[-82.528325,35.993564],[-82.52861,35.993471]]]}},{"id":"13252","type":"Feature","properties":{"OBJECTID":3858,"max_category":0,"label":"0.01 to 0.10 inches","area_acres":2.2873763771633087,"county":"Unicoi County","watershed":"Rice Creek"},"geometry":{"type":"Polygon","coordinates":[[[-82.562638,35.994984],[-82.562697,35.99511],[-82.562344,35.995163],[-82.561771,35.995578],[-82.561836,35.996403],[-82.561544,35.996443],[-82.56147,35.995792],[-82.561334,35.995741],[-82.560491,35.996579],[-82.560026,35.996463],[-82.561164,35.995644],[-82.562263,35.99503],[-82.562638,35.994984]]]}},{"id":"13253","type":"Feature","properties":{"OBJECTID":2986,"max_category":0,"label":"0.01 to 0.10 inches","area_acres":2.4125096786287843,"county":"Unicoi County","watershed":"Rice Creek"},"geometry":{"type":"Polygon","coordinates":[[[-82.531891,35.991919],[-82.532156,35.992157],[-82.532372,35.993156],[-82.533415,35.994042],[-82.532573,35.993927],[-82.53191,35.993318],[-82.531769,35.992681],[-82.531948,35.992577],[-82.531777,35.992081],[-82.531891,35.991919]],[[-82.53242,35.993495],[-82.532652,35.993794],[-82.532815,35.993793],[-82.53242,35.993495]]]}},{"id":"13259","type":"Feature","properties":{"OBJECTID":4481,"max_category":0,"label":"0.01 to 0.10 inches","area_acres":4.492223799356813,"county":"Unicoi County","watershed":"Upper South Indian Creek"},"geometry":{"type":"Polygon","coordinates":[[[-82.572741,36.017642],[-82.573012,36.017994],[-82.573255,36.01962],[-82.574385,36.020753],[-82.574069,36.021125],[-82.573301,36.020458],[-82.572983,36.019742],[-82.572354,36.019227],[-82.572355,36.018977],[-82.572543,36.018978],[-82.572377,36.0182],[-82.572503,36.017794],[-82.572741,36.017642]],[[-82.573229,36.019796],[-82.573458,36.020384],[-82.57416,36.020914],[-82.574196,36.020792],[-82.573229,36.019796]]]}},{"id":"13260","type":"Feature","properties":{"OBJECTID":2985,"max_category":0,"label":"0.01 to 0.10 inches","area_acres":1.168924560329305,"county":"Unicoi County","watershed":"Rice Creek"},"geometry":{"type":"Polygon","coordinates":[[[-82.532994,35.992382],[-82.533349,35.993073],[-82.533974,35.993556],[-82.533765,35.993901],[-82.533646,35.993836],[-82.533754,35.993655],[-82.532938,35.993],[-82.532994,35.992382]]]}},{"id":"13267","type":"Feature","properties":{"OBJECTID":6526,"max_category":0,"label":"0.01 to 0.10 inches","area_acres":0.9158957593050068,"county":"Unicoi County","watershed":"Rice Creek"},"geometry":{"type":"Polygon","coordinates":[[[-82.556137,36.014003],[-82.5564,36.014145],[-82.556204,36.014576],[-82.555591,36.014895],[-82.555448,36.014691],[-82.556137,36.014003]]]}},{"id":"13276","type":"Feature","properties":{"OBJECTID":3881,"max_category":0,"label":"0.01 to 0.10 inches","area_acres":2.231837561494205,"county":"Unicoi County","watershed":"Rice Creek"},"geometry":{"type":"Polygon","coordinates":[[[-82.551602,35.997092],[-82.551819,35.9971],[-82.552144,35.996304],[-82.55237,35.996318],[-82.55251,35.99651],[-82.552323,35.99721],[-82.551352,35.99749],[-82.551127,35.997686],[-82.551283,35.997828],[-82.551159,35.9979],[-82.550862,35.997648],[-82.551122,35.997396],[-82.55122,35.996825],[-82.55141,35.996786],[-82.551602,35.997092]]]}},{"id":"13283","type":"Feature","properties":{"OBJECTID":6496,"max_category":0,"label":"0.01 to 0.10 inches","area_acres":0.8750695580059763,"county":"Unicoi County","watershed":"Upper South Indian Creek"},"geometry":{"type":"Polygon","coordinates":[[[-82.555852,36.0183],[-82.556005,36.018568],[-82.555695,36.018502],[-82.555125,36.018817],[-82.55478,36.018791],[-82.555075,36.01844],[-82.555852,36.0183]]]}},{"id":"13284","type":"Feature","properties":{"OBJECTID":3876,"max_category":0,"label":"0.01 to 0.10 inches","area_acres":0.8855635175476984,"county":"Unicoi County","watershed":"Rice Creek"},"geometry":{"type":"Polygon","coordinates":[[[-82.553418,35.992999],[-82.553977,35.993712],[-82.554276,35.993862],[-82.554183,35.994017],[-82.553848,35.994061],[-82.553619,35.993925],[-82.553301,35.99311],[-82.553418,35.992999]]]}},{"id":"13288","type":"Feature","properties":{"OBJECTID":143,"max_category":0,"label":"0.01 to 0.10 inches","area_acres":0.7476616857235829,"county":"Unicoi County","watershed":"Rice Creek"},"geometry":{"type":"Polygon","coordinates":[[[-82.540333,35.998519],[-82.541044,35.998531],[-82.541511,35.998859],[-82.541315,35.998935],[-82.540138,35.998671],[-82.540333,35.998519]]]}},{"id":"13289","type":"Feature","properties":{"OBJECTID":3880,"max_category":0,"label":"0.01 to 0.10 inches","area_acres":0.8279319323584095,"county":"Unicoi County","watershed":"Rice Creek"},"geometry":{"type":"Polygon","coordinates":[[[-82.551124,35.993148],[-82.551693,35.993596],[-82.551254,35.993413],[-82.55067,35.993817],[-82.550656,35.993472],[-82.551124,35.993148]]]}},{"id":"13293","type":"Feature","properties":{"OBJECTID":6555,"max_category":0,"label":"0.01 to 0.10 inches","area_acres":3.321912672481032,"county":"Unicoi County","watershed":"Rice Creek"},"geometry":{"type":"Polygon","coordinates":[[[-82.553261,36.006335],[-82.554052,36.007149],[-82.553938,36.007433],[-82.55343,36.00716],[-82.55168,36.007348],[-82.551922,36.006991],[-82.552399,36.006938],[-82.552047,36.006666],[-82.552098,36.006494],[-82.552302,36.006485],[-82.552977,36.006925],[-82.552605,36.006343],[-82.552825,36.0063],[-82.553189,36.00657],[-82.553261,36.006335]]]}},{"id":"13295","type":"Feature","properties":{"OBJECTID":3624,"max_category":0,"label":"0.01 to 0.10 inches","area_acres":5.352679712249848,"county":"Unicoi County","watershed":"Rice Creek"},"geometry":{"type":"Polygon","coordinates":[[[-82.527943,35.996761],[-82.528142,35.996993],[-82.527749,35.99691],[-82.526948,35.997153],[-82.526667,35.997628],[-82.526443,35.99754],[-82.526459,35.997322],[-82.526239,35.997501],[-82.52602,35.997437],[-82.525894,35.997128],[-82.52421,35.997259],[-82.523814,35.997176],[-82.523976,35.996959],[-82.52517,35.996924],[-82.524644,35.99663],[-82.524828,35.996441],[-82.525666,35.996744],[-82.52538,35.996494],[-82.52545,35.996366],[-82.526216,35.996673],[-82.527067,35.996657],[-82.527013,35.996921],[-82.526269,35.996952],[-82.5264,35.996998],[-82.527106,35.997033],[-82.527943,35.996761]]]}},{"id":"13297","type":"Feature","properties":{"OBJECTID":3826,"max_category":0,"label":"0.01 to 0.10 inches","area_acres":0.7808001943141771,"county":"Unicoi County","watershed":"Rice Creek"},"geometry":{"type":"Polygon","coordinates":[[[-82.566514,36.012244],[-82.56718,36.012719],[-82.567171,36.012902],[-82.566388,36.012475],[-82.566056,36.012647],[-82.566514,36.012244]]]}},{"id":"13314","type":"Feature","properties":{"OBJECTID":3888,"max_category":0,"label":"0.01 to 0.10 inches","area_acres":1.5524623550978738,"county":"Unicoi County","watershed":"Rice Creek"},"geometry":{"type":"Polygon","coordinates":[[[-82.552281,36.000976],[-82.552344,36.001099],[-82.551721,36.001273],[-82.550858,36.002138],[-82.550228,36.002109],[-82.550274,36.001956],[-82.550695,36.001874],[-82.551211,36.001483],[-82.551239,36.001258],[-82.551493,36.001093],[-82.552281,36.000976]]]}},{"id":"13315","type":"Feature","properties":{"OBJECTID":3896,"max_category":0,"label":"0.01 to 0.10 inches","area_acres":8.037299171354253,"county":"Unicoi County","watershed":"Rice Creek"},"geometry":{"type":"Polygon","coordinates":[[[-82.549428,35.996056],[-82.551322,35.996225],[-82.551519,35.996392],[-82.550999,35.996593],[-82.550174,35.996205],[-82.548289,35.996314],[-82.548013,35.996556],[-82.548092,35.997082],[-82.547651,35.99724],[-82.547492,35.99715],[-82.547585,35.996665],[-82.547077,35.996871],[-82.546285,35.99695],[-82.54598,35.996907],[-82.545951,35.996677],[-82.547648,35.996465],[-82.547914,35.996298],[-82.547057,35.996103],[-82.54622,35.996182],[-82.545796,35.996469],[-82.54522,35.996455],[-82.545051,35.996282],[-82.54694,35.995826],[-82.547857,35.996115],[-82.547112,35.995412],[-82.547314,35.995192],[-82.54756,35.995176],[-82.547798,35.995555],[-82.548124,35.995446],[-82.548249,35.996173],[-82.549014,35.99615],[-82.54857,35.995456],[-82.548683,35.995335],[-82.549428,35.996056]]]}},{"id":"13322","type":"Feature","properties":{"OBJECTID":3897,"max_category":0,"label":"0.01 to 0.10 inches","area_acres":5.80993535131339,"county":"Unicoi County","watershed":"Rice Creek"},"geometry":{"type":"Polygon","coordinates":[[[-82.549971,35.99692],[-82.550137,35.997434],[-82.549201,35.998127],[-82.548962,35.997862],[-82.548495,35.997903],[-82.548191,35.9981],[-82.547627,35.998175],[-82.54759,35.998379],[-82.547194,35.998518],[-82.546854,35.998468],[-82.546904,35.998169],[-82.546406,35.998293],[-82.5451,35.998086],[-82.545169,35.997836],[-82.545909,35.997753],[-82.546835,35.997916],[-82.547053,35.997499],[-82.547317,35.998042],[-82.54812,35.997963],[-82.548299,35.997471],[-82.54924,35.997656],[-82.549849,35.997231],[-82.548813,35.997259],[-82.548776,35.997022],[-82.549971,35.99692]]]}},{"id":"13327","type":"Feature","properties":{"OBJECTID":5530,"max_category":0,"label":"0.01 to 0.10 inches","area_acres":4.334240763820893,"county":"Unicoi County","watershed":"Rice Creek"},"geometry":{"type":"Polygon","coordinates":[[[-82.542946,36.007954],[-82.543107,36.008071],[-82.542982,36.008329],[-82.541913,36.008608],[-82.542101,36.009044],[-82.541888,36.009072],[-82.541706,36.008672],[-82.541463,36.008714],[-82.541366,36.008585],[-82.541353,36.008241],[-82.541523,36.008106],[-82.541367,36.007884],[-82.541369,36.007166],[-82.541182,36.00676],[-82.540524,36.006203],[-82.540636,36.005977],[-82.54099,36.005898],[-82.541358,36.006148],[-82.54132,36.006669],[-82.541679,36.007923],[-82.541777,36.007997],[-82.542057,36.007595],[-82.54208,36.008227],[-82.542946,36.007954]],[[-82.541686,36.008229],[-82.541669,36.008446],[-82.541697,36.008474],[-82.541686,36.008229]]]}},{"id":"13328","type":"Feature","properties":{"OBJECTID":3857,"max_category":0,"label":"0.01 to 0.10 inches","area_acres":0.9997141328103741,"county":"Unicoi County","watershed":"Rice Creek"},"geometry":{"type":"Polygon","coordinates":[[[-82.56485,35.996047],[-82.565043,35.996153],[-82.564928,35.996292],[-82.56357,35.996485],[-82.563605,35.996198],[-82.56485,35.996047]]]}},{"id":"13332","type":"Feature","properties":{"OBJECTID":5526,"max_category":0,"label":"0.01 to 0.10 inches","area_acres":31.159233750109824,"county":"Unicoi County","watershed":"Rice Creek"},"geometry":{"type":"Polygon","coordinates":[[[-82.542945,36.014854],[-82.543077,36.015096],[-82.542837,36.015778],[-82.543179,36.016069],[-82.543272,36.016453],[-82.543525,36.016569],[-82.543904,36.016393],[-82.54404,36.016636],[-82.544574,36.016511],[-82.544761,36.016604],[-82.544734,36.017083],[-82.543944,36.016864],[-82.543594,36.016875],[-82.543586,36.017037],[-82.54383,36.01722],[-82.544774,36.017244],[-82.544703,36.017403],[-82.545065,36.017624],[-82.545091,36.017806],[-82.544301,36.017566],[-82.544772,36.01788],[-82.544747,36.018016],[-82.544313,36.017938],[-82.543597,36.017371],[-82.543592,36.01771],[-82.543345,36.017933],[-82.543019,36.018018],[-82.542121,36.018857],[-82.541793,36.01887],[-82.54173,36.018563],[-82.542792,36.017867],[-82.543419,36.017631],[-82.543432,36.017173],[-82.542758,36.017476],[-82.542314,36.017974],[-82.541585,36.018149],[-82.541658,36.017884],[-82.54236,36.017387],[-82.543424,36.016971],[-82.543244,36.016653],[-82.542616,36.017141],[-82.542384,36.017104],[-82.54306,36.016404],[-82.542979,36.016081],[-82.542663,36.015822],[-82.542846,36.015384],[-82.541963,36.015918],[-82.542195,36.016592],[-82.54211,36.016958],[-82.54166,36.016772],[-82.541728,36.016123],[-82.541245,36.016516],[-82.541668,36.017679],[-82.541661,36.017861],[-82.541393,36.018033],[-82.541134,36.017983],[-82.541251,36.017545],[-82.541073,36.016609],[-82.540783,36.017146],[-82.541019,36.01788],[-82.540783,36.017976],[-82.540418,36.017379],[-82.540363,36.018279],[-82.540017,36.018352],[-82.53998,36.017925],[-82.539547,36.018639],[-82.539193,36.018456],[-82.539761,36.017601],[-82.538745,36.01836],[-82.538425,36.017902],[-82.538563,36.017763],[-82.538162,36.017719],[-82.538058,36.017284],[-82.538707,36.017233],[-82.539185,36.017466],[-82.5405,36.017014],[-82.540912,36.01654],[-82.540383,36.016555],[-82.539257,36.016917],[-82.538951,36.016786],[-82.539218,36.016511],[-82.539664,36.016461],[-82.539939,36.016263],[-82.541212,36.016278],[-82.541589,36.016034],[-82.541667,36.015806],[-82.54124,36.015953],[-82.539209,36.016012],[-82.538647,36.01638],[-82.538408,36.016312],[-82.537848,36.016515],[-82.537709,36.017118],[-82.537237,36.016933],[-82.53665,36.017076],[-82.535626,36.018025],[-82.53529,36.01801],[-82.53553,36.017491],[-82.535236,36.017415],[-82.535307,36.01724],[-82.53621,36.017193],[-82.536408,36.017049],[-82.535616,36.016827],[-82.535679,36.016261],[-82.536172,36.01647],[-82.536643,36.016906],[-82.536975,36.016896],[-82.537571,36.016576],[-82.537337,36.016256],[-82.53743,36.016073],[-82.537959,36.016153],[-82.538801,36.015731],[-82.537813,36.015173],[-82.537448,36.015211],[-82.53684,36.015667],[-82.53597,36.015556],[-82.536101,36.015276],[-82.537172,36.015214],[-82.537496,36.015039],[-82.537272,36.01481],[-82.537473,36.014766],[-82.537511,36.014496],[-82.537831,36.014621],[-82.538073,36.015148],[-82.538462,36.015129],[-82.539205,36.015579],[-82.540024,36.015571],[-82.53894,36.014775],[-82.538907,36.014555],[-82.53918,36.014531],[-82.541027,36.015817],[-82.541627,36.015662],[-82.541816,36.015779],[-82.542561,36.015415],[-82.542872,36.0152],[-82.542945,36.014854]]]}},{"id":"13352","type":"Feature","properties":{"OBJECTID":4467,"max_category":0,"label":"0.01 to 0.10 inches","area_acres":7.30616356021679,"county":"Unicoi County","watershed":"Upper South Indian Creek"},"geometry":{"type":"Polygon","coordinates":[[[-82.57652,36.014343],[-82.576821,36.014634],[-82.577046,36.015827],[-82.577758,36.017415],[-82.577845,36.018651],[-82.577605,36.018556],[-82.577563,36.017712],[-82.576949,36.01685],[-82.575218,36.015153],[-82.57523,36.014982],[-82.575402,36.01496],[-82.576421,36.015619],[-82.576041,36.014666],[-82.576133,36.014451],[-82.57652,36.014343]]]}},{"id":"13371","type":"Feature","properties":{"OBJECTID":5620,"max_category":0,"label":"0.01 to 0.10 inches","area_acres":2.69907982918413,"county":"Unicoi County","watershed":"Rice Creek"},"geometry":{"type":"Polygon","coordinates":[[[-82.533829,36.010665],[-82.533912,36.010765],[-82.533646,36.011004],[-82.53404,36.011938],[-82.535021,36.01252],[-82.535297,36.012925],[-82.535213,36.013157],[-82.534867,36.013044],[-82.535064,36.01349],[-82.534615,36.013361],[-82.53444,36.012727],[-82.53365,36.011562],[-82.533452,36.010981],[-82.533829,36.010665]]]}},{"id":"13385","type":"Feature","properties":{"OBJECTID":6520,"max_category":0,"label":"0.01 to 0.10 inches","area_acres":2.512982088086872,"county":"Unicoi County","watershed":"Rice Creek"},"geometry":{"type":"Polygon","coordinates":[[[-82.55488,36.013133],[-82.555216,36.013524],[-82.554594,36.013847],[-82.554306,36.014352],[-82.554092,36.014322],[-82.554059,36.014158],[-82.554329,36.013727],[-82.553641,36.014186],[-82.553294,36.014115],[-82.553374,36.013848],[-82.55415,36.013511],[-82.554632,36.013094],[-82.55488,36.013133]]]}},{"id":"13389","type":"Feature","properties":{"OBJECTID":3610,"max_category":0,"label":"0.01 to 0.10 inches","area_acres":19.11128426757095,"county":"Unicoi County","watershed":"Rice Creek"},"geometry":{"type":"Polygon","coordinates":[[[-82.528301,35.997988],[-82.528341,35.998785],[-82.527998,35.998775],[-82.527952,35.998223],[-82.527706,35.998258],[-82.527461,35.998428],[-82.527519,35.99903],[-82.527286,35.999417],[-82.527012,35.999454],[-82.526814,35.999261],[-82.527158,35.998612],[-82.527112,35.998346],[-82.526634,35.998481],[-82.525994,35.998925],[-82.526007,35.999223],[-82.526467,35.99972],[-82.526321,35.999914],[-82.52611,35.999944],[-82.525865,35.999732],[-82.525654,35.999048],[-82.525344,35.999151],[-82.52534,36.000248],[-82.525146,36.000363],[-82.524864,36.000235],[-82.524548,36.000489],[-82.524295,36.000415],[-82.524867,35.999357],[-82.524477,35.999451],[-82.52308,36.0007],[-82.522951,36.000642],[-82.523009,36.000399],[-82.522258,36.000587],[-82.521995,36.000402],[-82.521264,36.000415],[-82.521214,36.000125],[-82.521505,36.000053],[-82.521617,35.999863],[-82.521162,35.999902],[-82.520545,35.999731],[-82.522041,35.999488],[-82.522865,35.999711],[-82.523417,35.999696],[-82.523592,35.999505],[-82.524298,35.999285],[-82.52278,35.999248],[-82.522649,35.999052],[-82.523068,35.998991],[-82.522895,35.998946],[-82.521955,35.999083],[-82.521776,35.998896],[-82.521364,35.998954],[-82.521359,35.998715],[-82.521581,35.99865],[-82.523334,35.99859],[-82.522645,35.998266],[-82.521673,35.998102],[-82.52134,35.998112],[-82.521016,35.998622],[-82.520741,35.998614],[-82.520625,35.998245],[-82.521174,35.997976],[-82.522515,35.998076],[-82.522904,35.998007],[-82.522832,35.997777],[-82.523045,35.997705],[-82.523458,35.998169],[-82.524837,35.99916],[-82.525898,35.998799],[-82.527129,35.998135],[-82.527398,35.998289],[-82.528301,35.997988]],[[-82.525073,35.999664],[-82.525049,35.999789],[-82.525085,35.999959],[-82.525073,35.999664]]]}},{"id":"13391","type":"Feature","properties":{"OBJECTID":557,"max_category":0,"label":"0.01 to 0.10 inches","area_acres":3.2816132742347235,"county":"Unicoi County","watershed":"Rice Creek"},"geometry":{"type":"Polygon","coordinates":[[[-82.542646,35.988034],[-82.543093,35.988546],[-82.542601,35.988851],[-82.542432,35.989167],[-82.543264,35.989136],[-82.543224,35.989415],[-82.542617,35.98947],[-82.543245,35.989681],[-82.543337,35.989861],[-82.543097,35.989943],[-82.542438,35.98953],[-82.541633,35.989553],[-82.54115,35.989855],[-82.541537,35.989428],[-82.541991,35.989345],[-82.542267,35.989104],[-82.542415,35.988636],[-82.542201,35.98826],[-82.542646,35.988034]]]}},{"id":"13392","type":"Feature","properties":{"OBJECTID":3900,"max_category":0,"label":"0.01 to 0.10 inches","area_acres":1.6596911522091744,"county":"Unicoi County","watershed":"Rice Creek"},"geometry":{"type":"Polygon","coordinates":[[[-82.546905,35.994123],[-82.546983,35.994232],[-82.545681,35.99574],[-82.545361,35.995932],[-82.544646,35.995791],[-82.544711,35.995508],[-82.545679,35.995533],[-82.546905,35.994123]]]}},{"id":"13416","type":"Feature","properties":{"OBJECTID":5521,"max_category":0,"label":"0.01 to 0.10 inches","area_acres":2.881123440790797,"county":"Unicoi County","watershed":"Rice Creek"},"geometry":{"type":"Polygon","coordinates":[[[-82.544211,36.00549],[-82.544679,36.005682],[-82.544678,36.005909],[-82.543779,36.006066],[-82.543358,36.006434],[-82.543388,36.006579],[-82.543228,36.006556],[-82.543176,36.006385],[-82.544007,36.005601],[-82.543697,36.005337],[-82.543693,36.005051],[-82.544322,36.005084],[-82.544449,36.00462],[-82.544814,36.004385],[-82.545023,36.004827],[-82.544744,36.005196],[-82.544211,36.00549]]]}},{"id":"13417","type":"Feature","properties":{"OBJECTID":5593,"max_category":0,"label":"0.01 to 0.10 inches","area_acres":3.070818016197302,"county":"Unicoi County","watershed":"Rice Creek"},"geometry":{"type":"Polygon","coordinates":[[[-82.542436,36.009426],[-82.542504,36.009573],[-82.541022,36.010668],[-82.540746,36.011335],[-82.540451,36.011354],[-82.540526,36.011072],[-82.539804,36.011374],[-82.539406,36.01136],[-82.539437,36.011128],[-82.539929,36.0109],[-82.539798,36.010672],[-82.540858,36.010544],[-82.542436,36.009426]]]}},{"id":"13418","type":"Feature","properties":{"OBJECTID":6244,"max_category":0,"label":"0.01 to 0.10 inches","area_acres":4.720454417038784,"county":"Unicoi County","watershed":"Rice Creek"},"geometry":{"type":"Polygon","coordinates":[[[-82.529294,36.011401],[-82.52956,36.012408],[-82.529132,36.012773],[-82.528826,36.012819],[-82.528755,36.012693],[-82.52917,36.012133],[-82.529187,36.011738],[-82.528792,36.011846],[-82.528772,36.012252],[-82.528399,36.012816],[-82.527963,36.012736],[-82.527981,36.01246],[-82.528601,36.011833],[-82.528197,36.011795],[-82.527281,36.012879],[-82.52662,36.013185],[-82.52615,36.013142],[-82.526991,36.012582],[-82.527242,36.012022],[-82.527757,36.011912],[-82.528104,36.011656],[-82.529064,36.011627],[-82.529294,36.011401]]]}},{"id":"13423","type":"Feature","properties":{"OBJECTID":5596,"max_category":0,"label":"0.01 to 0.10 inches","area_acres":0.9012058155239031,"county":"Unicoi County","watershed":"Rice Creek"},"geometry":{"type":"Polygon","coordinates":[[[-82.527997,36.008827],[-82.528568,36.009443],[-82.528925,36.009407],[-82.528969,36.009525],[-82.528373,36.00957],[-82.527684,36.008985],[-82.527751,36.008843],[-82.527997,36.008827]]]}},{"id":"13439","type":"Feature","properties":{"OBJECTID":205,"max_category":0,"label":"0.01 to 0.10 inches","area_acres":8.431807592755302,"county":"Unicoi County","watershed":"Rice Creek"},"geometry":{"type":"Polygon","coordinates":[[[-82.552597,36.001242],[-82.552656,36.001681],[-82.551787,36.002355],[-82.552086,36.003023],[-82.551998,36.003424],[-82.551667,36.003433],[-82.551704,36.002935],[-82.551419,36.002506],[-82.551107,36.003062],[-82.551295,36.003834],[-82.550883,36.003853],[-82.55081,36.003377],[-82.549664,36.004319],[-82.549024,36.004239],[-82.549068,36.003949],[-82.549566,36.003886],[-82.549587,36.003561],[-82.550025,36.00357],[-82.550903,36.002671],[-82.550092,36.002994],[-82.549162,36.003079],[-82.548922,36.003374],[-82.549106,36.003714],[-82.549024,36.003883],[-82.548633,36.004056],[-82.548278,36.003925],[-82.54841,36.0033],[-82.54876,36.003277],[-82.549352,36.002826],[-82.549954,36.00272],[-82.54998,36.002505],[-82.550522,36.002566],[-82.55105,36.002088],[-82.551489,36.002263],[-82.552491,36.001604],[-82.552597,36.001242]]]}},{"id":"13442","type":"Feature","properties":{"OBJECTID":3887,"max_category":0,"label":"0.01 to 0.10 inches","area_acres":0.8346941232090814,"county":"Unicoi County","watershed":"Rice Creek"},"geometry":{"type":"Polygon","coordinates":[[[-82.552024,36.000516],[-82.552095,36.000718],[-82.551766,36.000749],[-82.551442,36.001026],[-82.55095,36.00098],[-82.550975,36.000636],[-82.551555,36.000695],[-82.552024,36.000516]]]}},{"id":"13459","type":"Feature","properties":{"OBJECTID":3835,"max_category":0,"label":"0.01 to 0.10 inches","area_acres":2.3777837128507398,"county":"Unicoi County","watershed":"Rice Creek"},"geometry":{"type":"Polygon","coordinates":[[[-82.557463,35.999588],[-82.557951,35.999849],[-82.558832,35.999615],[-82.558857,35.999776],[-82.5584,36.000031],[-82.558859,36.000181],[-82.559357,36.000012],[-82.559503,36.000145],[-82.559439,36.000549],[-82.559196,36.00067],[-82.558684,36.00054],[-82.558182,36.000325],[-82.557502,35.999757],[-82.55701,35.999691],[-82.557463,35.999588]]]}},{"id":"13462","type":"Feature","properties":{"OBJECTID":6545,"max_category":0,"label":"0.01 to 0.10 inches","area_acres":9.135989041639387,"county":"Unicoi County","watershed":"Rice Creek"},"geometry":{"type":"Polygon","coordinates":[[[-82.554021,36.005158],[-82.554006,36.005459],[-82.552927,36.005608],[-82.55215,36.006226],[-82.551219,36.006454],[-82.551217,36.006239],[-82.552195,36.005981],[-82.551018,36.006098],[-82.551188,36.005693],[-82.552456,36.005781],[-82.552816,36.005495],[-82.551089,36.005359],[-82.550554,36.005485],[-82.550166,36.005846],[-82.549802,36.005889],[-82.549743,36.005758],[-82.550039,36.005527],[-82.54899,36.00564],[-82.548564,36.005389],[-82.550023,36.00522],[-82.549784,36.00504],[-82.549022,36.004805],[-82.54868,36.00455],[-82.548411,36.00464],[-82.547952,36.004513],[-82.548183,36.004409],[-82.548201,36.004136],[-82.54855,36.004083],[-82.549097,36.004669],[-82.549534,36.004554],[-82.550713,36.005255],[-82.551578,36.005202],[-82.549944,36.004446],[-82.550071,36.004312],[-82.550794,36.004511],[-82.551127,36.004337],[-82.551286,36.004813],[-82.551891,36.005138],[-82.552698,36.005201],[-82.553087,36.005406],[-82.553492,36.005176],[-82.554021,36.005158]]]}},{"id":"13467","type":"Feature","properties":{"OBJECTID":3814,"max_category":0,"label":"0.01 to 0.10 inches","area_acres":6.557192822335636,"county":"Unicoi County","watershed":"Rice Creek"},"geometry":{"type":"Polygon","coordinates":[[[-82.574561,36.008325],[-82.575187,36.008636],[-82.57563,36.008655],[-82.575693,36.009009],[-82.575532,36.009163],[-82.575677,36.009379],[-82.576145,36.009575],[-82.576799,36.01042],[-82.577097,36.011221],[-82.577665,36.011632],[-82.577588,36.011839],[-82.577364,36.011724],[-82.57715,36.012061],[-82.57745,36.012756],[-82.577337,36.012944],[-82.576966,36.012624],[-82.577047,36.011432],[-82.576566,36.011114],[-82.576533,36.010512],[-82.576402,36.010459],[-82.576241,36.010726],[-82.576008,36.010616],[-82.575927,36.009815],[-82.575548,36.009522],[-82.575359,36.009832],[-82.575382,36.010349],[-82.575774,36.010945],[-82.575596,36.011044],[-82.575309,36.010727],[-82.575095,36.010745],[-82.57509,36.009989],[-82.575399,36.009359],[-82.575346,36.008925],[-82.575109,36.00877],[-82.575014,36.009248],[-82.574744,36.009266],[-82.574792,36.008639],[-82.574377,36.008411],[-82.574561,36.008325]]]}},{"id":"13477","type":"Feature","properties":{"OBJECTID":453,"max_category":0,"label":"0.01 to 0.10 inches","area_acres":2.2710643107028288,"county":"Unicoi County","watershed":"Rice Creek"},"geometry":{"type":"Polygon","coordinates":[[[-82.541937,35.991133],[-82.54365,35.991685],[-82.543499,35.99205],[-82.543072,35.991902],[-82.543264,35.992319],[-82.542759,35.992108],[-82.542618,35.991709],[-82.542009,35.991301],[-82.541776,35.991281],[-82.541317,35.991627],[-82.541315,35.991389],[-82.541937,35.991133]]]}},{"id":"13484","type":"Feature","properties":{"OBJECTID":3877,"max_category":0,"label":"0.01 to 0.10 inches","area_acres":4.976108120033734,"county":"Unicoi County","watershed":"Rice Creek"},"geometry":{"type":"Polygon","coordinates":[[[-82.560887,35.994403],[-82.560968,35.994508],[-82.560653,35.994785],[-82.560001,35.994956],[-82.559525,35.995258],[-82.559366,35.995521],[-82.559684,35.995842],[-82.559609,35.99634],[-82.559297,35.996225],[-82.559103,35.9958],[-82.559198,35.99564],[-82.557981,35.995755],[-82.558025,35.995509],[-82.557292,35.995473],[-82.557019,35.995293],[-82.557185,35.995089],[-82.557693,35.995195],[-82.5575,35.994724],[-82.557797,35.994631],[-82.558073,35.994823],[-82.558435,35.995491],[-82.559175,35.995497],[-82.559348,35.995223],[-82.559058,35.995224],[-82.558322,35.994856],[-82.558132,35.994611],[-82.55852,35.994531],[-82.559591,35.99499],[-82.560558,35.99466],[-82.560887,35.994403]]]}},{"id":"13485","type":"Feature","properties":{"OBJECTID":29,"max_category":0,"label":"0.01 to 0.10 inches","area_acres":17.90799651685124,"county":"Unicoi County","watershed":"Rice Creek"},"geometry":{"type":"Polygon","coordinates":[[[-82.522824,36.006585],[-82.523103,36.006715],[-82.523097,36.006949],[-82.523359,36.007147],[-82.524041,36.007217],[-82.524666,36.007631],[-82.525055,36.007567],[-82.52552,36.007826],[-82.526594,36.007935],[-82.526851,36.00809],[-82.527786,36.008064],[-82.527439,36.007721],[-82.526694,36.007655],[-82.525037,36.006939],[-82.524284,36.006816],[-82.523781,36.006427],[-82.523987,36.006221],[-82.52491,36.006364],[-82.524888,36.006129],[-82.52504,36.006054],[-82.525355,36.006484],[-82.525425,36.006031],[-82.525593,36.00593],[-82.525759,36.006708],[-82.526448,36.00699],[-82.527199,36.007531],[-82.527357,36.007553],[-82.52734,36.007268],[-82.527616,36.006962],[-82.527843,36.006983],[-82.527833,36.007716],[-82.528831,36.0085],[-82.529908,36.008497],[-82.530672,36.008095],[-82.530828,36.008175],[-82.529979,36.008634],[-82.529007,36.008721],[-82.52828,36.008384],[-82.526218,36.008306],[-82.525588,36.008788],[-82.52367,36.009286],[-82.523022,36.009303],[-82.522718,36.009055],[-82.522751,36.008903],[-82.524335,36.008685],[-82.524723,36.008482],[-82.525409,36.008489],[-82.525788,36.008262],[-82.524655,36.008073],[-82.52344,36.008222],[-82.522923,36.008455],[-82.522311,36.008459],[-82.522667,36.008088],[-82.52302,36.007987],[-82.522894,36.007864],[-82.523017,36.007765],[-82.524334,36.007833],[-82.52284,36.007002],[-82.522336,36.006992],[-82.522394,36.006673],[-82.522824,36.006585]]]}},{"id":"13487","type":"Feature","properties":{"OBJECTID":6215,"max_category":0,"label":"0.01 to 0.10 inches","area_acres":0.7952779055402973,"county":"Unicoi County","watershed":"Rice Creek"},"geometry":{"type":"Polygon","coordinates":[[[-82.532216,36.01324],[-82.532608,36.013694],[-82.532803,36.01364],[-82.533055,36.013794],[-82.53305,36.014059],[-82.532556,36.014088],[-82.532526,36.013827],[-82.532143,36.013497],[-82.532216,36.01324]]]}},{"id":"13490","type":"Feature","properties":{"OBJECTID":4448,"max_category":0,"label":"0.01 to 0.10 inches","area_acres":29.242182078343312,"county":"Unicoi County","watershed":"Rice Creek"},"geometry":{"type":"Polygon","coordinates":[[[-82.571566,35.986532],[-82.572649,35.986765],[-82.573906,35.98814],[-82.574369,35.988319],[-82.574924,35.988299],[-82.57486,35.988567],[-82.574487,35.988636],[-82.574504,35.989016],[-82.574659,35.989108],[-82.575269,35.989255],[-82.575659,35.988714],[-82.575967,35.988657],[-82.576907,35.989454],[-82.577247,35.989552],[-82.577773,35.989419],[-82.578025,35.989849],[-82.578833,35.990353],[-82.579626,35.991115],[-82.580069,35.991368],[-82.58044,35.99133],[-82.580333,35.991568],[-82.580865,35.991757],[-82.581252,35.992448],[-82.582119,35.993185],[-82.582261,35.993566],[-82.581946,35.993643],[-82.581076,35.992879],[-82.580847,35.992893],[-82.580689,35.992111],[-82.580311,35.991822],[-82.580567,35.992291],[-82.580443,35.992542],[-82.580633,35.992994],[-82.580478,35.993121],[-82.580276,35.992992],[-82.580206,35.99265],[-82.580035,35.992604],[-82.58,35.991669],[-82.579864,35.99254],[-82.579657,35.992657],[-82.579442,35.992191],[-82.579819,35.991571],[-82.579355,35.991314],[-82.579251,35.99177],[-82.579083,35.991824],[-82.578969,35.991467],[-82.579124,35.991139],[-82.578726,35.990918],[-82.578524,35.990579],[-82.577494,35.989827],[-82.576513,35.989563],[-82.576037,35.989018],[-82.575872,35.988995],[-82.575347,35.989389],[-82.57555,35.989728],[-82.576265,35.989738],[-82.577561,35.991093],[-82.578908,35.991949],[-82.579215,35.99233],[-82.579191,35.992911],[-82.578868,35.992798],[-82.578772,35.992317],[-82.578003,35.991803],[-82.578353,35.992713],[-82.578197,35.992803],[-82.577828,35.992707],[-82.577619,35.992286],[-82.577687,35.991551],[-82.577314,35.991708],[-82.577307,35.991357],[-82.576877,35.99082],[-82.576252,35.990212],[-82.575626,35.989926],[-82.576869,35.991447],[-82.577418,35.992605],[-82.576475,35.992107],[-82.576538,35.991572],[-82.575871,35.990849],[-82.575822,35.991486],[-82.575541,35.991482],[-82.57537,35.991165],[-82.575613,35.99058],[-82.575412,35.989819],[-82.575194,35.989468],[-82.574866,35.989299],[-82.574718,35.989276],[-82.574741,35.989779],[-82.575255,35.990198],[-82.575235,35.990458],[-82.575028,35.990483],[-82.574606,35.989958],[-82.574487,35.990171],[-82.574892,35.990903],[-82.575267,35.991113],[-82.57547,35.991876],[-82.575186,35.99185],[-82.574821,35.991281],[-82.574731,35.99144],[-82.57458,35.991389],[-82.574433,35.990615],[-82.574248,35.991151],[-82.573921,35.991371],[-82.573844,35.990999],[-82.574219,35.990333],[-82.573879,35.990398],[-82.573812,35.990253],[-82.574532,35.989813],[-82.574406,35.989562],[-82.57419,35.989648],[-82.57398,35.989515],[-82.574403,35.989184],[-82.574171,35.988536],[-82.574032,35.988404],[-82.573838,35.988503],[-82.573716,35.989367],[-82.573055,35.989469],[-82.573462,35.988951],[-82.573129,35.989103],[-82.573046,35.988951],[-82.573646,35.988139],[-82.573579,35.988061],[-82.573029,35.988569],[-82.572846,35.988568],[-82.572786,35.988232],[-82.573396,35.987839],[-82.573249,35.987573],[-82.57256,35.986893],[-82.571568,35.986695],[-82.571566,35.986532]]]}},{"id":"13492","type":"Feature","properties":{"OBJECTID":206,"max_category":0,"label":"0.01 to 0.10 inches","area_acres":13.655936183021346,"county":"Unicoi County","watershed":"Rice Creek"},"geometry":{"type":"Polygon","coordinates":[[[-82.565564,35.998417],[-82.566132,35.998646],[-82.56599,35.998872],[-82.566974,35.99927],[-82.5675,35.999775],[-82.567082,35.999965],[-82.566022,35.999221],[-82.566358,35.999863],[-82.566129,35.999963],[-82.565776,35.999641],[-82.565672,35.999037],[-82.565411,35.998839],[-82.564053,35.999044],[-82.563928,35.999168],[-82.564185,35.999722],[-82.565456,35.999685],[-82.565643,35.999792],[-82.565549,35.999989],[-82.564202,36.000057],[-82.564198,36.000726],[-82.564644,36.001328],[-82.564997,36.001025],[-82.56549,36.000946],[-82.564793,36.001656],[-82.56411,36.000931],[-82.563944,36.000504],[-82.56293,36.000698],[-82.561743,36.000706],[-82.56092,36.001142],[-82.560076,36.000848],[-82.560141,36.000748],[-82.561533,36.000651],[-82.562725,36.00026],[-82.564047,36.000221],[-82.564015,35.999815],[-82.561061,35.999819],[-82.560269,36.000539],[-82.560029,36.000579],[-82.559919,36.00018],[-82.560539,35.999966],[-82.560634,35.999586],[-82.560841,35.999468],[-82.561463,35.999719],[-82.563899,35.999483],[-82.563753,35.999091],[-82.564285,35.998682],[-82.564954,35.998518],[-82.565253,35.9986],[-82.565564,35.998417]]]}},{"id":"13504","type":"Feature","properties":{"OBJECTID":6429,"max_category":0,"label":"0.01 to 0.10 inches","area_acres":1.9278975133851775,"county":"Unicoi County","watershed":"Rice Creek"},"geometry":{"type":"Polygon","coordinates":[[[-82.536079,36.004112],[-82.536684,36.004437],[-82.536193,36.004705],[-82.535932,36.005272],[-82.535541,36.005614],[-82.535376,36.005483],[-82.535513,36.005147],[-82.535393,36.005033],[-82.535974,36.004544],[-82.535742,36.004264],[-82.536079,36.004112]]]}},{"id":"13506","type":"Feature","properties":{"OBJECTID":3886,"max_category":0,"label":"0.01 to 0.10 inches","area_acres":7.206916575655379,"county":"Unicoi County","watershed":"Rice Creek"},"geometry":{"type":"Polygon","coordinates":[[[-82.556176,35.997262],[-82.556372,35.997428],[-82.556319,35.997968],[-82.554554,35.998001],[-82.554525,35.998554],[-82.554382,35.998639],[-82.553777,35.998134],[-82.553207,35.998151],[-82.552776,35.998328],[-82.55208,35.999021],[-82.552086,35.999167],[-82.552928,35.999144],[-82.552983,35.999287],[-82.552731,35.999428],[-82.551899,35.999417],[-82.551938,35.998827],[-82.55247,35.998364],[-82.551799,35.998494],[-82.551643,35.998409],[-82.552606,35.998067],[-82.552443,35.997437],[-82.552606,35.997073],[-82.552774,35.997148],[-82.552814,35.998028],[-82.553114,35.997396],[-82.553597,35.997445],[-82.553008,35.998068],[-82.554706,35.997717],[-82.555028,35.997264],[-82.555303,35.997152],[-82.555418,35.997287],[-82.55517,35.997786],[-82.555432,35.99771],[-82.555726,35.997257],[-82.556176,35.997262]]]}},{"id":"13518","type":"Feature","properties":{"OBJECTID":3825,"max_category":0,"label":"0.01 to 0.10 inches","area_acres":1.6561282552925791,"county":"Unicoi County","watershed":"Rice Creek"},"geometry":{"type":"Polygon","coordinates":[[[-82.569562,36.01078],[-82.569782,36.011475],[-82.570319,36.012167],[-82.570295,36.012566],[-82.570134,36.012599],[-82.570027,36.012434],[-82.569935,36.012836],[-82.56962,36.012536],[-82.569871,36.012105],[-82.569534,36.011357],[-82.569562,36.01078]]]}},{"id":"13519","type":"Feature","properties":{"OBJECTID":6523,"max_category":0,"label":"0.01 to 0.10 inches","area_acres":9.372339491340789,"county":"Unicoi County","watershed":"Upper South Indian Creek"},"geometry":{"type":"Polygon","coordinates":[[[-82.561044,36.015564],[-82.561707,36.015907],[-82.561663,36.016227],[-82.560252,36.016088],[-82.559628,36.016243],[-82.560931,36.01683],[-82.561401,36.016791],[-82.561641,36.016496],[-82.562021,36.016364],[-82.56212,36.016558],[-82.561864,36.016862],[-82.56209,36.016991],[-82.562737,36.017135],[-82.563584,36.01703],[-82.564216,36.017151],[-82.564733,36.017344],[-82.564791,36.017545],[-82.564399,36.017615],[-82.563566,36.017366],[-82.563959,36.017594],[-82.563929,36.017728],[-82.563695,36.017745],[-82.562073,36.017404],[-82.56147,36.017096],[-82.561533,36.017775],[-82.561364,36.017841],[-82.561126,36.017078],[-82.560616,36.016956],[-82.560596,36.017214],[-82.560881,36.017537],[-82.560636,36.017695],[-82.56044,36.017596],[-82.560298,36.016759],[-82.559276,36.016199],[-82.558858,36.016264],[-82.558615,36.01611],[-82.559116,36.016033],[-82.559389,36.01564],[-82.559515,36.015735],[-82.559419,36.016107],[-82.559711,36.016098],[-82.55989,36.015942],[-82.559934,36.015462],[-82.560163,36.015433],[-82.560252,36.015569],[-82.560633,36.015491],[-82.560389,36.015859],[-82.561044,36.015564]]]}},{"id":"13527","type":"Feature","properties":{"OBJECTID":3885,"max_category":0,"label":"0.01 to 0.10 inches","area_acres":2.3137946437271637,"county":"Unicoi County","watershed":"Rice Creek"},"geometry":{"type":"Polygon","coordinates":[[[-82.553993,36.000679],[-82.554513,36.000938],[-82.555111,36.000729],[-82.55534,36.000922],[-82.55498,36.001135],[-82.555017,36.001352],[-82.554822,36.001456],[-82.553978,36.001126],[-82.553398,36.001387],[-82.552867,36.001345],[-82.552885,36.001218],[-82.553551,36.001034],[-82.553993,36.000679]]]}},{"id":"13543","type":"Feature","properties":{"OBJECTID":208,"max_category":0,"label":"0.01 to 0.10 inches","area_acres":21.30932888574776,"county":"Unicoi County","watershed":"Rice Creek"},"geometry":{"type":"Polygon","coordinates":[[[-82.557375,36.002752],[-82.558125,36.003032],[-82.558857,36.003136],[-82.559137,36.003436],[-82.559064,36.003615],[-82.558688,36.003701],[-82.557675,36.002913],[-82.557239,36.002899],[-82.557397,36.00301],[-82.557273,36.003264],[-82.557696,36.003703],[-82.557619,36.003899],[-82.5571,36.003672],[-82.556802,36.003076],[-82.556087,36.00296],[-82.555685,36.003257],[-82.556499,36.003477],[-82.556618,36.003754],[-82.556335,36.003801],[-82.555535,36.003498],[-82.554897,36.003803],[-82.555355,36.003835],[-82.556045,36.00422],[-82.556823,36.004014],[-82.55655,36.004567],[-82.555819,36.004501],[-82.554577,36.004021],[-82.55405,36.004142],[-82.553862,36.003904],[-82.552753,36.004019],[-82.552447,36.003918],[-82.551938,36.00407],[-82.551745,36.003826],[-82.551853,36.003662],[-82.552192,36.003617],[-82.552249,36.003451],[-82.55301,36.003649],[-82.553848,36.003597],[-82.553689,36.003057],[-82.553098,36.003154],[-82.552899,36.002918],[-82.553561,36.002835],[-82.553422,36.002431],[-82.554501,36.001578],[-82.554723,36.001632],[-82.554699,36.001861],[-82.554072,36.002385],[-82.554898,36.002054],[-82.555135,36.001392],[-82.555511,36.001216],[-82.555732,36.001346],[-82.555379,36.001672],[-82.555487,36.001898],[-82.555317,36.002179],[-82.555586,36.002227],[-82.556261,36.001946],[-82.556179,36.001507],[-82.556564,36.001768],[-82.557345,36.001571],[-82.558057,36.001234],[-82.558269,36.000749],[-82.558722,36.00085],[-82.558358,36.001266],[-82.558838,36.001226],[-82.559284,36.001378],[-82.559628,36.001125],[-82.559835,36.001169],[-82.55982,36.001441],[-82.559601,36.001549],[-82.559941,36.001662],[-82.559763,36.002135],[-82.55859,36.00143],[-82.558054,36.001418],[-82.55752,36.001648],[-82.557815,36.001853],[-82.5577,36.002029],[-82.557291,36.00188],[-82.556521,36.001958],[-82.555787,36.00236],[-82.555117,36.002356],[-82.553849,36.002723],[-82.553753,36.002806],[-82.553943,36.003087],[-82.554404,36.002841],[-82.554821,36.002893],[-82.554711,36.003047],[-82.554012,36.003268],[-82.554002,36.003899],[-82.554759,36.003515],[-82.55524,36.002986],[-82.555605,36.003033],[-82.555908,36.002822],[-82.557061,36.002816],[-82.557635,36.002333],[-82.558754,36.002274],[-82.559355,36.002557],[-82.559869,36.002524],[-82.559992,36.002779],[-82.55983,36.003014],[-82.559115,36.002925],[-82.557993,36.002464],[-82.557694,36.002473],[-82.557375,36.002752]],[[-82.553687,36.002654],[-82.55374,36.002561],[-82.553662,36.002629],[-82.553687,36.002654]]]}},{"id":"13547","type":"Feature","properties":{"OBJECTID":3809,"max_category":0,"label":"0.01 to 0.10 inches","area_acres":0.6955611552164733,"county":"Unicoi County","watershed":"Rice Creek"},"geometry":{"type":"Polygon","coordinates":[[[-82.543381,35.997826],[-82.543927,35.998078],[-82.544074,35.99834],[-82.543714,35.998368],[-82.543272,35.998043],[-82.543093,35.998094],[-82.543381,35.997826]]]}},{"id":"13548","type":"Feature","properties":{"OBJECTID":6529,"max_category":0,"label":"0.01 to 0.10 inches","area_acres":7.619488943391333,"county":"Unicoi County","watershed":"Upper South Indian Creek"},"geometry":{"type":"Polygon","coordinates":[[[-82.553098,36.018381],[-82.5534,36.018565],[-82.552732,36.019206],[-82.552717,36.019655],[-82.553561,36.019171],[-82.553617,36.019421],[-82.553381,36.019669],[-82.553471,36.019948],[-82.553035,36.020007],[-82.552691,36.019854],[-82.552527,36.020518],[-82.552376,36.020341],[-82.552165,36.020401],[-82.551449,36.01978],[-82.550992,36.019886],[-82.550857,36.019703],[-82.551147,36.019472],[-82.550292,36.018799],[-82.549833,36.01893],[-82.549544,36.018412],[-82.549777,36.018258],[-82.550115,36.018317],[-82.55037,36.017979],[-82.55036,36.017537],[-82.550626,36.017397],[-82.550982,36.01789],[-82.550516,36.018061],[-82.550442,36.018691],[-82.552368,36.020314],[-82.552516,36.019802],[-82.552344,36.019724],[-82.55231,36.018998],[-82.551233,36.018203],[-82.551843,36.018052],[-82.552106,36.018256],[-82.552526,36.019128],[-82.552756,36.018548],[-82.553098,36.018381]]]}},{"id":"13553","type":"Feature","properties":{"OBJECTID":6243,"max_category":0,"label":"0.01 to 0.10 inches","area_acres":0.6619019085103676,"county":"Unicoi County","watershed":"Rice Creek"},"geometry":{"type":"Polygon","coordinates":[[[-82.529231,36.010743],[-82.52958,36.010978],[-82.530014,36.010858],[-82.530137,36.010976],[-82.529151,36.011104],[-82.528947,36.010864],[-82.529231,36.010743]]]}},{"id":"13565","type":"Feature","properties":{"OBJECTID":3830,"max_category":0,"label":"0.01 to 0.10 inches","area_acres":4.3969272949755345,"county":"Unicoi County","watershed":"Rice Creek"},"geometry":{"type":"Polygon","coordinates":[[[-82.547375,35.990975],[-82.547402,35.991266],[-82.54705,35.991581],[-82.546999,35.99207],[-82.546836,35.992177],[-82.546282,35.991919],[-82.546035,35.992037],[-82.545236,35.991975],[-82.545392,35.991777],[-82.546685,35.991633],[-82.544574,35.991527],[-82.544744,35.991134],[-82.545978,35.991456],[-82.546911,35.991407],[-82.546206,35.99142],[-82.54566,35.991171],[-82.545632,35.990945],[-82.546499,35.991061],[-82.546782,35.991267],[-82.547115,35.991258],[-82.547375,35.990975]]]}},{"id":"13569","type":"Feature","properties":{"OBJECTID":3865,"max_category":0,"label":"0.01 to 0.10 inches","area_acres":11.382616652762541,"county":"Unicoi County","watershed":"Rice Creek"},"geometry":{"type":"Polygon","coordinates":[[[-82.560482,35.990594],[-82.560566,35.990694],[-82.560374,35.99074],[-82.560317,35.991137],[-82.5599,35.991509],[-82.559815,35.991869],[-82.560061,35.992143],[-82.560057,35.992448],[-82.559709,35.992246],[-82.559175,35.992642],[-82.558787,35.992501],[-82.559636,35.991844],[-82.559628,35.99168],[-82.559257,35.991498],[-82.56,35.991213],[-82.560178,35.990746],[-82.559074,35.990805],[-82.558928,35.990933],[-82.55871,35.991351],[-82.558632,35.992352],[-82.558352,35.992147],[-82.558266,35.99245],[-82.558047,35.992511],[-82.557693,35.992222],[-82.558414,35.991713],[-82.558825,35.990813],[-82.557571,35.991234],[-82.557188,35.991853],[-82.556935,35.991897],[-82.556787,35.991625],[-82.556901,35.991125],[-82.558195,35.990935],[-82.558726,35.99065],[-82.557297,35.990467],[-82.556649,35.990223],[-82.556643,35.989981],[-82.557163,35.990045],[-82.557333,35.989865],[-82.557769,35.990371],[-82.558778,35.990506],[-82.558051,35.989983],[-82.557716,35.989987],[-82.5575,35.98983],[-82.557147,35.98906],[-82.556835,35.988811],[-82.55697,35.98847],[-82.557301,35.988381],[-82.557531,35.988603],[-82.557323,35.989051],[-82.557817,35.989664],[-82.557897,35.989493],[-82.558116,35.989547],[-82.55787,35.988997],[-82.558381,35.988924],[-82.558513,35.989951],[-82.559227,35.990466],[-82.559167,35.990638],[-82.560482,35.990594]]]}},{"id":"13574","type":"Feature","properties":{"OBJECTID":3807,"max_category":0,"label":"0.01 to 0.10 inches","area_acres":1.2200112961690701,"county":"Unicoi County","watershed":"Rice Creek"},"geometry":{"type":"Polygon","coordinates":[[[-82.57019,36.007408],[-82.571033,36.008044],[-82.570991,36.008228],[-82.56984,36.007946],[-82.569887,36.007618],[-82.57019,36.007408]]]}},{"id":"13602","type":"Feature","properties":{"OBJECTID":3884,"max_category":0,"label":"0.01 to 0.10 inches","area_acres":4.268348499642746,"county":"Unicoi County","watershed":"Rice Creek"},"geometry":{"type":"Polygon","coordinates":[[[-82.555278,35.99836],[-82.55542,35.998557],[-82.555093,35.998778],[-82.554692,35.998822],[-82.554552,35.999087],[-82.554599,35.999384],[-82.554989,35.99952],[-82.555001,35.99972],[-82.554343,35.999931],[-82.553795,35.999893],[-82.553764,36.000001],[-82.554041,36.00021],[-82.554867,36.000333],[-82.554932,36.000523],[-82.554064,36.000623],[-82.553227,36.000129],[-82.552854,36.000483],[-82.552801,36.000918],[-82.552661,36.000953],[-82.552683,36.000431],[-82.55326,35.999862],[-82.553429,35.999372],[-82.553677,35.999408],[-82.553702,35.999764],[-82.554082,35.999687],[-82.554483,35.998796],[-82.555278,35.99836]]]}},{"id":"13603","type":"Feature","properties":{"OBJECTID":5595,"max_category":0,"label":"0.01 to 0.10 inches","area_acres":1.5063231967621409,"county":"Unicoi County","watershed":"Rice Creek"},"geometry":{"type":"Polygon","coordinates":[[[-82.543335,36.008328],[-82.543621,36.008493],[-82.543709,36.008796],[-82.542827,36.009746],[-82.542661,36.009523],[-82.543168,36.008843],[-82.543153,36.008441],[-82.543335,36.008328]]]}},{"id":"13607","type":"Feature","properties":{"OBJECTID":6491,"max_category":0,"label":"0.01 to 0.10 inches","area_acres":0.7097179513494624,"county":"Unicoi County","watershed":"Rice Creek"},"geometry":{"type":"Polygon","coordinates":[[[-82.548894,36.011657],[-82.549022,36.011785],[-82.548887,36.012038],[-82.548191,36.012005],[-82.548276,36.011685],[-82.548894,36.011657]]]}},{"id":"13616","type":"Feature","properties":{"OBJECTID":6217,"max_category":0,"label":"0.01 to 0.10 inches","area_acres":6.309070711269661,"county":"Unicoi County","watershed":"Rice Creek"},"geometry":{"type":"Polygon","coordinates":[[[-82.532595,36.014164],[-82.533242,36.01497],[-82.533841,36.01487],[-82.534019,36.014687],[-82.533917,36.014409],[-82.534196,36.014286],[-82.534656,36.014491],[-82.53524,36.014174],[-82.535536,36.014237],[-82.53585,36.014636],[-82.535556,36.014863],[-82.535928,36.01512],[-82.535904,36.015329],[-82.535236,36.015211],[-82.534477,36.014692],[-82.534245,36.014699],[-82.533873,36.015023],[-82.534727,36.015669],[-82.535641,36.01575],[-82.53563,36.016053],[-82.535392,36.016118],[-82.535427,36.016376],[-82.534836,36.016344],[-82.534429,36.01606],[-82.534191,36.015538],[-82.533583,36.015078],[-82.533189,36.015112],[-82.53294,36.014963],[-82.532558,36.014452],[-82.532595,36.014164]]]}},{"id":"13621","type":"Feature","properties":{"OBJECTID":5589,"max_category":0,"label":"0.01 to 0.10 inches","area_acres":3.7861858135273736,"county":"Unicoi County","watershed":"Rice Creek"},"geometry":{"type":"Polygon","coordinates":[[[-82.542449,36.003571],[-82.542893,36.003723],[-82.543405,36.00311],[-82.543548,36.003179],[-82.544054,36.003002],[-82.544341,36.003129],[-82.543466,36.003574],[-82.543261,36.003838],[-82.543999,36.004001],[-82.544058,36.004383],[-82.54384,36.004549],[-82.543416,36.004468],[-82.542766,36.003924],[-82.540919,36.004115],[-82.540809,36.004212],[-82.540944,36.004471],[-82.540604,36.004245],[-82.540843,36.00398],[-82.54182,36.003946],[-82.542449,36.003571]]]}},{"id":"13624","type":"Feature","properties":{"OBJECTID":3860,"max_category":0,"label":"0.01 to 0.10 inches","area_acres":0.9926017994470143,"county":"Unicoi County","watershed":"Rice Creek"},"geometry":{"type":"Polygon","coordinates":[[[-82.56445,35.996938],[-82.564735,35.997075],[-82.564721,35.997278],[-82.563724,35.997404],[-82.563788,35.996944],[-82.56445,35.996938]]]}},{"id":"13627","type":"Feature","properties":{"OBJECTID":3875,"max_category":0,"label":"0.01 to 0.10 inches","area_acres":1.1150062939147034,"county":"Unicoi County","watershed":"Rice Creek"},"geometry":{"type":"Polygon","coordinates":[[[-82.570998,35.992788],[-82.571088,35.993054],[-82.570638,35.993394],[-82.569483,35.993772],[-82.569524,35.993561],[-82.570112,35.993474],[-82.570476,35.993014],[-82.570998,35.992788]]]}},{"id":"13641","type":"Feature","properties":{"OBJECTID":28,"max_category":0,"label":"0.01 to 0.10 inches","area_acres":4.357430931232363,"county":"Unicoi County","watershed":"Rice Creek"},"geometry":{"type":"Polygon","coordinates":[[[-82.531417,36.005814],[-82.531693,36.00581],[-82.531811,36.006243],[-82.532474,36.006253],[-82.532598,36.006386],[-82.53186,36.006409],[-82.52916,36.005693],[-82.527045,36.005753],[-82.526923,36.005626],[-82.52802,36.005228],[-82.529093,36.005139],[-82.52969,36.005699],[-82.530778,36.005893],[-82.531094,36.006098],[-82.531274,36.006093],[-82.531417,36.005814]]]}},{"id":"13658","type":"Feature","properties":{"OBJECTID":6546,"max_category":0,"label":"0.01 to 0.10 inches","area_acres":1.6188698113734692,"county":"Unicoi County","watershed":"Rice Creek"},"geometry":{"type":"Polygon","coordinates":[[[-82.564986,36.003712],[-82.565822,36.00421],[-82.566384,36.004291],[-82.566479,36.004525],[-82.566083,36.004675],[-82.565648,36.00459],[-82.564716,36.003909],[-82.564986,36.003712]]]}},{"id":"13660","type":"Feature","properties":{"OBJECTID":6542,"max_category":0,"label":"0.01 to 0.10 inches","area_acres":2.8931000245775915,"county":"Unicoi County","watershed":"Rice Creek"},"geometry":{"type":"Polygon","coordinates":[[[-82.562376,36.002771],[-82.563059,36.002916],[-82.563671,36.002933],[-82.564509,36.003389],[-82.564231,36.003459],[-82.563843,36.003173],[-82.562165,36.003301],[-82.562076,36.003177],[-82.562311,36.003026],[-82.561796,36.002949],[-82.561161,36.002562],[-82.561525,36.00233],[-82.562376,36.002771]]]}},{"id":"13666","type":"Feature","properties":{"OBJECTID":5618,"max_category":0,"label":"0.01 to 0.10 inches","area_acres":3.0117910840113047,"county":"Unicoi County","watershed":"Rice Creek"},"geometry":{"type":"Polygon","coordinates":[[[-82.540924,36.013897],[-82.542301,36.014684],[-82.542492,36.014565],[-82.54257,36.014673],[-82.542098,36.014966],[-82.54158,36.014651],[-82.540115,36.014627],[-82.540597,36.01425],[-82.540397,36.013973],[-82.540924,36.013897]]]}},{"id":"13669","type":"Feature","properties":{"OBJECTID":197,"max_category":0,"label":"0.01 to 0.10 inches","area_acres":2.661223446702511,"county":"Unicoi County","watershed":"Rice Creek"},"geometry":{"type":"Polygon","coordinates":[[[-82.567264,36.006257],[-82.567908,36.006503],[-82.569116,36.00755],[-82.569619,36.007532],[-82.56963,36.007704],[-82.569381,36.007795],[-82.569724,36.007993],[-82.569608,36.008238],[-82.5693,36.008318],[-82.569036,36.008081],[-82.568871,36.008143],[-82.56879,36.007578],[-82.567819,36.006631],[-82.567569,36.007081],[-82.56737,36.007087],[-82.567264,36.006257]]]}},{"id":"13674","type":"Feature","properties":{"OBJECTID":6434,"max_category":0,"label":"0.01 to 0.10 inches","area_acres":1.058966580165972,"county":"Unicoi County","watershed":"Rice Creek"},"geometry":{"type":"Polygon","coordinates":[[[-82.537648,36.003627],[-82.537995,36.003783],[-82.538042,36.004002],[-82.537123,36.004351],[-82.536978,36.004222],[-82.537051,36.004034],[-82.537648,36.003627]]]}},{"id":"13683","type":"Feature","properties":{"OBJECTID":6506,"max_category":0,"label":"0.01 to 0.10 inches","area_acres":3.11817206808899,"county":"Unicoi County","watershed":"Rice Creek"},"geometry":{"type":"Polygon","coordinates":[[[-82.558877,36.006337],[-82.55927,36.006557],[-82.55926,36.006889],[-82.560118,36.007565],[-82.560415,36.007577],[-82.560452,36.007735],[-82.559156,36.007816],[-82.558547,36.007632],[-82.558208,36.007324],[-82.557838,36.007283],[-82.557772,36.006939],[-82.558186,36.006386],[-82.558248,36.006947],[-82.558622,36.006811],[-82.558785,36.006914],[-82.558466,36.007302],[-82.558627,36.007498],[-82.559209,36.007674],[-82.559835,36.007546],[-82.558748,36.006667],[-82.558661,36.006391],[-82.558877,36.006337]]]}},{"id":"13701","type":"Feature","properties":{"OBJECTID":6488,"max_category":0,"label":"0.01 to 0.10 inches","area_acres":2.0670121957549403,"county":"Unicoi County","watershed":"Upper South Indian Creek"},"geometry":{"type":"Polygon","coordinates":[[[-82.547973,36.017622],[-82.548007,36.017856],[-82.547438,36.018025],[-82.546337,36.018059],[-82.545774,36.018268],[-82.545375,36.018199],[-82.546036,36.017872],[-82.545857,36.017654],[-82.545948,36.01749],[-82.546184,36.017491],[-82.54663,36.017798],[-82.547874,36.017734],[-82.547973,36.017622]]]}},{"id":"13706","type":"Feature","properties":{"OBJECTID":3813,"max_category":0,"label":"0.01 to 0.10 inches","area_acres":8.774628987370564,"county":"Unicoi County","watershed":"Rice Creek"},"geometry":{"type":"Polygon","coordinates":[[[-82.578126,36.012723],[-82.578317,36.013463],[-82.577933,36.013637],[-82.57765,36.013368],[-82.577614,36.012751],[-82.578455,36.011938],[-82.57851,36.010839],[-82.578107,36.010755],[-82.578121,36.01188],[-82.577869,36.012075],[-82.577688,36.011384],[-82.577746,36.010394],[-82.577227,36.010002],[-82.577018,36.01007],[-82.576758,36.009911],[-82.576657,36.009492],[-82.575713,36.008536],[-82.575487,36.00806],[-82.576876,36.009278],[-82.577136,36.009789],[-82.578145,36.010502],[-82.578794,36.010648],[-82.578964,36.011012],[-82.578897,36.011786],[-82.579135,36.012076],[-82.579611,36.012273],[-82.579705,36.012493],[-82.579228,36.012496],[-82.579506,36.012823],[-82.57895,36.01292],[-82.57868,36.012358],[-82.578694,36.011939],[-82.578347,36.012356],[-82.578611,36.012983],[-82.578434,36.013037],[-82.578126,36.012723]]]}},{"id":"13722","type":"Feature","properties":{"OBJECTID":4446,"max_category":0,"label":"0.01 to 0.10 inches","area_acres":42.471118190022935,"county":"Unicoi County","watershed":"Rice Creek"},"geometry":{"type":"Polygon","coordinates":[[[-82.578007,35.992968],[-82.578465,35.993172],[-82.577755,35.993338],[-82.577302,35.993649],[-82.577785,35.993702],[-82.578131,35.993464],[-82.578889,35.993272],[-82.579016,35.993403],[-82.577986,35.993793],[-82.578371,35.993917],[-82.578147,35.994205],[-82.577809,35.994177],[-82.577366,35.993817],[-82.576829,35.993805],[-82.576619,35.993989],[-82.576514,35.994783],[-82.576191,35.995275],[-82.576562,35.995402],[-82.577162,35.995329],[-82.577334,35.994755],[-82.577835,35.994292],[-82.57799,35.994552],[-82.577447,35.995119],[-82.57744,35.995293],[-82.577769,35.995284],[-82.578716,35.994229],[-82.579584,35.993895],[-82.579625,35.993697],[-82.580131,35.993565],[-82.580423,35.993665],[-82.580381,35.994181],[-82.579453,35.99414],[-82.578032,35.995462],[-82.577005,35.995532],[-82.577755,35.995724],[-82.579264,35.995432],[-82.580123,35.994597],[-82.581273,35.994192],[-82.581623,35.993769],[-82.582611,35.993926],[-82.582528,35.994098],[-82.581693,35.994317],[-82.582351,35.9943],[-82.582513,35.994455],[-82.581026,35.994666],[-82.581605,35.994656],[-82.582219,35.995086],[-82.581578,35.994985],[-82.580774,35.995064],[-82.580515,35.995368],[-82.578983,35.995688],[-82.580699,35.995748],[-82.581166,35.995408],[-82.582138,35.995346],[-82.582977,35.994692],[-82.583265,35.994766],[-82.583327,35.995041],[-82.582845,35.995195],[-82.582651,35.995364],[-82.582802,35.995687],[-82.582375,35.995841],[-82.577942,35.995862],[-82.57836,35.996284],[-82.579282,35.996476],[-82.580733,35.99646],[-82.581831,35.996255],[-82.581841,35.996386],[-82.581537,35.996523],[-82.579944,35.996765],[-82.580112,35.996892],[-82.581188,35.99686],[-82.581792,35.996572],[-82.582004,35.996629],[-82.58194,35.996839],[-82.582131,35.997024],[-82.58192,35.997147],[-82.58191,35.99738],[-82.581582,35.997397],[-82.581164,35.997087],[-82.580626,35.997102],[-82.580758,35.997371],[-82.580528,35.997682],[-82.580362,35.997584],[-82.580306,35.997207],[-82.579731,35.996799],[-82.578647,35.996501],[-82.578702,35.996803],[-82.578542,35.996851],[-82.577881,35.996405],[-82.57792,35.99604],[-82.577122,35.995748],[-82.577265,35.996357],[-82.577811,35.996877],[-82.578265,35.996986],[-82.578261,35.997402],[-82.578936,35.997543],[-82.579251,35.997916],[-82.58012,35.998338],[-82.58012,35.998601],[-82.57985,35.998659],[-82.578822,35.997916],[-82.578868,35.99818],[-82.579329,35.998659],[-82.579292,35.998809],[-82.579042,35.998745],[-82.578899,35.998884],[-82.579188,35.999341],[-82.579075,35.999484],[-82.57871,35.999277],[-82.57873,35.998271],[-82.578644,35.997861],[-82.578371,35.997652],[-82.57853,35.998966],[-82.578266,35.999107],[-82.578159,35.9976],[-82.577673,35.99718],[-82.57768,35.998878],[-82.577221,35.998422],[-82.577477,35.997478],[-82.577442,35.996686],[-82.577062,35.996365],[-82.576926,35.995739],[-82.576322,35.995442],[-82.575759,35.995458],[-82.577335,35.997223],[-82.576882,35.997842],[-82.576708,35.997673],[-82.576738,35.996845],[-82.576535,35.996691],[-82.576279,35.997023],[-82.576195,35.997406],[-82.576684,35.997866],[-82.576772,35.998225],[-82.576642,35.998291],[-82.576038,35.997807],[-82.576012,35.997175],[-82.576359,35.996686],[-82.576203,35.996201],[-82.575511,35.995465],[-82.574618,35.995437],[-82.575255,35.997571],[-82.576013,35.997945],[-82.575865,35.998269],[-82.575656,35.998229],[-82.575809,35.998627],[-82.577839,35.999458],[-82.577842,35.999791],[-82.57745,35.999969],[-82.577299,35.999576],[-82.576672,35.999271],[-82.57666,36.000295],[-82.576425,36.000385],[-82.576202,35.999996],[-82.576341,35.999326],[-82.576213,35.999073],[-82.575742,35.998973],[-82.57547,35.999355],[-82.575694,36.000069],[-82.575478,36.000057],[-82.57525,35.999642],[-82.575008,35.999715],[-82.575595,35.998527],[-82.575472,35.998036],[-82.575091,35.997637],[-82.574783,35.996918],[-82.574435,35.995219],[-82.575035,35.995048],[-82.575174,35.994358],[-82.575773,35.994325],[-82.575851,35.994485],[-82.575141,35.995251],[-82.575975,35.995254],[-82.57634,35.994735],[-82.576458,35.993921],[-82.577484,35.99294],[-82.578007,35.992968]]]}},{"id":"13726","type":"Feature","properties":{"OBJECTID":5533,"max_category":0,"label":"0.01 to 0.10 inches","area_acres":3.965860940823405,"county":"Unicoi County","watershed":"Rice Creek"},"geometry":{"type":"Polygon","coordinates":[[[-82.543306,36.010748],[-82.543388,36.01088],[-82.543001,36.01105],[-82.542791,36.011479],[-82.542621,36.011456],[-82.542629,36.011197],[-82.542457,36.01108],[-82.541934,36.01104],[-82.541756,36.011196],[-82.541807,36.01171],[-82.541616,36.011819],[-82.541456,36.011343],[-82.54128,36.012119],[-82.540871,36.01233],[-82.540711,36.01214],[-82.541122,36.011558],[-82.540183,36.012187],[-82.539767,36.012229],[-82.539426,36.012086],[-82.539595,36.01188],[-82.541066,36.011417],[-82.541858,36.010905],[-82.542837,36.010926],[-82.543306,36.010748]]]}},{"id":"13745","type":"Feature","properties":{"OBJECTID":6498,"max_category":0,"label":"0.01 to 0.10 inches","area_acres":0.571845936481258,"county":"Unicoi County","watershed":"Upper South Indian Creek"},"geometry":{"type":"Polygon","coordinates":[[[-82.555243,36.015211],[-82.555652,36.015738],[-82.555609,36.01586],[-82.555006,36.015537],[-82.554972,36.015333],[-82.555243,36.015211]]]}},{"id":"13749","type":"Feature","properties":{"OBJECTID":3819,"max_category":0,"label":"0.01 to 0.10 inches","area_acres":9.060481787927845,"county":"Unicoi County","watershed":"Rice Creek"},"geometry":{"type":"Polygon","coordinates":[[[-82.573803,36.013005],[-82.573997,36.013513],[-82.573619,36.013322],[-82.573855,36.014094],[-82.573654,36.014145],[-82.573241,36.013831],[-82.573119,36.013211],[-82.572871,36.013571],[-82.572748,36.012904],[-82.572382,36.012627],[-82.571872,36.012534],[-82.57198,36.012978],[-82.572442,36.013594],[-82.571847,36.013742],[-82.5717,36.013611],[-82.571751,36.013318],[-82.57148,36.013256],[-82.571565,36.012896],[-82.571403,36.012338],[-82.570772,36.011676],[-82.570891,36.012845],[-82.571246,36.013263],[-82.571045,36.013352],[-82.570612,36.013222],[-82.570381,36.01217],[-82.57056,36.011622],[-82.569907,36.011125],[-82.569806,36.010654],[-82.569524,36.010384],[-82.569967,36.010584],[-82.570031,36.011001],[-82.570259,36.0112],[-82.570529,36.011302],[-82.570979,36.011136],[-82.571133,36.011443],[-82.570959,36.011569],[-82.571336,36.011855],[-82.571928,36.012223],[-82.572657,36.012351],[-82.573381,36.01295],[-82.573803,36.013005]]]}},{"id":"13756","type":"Feature","properties":{"OBJECTID":3891,"max_category":0,"label":"0.01 to 0.10 inches","area_acres":0.8941364050833993,"county":"Unicoi County","watershed":"Rice Creek"},"geometry":{"type":"Polygon","coordinates":[[[-82.553296,35.991765],[-82.554073,35.99198],[-82.554059,35.992246],[-82.553776,35.99224],[-82.553639,35.992392],[-82.55333,35.992329],[-82.553178,35.991868],[-82.553296,35.991765]]]}},{"id":"13759","type":"Feature","properties":{"OBJECTID":6509,"max_category":0,"label":"0.01 to 0.10 inches","area_acres":0.6178558978224931,"county":"Unicoi County","watershed":"Rice Creek"},"geometry":{"type":"Polygon","coordinates":[[[-82.561448,36.008626],[-82.5618,36.008895],[-82.561544,36.008863],[-82.56101,36.009124],[-82.561013,36.008776],[-82.561448,36.008626]]]}},{"id":"13766","type":"Feature","properties":{"OBJECTID":2976,"max_category":0,"label":"0.01 to 0.10 inches","area_acres":0.5291018053495669,"county":"Unicoi County","watershed":"Rice Creek"},"geometry":{"type":"Polygon","coordinates":[[[-82.533507,36.001768],[-82.533843,36.002063],[-82.533648,36.00229],[-82.533088,36.001893],[-82.533507,36.001768]]]}},{"id":"13774","type":"Feature","properties":{"OBJECTID":5590,"max_category":0,"label":"0.01 to 0.10 inches","area_acres":5.354838676127477,"county":"Unicoi County","watershed":"Rice Creek"},"geometry":{"type":"Polygon","coordinates":[[[-82.540108,36.008806],[-82.540262,36.008928],[-82.539681,36.009414],[-82.539452,36.010459],[-82.539159,36.010952],[-82.538524,36.011564],[-82.538445,36.01189],[-82.53777,36.012361],[-82.537542,36.012365],[-82.537392,36.01214],[-82.537617,36.011862],[-82.537555,36.011661],[-82.538346,36.011258],[-82.538815,36.010645],[-82.538607,36.010506],[-82.538852,36.01025],[-82.538418,36.010259],[-82.538298,36.0101],[-82.539038,36.009909],[-82.539322,36.009376],[-82.540108,36.008806]]]}},{"id":"13777","type":"Feature","properties":{"OBJECTID":4457,"max_category":0,"label":"0.01 to 0.10 inches","area_acres":2.2857283246935203,"county":"Unicoi County","watershed":"Rice Creek"},"geometry":{"type":"Polygon","coordinates":[[[-82.570075,36.00403],[-82.570236,36.004494],[-82.568947,36.005104],[-82.569179,36.005576],[-82.568812,36.005655],[-82.56862,36.005261],[-82.568223,36.005181],[-82.56821,36.004831],[-82.568362,36.004835],[-82.568383,36.005099],[-82.568666,36.005116],[-82.569336,36.004616],[-82.56968,36.00406],[-82.570075,36.00403]]]}},{"id":"13781","type":"Feature","properties":{"OBJECTID":6221,"max_category":0,"label":"0.01 to 0.10 inches","area_acres":3.4931931433032744,"county":"Unicoi County","watershed":"Upper South Indian Creek"},"geometry":{"type":"Polygon","coordinates":[[[-82.521907,36.015792],[-82.522894,36.016139],[-82.523678,36.016786],[-82.52387,36.017146],[-82.524417,36.017424],[-82.524474,36.017622],[-82.524241,36.017653],[-82.524255,36.017969],[-82.524012,36.017949],[-82.523793,36.017601],[-82.523573,36.017563],[-82.523396,36.017031],[-82.522609,36.01641],[-82.522646,36.016855],[-82.522425,36.016854],[-82.522273,36.016103],[-82.52188,36.015938],[-82.52163,36.016004],[-82.521907,36.015792]]]}},{"id":"13800","type":"Feature","properties":{"OBJECTID":2983,"max_category":0,"label":"0.01 to 0.10 inches","area_acres":0.8720355126809023,"county":"Unicoi County","watershed":"Rice Creek"},"geometry":{"type":"Polygon","coordinates":[[[-82.5321,36.000544],[-82.532328,36.000801],[-82.532057,36.001245],[-82.53173,36.001352],[-82.53176,36.00096],[-82.53156,36.000879],[-82.5321,36.000544]]]}},{"id":"13810","type":"Feature","properties":{"OBJECTID":145,"max_category":0,"label":"0.01 to 0.10 inches","area_acres":0.46341046099834016,"county":"Unicoi County","watershed":"Rice Creek"},"geometry":{"type":"Polygon","coordinates":[[[-82.535787,36.002087],[-82.535862,36.0022],[-82.535477,36.002266],[-82.535416,36.002531],[-82.535123,36.002492],[-82.5352,36.002143],[-82.535787,36.002087]]]}},{"id":"13822","type":"Feature","properties":{"OBJECTID":6527,"max_category":0,"label":"0.01 to 0.10 inches","area_acres":4.095355885145104,"county":"Unicoi County","watershed":"Upper South Indian Creek"},"geometry":{"type":"Polygon","coordinates":[[[-82.553919,36.014343],[-82.55415,36.014522],[-82.553851,36.015431],[-82.554196,36.015675],[-82.554024,36.015747],[-82.554384,36.016109],[-82.554325,36.016397],[-82.55388,36.015834],[-82.55313,36.015873],[-82.552391,36.015557],[-82.552317,36.015314],[-82.551973,36.015267],[-82.551831,36.015006],[-82.552112,36.014813],[-82.553128,36.015548],[-82.553726,36.015558],[-82.553455,36.015034],[-82.552657,36.014547],[-82.553024,36.014261],[-82.553781,36.01476],[-82.553919,36.014343]],[[-82.553606,36.015704],[-82.553312,36.015713],[-82.553375,36.01576],[-82.553606,36.015704]]]}},{"id":"13846","type":"Feature","properties":{"OBJECTID":6553,"max_category":0,"label":"0.01 to 0.10 inches","area_acres":7.42886348708334,"county":"Unicoi County","watershed":"Rice Creek"},"geometry":{"type":"Polygon","coordinates":[[[-82.558061,36.003941],[-82.558151,36.004147],[-82.557417,36.004996],[-82.557435,36.005511],[-82.557169,36.005754],[-82.557525,36.005661],[-82.557961,36.005196],[-82.558774,36.004778],[-82.558838,36.005204],[-82.558386,36.005433],[-82.558615,36.005504],[-82.558546,36.005691],[-82.557955,36.005709],[-82.558389,36.005966],[-82.558388,36.006115],[-82.557565,36.006131],[-82.557248,36.005935],[-82.555731,36.006269],[-82.556093,36.006473],[-82.556552,36.006404],[-82.556789,36.006508],[-82.556809,36.006747],[-82.556484,36.007043],[-82.555434,36.00658],[-82.554956,36.006747],[-82.554775,36.006568],[-82.555077,36.006544],[-82.555016,36.006346],[-82.555258,36.006414],[-82.556218,36.00587],[-82.556888,36.00579],[-82.557197,36.00552],[-82.55718,36.00514],[-82.556807,36.004855],[-82.556762,36.004592],[-82.55698,36.004496],[-82.557244,36.004625],[-82.557472,36.004282],[-82.558061,36.003941]]]}},{"id":"13856","type":"Feature","properties":{"OBJECTID":6522,"max_category":0,"label":"0.01 to 0.10 inches","area_acres":0.7344995942202116,"county":"Unicoi County","watershed":"Rice Creek"},"geometry":{"type":"Polygon","coordinates":[[[-82.55122,36.010683],[-82.551294,36.010795],[-82.550736,36.011219],[-82.550489,36.011222],[-82.550308,36.011028],[-82.550715,36.01073],[-82.55122,36.010683]]]}},{"id":"13866","type":"Feature","properties":{"OBJECTID":3902,"max_category":0,"label":"0.01 to 0.10 inches","area_acres":6.037994873510904,"county":"Unicoi County","watershed":"Rice Creek"},"geometry":{"type":"Polygon","coordinates":[[[-82.566308,35.993517],[-82.566787,35.993761],[-82.566314,35.994299],[-82.566931,35.994144],[-82.567125,35.994274],[-82.566667,35.994609],[-82.566694,35.995032],[-82.566259,35.994552],[-82.566514,35.995309],[-82.566051,35.995102],[-82.56593,35.994509],[-82.565169,35.994378],[-82.565184,35.994732],[-82.565824,35.995428],[-82.566581,35.995825],[-82.566495,35.996072],[-82.565985,35.996209],[-82.565457,35.995556],[-82.565343,35.995852],[-82.565102,35.995867],[-82.56522,35.995324],[-82.564995,35.994424],[-82.564753,35.994233],[-82.565328,35.993724],[-82.565416,35.993921],[-82.565178,35.994199],[-82.565818,35.994286],[-82.566308,35.993517]]]}},{"id":"13873","type":"Feature","properties":{"OBJECTID":6531,"max_category":0,"label":"0.01 to 0.10 inches","area_acres":4.179961496345856,"county":"Unicoi County","watershed":"Rice Creek"},"geometry":{"type":"Polygon","coordinates":[[[-82.545596,36.013595],[-82.545679,36.015778],[-82.546439,36.016139],[-82.546332,36.016328],[-82.546454,36.016578],[-82.546234,36.016688],[-82.545626,36.016114],[-82.545609,36.016495],[-82.546278,36.017124],[-82.545974,36.017438],[-82.545687,36.017383],[-82.545444,36.016757],[-82.545128,36.017186],[-82.544833,36.016689],[-82.54548,36.016032],[-82.545385,36.01386],[-82.545596,36.013595]]]}},{"id":"13879","type":"Feature","properties":{"OBJECTID":3861,"max_category":0,"label":"0.01 to 0.10 inches","area_acres":0.45742080621535913,"county":"Unicoi County","watershed":"Rice Creek"},"geometry":{"type":"Polygon","coordinates":[[[-82.562104,35.994367],[-82.562237,35.994733],[-82.561896,35.994897],[-82.561762,35.994646],[-82.56191,35.994363],[-82.562104,35.994367]]]}},{"id":"13882","type":"Feature","properties":{"OBJECTID":6489,"max_category":0,"label":"0.01 to 0.10 inches","area_acres":0.8617065129592051,"county":"Unicoi County","watershed":"Upper South Indian Creek"},"geometry":{"type":"Polygon","coordinates":[[[-82.546276,36.018737],[-82.547524,36.018707],[-82.547604,36.018785],[-82.547426,36.019039],[-82.546846,36.019062],[-82.546276,36.018737]]]}},{"id":"13892","type":"Feature","properties":{"OBJECTID":146,"max_category":0,"label":"0.01 to 0.10 inches","area_acres":3.834482398453501,"county":"Unicoi County","watershed":"Rice Creek"},"geometry":{"type":"Polygon","coordinates":[[[-82.534854,36.003956],[-82.534942,36.004107],[-82.534549,36.004572],[-82.535054,36.00518],[-82.534851,36.005208],[-82.534295,36.004695],[-82.534011,36.005439],[-82.534462,36.005754],[-82.535076,36.005654],[-82.535374,36.005807],[-82.534721,36.006109],[-82.535328,36.006409],[-82.535362,36.006606],[-82.535121,36.0067],[-82.534626,36.006471],[-82.534459,36.006776],[-82.534135,36.006435],[-82.53414,36.005864],[-82.533816,36.005422],[-82.534069,36.004697],[-82.534289,36.004648],[-82.534854,36.003956]]]}},{"id":"13897","type":"Feature","properties":{"OBJECTID":3839,"max_category":0,"label":"0.01 to 0.10 inches","area_acres":1.7467431436972385,"county":"Unicoi County","watershed":"Rice Creek"},"geometry":{"type":"Polygon","coordinates":[[[-82.558846,35.988772],[-82.559594,35.989266],[-82.559645,35.99033],[-82.559887,35.990435],[-82.559698,35.990563],[-82.559378,35.990446],[-82.559227,35.98944],[-82.558773,35.988956],[-82.558846,35.988772]]]}},{"id":"13898","type":"Feature","properties":{"OBJECTID":6503,"max_category":0,"label":"0.01 to 0.10 inches","area_acres":1.3881321867846552,"county":"Unicoi County","watershed":"Rice Creek"},"geometry":{"type":"Polygon","coordinates":[[[-82.556279,36.011085],[-82.55644,36.011207],[-82.556423,36.013143],[-82.556665,36.013153],[-82.556618,36.01328],[-82.556255,36.013214],[-82.556189,36.011821],[-82.555835,36.011449],[-82.555912,36.011343],[-82.556122,36.01142],[-82.556279,36.011085]]]}},{"id":"13911","type":"Feature","properties":{"OBJECTID":2981,"max_category":0,"label":"0.01 to 0.10 inches","area_acres":0.6979345712117141,"county":"Unicoi County","watershed":"Rice Creek"},"geometry":{"type":"Polygon","coordinates":[[[-82.53246,36.003365],[-82.532738,36.003558],[-82.532111,36.003765],[-82.53161,36.003622],[-82.531726,36.003473],[-82.53246,36.003365]]]}},{"id":"13917","type":"Feature","properties":{"OBJECTID":5532,"max_category":0,"label":"0.01 to 0.10 inches","area_acres":2.167547677194034,"county":"Unicoi County","watershed":"Rice Creek"},"geometry":{"type":"Polygon","coordinates":[[[-82.543827,36.011832],[-82.543898,36.011949],[-82.543199,36.012431],[-82.541983,36.012468],[-82.541633,36.012343],[-82.541799,36.012139],[-82.54313,36.012127],[-82.542277,36.011941],[-82.542543,36.011624],[-82.543194,36.011988],[-82.543827,36.011832]]]}},{"id":"13932","type":"Feature","properties":{"OBJECTID":3834,"max_category":0,"label":"0.01 to 0.10 inches","area_acres":3.595051055258679,"county":"Unicoi County","watershed":"Rice Creek"},"geometry":{"type":"Polygon","coordinates":[[[-82.543208,35.990052],[-82.5434,35.990314],[-82.542836,35.990783],[-82.543113,35.990934],[-82.543673,35.990853],[-82.543651,35.991324],[-82.543099,35.991294],[-82.542639,35.991008],[-82.541992,35.990917],[-82.541324,35.99118],[-82.542035,35.989878],[-82.542415,35.990114],[-82.541694,35.990783],[-82.542222,35.990768],[-82.54272,35.990276],[-82.543208,35.990052]]]}},{"id":"13935","type":"Feature","properties":{"OBJECTID":6216,"max_category":0,"label":"0.01 to 0.10 inches","area_acres":2.2237368723199458,"county":"Unicoi County","watershed":"Rice Creek"},"geometry":{"type":"Polygon","coordinates":[[[-82.533105,36.012665],[-82.533572,36.0136],[-82.533822,36.013661],[-82.534459,36.013456],[-82.534425,36.013715],[-82.534838,36.013842],[-82.534849,36.014001],[-82.534382,36.014145],[-82.534011,36.013986],[-82.534139,36.0142],[-82.533973,36.014321],[-82.533651,36.0142],[-82.533144,36.013194],[-82.533105,36.012665]]]}},{"id":"13938","type":"Feature","properties":{"OBJECTID":6486,"max_category":0,"label":"0.01 to 0.10 inches","area_acres":0.7825566576291098,"county":"Unicoi County","watershed":"Rice Creek"},"geometry":{"type":"Polygon","coordinates":[[[-82.548251,36.015497],[-82.548383,36.015713],[-82.54905,36.015993],[-82.549086,36.01623],[-82.548276,36.016027],[-82.548251,36.015497]]]}},{"id":"13942","type":"Feature","properties":{"OBJECTID":4463,"max_category":0,"label":"0.01 to 0.10 inches","area_acres":5.05313133310552,"county":"Unicoi County","watershed":"Rice Creek"},"geometry":{"type":"Polygon","coordinates":[[[-82.576244,36.001496],[-82.576716,36.001622],[-82.576128,36.002003],[-82.576149,36.002507],[-82.576287,36.002592],[-82.575159,36.00533],[-82.575185,36.005902],[-82.575398,36.006141],[-82.575293,36.006272],[-82.574976,36.005915],[-82.574996,36.004022],[-82.575222,36.00384],[-82.575746,36.002475],[-82.575905,36.002469],[-82.575885,36.001811],[-82.576244,36.001496]]]}},{"id":"13967","type":"Feature","properties":{"OBJECTID":6220,"max_category":0,"label":"0.01 to 0.10 inches","area_acres":6.898736715425655,"county":"Unicoi County","watershed":"Upper South Indian Creek"},"geometry":{"type":"Polygon","coordinates":[[[-82.524466,36.010853],[-82.524811,36.011319],[-82.525019,36.011139],[-82.525248,36.011301],[-82.524289,36.012553],[-82.523991,36.013462],[-82.525039,36.013012],[-82.525858,36.012941],[-82.52597,36.013185],[-82.525613,36.013535],[-82.524873,36.013525],[-82.524932,36.013726],[-82.52532,36.013841],[-82.525192,36.014053],[-82.524825,36.013997],[-82.524278,36.013585],[-82.523732,36.01362],[-82.524052,36.012693],[-82.523923,36.012069],[-82.523013,36.01136],[-82.523175,36.010867],[-82.523493,36.010701],[-82.523593,36.011333],[-82.524078,36.011733],[-82.524195,36.012398],[-82.524403,36.012216],[-82.524316,36.010979],[-82.524466,36.010853]]]}},{"id":"13979","type":"Feature","properties":{"OBJECTID":6507,"max_category":0,"label":"0.01 to 0.10 inches","area_acres":7.926663254402934,"county":"Unicoi County","watershed":"Rice Creek"},"geometry":{"type":"Polygon","coordinates":[[[-82.563355,36.006618],[-82.564619,36.007599],[-82.564961,36.007671],[-82.565292,36.007606],[-82.56557,36.007352],[-82.565775,36.007763],[-82.566113,36.00783],[-82.566467,36.007358],[-82.567539,36.007338],[-82.567498,36.00751],[-82.567039,36.007616],[-82.567006,36.007742],[-82.566162,36.007971],[-82.566252,36.00817],[-82.566643,36.008337],[-82.567141,36.007845],[-82.567656,36.007907],[-82.567649,36.008087],[-82.566755,36.008471],[-82.566997,36.008574],[-82.567985,36.00816],[-82.568347,36.008216],[-82.568354,36.00839],[-82.567728,36.008555],[-82.567998,36.008639],[-82.56779,36.00899],[-82.567227,36.00882],[-82.56754,36.009473],[-82.567234,36.009451],[-82.567018,36.008812],[-82.566574,36.008553],[-82.566524,36.008959],[-82.566857,36.009621],[-82.566396,36.009719],[-82.566397,36.008527],[-82.565967,36.00799],[-82.565086,36.00781],[-82.565274,36.008269],[-82.56516,36.008529],[-82.564948,36.008544],[-82.564808,36.007804],[-82.564378,36.008195],[-82.56424,36.007956],[-82.564361,36.007625],[-82.563224,36.006765],[-82.563355,36.006618]]]}},{"id":"13982","type":"Feature","properties":{"OBJECTID":3863,"max_category":0,"label":"0.01 to 0.10 inches","area_acres":2.165331880586685,"county":"Unicoi County","watershed":"Rice Creek"},"geometry":{"type":"Polygon","coordinates":[[[-82.56119,35.992058],[-82.561679,35.992346],[-82.562172,35.992334],[-82.562543,35.992497],[-82.562578,35.992733],[-82.562157,35.992585],[-82.561488,35.992632],[-82.561088,35.992942],[-82.560504,35.992951],[-82.560414,35.992761],[-82.561047,35.992694],[-82.560819,35.992479],[-82.561132,35.992417],[-82.56073,35.992248],[-82.560713,35.992103],[-82.56119,35.992058]]]}},{"id":"13990","type":"Feature","properties":{"OBJECTID":6543,"max_category":0,"label":"0.01 to 0.10 inches","area_acres":2.670214710043869,"county":"Unicoi County","watershed":"Rice Creek"},"geometry":{"type":"Polygon","coordinates":[[[-82.565733,36.003003],[-82.566047,36.003159],[-82.566614,36.003163],[-82.56672,36.003456],[-82.567196,36.003715],[-82.567265,36.004125],[-82.567061,36.004197],[-82.566602,36.003853],[-82.566717,36.004219],[-82.566475,36.004261],[-82.566209,36.003529],[-82.565703,36.003147],[-82.564982,36.003168],[-82.565,36.003636],[-82.56485,36.003669],[-82.564831,36.003047],[-82.565733,36.003003]]]}},{"id":"13991","type":"Feature","properties":{"OBJECTID":3866,"max_category":0,"label":"0.01 to 0.10 inches","area_acres":2.713488489835723,"county":"Unicoi County","watershed":"Rice Creek"},"geometry":{"type":"Polygon","coordinates":[[[-82.553634,35.988704],[-82.554493,35.988954],[-82.555173,35.988969],[-82.556134,35.989532],[-82.556157,35.989668],[-82.555773,35.989767],[-82.555001,35.989082],[-82.554574,35.989095],[-82.554837,35.989453],[-82.555595,35.989901],[-82.555147,35.990143],[-82.554646,35.989657],[-82.554587,35.9893],[-82.554186,35.988996],[-82.553266,35.988909],[-82.553634,35.988704]]]}},{"id":"13995","type":"Feature","properties":{"OBJECTID":455,"max_category":0,"label":"0.01 to 0.10 inches","area_acres":3.9537639977017403,"county":"Unicoi County","watershed":"Rice Creek"},"geometry":{"type":"Polygon","coordinates":[[[-82.542216,35.995193],[-82.54232,35.995453],[-82.541694,35.995599],[-82.542279,35.995797],[-82.542171,35.996078],[-82.541589,35.99593],[-82.541145,35.996082],[-82.540167,35.996026],[-82.540207,35.995807],[-82.53995,35.995838],[-82.539716,35.995681],[-82.54022,35.99565],[-82.54041,35.995089],[-82.540889,35.994628],[-82.541121,35.994711],[-82.541138,35.994966],[-82.540935,35.995322],[-82.540323,35.995771],[-82.540919,35.995753],[-82.541671,35.995217],[-82.542216,35.995193]]]}},{"id":"13996","type":"Feature","properties":{"OBJECTID":6494,"max_category":0,"label":"0.01 to 0.10 inches","area_acres":1.0129844268192365,"county":"Unicoi County","watershed":"Rice Creek"},"geometry":{"type":"Polygon","coordinates":[[[-82.549448,36.011944],[-82.550322,36.012576],[-82.55052,36.012462],[-82.550595,36.012575],[-82.550078,36.012851],[-82.549347,36.012215],[-82.5493,36.011996],[-82.549448,36.011944]]]}},{"id":"14008","type":"Feature","properties":{"OBJECTID":3828,"max_category":0,"label":"0.01 to 0.10 inches","area_acres":0.8300480651236728,"county":"Unicoi County","watershed":"Rice Creek"},"geometry":{"type":"Polygon","coordinates":[[[-82.548033,35.989774],[-82.548005,35.990163],[-82.547154,35.990189],[-82.546911,35.990034],[-82.547065,35.989832],[-82.547918,35.989942],[-82.548033,35.989774]]]}},{"id":"14036","type":"Feature","properties":{"OBJECTID":6518,"max_category":0,"label":"0.01 to 0.10 inches","area_acres":2.678073802240321,"county":"Unicoi County","watershed":"Rice Creek"},"geometry":{"type":"Polygon","coordinates":[[[-82.562457,36.011565],[-82.56272,36.011757],[-82.562325,36.011981],[-82.563238,36.012156],[-82.563388,36.012406],[-82.563222,36.012537],[-82.562775,36.012492],[-82.561719,36.012004],[-82.562048,36.012574],[-82.562046,36.012784],[-82.561871,36.012846],[-82.561543,36.011995],[-82.561167,36.011896],[-82.561029,36.011706],[-82.561808,36.011789],[-82.562457,36.011565]]]}},{"id":"14044","type":"Feature","properties":{"OBJECTID":6218,"max_category":0,"label":"0.01 to 0.10 inches","area_acres":6.323994499105591,"county":"Unicoi County","watershed":"Rice Creek"},"geometry":{"type":"Polygon","coordinates":[[[-82.533029,36.015581],[-82.533172,36.016058],[-82.533614,36.016499],[-82.534728,36.016635],[-82.535103,36.016902],[-82.53504,36.017066],[-82.534623,36.016997],[-82.535113,36.017269],[-82.534921,36.017563],[-82.534505,36.017315],[-82.534337,36.0174],[-82.533431,36.016555],[-82.533923,36.017742],[-82.534578,36.018022],[-82.534357,36.018392],[-82.534,36.018389],[-82.533714,36.01859],[-82.533371,36.018428],[-82.533604,36.017986],[-82.533349,36.017884],[-82.533298,36.016779],[-82.53291,36.017481],[-82.532705,36.017128],[-82.533186,36.016525],[-82.532923,36.015935],[-82.533029,36.015581]]]}},{"id":"14050","type":"Feature","properties":{"OBJECTID":5527,"max_category":0,"label":"0.01 to 0.10 inches","area_acres":6.170534762762266,"county":"Unicoi County","watershed":"Rice Creek"},"geometry":{"type":"Polygon","coordinates":[[[-82.543418,36.017924],[-82.545038,36.01825],[-82.544766,36.018435],[-82.543996,36.01832],[-82.544915,36.019225],[-82.544475,36.019759],[-82.54419,36.019668],[-82.5443,36.019203],[-82.544085,36.018934],[-82.543772,36.019696],[-82.543423,36.019758],[-82.543741,36.018764],[-82.543622,36.018404],[-82.543426,36.018831],[-82.543248,36.018856],[-82.543388,36.018295],[-82.543094,36.018564],[-82.543033,36.019487],[-82.542721,36.019353],[-82.542747,36.018825],[-82.542462,36.019154],[-82.542167,36.019067],[-82.543034,36.018195],[-82.543418,36.017924]]]}},{"id":"14053","type":"Feature","properties":{"OBJECTID":2989,"max_category":0,"label":"0.01 to 0.10 inches","area_acres":1.3549343078449363,"county":"Unicoi County","watershed":"Rice Creek"},"geometry":{"type":"Polygon","coordinates":[[[-82.537214,35.993744],[-82.537743,35.994657],[-82.537963,35.995511],[-82.537087,35.994282],[-82.537214,35.993744]]]}},{"id":"14056","type":"Feature","properties":{"OBJECTID":2977,"max_category":0,"label":"0.01 to 0.10 inches","area_acres":1.152309747448898,"county":"Unicoi County","watershed":"Rice Creek"},"geometry":{"type":"Polygon","coordinates":[[[-82.53539,35.996876],[-82.535423,35.997125],[-82.534626,35.997151],[-82.534235,35.997409],[-82.533902,35.997283],[-82.534152,35.996941],[-82.53539,35.996876]]]}},{"id":"14062","type":"Feature","properties":{"OBJECTID":5531,"max_category":0,"label":"0.01 to 0.10 inches","area_acres":0.9650311110475638,"county":"Unicoi County","watershed":"Rice Creek"},"geometry":{"type":"Polygon","coordinates":[[[-82.54416,36.009403],[-82.544456,36.009718],[-82.543652,36.010268],[-82.543468,36.010068],[-82.543831,36.009575],[-82.54416,36.009403]]]}},{"id":"14064","type":"Feature","properties":{"OBJECTID":3817,"max_category":0,"label":"0.01 to 0.10 inches","area_acres":1.5800209131957919,"county":"Unicoi County","watershed":"Rice Creek"},"geometry":{"type":"Polygon","coordinates":[[[-82.572067,36.008535],[-82.572708,36.009204],[-82.573461,36.009481],[-82.573758,36.009739],[-82.573708,36.009904],[-82.57259,36.009601],[-82.572445,36.00912],[-82.571992,36.008714],[-82.572067,36.008535]]]}}],"meta":{"source":"NDFD","generated_at":"2026-09-27T09:56:16.437358+00:00","n_flagged":272,"n_debris":225300,"min_category_shipped":0}}