{"type":"FeatureCollection","features":[{"id":"0","type":"Feature","properties":{"category":0,"label":"0.01 to 0.10 inches"},"geometry":{"type":"Polygon","coordinates":[[[-93.4647744079394,30.3544948908406],[-93.4584844465408,30.3568188593296],[-93.4530980636556,30.3676734069719],[-93.4352611540017,30.3742601069311],[-93.4614846794526,30.3800706425565],[-93.4647744079394,30.3544948908406],[-93.4695181971558,30.3508366107317],[-93.5681091763436,30.3407884106443],[-93.6132398696678,30.3431108122471],[-93.6217273698645,30.3193883076369],[-93.6491812539797,30.304313620703],[-93.6636034246935,30.2507875286775],[-93.6538965315673,30.1100121197906],[-93.6591798363669,30.033298769936],[-93.8519031164243,30.0169345244252],[-93.8642724965768,30.0402667107012],[-93.9186758392156,30.0476062508264],[-93.9454257208291,30.0559133624437],[-93.9630871778299,30.0476062508264],[-94.162510539739,30.0367847002592],[-94.2083452346665,30.0152197110052],[-94.2420298641351,30.0169592112245],[-94.2685143744306,30.0009398427592],[-94.2869851057045,29.9935968474686],[-94.3091644570689,29.9517355820495],[-94.3408840227517,29.9391209297611],[-94.3501193874904,29.8962423448135],[-94.4213332445024,29.8846151652823],[-94.4302111255721,30.0480428855299],[-94.4405189431144,30.1404444803132],[-94.6002221179431,30.1322127534986],[-94.609874182396,30.2034380596868],[-94.62834491367,30.2262903832325],[-94.6368236409196,30.2810438411859],[-94.6551496239569,30.2951828598138],[-94.664724928267,30.3569759335954],[-94.7091932892407,30.3659041371777],[-94.7176720164903,30.389588881266],[-94.7451259006055,30.4201446522368],[-94.7537340238836,30.4520426577365],[-94.7968733345809,30.4498249412684],[-94.8092514876804,30.4152613652743],[-94.8541299682089,30.3974963924728],[-94.9508611544842,30.389588881266],[-95.0630672255953,30.4421712558617],[-95.1447753167407,30.5209803281913],[-95.2675567694998,30.5285352506527],[-95.2878500100087,30.5089713452527],[-95.3020813767596,30.4980134600175],[-95.3147994685323,30.4857502761863],[-95.3290308352832,30.4747897753569],[-95.3707687211367,30.4129841786679],[-95.3832674973176,30.3209407065797],[-95.4297974217997,30.3120689868534],[-95.4931049634511,30.3502366622444],[-95.6524243375662,30.3659041371777],[-95.656663701191,30.3699970623506],[-95.5263180654304,30.3737946444297],[-95.5089482976905,30.389390239101],[-95.4544528427008,30.3970423903943],[-95.4412478712306,30.4088968370442],[-95.4275033841772,30.4202846041592],[-95.4185311970707,30.4362320511857],[-95.3825876199713,30.4512656125356],[-95.3682246644043,30.4894129513733],[-95.3286887029241,30.4977186631071],[-95.3198853892095,30.5133530198502],[-95.2953659435981,30.5336471013646],[-95.3112684920861,30.5602334500943],[-95.3468348477331,30.5750911328314],[-95.3556381614477,30.5947700913095],[-95.3286887029241,30.6060228551137],[-95.2988881461989,30.6234081725723],[-95.2749696250035,30.6448283435235],[-95.2173291897637,30.6545093603519],[-95.203104402274,30.6895272604969],[-95.3019190835271,30.698758749377],[-95.3217978180078,30.7075632007697],[-95.3546863335221,30.7369897700917],[-95.4089449279242,30.7675625396838],[-95.4423817310705,30.7974605923334],[-95.4275033841772,30.8222680881364],[-95.4149453928494,30.8774996542787],[-95.3910312572292,30.9077718167428],[-95.3556381614477,30.9225026255449],[-95.3193480664139,30.946122876426],[-95.3199555700911,30.9716760618909],[-95.3558180005743,30.9918343107864],[-95.3690229720445,31.0036159159023],[-95.3916826238451,31.0222751357946],[-95.4013653927144,31.073232435087],[-95.400352155956,31.1157360848101],[-95.3825876199713,31.1303465459823],[-95.36872689631,31.2032056401314],[-95.3281689260226,31.2461704279137],[-95.2742787819225,31.2611207186529],[-95.2570033193211,31.2764885146583],[-95.2298740216709,31.2840121605741],[-95.203104402274,31.2918425620597],[-95.1482536564029,31.2994717990286],[-95.113272873862,31.3148689445438],[-95.0860470773874,31.3261533396337],[-95.0863650845912,31.33945381134],[-95.2295318902102,31.3369587112013],[-95.2478403273533,31.3532337399177],[-95.2659864721623,31.3607512568116],[-95.2747897858769,31.3762451080719],[-95.2929074190571,31.3911054940177],[-95.3017392444005,31.491664346175],[-95.2837729387181,31.5063830335802],[-95.2659864721623,31.5295101202153],[-95.2029245631473,31.537013508293],[-95.1941212494328,31.5754406874882],[-95.1327787724655,31.5829403824942],[-95.1222560267032,31.537013508293],[-95.0812484603959,31.5284931722318],[-95.068357109656,31.4834035881726],[-95.0322446591646,31.4758958953134],[-95.0234413454501,31.460418497296],[-94.987385917318,31.4150359386712],[-94.9785255812441,31.34496078008],[-94.9965664533833,31.3301567919855],[-94.9778062265343,31.3065139110965],[-94.9424131307527,31.2918425620597],[-94.9246266641969,31.2840121605741],[-94.8974973665467,31.2764885146583],[-94.8885273731261,31.2528621664773],[-94.8616086181206,31.2307470621926],[-94.8527175785287,31.1607637035507],[-94.8346152966583,31.145878253351],[-94.8172893918572,31.1304422889089],[-94.7807163796112,31.122810667641],[-94.7719130658966,31.1072751834065],[-94.6635537847497,31.0997111819095],[-94.6461489261199,31.0841982136681],[-94.51081825498,31.0689194081288],[-94.4934353278196,31.0534202025478],[-94.3220514213352,31.0458782209048],[-94.2961875732392,31.0689381934646],[-94.1878282920923,31.0765046447974],[-94.1704409793566,31.0920038445089],[-94.0975976098603,31.0996247968475],[-94.0797299966882,31.115548323022],[-94.0434377079685,31.1306206346606],[-94.0263113800774,31.145878253351],[-93.94528316538,31.1534122990177],[-93.9320781939098,31.165173896799],[-93.9147873791003,31.179388337192],[-93.641932884496,31.1746241569389],[-93.6248460330701,31.1898390460987],[-93.6123823468808,31.1995269669786],[-93.5862224230503,31.1762360114748],[-93.5615823543574,31.1981743946297],[-93.5502042794941,31.2380924611189],[-93.5261190776943,31.2684693795397],[-93.4601929119555,31.2763348118448],[-93.4192906174197,31.2852941562606],[-93.4064738340349,31.3302167394417],[-93.3973108420671,31.337736095934],[-93.3800222209435,31.3681707967134],[-93.019143354954,31.3760915680495],[-92.9848775397512,31.3456407002238],[-92.9644198123238,31.3378896986031],[-92.9123982340833,31.391582889955],[-92.8832249188187,31.3996645488602],[-92.8405330113537,31.4375812029615],[-92.8134081010754,31.4450919681486],[-92.7776509414653,31.4682342108811],[-92.750526031187,31.4757425183739],[-92.732388659325,31.4918401387106],[-92.6697653814936,31.490749844622],[-92.6394911035933,31.4912772271604],[-92.624937343165,31.5295101202153],[-92.5927594094135,31.5428172845098],[-92.580021578959,31.5736114474652],[-92.624937343165,31.5829403824942],[-92.6337450442515,31.6577603813583],[-92.5888292800455,31.6670808848875],[-92.580021578959,31.7054544015044],[-92.5354172426958,31.7147048185238],[-92.5261226619119,31.8260123492883],[-92.6254900181689,31.8351836437359],[-92.6244197590511,31.8797898643249],[-92.5798461272043,31.9266696120199],[-92.5697751702496,31.9704315148555],[-92.534417165358,31.980165125802],[-92.5171395090707,31.9954146069386],[-92.5033972157032,32.0066129340078],[-92.4817200953462,32.0257423367544],[-92.4520335824414,32.0339102137557],[-92.4093416749763,32.0715682146699],[-92.4001830703804,32.0790277116213],[-92.3213392359588,32.1557541647793],[-92.3089216063941,32.1988572968992],[-92.2739057329633,32.2084738239554],[-92.256628076676,32.2236852350057],[-92.2474694720801,32.231132294723],[-92.2370563836646,32.2672457688264],[-92.2000447411333,32.2774020656854],[-92.1578133954229,32.3224250595067],[-92.1486547908269,32.3298640180638],[-92.1242800934521,32.3512971789282],[-92.1116212168263,32.3951501174186],[-92.0785704080795,32.4086879002438],[-92.0635824029412,32.4476696627111],[-92.0498401095738,32.4588124099438],[-92.025465412199,32.4802149782379],[-92.0140829499637,32.5195818903777],[-91.9959411925266,32.5421514069601],[-91.9870238340934,32.5729770129114],[-91.968991734003,32.5875764760962],[-91.9517140777157,32.6027241385996],[-91.9189659239646,32.6116770177427],[-91.9062851158694,32.631862973197],[-91.9747816562835,32.7005512228266],[-92.0149602114326,32.7085974591399],[-92.0408569567326,32.685918502758],[-92.0579767053625,32.6709473827904],[-92.0678064152562,32.8145074909062],[-92.0859481726933,32.8370026186797],[-92.0947558737797,32.9431996210866],[-92.0678809826112,32.9648671974355],[-92.0589987141697,33.0072245233395],[-92.0859481726933,33.0405589101393],[-92.0947558737797,33.063298051703],[-92.1220211458212,33.0707141165259],[-92.1127221794621,33.0782030649645],[-92.1039144783757,33.1159817435855],[-92.0859306276975,33.1304535713905],[-92.0769650198521,33.1540324514095],[-92.1035065525069,33.1753765223921],[-92.1127221794621,33.189392559911],[-92.0611655494497,33.1999104570193],[-92.0500155613285,33.2292074520704],[-92.0681222287741,33.243757807482],[-92.0403437590922,33.2512980185879],[-92.0230661028049,33.2663324793783],[-91.9806593053397,33.2778385667898],[-91.9685443307707,33.3606925728537],[-91.9697110878145,33.4084814811194],[-91.64559823172,33.4162747197558],[-91.6367905306335,33.4464122411152],[-91.6186487731964,33.4687459808399],[-91.60984107211,33.4988652723278],[-91.5916993146728,33.521185493253],[-91.5812862262573,33.5567769406175],[-91.5394057849547,33.5681039006539],[-91.5289926965392,33.6036760215369],[-91.5094780249887,33.6276510622808],[-91.4928846334197,33.6409278841721],[-91.4811074038379,33.6811329674065],[-91.4659351748961,33.6932629063344],[-91.4571274738096,33.7233039098953],[-91.4120362578489,33.7754392888003],[-91.4016231694334,33.810925715437],[-91.3671204936429,33.8202295828545],[-91.3567074052274,33.8556974362407],[-91.3196957626962,33.8656720526375],[-91.2774644169857,33.9098890697442],[-91.2683058123898,33.9171947683238],[-91.2235654999386,33.9620599256612],[-91.194392184674,33.9699122621655],[-91.1432303220082,34.0140606441078],[-91.1150790164491,34.0216336975772],[-91.0978013601618,34.0365342441655],[-91.0621714037927,34.0508579664844],[-91.0457008280926,34.0650593595992],[-90.9718617686303,34.0735979467763],[-90.9380959916472,34.0925523492705],[-90.9622426013814,34.1313579386861],[-91.0088470932187,34.14053967975],[-91.0433234510663,34.110836101564],[-91.1146930211513,34.1035052780273],[-91.142541672613,34.1359108128196],[-91.0902481428949,34.1499563716082],[-91.0798350544794,34.1852868315604],[-91.0616932970423,34.2074284207214],[-91.0528855959559,34.2414040641332],[-91.0829405582644,34.2780499598793],[-91.0616932970423,34.3039518376984],[-91.0512802086268,34.3392177275144],[-91.0161152004857,34.3486393798701],[-90.9989866789087,34.4550288179102],[-91.0564735938631,34.4704097267711],[-91.0496134124649,34.7471395097562],[-91.0888182073206,34.762767293357],[-91.0976259084071,34.8518555695907],[-91.0796596027247,34.8660203551648],[-91.0708519016382,34.8809077558813],[-90.8740954141272,34.8884331978144],[-90.8642393862908,34.954567327549],[-90.8022915993322,34.9644782662398],[-90.7923741635612,35.0060896803753],[-90.747844394653,35.0149813359731],[-90.738475246514,35.1090370808495],[-90.7023671833945,35.1162383935124],[-90.6852386618174,35.1308184740317],[-90.6485252878083,35.1453851840859],[-90.6396605652609,35.1824914293405],[-90.5714359763243,35.1915681911089],[-90.5588121896901,35.233870012585],[-90.5234761162679,35.2432365754818],[-90.5138964254841,35.3072115699575],[-90.4720159841816,35.318301919188],[-90.459997508437,35.3585111384464],[-90.4273809435019,35.3671425523725],[-90.415081744231,35.3878105553315],[-90.3969399867938,35.3949871472195],[-90.3881322857074,35.4097781362818],[-90.3467782014658,35.4179947752398],[-90.3342333686602,35.439058932225],[-90.2981253055407,35.4462309610626],[-90.2877209891739,35.4896211390518],[-90.1923320125955,35.4980599623126],[-90.1815197703599,35.5341479774323],[-90.0817576476547,35.5413668454721],[-90.0557556305832,35.5633835030502],[-89.9673452647985,35.5711973463867],[-89.95694094933,35.6145200160404],[-89.8938834276869,35.6216763787582],[-89.8850757266005,35.6656238578467],[-89.7950687464338,35.6727756451106],[-89.7772778925061,35.6948149392768],[-89.6652121840565,35.6929571895968],[-89.6515137527294,35.7385726324979],[-89.5631033869447,35.7463693559328],[-89.5526990714763,35.7895970479841],[-89.4443397903293,35.7967626155195],[-89.4269349316995,35.8114546337833],[-89.338283319752,35.820238308075],[-89.3281202504464,35.8624322741487],[-89.1140422437094,35.8698187529927],[-89.1034931800043,35.9135902977112],[-89.0945582765753,35.8986791359344],[-88.8353013280002,35.891547644304],[-88.8250636913394,35.9424737865411],[-88.7350567111727,35.9496006879501],[-88.7262051471476,35.9935907124822],[-88.7129585055263,35.9714922676096],[-88.2803854829869,35.9642892375437],[-88.2681082151853,36.0151685223082],[-88.2272848735799,36.0222888616337],[-88.2142092981382,36.0004894411449],[-88.1037752949605,35.9933671326254],[-88.0884451583614,36.0442276635483],[-88.0000347925767,36.0519943432312],[-87.9896304771083,36.0950553604173],[-87.8812711959614,36.1021932826617],[-87.8638663373316,36.116828603177],[-87.827758274212,36.1239397465279],[-87.8189505731256,36.1676093617107],[-87.7019941344353,36.1747159031471],[-87.6931864333489,36.218357240789],[-87.6703293974258,36.2254591777147],[-87.6572538219841,36.2037160876045],[-87.6462266515286,36.1951661849768],[-87.5509692637662,36.1967360670406],[-87.5404728350485,36.2400962620953],[-87.4251524881037,36.2476790831431],[-87.4147086952718,36.2907971384652],[-87.3777233706834,36.2978924930462],[-87.3518266253834,36.2761695517496],[-87.2015561994158,36.2690722219151],[-87.1811467214007,36.3197542867071],[-87.0192745185044,36.3268470068862],[-87.010466817418,36.3414650906583],[-86.7436522651025,36.3485558344899],[-86.731989079341,36.3196093865739],[-86.7219575997497,36.2959852596897],[-86.5897719097583,36.2981611628969],[-86.5792754810406,36.3414650906583],[-86.5426410608601,36.3485558344899],[-86.5167794064501,36.3268752771608],[-86.4188332137187,36.3197542867071],[-86.4085955770579,36.3704034168982],[-86.2377402213205,36.3774915248738],[-86.228932520234,36.392100100457],[-85.9609643693969,36.3993839410021],[-85.950454782157,36.4427021497585],[-85.9138203619765,36.4497836644836],[-85.8879323896235,36.4281083812671],[-85.4472227712953,36.4210195943364],[-85.4341384229065,36.3993203910254],[-85.1811977527745,36.392100100457],[-85.168920484973,36.4427021497585],[-85.101147684844,36.4497836644836],[-85.0880721094022,36.4281030875764],[-84.9545793006039,36.4210195943364],[-84.9443416639431,36.4716028009844],[-84.8090416972197,36.4787010747577],[-84.7916280656428,36.4932712205746],[-84.773508239675,36.5072674756164],[-84.7646786071192,36.6153370947213],[-84.9892574281491,36.6230100834678],[-84.9981660136352,36.6741860372694],[-85.0162068866727,36.702275761556],[-85.0250145877591,36.7319266102165],[-84.9985256909901,36.7731209772555],[-84.9892574281491,36.7959921043527],[-84.9800988235531,36.8102337078581],[-84.9712911224667,36.8247605742887],[-84.8812841423,36.8318070604113],[-84.8638705107231,36.8463105256252],[-84.7238552655137,36.8533743309165],[-84.710779690072,36.8318070604113],[-84.6742110642996,36.8246710405688],[-84.648410817824,36.8031746985405],[-84.6207727099053,36.7959921043527],[-84.6034424186306,36.7815493626829],[-84.5668737928581,36.7744086586093],[-84.5538508524039,36.7529087521231],[-84.4048217508352,36.7456212757972],[-84.387386187789,36.7744086586093],[-84.3243286661459,36.7814597791479],[-84.3155209650594,36.7959921043527],[-84.2524634434163,36.8030412390065],[-84.2346725894887,36.8247605742887],[-84.2195003605469,36.8364288792039],[-84.2077231309651,36.8750793789926],[-84.1985645263691,36.8821212283108],[-84.1897568252827,36.896634440776],[-84.171935267837,36.9103294774376],[-84.1628073667591,36.9253650557098],[-84.0728003865924,36.9324022658511],[-84.063992685506,36.9469059146052],[-84.0461711280603,36.9605919237506],[-84.0370432269824,36.9756175875425],[-83.9470362468157,36.9826501561503],[-83.9381408198519,36.9972913701148],[-83.929245392888,36.9826501561503],[-83.9102263739821,36.9756175875425],[-83.8843296286821,36.9971442363426],[-83.6997495236746,37.0043604666656],[-83.6867002661758,37.0258369577059],[-83.5427943689619,37.0328648824395],[-83.5339866678755,37.0473493892519],[-83.0350225313691,37.0543753230411],[-83.0219469559273,37.0328648824395],[-82.8771637972446,37.0258369577059],[-82.8512670519446,37.0473493892519],[-82.8146326317641,37.0543753230411],[-82.7929686708278,37.0363786005824],[-82.7790596977543,37.0257108905222],[-82.8422838991034,37.0186647929076],[-82.8519644742868,37.0027333712391],[-82.8507319228349,36.9543810339187],[-82.5546475564304,36.9469059146052],[-82.5372207663312,36.9324110312556],[-82.2222709013062,36.9253650557098],[-82.2134632002198,36.8821212283108],[-82.1773551371002,36.8750793789926],[-82.167156977803,36.8332886000515],[-82.1234562200531,36.8247605742887],[-82.1193637974525,36.6664002800799],[-82.137194126947,36.6958768072882],[-82.1868163966918,36.6950661298234],[-82.2043045956238,36.6518434104763],[-82.2403556372824,36.6378082212124],[-82.2492203598298,36.6013780076573],[-82.3032947286317,36.5943103553705],[-82.3248885086865,36.5853789031988],[-82.3209101299063,36.4286060010332],[-82.1905359834151,36.4210195943364],[-82.1505065629763,36.4644633094874],[-82.1331631131793,36.4499477272214],[-82.1089594810858,36.4427021497585],[-82.0966822132842,36.4932712205746],[-82.0107720421916,36.5007747549906],[-81.9978675320311,36.5221530189195],[-81.9797257745939,36.5292272751563],[-81.9708303476301,36.5439553013536],[-81.9619349206663,36.5292272751563],[-81.8284421118679,36.5221530189195],[-81.8182044752072,36.5726702303334],[-81.755146953564,36.5797398643347],[-81.7463392524776,36.644780383946],[-81.7026384947277,36.6533284281223],[-81.6924403354304,36.6952173632272],[-81.6517003341272,36.702275761556],[-81.6687718333449,36.6757058039903],[-81.6384931689711,36.6523712632248],[-81.6295582655421,36.626224097088],[-81.657880638179,36.5926886130602],[-81.674474029748,36.579884279378],[-81.6832817308345,36.5147890431652],[-81.7014234882716,36.4932712205746],[-81.7102311893581,36.4642340171004],[-81.719389793954,36.4499283222413],[-81.7281974950405,36.405710407127],[-81.7012480365169,36.3848685451973],[-81.6924403354304,36.3626029262248],[-81.7190695939626,36.3419968302931],[-81.7281974950405,36.3268470068862],[-81.7472165139464,36.3197542867071],[-81.7731132592464,36.3414650906583],[-81.8097476794269,36.3485558344899],[-81.8314116403633,36.3303931245387],[-81.8451539337308,36.3197542867071],[-81.862431590018,36.305266451811],[-81.8925786646775,36.2973816628023],[-81.9348100103879,36.2544405641233],[-81.9439686149839,36.2473412595062],[-81.9528596554742,36.2106140857124],[-81.9709180735075,36.1966121770002],[-81.9797257745939,36.1529587184594],[-81.9975473320396,36.1391289316942],[-82.0066752331175,36.1239397465279],[-82.0427832962371,36.116828603177],[-82.0601662233975,36.1022145466968],[-82.1245089332766,36.0950553604173],[-82.1504056785766,36.116828603177],[-82.1780437864954,36.1240743801577],[-82.201528063879,36.1438135161426],[-82.2139895572807,36.1529587184594],[-82.2356535182171,36.1347504968021],[-82.2505143192162,36.1232169689778],[-82.3210241737265,36.124380849921],[-82.3390518882417,36.1021684752182],[-82.3751599513613,36.0950553604173],[-82.3839676524477,36.0803911692325],[-82.402026070481,36.066365999323],[-82.4109171109713,36.0295539953697],[-82.4200757155673,36.0224343125502],[-82.4378665694949,36.0004894411449],[-82.4739746326144,35.9933671326254],[-82.4845938772011,35.9756561643134],[-82.5278735496616,35.9642892375437],[-82.536681250748,35.9496006879501],[-82.6162575975034,35.9424737865411],[-82.62651277916,36.0442276635483],[-82.649369815083,36.0513453765264],[-82.6624453905248,36.0295539953697],[-82.6723496668751,36.0218560535682],[-82.7431226999159,36.023024983133],[-82.7656595358476,36.0040503538431],[-82.7794018292151,35.9933671326254],[-82.7882095303015,35.9277811807283],[-82.904490478119,35.9201035004081],[-82.9139736700782,35.8258772036188],[-82.9231322746742,35.8187391591896],[-82.9409231286018,35.7967377119882],[-82.9500817331978,35.7895970479841],[-82.9632888983539,35.7784471502192],[-82.9775882523004,35.7672992477423],[-83.0178150568617,35.7679647849561],[-83.0307546570138,35.7895970479841],[-83.0673890771943,35.7967377119882],[-83.0890530381306,35.7784471502192],[-83.1027953314981,35.767733449002],[-83.1153401643036,35.746755612004],[-83.1566942485453,35.7385726324979],[-83.1655019496317,35.7238422177672],[-83.2555089297984,35.7166950087135],[-83.2643166308848,35.6727756451106],[-83.282458388322,35.6656238578467],[-83.2912660894084,35.6435800663841],[-83.327374152528,35.6364256642365],[-83.3447702391091,35.6217120340766],[-83.4261888337811,35.6145200160404],[-83.4439796877087,35.5924621267748],[-83.4531382923047,35.5853031507558],[-83.4663454574608,35.5741246657886],[-83.4800877508283,35.5633835030502],[-83.492996646564,35.5417362483812],[-83.5801349844316,35.5341479774323],[-83.6146595916914,35.5633835030502],[-83.7231592346015,35.5705444384492],[-83.7489463216565,35.5487117561582],[-83.7855149474289,35.5414578581634],[-83.7946428485068,35.5261538172645],[-83.8124644059525,35.5122143387482],[-83.8212721070389,35.4974421695127],[-83.8402911259449,35.4902747065544],[-83.8661878712449,35.5122143387482],[-83.8758728329018,35.5193798440392],[-83.8975367938382,35.5010256608415],[-83.9112790872057,35.4902747065544],[-83.9204069882835,35.4749609069987],[-83.9382285457292,35.4610125431234],[-83.9470362468157,35.4462309610626],[-83.9642744257395,35.4327368686994],[-83.992855589535,35.4013121733359],[-84.0108175087439,35.3872437667388],[-84.0097560234715,35.3446946627089],[-83.9380530939745,35.3365295961472],[-83.929245392888,35.3217251786809],[-83.9114238354423,35.3077502841249],[-83.9022959343645,35.292401784499],[-83.8392384127213,35.2852160750623],[-83.8304307116349,35.270402264879],[-83.7985905228706,35.2632146031753],[-83.7855149474289,35.2852160750623],[-83.7432792161433,35.292401784499],[-83.7316160303818,35.2630677636143],[-83.6950474046093,35.2557881156445],[-83.6745282701458,35.2383465369687],[-83.6597508076522,35.2632146031753],[-83.5378817072519,35.270402264879],[-83.5250035150343,35.2476803438556],[-83.5519529735578,35.2265322055635],[-83.5607606746443,35.141554545894],[-83.5316663123101,35.1064534952754],[-83.4358167739771,35.0873342110829],[-83.3902299044735,35.068117103401],[-83.3618987597878,35.0575796051913],[-83.3094078468456,35.072285053154],[-83.273299783726,35.0794896121691],[-83.2335949497522,35.096225998421],[-82.9703727809191,35.0918295751407],[-82.9355806086553,35.0771617512354],[-82.9231322746742,35.0353692156762],[-82.9054510789916,35.0072591226579],[-82.8961828161506,34.9838652977991],[-82.8824405227831,34.9620033395289],[-82.869233357627,34.9396932789108],[-82.8510916001899,34.9324763975185],[-82.8170626446763,34.9181036717452],[-82.6534622376836,34.9103795169079],[-82.6356713837559,34.9028650785951],[-82.5995633206364,34.8956449581214],[-82.5727893138676,34.888129171559],[-82.4019339581301,34.8809077558813],[-82.3931262570437,34.8660203551648],[-82.3480350410829,34.8587969971417],[-82.3392273399965,34.8439055932675],[-82.3151421390951,34.8147377045952],[-82.2492203598298,34.8071821104375],[-82.2374782211379,34.7873138579646],[-82.1773551371002,34.777673365678],[-82.1599502784704,34.7627925169044],[-82.0515909973235,34.7555348783988],[-82.034208070163,34.7406716650895],[-81.9707426217527,34.7333904541282],[-81.9577679307107,34.7114149698043],[-81.844978481976,34.7038553227482],[-81.8361707808896,34.6889359289204],[-81.7731132592464,34.6816970521801],[-81.76430555816,34.6667736644127],[-81.7505632647925,34.6559122056873],[-81.7288335094481,34.637306780708],[-81.6922648836757,34.629971357858],[-81.6834571825893,34.6150386554313],[-81.660551897254,34.5969241396465],[-81.6052493625753,34.5495297308042],[-81.5811641616739,34.5399048881526],[-81.5222736290881,34.4893995931299],[-81.4946355211694,34.482005919083],[-81.4826170445264,34.4413651704657],[-81.4407366041222,34.430155875708],[-81.4319289030358,34.3855389519611],[-81.4227702984398,34.3782736479854],[-81.410993068858,34.3383973798414],[-81.3958208399162,34.3263592585056],[-81.3870131388298,34.2965308917924],[-81.3668142043577,34.2719080779958],[-81.3419219228691,34.2521400992072],[-81.3331142217826,34.237139727399],[-81.3150558037493,34.2227931434916],[-81.306164763259,34.1851380647713],[-81.2970061586631,34.1778554166704],[-81.2866939555456,34.116742790108],[-81.2700567001395,34.1035052780273],[-81.2611656596492,34.0657969821567],[-81.2431072416159,34.051421270791],[-81.2342162011256,34.0136897906159],[-81.2161577830923,33.9993052465357],[-81.207266742602,33.9615505990332],[-81.1892083245687,33.9471572287256],[-81.1804006234823,33.909739818989],[-81.1712420188863,33.9024334813616],[-81.1288089034783,33.8580031573],[-81.0903936433156,33.8502261096116],[-81.0786515046237,33.8301300008897],[-81.018528420586,33.8203789901669],[-81.0011981293113,33.805395029079],[-80.9646295035389,33.7979868120105],[-80.9558218024524,33.7829059653387],[-80.9376800450153,33.7755887743159],[-80.924591310153,33.7531666442986],[-80.6592023069382,33.7457156124872],[-80.6503946058518,33.7306255642093],[-80.4346234859083,33.7233039098953],[-80.4258157848219,33.7082099202014],[-80.3358088046552,33.7008863540824],[-80.3248035647707,33.6820144391279],[-80.2775411270564,33.6562253709402],[-79.9759563339464,33.648555972029],[-79.9500946795364,33.6709616246533],[-79.8412090413285,33.67831329217],[-79.8195450803922,33.6595477745336],[-79.8046798929195,33.6476577257291],[-79.7698701756599,33.633598586378],[-79.7472807038425,33.6239110516873],[-79.6123930494614,33.626202923261],[-79.599365723432,33.648555972029],[-79.5713635516848,33.6558839966035],[-79.5364836535436,33.6409278841721],[-79.5183418961064,33.633598586378],[-79.5005510421788,33.6259691734263],[-79.3696286080557,33.618638602691],[-79.3230811376794,33.6449118092866],[-79.2627957604092,33.6245520509153],[-79.231056456943,33.633598586378],[-79.1949483938234,33.6409278841721],[-79.1681743870546,33.648555972029],[-78.898504350064,33.6558839966035],[-78.8716645488871,33.6710255071237],[-78.8177700183135,33.6528298158949],[-78.6156227614437,33.6562637074429],[-78.3990401744395,33.6525851842583],[-78.3424612253703,33.6035536363672],[-78.1439195114036,33.5961937570877],[-78.0980256013291,33.580688278336],[-78.0645668658152,33.551670368046],[-78.0451048301504,33.5437997336539],[-78.0318976649943,33.5323434440987],[-78.0181553716268,33.5213354209599],[-78.0008250803521,33.5062992800266],[-77.9642564545797,33.4988652723278],[-77.9519572544105,33.4777246953476],[-77.9193406903737,33.4688959993812],[-77.902010399099,33.4538507505217],[-77.8654417733265,33.4464122411152],[-77.8566340722401,33.4312697468528],[-77.8200654464676,33.4238293004668],[-77.7941730876412,33.4013338610674],[-77.7396776335498,33.3939274717792],[-77.7264704683937,33.3824513567883],[-77.7127281750262,33.3714242896118],[-77.7039204739398,33.3562687201411],[-77.6865068432612,33.3422904322467],[-77.6089306511815,33.3339060471444],[-77.5691731813218,33.3564189330887],[-77.5011328170871,33.3637717348122],[-77.4603226340039,33.3406634554089],[-77.3692103047279,33.3422171458515],[-77.3224084296665,33.3829018599954],[-77.2908401914815,33.4082251728497],[-77.2817122904036,33.4239226533965],[-77.2679699970361,33.4349430599971],[-77.25476283188,33.4464122411152],[-77.1917053102369,33.4537574305363],[-77.1828976091504,33.4688959993812],[-77.1326963473572,33.4770716294946],[-77.1165240401793,33.5048710492844],[-77.0833942785022,33.5138350480582],[-77.0575545546631,33.5362556074472],[-77.0026380152823,33.5437065098336],[-76.9852682466442,33.5587726989723],[-76.8861070474567,33.5668539508016],[-76.8684872597086,33.5506998290254],[-76.886453565391,33.5363122779797],[-76.8952612664774,33.4987153056833],[-76.9154602009495,33.4738611079928],[-76.9756227623507,33.4256322713806],[-76.9850927948894,33.4012771029551],[-77.0039670655587,33.3936326674909],[-77.0026906502698,33.3413358694185],[-77.0391671636913,33.3339060471444],[-77.0479748647777,33.2962213225165],[-77.0661166222149,33.2738432384212],[-77.0749243233013,33.2436459197165],[-77.0985489624482,33.2144913736148],[-77.1363764576154,33.2042192918862],[-77.1467895460309,33.1684833194238],[-77.2067108594727,33.1087109497387],[-77.2637459847212,33.1009324815023],[-77.3569549683957,33.0111731582497],[-77.4164595830215,33.0030494818412],[-77.458690928732,32.9583678501994],[-77.4883248057511,32.9502982053797],[-77.5106949619767,32.9307605405009],[-77.5331352990839,32.9503607780096],[-77.5600145767259,32.9350696896636],[-77.6051057926866,32.9276808714461],[-77.6408629522966,32.9049067667975],[-77.7398530853045,32.8975154300605],[-77.7572491718856,32.8823146649721],[-77.8390625339042,32.8748477659302],[-77.8650557780287,32.8521264013482],[-77.9648179016322,32.8446717005015],[-77.9822227602621,32.8294545038566],[-78.0901960461112,32.822056876041],[-78.101973275693,32.7814547946081],[-78.1171455046347,32.7691977120393],[-78.1259532057212,32.7388271018965],[-78.1548501830346,32.7029596331136],[-78.1890107273643,32.6936301418784],[-78.1978184284507,32.663233784999],[-78.2159601858879,32.6406947443746],[-78.2247678869743,32.6102803833049],[-78.2545333528095,32.5732838113082],[-78.3151959524305,32.5649610819092],[-78.3325657210687,32.5497238489538],[-78.3417243256646,32.5423030097279],[-78.3674719371527,32.5197113397811],[-78.3956232427118,32.5120069069462],[-78.4129008989991,32.4968439261512],[-78.4410522045581,32.4891375337035],[-78.4583298608454,32.4739706981894],[-78.494437923965,32.4665436035575],[-78.5370377190791,32.4211998866245],[-78.5932526052181,32.4134740602816],[-78.6064597703742,32.4018701923376],[-78.6202020637417,32.3907204087237],[-78.6374797200289,32.3755370082019],[-78.665631025588,32.3678202409501],[-78.6913786370761,32.3451847885806],[-78.7195299426352,32.3374654308568],[-78.7368075989225,32.3222730866117],[-78.7459662035184,32.3148335044173],[-78.7632438598057,32.2996373622244],[-78.7913951653647,32.2919141212282],[-78.8091509284024,32.2762913632688],[-78.8447808847716,32.2616748069277],[-78.8715548915404,32.2463287845932],[-78.8986798018187,32.2388829703426],[-78.9344369614288,32.2007316906616],[-78.9481792547962,32.1895571370315],[-78.969974805447,32.1703580537545],[-79.0513934001191,32.1628688867179],[-79.0602011012055,32.1475061856537],[-79.0774392801293,32.133481793507],[-79.1060204439248,32.1008229015646],[-79.1232586228486,32.0867913342757],[-79.1406283914868,32.0714734336762],[-79.1951238455782,32.0639557042567],[-79.2208714570663,32.0412445056376],[-79.2490227626253,32.0334993271071],[-79.2663004189126,32.0182561807807],[-79.2803760716921,32.0143827013397],[-79.2525186481816,32.0478829746535],[-79.220880229115,32.0563722999079],[-79.2041903387215,32.071636977111],[-79.1472385528768,32.0793250381888],[-79.0618986008855,32.1778558857214],[-78.9885946705328,32.1926325500833],[-78.997235691015,32.2085536176111],[-79.0149914540526,32.2224718294531],[-79.0241851495385,32.2389516066681],[-79.0613064494165,32.2464308029558],[-79.0780840665857,32.2617434260281],[-79.0935457920009,32.2738566698071],[-79.1143588103096,32.2994278830127],[-79.1229998307917,32.3376748221082],[-79.1413082688332,32.3449754147066],[-79.1499492893153,32.3907889300931],[-79.1768987478388,32.4015276270133],[-79.1682577273567,32.4287084673715],[-79.1542698004546,32.4396481055621],[-79.1369877576938,32.4553870087487],[-79.1229998307917,32.4663234083006],[-79.1143588103096,32.4817690426675],[-79.097559261671,32.4948979673276],[-79.0679341567007,32.5289609651878],[-79.0511346080621,32.542082999909],[-79.04249358758,32.5802271447284],[-79.0285056606779,32.5911483621388],[-79.0073373514877,32.6103967698985],[-78.952319926809,32.6177787244039],[-78.92734869239,32.6404749759657],[-78.7546905643027,32.633198322198],[-78.7460495438206,32.6177787244039],[-78.6828253415731,32.6105002251101],[-78.6663723117672,32.5955423445197],[-78.6202854040439,32.5772166461713],[-78.6289264245259,32.5496554476724],[-78.6382517097262,32.5423714158541],[-78.650375456344,32.4782020546546],[-78.6652011682498,32.466612067341],[-78.6739957099157,32.4277421614762],[-78.6921506267734,32.4135425643827],[-78.7007916472555,32.3980852344888],[-78.7271665002042,32.3875739245977],[-78.7284385281213,32.3604418320696],[-78.7007916472555,32.3677405873263],[-78.6921506267734,32.3832031110323],[-78.6468927302083,32.3905000282579],[-78.6382517097262,32.4059586568477],[-78.6199432716847,32.4132537353543],[-78.6113022512027,32.4362904626668],[-78.5480780489552,32.4435830884801],[-78.5351165173337,32.4553870087487],[-78.5211285904316,32.4663234083006],[-78.5124875699495,32.4817690426675],[-78.4672296733844,32.4890579871586],[-78.4551804932234,32.5105865264831],[-78.4223139091785,32.5193618249034],[-78.4055362920092,32.5346282478609],[-78.3684149921313,32.542082999909],[-78.3597739716492,32.5575156239759],[-78.3504486864489,32.5723689581494],[-78.3418076659668,32.5877963736181],[-78.2839435286617,32.5955626690666],[-78.2965497694017,32.6180668969549],[-78.305875054602,32.6253447811482],[-78.3188365862235,32.6371248342557],[-78.3414655336077,32.6547790787228],[-78.3321007728405,32.7379065625975],[-78.305875054602,32.7617120767893],[-78.2965497694017,32.768978259896],[-78.2835882377803,32.7807393686129],[-78.260959290396,32.798365210621],[-78.2696003108781,32.8447693566906],[-78.2835882377803,32.8556582295893],[-78.2965497694017,32.8674078692243],[-78.305875054602,32.8746654133684],[-78.3227228517545,32.889937472712],[-78.3828678672615,32.8979813199241],[-78.3953644506549,32.9202085916071],[-78.4134711181004,32.9342910763847],[-78.4223139091785,32.9654412959078],[-78.4376747501939,32.9773824298355],[-78.449263367702,33.0181835272607],[-78.4855381114259,33.0254287051425],[-78.494179131908,33.0407776894999],[-78.5119348949457,33.0545670626042],[-78.5211285904316,33.0708942264568],[-78.5392352578771,33.0849526795785],[-78.550271202178,33.1237680632132],[-78.5750275074788,33.1461404756777],[-78.5843527926791,33.1533751194778],[-78.5929938131612,33.168701780531],[-78.6113022512027,33.1759345632242],[-78.6199432716847,33.1912572803171],[-78.6376990347224,33.2050230459898],[-78.6468927302083,33.2213222464695],[-78.6840140300863,33.228719463282],[-78.7007916472555,33.2438641933244],[-78.7101169324558,33.2510907676982],[-78.7187579529379,33.2664003284582],[-78.7365137159756,33.2801542700448],[-78.7497866755397,33.3036616890794],[-78.7655247380076,33.2956732137928],[-78.7956147912061,33.2685237950492],[-78.8265557870322,33.2964394647475],[-78.9885946705328,33.3036616890794],[-79.0013149550932,33.3261823904473],[-79.0694430461036,33.3189620314776],[-79.0944142805226,33.2964394647475],[-79.2131734915627,33.3036616890794],[-79.2381447259817,33.3261823904473],[-79.2491061029275,33.3189620314776],[-79.2577471234096,33.3036616890794],[-79.2940218671335,33.2964394647475],[-79.3400078895589,33.2669596231836],[-79.3791907529453,33.2656613203084],[-79.4282691206333,33.2672878627569],[-79.4374101802335,33.2510907676982],[-79.5545332995281,33.2438641933244],[-79.5672535840885,33.2213222464695],[-79.6084322165753,33.2360646909845],[-79.6423866038355,33.2510907676982],[-79.6982637449873,33.2438641933244],[-79.7151992689154,33.2285763680604],[-79.9048762603348,33.2213222464695],[-79.9218337157323,33.1912572803171],[-80.0714549687699,33.1987322810512],[-80.0882764488778,33.2285506840853],[-80.1025056228411,33.2213222464695],[-80.1150987041605,33.1990002164465],[-80.3277730932661,33.1912315853882],[-80.3447086171942,33.1759345632242],[-80.4079328194417,33.168701780531],[-80.4165738399238,33.1533751194778],[-80.579305759293,33.1461092588443],[-80.604443673418,33.1233896920864],[-80.6594610989952,33.116049709235],[-80.6862394913392,33.1081892226288],[-80.7376689190091,33.1232868335101],[-80.884039920025,33.116049709235],[-80.9009096495452,33.1008002013588],[-80.9648882955958,33.0934748670297],[-80.9776085801561,33.0708942264568],[-81.2074334223081,33.0781350692928],[-81.2160744427902,33.0934748670297],[-81.2300623696923,33.1043331200335],[-81.2430239013137,33.116049709235],[-81.2607796643514,33.1298272854447],[-81.2699733598373,33.1461404756777],[-81.2792986450376,33.1533751194778],[-81.2961464421901,33.1685989750622],[-81.3586600626748,33.176933154412],[-81.3687880410905,33.2213222464695],[-81.4050627848144,33.2285506840853],[-81.4173532111382,33.2396453577311],[-81.4409953961791,33.2213222464695],[-81.4501890916651,33.2050230459898],[-81.4679448547027,33.1912572803171],[-81.4765858751848,33.1759345632242],[-81.5128606189087,33.168701780531],[-81.5378318533277,33.1461404756777],[-81.5577763831147,33.1533751194778],[-81.5664174035968,33.168701780531],[-81.5847258416383,33.1759345632242],[-81.5933668621204,33.1912572803171],[-81.636795669291,33.2027640746741],[-81.6472657791675,33.2213222464695],[-81.6612537060697,33.2321646796399],[-81.6742152376911,33.2438641933244],[-81.6835405228914,33.2510907676982],[-81.6921815433735,33.2664003284582],[-81.7356103505442,33.2778972393665],[-81.7460804604207,33.2964394647475],[-81.7643011716865,33.3105497414183],[-81.7730299189443,33.3714920569347],[-81.7898294675828,33.3844895901644],[-81.8194545725532,33.4182114783986],[-81.8362541211917,33.4312020253865],[-81.8448951416738,33.4689636906714],[-81.8718446001974,33.4897918081487],[-81.8632035797153,33.6112252167295],[-81.853755478646,33.6260933526375],[-81.8632035797153,33.6333812902655],[-81.8718446001974,33.6486235226626],[-81.8900653114632,33.662676557532],[-81.898794058721,33.7233714018126],[-81.9127819856231,33.7341511900343],[-81.9257435172446,33.7457830867771],[-81.9586101012895,33.7544357718513],[-81.9706592814506,33.7756562250939],[-82.0077805813285,33.7830062212026],[-82.0245581984977,33.7980542451479],[-82.0494504799864,33.8172195111729],[-82.0690353324185,33.8479620725441],[-82.0784571155449,33.8726719824777],[-82.0877824007452,33.8873036952153],[-82.0964234212273,33.9472245441141],[-82.1233728797509,33.96793696792],[-82.1147318592688,34.0440453228664],[-82.0960593582972,34.0513467692187],[-82.1147318592688,34.0586475868118],[-82.1233728797509,34.0738141250992],[-82.1411286427886,34.0874395283915],[-82.1503223382745,34.1035724695115],[-82.1865970819983,34.1107271512254],[-82.1995586136198,34.1223077381087],[-82.2135465405219,34.1330371566389],[-82.222187561004,34.1481903682028],[-82.3048430944998,34.1554701307473],[-82.3379904020711,34.1850709373827],[-82.3752432916635,34.1779225490572],[-82.3838843121455,34.162774672048],[-82.4016400751832,34.1491614022532],[-82.4108337706691,34.1330371566389],[-82.4201590558694,34.1258843622583],[-82.4451302902884,34.1035724695115],[-82.6107615572715,34.1112337674353],[-82.6467818945136,34.1501124606401],[-82.643865001904,34.2110068810584],[-82.6533788973814,34.2522071724358],[-82.6673668242835,34.262920078494],[-82.680328355905,34.2744797854475],[-82.6986367939465,34.2816199826889],[-82.7342272729522,34.3041674264123],[-82.8423672394056,34.3113051011335],[-82.8510082598877,34.3264262725155],[-82.8926255226598,34.3346124488616],[-82.9049071769349,34.3560955510812],[-82.9860976848647,34.3632288089308],[-83.0029454820172,34.3782392564496],[-83.0579629075943,34.3854719844557],[-83.0746527979878,34.4003354879145],[-83.1028786718003,34.4077092521407],[-83.1205028451236,34.4154026080728],[-83.138811283165,34.4225308142518],[-83.1564354564883,34.4302228067111],[-83.2085535335533,34.4438322072294],[-83.2446308931548,34.4595732251504],[-83.2825417286242,34.452448178323],[-83.2952620131845,34.4302228067111],[-83.3454237985125,34.4373497493389],[-83.3829267072148,34.4766726659636],[-83.3993227155597,34.4891953267507],[-83.4081172572255,34.5271513424177],[-83.4262721740833,34.5410086942367],[-83.4349131945654,34.5560883651582],[-83.4489011214675,34.5667624260115],[-83.4698676600617,34.585394498677],[-83.5340700081776,34.5782802053935],[-83.5467902927379,34.5560883651582],[-83.6059352309072,34.5632045574389],[-83.6147780219852,34.5937683621186],[-83.6328846894308,34.6075785162037],[-83.6415257099129,34.6448201802154],[-83.6509738109822,34.6595075945622],[-83.6328846894308,34.6732905767183],[-83.6415257099129,34.7703611871443],[-83.6509738109822,34.7850263243281],[-83.6415257099129,34.7922147298283],[-83.6328846894308,34.8883432494225],[-83.6235594042305,34.8954308985466],[-83.5610194667012,34.9619961505518],[-83.5378290713661,34.9796047849363],[-83.507120549654,35.0161596319645],[-83.5176915448285,35.0489170148383],[-83.5610194667012,35.0573659684517],[-83.5728230133276,35.097919904421],[-83.6149183837484,35.1088235788305],[-83.6235594042305,35.1458388948779],[-83.6606807041084,35.153069230449],[-83.6866125402984,35.1759485056384],[-83.7136058617607,35.1521331964674],[-83.7254181813341,35.2227895965313],[-83.7708646881762,35.2483304995881],[-83.8933961218254,35.2412734307755],[-83.9183673562444,35.2192600277562],[-83.9956321203815,35.2266450719309],[-84.0131290913622,35.2717720377593],[-84.0367844349255,35.2926148037587],[-84.0546981056204,35.3061591872523],[-84.0551060314892,35.314593971416],[-84.0281434144434,35.3465587009151],[-84.0377450357981,35.4168866412139],[-84.0951179069323,35.4093026645107],[-84.1359412485377,35.365903162729],[-84.1451349440236,35.350014750594],[-84.1628907070613,35.3365957930144],[-84.1755101063236,35.3147818778108],[-84.1977574457819,35.3140624607798],[-84.2078064712673,35.3216589689018],[-84.2164474917494,35.3365957930144],[-84.2347120668522,35.3503993429905],[-84.243396950273,35.4610786378652],[-84.2527222354732,35.4681165258652],[-84.2703464087965,35.4903407772442],[-84.2796716939968,35.497376103931],[-84.2883127144789,35.5634495135733],[-84.3066211525204,35.57047843304],[-84.3152621730025,35.5853691432186],[-84.3334170898603,35.5990480329],[-84.3422116315261,35.6364916145404],[-84.3599673945638,35.6498605823329],[-84.3691610900497,35.6656897840483],[-84.3859606386882,35.6783341397606],[-84.4155857436586,35.7111391864657],[-84.4323852922972,35.7237763388906],[-84.4410263127792,35.7386384984075],[-84.4587820758169,35.7519903556142],[-84.4679757713028,35.7677992907804],[-84.481963698205,35.7783154842391],[-84.4949252298264,35.7896628716587],[-84.5581494320739,35.7966718934453],[-84.5673431275598,35.8124719462494],[-84.5850988905975,35.8258114092237],[-84.5937399110796,35.8406545064527],[-84.6101359194245,35.8529688970088],[-84.6476388281267,35.8916133834335],[-84.7108630303742,35.8986134019444],[-84.7218200199482,35.9174162256853],[-84.8678971389156,35.9127270400472],[-84.9165105583755,35.9142883563971],[-84.9304370773431,35.9021131798106],[-84.9444250042453,35.8916133834335],[-84.9570531764547,35.8699307181991],[-85.0432396854984,35.8624980374441],[-85.060162050006,35.8476945829348],[-85.1959532837987,35.8406545064527],[-85.2080112360085,35.8199395476807],[-85.2947679650519,35.8115204393495],[-85.311637694572,35.7967555005379],[-85.3756163406226,35.7896628716587],[-85.3969557141957,35.7805021793602],[-85.4538241606366,35.7966718934453],[-85.5193467860818,35.7896628716587],[-85.5442434531457,35.7678651325042],[-85.7247267490791,35.7620601724824],[-85.7705329332761,35.7750878191107],[-85.806807677,35.7820981262118],[-85.8407620642602,35.7966718934453],[-86.1481674849654,35.7896628716587],[-86.1821218722256,35.7750878191107],[-86.220032707695,35.7820981262118],[-86.2289018167159,35.7898621210729],[-86.2405386836363,35.7698581541738],[-86.3016837764811,35.7603855170475],[-86.318505256589,35.7456520178399],[-86.4535946815661,35.7386384984075],[-86.4752893460205,35.7196294656328],[-86.5344430571368,35.7310688995681],[-86.5857014186272,35.7456520178399],[-86.6063082798664,35.7386384984075],[-86.6149493003485,35.7237763388906],[-86.7320724196431,35.7167608927161],[-86.7448584986115,35.6947632860734],[-86.956651240673,35.6875814061719],[-86.9735736051806,35.6727453573102],[-87.1093648389733,35.6656897840483],[-87.1185585344592,35.6498605823329],[-87.1363142974969,35.6364916145404],[-87.1490345820572,35.6145859844155],[-87.2530952844324,35.6216104155011],[-87.2619073710941,35.6367874988007],[-87.2707194577557,35.6216104155011],[-87.2890278957972,35.6145859844155],[-87.3016560680066,35.5928277272348],[-87.3878425770504,35.5853691432186],[-87.4008041086718,35.5739926622767],[-87.414792035574,35.5634495135733],[-87.4268499877837,35.5426624252918],[-87.5136067168271,35.5342140120285],[-87.530384333098,35.5194780214035],[-87.5675056338743,35.5122803913936],[-87.5761466543564,35.497376103931],[-87.6393708566038,35.4903407772442],[-87.6485645520898,35.4744768898754],[-87.6663203151274,35.4610786378652],[-87.677290464122,35.4421411604978],[-87.7019107941331,35.4315270778987],[-87.7471686906982,35.4244859895295],[-87.7647928640215,35.4168866412139],[-87.8190339134277,35.409844273094],[-87.8276749339098,35.3949209974853],[-87.8908991361573,35.3878767101659],[-87.9000928316432,35.3719926232369],[-87.9178485946809,35.3585773173028],[-87.926489615163,35.343644556469],[-87.9897138174105,35.3365957930144],[-88.030142390771,35.3250355625972],[-88.0434986906374,35.336796172093],[-88.0559031607815,35.3153473858518],[-88.1693768742344,35.3072777908317],[-88.1823384058558,35.2958619393911],[-88.1963263327579,35.2852823139361],[-88.20496735324,35.2703360131006],[-88.519719835041,35.2632808600437],[-88.5323480072504,35.2414274749305],[-88.6192670286279,35.2338735954741],[-88.6361586896174,35.2189805218733],[-88.6454839748177,35.2119208995309],[-88.6612264237592,35.184667506787],[-88.7486191663119,35.1818353679308],[-88.824151339879,35.1842821268694],[-88.8337880521237,35.1675925158794],[-88.8970122543712,35.1605284270997],[-88.9220712146675,35.1384142210644],[-88.9778606299419,35.1311467108055],[-88.986501650424,35.1161720158961],[-89.0766753111951,35.1091034635433],[-89.0853163316772,35.1014744791096],[-89.1738275827599,35.0899381430186],[-89.1880435973025,35.0652862939586],[-89.256338368019,35.0576460297729],[-89.2649793885011,35.0426578331019],[-89.2743046737014,35.035582909217],[-89.2990434340063,35.0137168039213],[-89.3282035907485,35.0061561468177],[-89.3512711693163,34.9857627806303],[-89.3759309757926,34.9750708963764],[-89.4270051125811,34.9767295775647],[-89.4431335568203,34.9624652599845],[-89.5527824117784,34.9546338358246],[-89.5695600280493,34.9397921602625],[-89.6066813288256,34.9325429237143],[-89.6153223493077,34.9175318028829],[-89.6785465515552,34.9104460610187],[-89.6907010025894,34.889327281834],[-89.7321033362432,34.8659537743287],[-89.7593949271259,34.8588635830346],[-89.7746197919535,34.8323851339586],[-89.7949854061316,34.8143433758492],[-89.8312601498555,34.8072487380846],[-89.8430242200167,34.7867789047517],[-89.9121085254262,34.7777400171722],[-89.9207495459083,34.7627006290317],[-89.9300748311086,34.7556015477722],[-89.9469664920981,34.7406212037347],[-90.0296220246956,34.7333940589853],[-90.0547643261924,34.7110886557803],[-90.1366873464561,34.7039220338198],[-90.1453283669382,34.6888692050286],[-90.1636368049797,34.6817637811137],[-90.1788616698073,34.6552284695915],[-90.1992272839854,34.6371479885644],[-90.2085525691857,34.6300381284494],[-90.2215141008071,34.618527524514],[-90.2401646694111,34.6043040029559],[-90.261175070944,34.5856382518739],[-90.2894009447564,34.5782802053935],[-90.2980419652385,34.5632045574389],[-90.3343167089624,34.5560883651582],[-90.3430454562202,34.4959882691782],[-90.361266167486,34.4820728085391],[-90.3711178088489,34.4226266975007],[-90.3878734936505,34.4077092521407],[-90.4151650845332,34.4005797826636],[-90.4238061050153,34.3854719844557],[-90.4331313902156,34.3783406205066],[-90.446092921837,34.366795210903],[-90.4600808487391,34.3560955510812],[-90.4690859330497,34.2862245453635],[-90.5139797657863,34.2744797854475],[-90.5269412974078,34.262920078494],[-90.5455918660117,34.2486359008506],[-90.5585533976332,34.2370726414194],[-90.5858449885159,34.2299286623238],[-90.5954246784013,34.1637019863157],[-90.6257559786609,34.1366133275984],[-90.6397439055631,34.1258843622583],[-90.6483849260451,34.1107271512254],[-90.6732772075338,34.0916278868353],[-90.684659669769,34.0738141250992],[-90.6985993472589,34.0373411760796],[-90.7385585868162,34.0217118608718],[-90.7515201184376,34.0101175170466],[-90.7655080453398,33.9993725206531],[-90.7749298284662,33.9746993394639],[-90.7924575038634,33.9472245441141],[-90.8044715931344,33.9157460543428],[-90.8373732680693,33.880130172693],[-90.8460142885514,33.8425485399506],[-90.8643227265929,33.8204464056579],[-90.8730514738507,33.7598202364218],[-90.8912721851165,33.7457830867771],[-90.9009045108877,33.6954945403189],[-90.9631374078461,33.6710547109715],[-90.9760989394675,33.6594126903617],[-90.9900868663697,33.6486235226626],[-90.9987278868518,33.6333812902655],[-91.0169485981176,33.6193234728744],[-91.025765072151,33.5579374832272],[-91.0439857834168,33.5438673663825],[-91.0526268038989,33.5286066136346],[-91.0709352419404,33.5214030712637],[-91.0795762624225,33.5061383535863],[-91.0889015476228,33.4989329402012],[-91.0989505722099,33.402716195345],[-91.14280046467,33.393995221566],[-91.1514414851521,33.378708060932],[-91.1697499231936,33.3714920569347],[-91.1785444648594,33.3330173576491],[-91.2053404021992,33.3122725859193],[-91.1966993817172,33.0480210099378],[-91.1697499231936,33.0270872895332],[-91.1783909436757,33.0028306080741],[-91.2053404021992,32.9818861552306],[-91.1966993817172,32.8972962948283],[-91.1697499231936,32.876326829015],[-91.1783909436757,32.7236452932129],[-91.2053404021992,32.712945077122],[-91.1965634055292,32.670066758981],[-91.1783909436757,32.655890662779],[-91.1697499231936,32.6404749759657],[-91.1514414851521,32.633198322198],[-91.14280046467,32.5647984268709],[-91.1288125377678,32.5538740008627],[-91.1158510061464,32.542082999909],[-91.0979373354514,32.5280918885267],[-91.0910683820045,32.3818288535503],[-91.1065257209461,32.3677405873263],[-91.1158510061464,32.3604418320696],[-91.1327207356665,32.3450625001323],[-91.1966993817172,32.3376748221082],[-91.2053404021992,32.3222045125503],[-91.2146656873995,32.3149020833008],[-91.2521685961018,32.2745891247131],[-91.2685646044467,32.2617434260281],[-91.2772056249288,32.2462601530821],[-91.3041550834524,32.2355030299001],[-91.2955140629703,32.215864608727],[-91.2777582999326,32.2019453855601],[-91.2685646044467,32.1854589003421],[-91.2416151459231,32.1643225832063],[-91.2510807919883,32.0958270035191],[-91.2962334167818,32.0867151503971],[-91.2416151459231,32.0756920123156],[-91.2504930269928,32.0477621446325],[-91.2772056249288,32.0267817222472],[-91.2685646044467,32.0104290912458],[-91.2059983480763,32.0019764232132],[-91.2046517528041,31.9730882679809],[-91.2233067078816,31.9647140248869],[-91.2779205931651,31.9573326720059],[-91.2685646044467,31.8579570087139],[-91.2592393192464,31.835355061609],[-91.2503965281684,31.8038126287337],[-91.2236005908285,31.7827112406121],[-91.2146656873995,31.7587146773344],[-91.2053404021992,31.751367166429],[-91.1923788705778,31.7394719133004],[-91.1783909436757,31.7284481370965],[-91.1697499231936,31.7128745849721],[-91.1519941601559,31.698878916862],[-91.14280046467,31.6823019259191],[-91.1244920266285,31.6749483562887],[-91.1158510061464,31.6593658217799],[-91.0526268038989,31.6520104361105],[-91.0399065193386,31.6290668536071],[-91.0166941925341,31.6364240545848],[-91.0039739079738,31.6593658217799],[-90.9851742046596,31.6496487482446],[-90.9677912774992,31.5931557368352],[-91.0256773453753,31.5814102245003],[-91.0170363248933,31.5599106267358],[-90.9938459295581,31.5415986147309],[-90.9638085122454,31.5043878901719],[-90.9903939078388,31.4833848844345],[-90.9200375736139,31.4719285825526],[-90.8560501546162,31.4461696966894],[-90.8460142885514,31.4299856245118],[-90.8373732680693,31.3836915090736],[-90.8194595973744,31.3695228050966],[-90.8183937256285,31.3465641093008],[-90.828047982869,31.337666786479],[-90.8643227265929,31.3302860536164],[-90.872963747075,31.2148241315441],[-90.9052469525981,31.196992519481],[-90.8869516739772,31.1800994722917],[-90.872963747075,31.1690096605895],[-90.8643227265929,31.1072057047582],[-90.8503347996908,31.0961073662363],[-90.83305275693,31.0801355006476],[-90.8190648300279,31.0690339990814],[-90.8104238095458,31.0533506845237],[-90.7022838430923,31.0459477436179],[-90.6893223114708,31.0339627769605],[-90.6753343845687,31.0228558873294],[-90.6666933640866,31.0071649639006],[-90.6488411022245,30.9929848998493],[-90.6208696339954,30.935989608197],[-90.5792962350604,30.8841552694709],[-90.5602728296809,30.8218273723242],[-90.5832570679465,30.8005237325114],[-90.6034691618392,30.7913359035976],[-90.6753343845687,30.7741259094023],[-90.6666933640866,30.7373026898596],[-90.6483849260451,30.7144304552784],[-90.6397439055631,30.6986889735796],[-90.6214354675216,30.6758075812724],[-90.6127944470395,30.4976487423773],[-90.5858449885159,30.4761298993174],[-90.594486008998,30.4589393779788],[-90.6214354675216,30.4374119796786],[-90.6108644723471,30.4258503378599],[-90.5858449885159,30.4058591186947],[-90.594486008998,30.3814745035296],[-90.6130400796758,30.3739195243957],[-90.5858449885159,30.3521784376372],[-90.6034691618392,30.3427190166744],[-90.6463847713695,30.3338965927639],[-90.6573680788863,30.3039481789169],[-90.6666933640866,30.2964875768673],[-90.6753343845687,30.2806783126867],[-90.7215704270023,30.2730549436823],[-90.6544204818603,30.2638170893394],[-90.6127944470395,30.2169192610181],[-90.6214354675216,30.2030722424313],[-90.6397439055631,30.1956039759621],[-90.6483849260451,30.1797784762829],[-90.6732772075338,30.1598375344144],[-90.684659669769,30.1412391658228],[-90.6933006902511,30.0710014397707],[-90.7026259754514,30.0557482144058],[-90.7195088634938,30.0095813175354],[-90.7382164544571,30.0010101170999],[-90.8643227265929,29.9935265678787],[-90.872963747075,29.9776686949318],[-90.8912721851165,29.9701833863011],[-90.908229640514,29.939050611634],[-90.9361879493225,29.9543217864274],[-90.9489082338828,29.9776686949318],[-90.9631374078461,29.9701833863011],[-90.9757568071084,29.9470190519545],[-91.0151326681437,29.9456660015735],[-91.0509907121534,29.9621046986955],[-91.0709352419404,29.9546182175857],[-91.1041264124504,29.9348276302104],[-91.1671093676367,29.9156946345684],[-91.2099197053955,29.9265293869875],[-91.2233067078816,29.939050611634],[-91.2502561664052,29.9500709500048],[-91.2416151459231,29.9935265678787],[-91.2236488402407,30.0079423437722],[-91.2354129104019,30.0412653456803],[-91.2592393192464,30.0635231737403],[-91.3494129800175,30.0710014397707],[-91.3850034590232,30.1101601028343],[-91.4482276612706,30.1176348426158],[-91.4575266276297,30.2098993354145],[-91.4920687807837,30.2421121944051],[-91.5739918010473,30.2496432387848],[-91.5826328215294,30.2887309781224],[-91.6009807360361,30.303408535696],[-91.5984980872382,30.3574093052385],[-91.6190917899552,30.3738722212796],[-91.5919581067297,30.3955611919732],[-91.6005991272118,30.4205096601253],[-91.6189075652533,30.4279608081685],[-91.6275485857354,30.466977373784],[-91.6458570237769,30.474424970675],[-91.654498044259,30.4902029222635],[-91.6724643499414,30.5194575589924],[-91.6628144791744,30.5904883740571],[-91.6291057245506,30.5809482258389],[-91.6189031787798,30.5440683215886],[-91.5827205483051,30.5453036071556],[-91.5739918010473,30.4511956584396],[-91.5600038741452,30.4400213856541],[-91.5470423425238,30.4279608081685],[-91.5292865794861,30.4137747693174],[-91.5160136199219,30.3895188837149],[-91.4748349874351,30.3969723974091],[-91.466193966953,30.4127628882459],[-91.4522060400509,30.4239402850297],[-91.4349239972901,30.4400213856541],[-91.4122950499058,30.4580962197685],[-91.4209360703879,30.5753158309304],[-91.4392445084294,30.5827551293696],[-91.4478855289115,30.5985154944096],[-91.465992196357,30.6129558395249],[-91.4770281406579,30.6528264313543],[-91.5017844459587,30.6758075812724],[-91.511109731159,30.6832391585216],[-91.5275627609649,30.6985079353789],[-91.5614776726582,30.7122696418493],[-91.5763867230695,30.7527438459194],[-91.6189075652533,30.7453176227848],[-91.6318690968748,30.73329497413],[-91.6737714687484,30.6999166303277],[-91.7120332086256,30.6217096040767],[-91.7177222465065,30.6291453407356],[-91.7271966655187,30.7311044209969],[-91.7534530872753,30.7520163281138],[-91.7642828745067,30.791085331311],[-91.7849248266359,30.7917880628916],[-91.8071853246164,30.7910306957594],[-91.8146552024795,30.9528451909669],[-91.7806043163948,30.9843570204053],[-91.7557120349062,31.0041291074629],[-91.7443295726709,31.0225626925233],[-91.7356885521889,31.0536437845377],[-91.7087390936653,31.0871883188727],[-91.7173801141474,31.0998069565101],[-91.7436584682716,31.1325035662173],[-91.7173801141474,31.1533428541511],[-91.7006902237539,31.1687563247281],[-91.6638233294593,31.1787428694046],[-91.6724643499414,31.1843811805635],[-91.7274817746202,31.1918783941098],[-91.7443295726709,31.20743378106],[-91.8075537749184,31.2148241315441],[-91.8552460699709,31.2588372689508],[-91.8805901411654,31.2690598720842],[-91.905048177944,31.2916195409215],[-91.924334761854,31.2842351989408],[-91.9371252272959,31.2383381103331],[-92.0131705985033,31.2357596972662],[-92.0235617554495,31.337666786479],[-92.0510419566092,31.3300237833107],[-92.0757280819267,31.3072634401041],[-92.0945848076002,31.3207726709421],[-92.1038574569147,31.3540259730391],[-92.1219641243603,31.3683524385805],[-92.1306051448423,31.3763143883281],[-92.1489135828838,31.3836915090736],[-92.1615329821462,31.4065138507036],[-92.1758586549339,31.4069986551154],[-92.1858725895293,31.3622307164832],[-92.2297619584546,31.3533030371366],[-92.2395039415725,31.3097218521324],[-92.3016271811842,31.2995879848951],[-92.3145887128056,31.287635067081],[-92.3285766397077,31.2765578683691],[-92.3372176601898,31.2378693129125],[-92.3621099416785,31.2181458502796],[-92.3807122617686,31.1880773284271],[-92.3586886234773,31.1524663529002],[-92.3847871393733,31.1200038032161],[-92.3734880174402,31.0995027315173],[-92.3556182105823,31.1001093021495],[-92.3106103340254,31.0687409464836],[-92.2345518033973,31.0598362405402],[-92.2207788056134,31.0225626925233],[-92.202812499931,30.9934605481765],[-92.2120061954169,30.9834601572953],[-92.2693746791792,30.985409930116],[-92.3260720594405,30.9700193649916],[-92.3645092510725,30.9458426133874],[-92.3809622808784,30.9306131034773],[-92.4004418624373,30.9227265145634],[-92.4090828829194,30.8993112542933],[-92.4363744738021,30.8841872665745],[-92.4505948748183,30.8456325075166],[-92.4723070851669,30.8607625801761],[-92.4850273697272,30.8838936458751],[-92.4992565436905,30.8764775552898],[-92.5207450519737,30.8565717364454],[-92.5568662745139,30.8352306103297],[-92.5838376645068,30.8474834146005],[-92.654698423425,30.8224922114356],[-92.6955524694469,30.8316205643947],[-92.7057243108013,30.8773754224053],[-92.7168786844977,30.807299593322],[-92.7421087118719,30.806440628403],[-92.7673826012865,30.8298653963003],[-92.777729895294,30.8302175623952],[-92.7879499860606,30.7933743701964],[-92.8312910664556,30.7836187304204],[-92.8765489630207,30.7761948891594],[-92.8857426585066,30.7594552271847],[-92.9121394420263,30.7384374883204],[-92.9034984215442,30.7295811836942],[-92.8941731363439,30.722153175069],[-92.8658244466624,30.6844047710755],[-92.8090042505321,30.6824677346617],[-92.7272742279174,30.6852535080726],[-92.6895388451011,30.668081152097],[-92.6606111624729,30.6755133238107],[-92.6514701028727,30.6921713843991],[-92.5990055078734,30.6903834966537],[-92.5637747053243,30.7064129537447],[-92.5348470226961,30.6989831604141],[-92.5172228493728,30.6909643751416],[-92.4989144113314,30.6835333924444],[-92.4687585637248,30.6698090887321],[-92.4047623726783,30.6676284120867],[-92.3009692353071,30.6711653841614],[-92.2743355903015,30.6603541050092],[-92.247728264137,30.6446038058784],[-92.2219762661753,30.6341481002457],[-92.1874779768584,30.5910000007784],[-92.2027774090411,30.5904770468515],[-92.2509434252687,30.6050091965701],[-92.2746777226606,30.5753158309304],[-92.2838714181465,30.5585413277241],[-92.3102682016662,30.5374798677784],[-92.3016271811842,30.5208669710534],[-92.2833187431427,30.4979435402736],[-92.2746777226606,30.474424970675],[-92.2190769185616,30.4652760657569],[-92.2211604135394,30.4199668762488],[-92.1841531574817,30.3735808332696],[-92.1853857098319,30.3467428837722],[-92.1841531574817,30.3198975732629],[-92.2036458975628,30.2954403958416],[-92.2210288247233,30.2480290861308],[-92.2552069140488,30.2206697124372],[-92.2588124569518,30.1420547079608],[-92.202812499931,30.0971747167609],[-92.2114535204131,30.0787752009787],[-92.2480221461856,30.0712367876958],[-92.2337403372348,30.0597838288379],[-92.2207788056134,30.024346050348],[-92.202812499931,29.9949435471955],[-92.2114535204131,29.9776686949318],[-92.2480221461856,29.9701225896035],[-92.229814593442,29.9555094040617],[-92.2281302522843,29.9186885658866],[-92.2384029789367,29.8998243453758],[-92.247728264137,29.8923331780438],[-92.2563692846191,29.8608793408671],[-92.2658656351006,29.8453123001557],[-92.1758630414074,29.8370047003854],[-92.1845523113017,29.7277413266381],[-92.202812499931,29.7130469172208],[-92.2114535204131,29.6971444378532],[-92.2836608755018,29.6896380813846],[-92.3282871432344,29.6815271558885],[-92.3551708073499,29.6824531724087],[-92.4074467911739,29.6584178164842],[-92.4723070851669,29.6659265041275],[-92.5325880759635,29.6750467105072],[-92.5866843762348,29.6731830995403],[-92.6070543777848,29.681536682822],[-92.6246785511081,29.6896380813846],[-92.7328185175615,29.6971444378532],[-92.7773921494084,29.7130469172208],[-92.8164302654565,29.7237817613444],[-92.8423664872216,29.7714975356269],[-92.9646742188055,29.7757064923032],[-92.9855179406324,29.7671665603236],[-93.009975977411,29.7442502095387],[-93.1666504094958,29.7550216994576],[-93.1819761596213,29.7673493217212],[-93.1906171801034,29.7910369450729],[-93.2538413823508,29.7985357148577],[-93.2624867893065,29.8144335326937],[-93.3039461453196,29.8130082750826],[-93.3341348901302,29.8253706160367],[-93.3349902192313,29.8440777128976],[-93.3163944793007,29.8614860718627],[-93.264456240464,29.859700105226],[-93.2536878611671,29.9086038863475],[-93.2286815358582,29.9286866933221],[-93.2624473128413,29.983971875664],[-93.2168472848154,29.9933784104481],[-93.2552669314516,30.0013045091933],[-93.2533150252899,30.0439365487363],[-93.255253772031,30.0862674963034],[-93.2355329443094,30.0943208907993],[-93.2022408885014,30.1254049373978],[-93.1636677215798,30.1179307856441],[-93.1314503104648,30.1081623161531],[-93.0964651414504,30.1241757250253],[-93.0582428789366,30.106682448153],[-93.0328944212686,30.1406398325779],[-92.9840046647559,30.1487115529463],[-92.9753636442738,30.1645420416364],[-92.9570552062323,30.1720126633105],[-92.924982543354,30.2019330841369],[-92.8771455000649,30.2214429048742],[-92.8755752027274,30.2556221939456],[-92.8851899835028,30.2732159405704],[-92.9034984215442,30.2961921702844],[-92.9121394420263,30.3430142830038],[-92.9570552062323,30.3552859548283],[-92.9484141857502,30.3895188837149],[-92.9209690745821,30.3970140144679],[-92.9304478800678,30.4124678325364],[-92.9408390361157,30.4780030180433],[-93.0467463728811,30.4643913740867],[-93.0829509357234,30.498068262132],[-93.1099398707122,30.4820647826696],[-93.149276254384,30.5053887679508],[-93.1819761596213,30.4979435402736],[-93.1906171801034,30.4821668436471],[-93.2822646393874,30.4745988676426],[-93.217566638627,30.466977373784],[-93.2089256181449,30.4511956584396],[-93.1949376912427,30.4400213856541],[-93.1776556484819,30.4239402850297],[-93.1636677215798,30.4127628882459],[-93.1550267010977,30.3969723974091],[-93.1101109368917,30.3877443338862],[-93.1187519573738,30.3272125230263],[-93.1327398842759,30.3160240633],[-93.1501666743751,30.2997862180873],[-93.2896029275361,30.3045578783383],[-93.3163944793007,30.303639541051],[-93.3606720363114,30.3448918500999],[-93.4511395782327,30.3417972521979],[-93.4647744079394,30.3544948908406]],[[-93.6983363818105,30.2459109441977],[-93.7199718320163,30.2737784795607],[-93.8095489548449,30.2801158140205],[-93.8187865132695,30.2492851725837],[-93.6983363818105,30.2459109441977]],[[-91.0393231408167,30.3467428837722],[-91.0423409187243,30.3751437243344],[-91.0632548214327,30.3803506595334],[-91.0692903772479,30.3983911493669],[-91.0900639181931,30.4074555406459],[-91.0962398357714,30.3496556360169],[-91.0393231408167,30.3467428837722]],[[-81.7417599501796,36.366714307839],[-81.7533178641696,36.3618134741747],[-81.7456637616048,36.3425144340014],[-81.7417599501796,36.366714307839],[-81.7213460865893,36.3696122776127],[-81.7367639490657,36.3761159805958],[-81.7417599501796,36.366714307839]],[[-82.0202376882567,36.1421504761467],[-82.0250582376158,36.1591759258476],[-82.0505295111528,36.1456146597353],[-82.0202376882567,36.1421504761467]],[[-82.0651534524627,36.1131275065643],[-82.0736321806106,36.1377155316789],[-82.0960154953585,36.1173636445499],[-82.0651534524627,36.1131275065643]],[[-82.9724518894234,35.7858805889305],[-82.9759828649713,35.8170994875634],[-83.0052921555255,35.8054892192361],[-83.0114022786957,35.7887769159292],[-82.9724518894234,35.7858805889305]],[[-83.1790644047709,35.7421453353569],[-83.182911194735,35.7661656861634],[-83.1911486749235,35.7473109634165],[-83.1790644047709,35.7421453353569]],[[-83.5024579070539,35.552348273016],[-83.4892375833755,35.570822727669],[-83.467209559509,35.5964693749826],[-83.4527961608439,35.6069386362363],[-83.4258730202632,35.6314346704537],[-83.3616311956821,35.6283222720314],[-83.3365239850752,35.6511579715892],[-83.3000825625436,35.6580473243643],[-83.2916082208692,35.6730535787823],[-83.2731067860771,35.6945655793545],[-83.2756596157566,35.7293348409213],[-83.228217339814,35.7382949264309],[-83.2107598452985,35.7501908955601],[-83.2670229808497,35.7601666169127],[-83.3480248767059,35.7244386797325],[-83.3959891232359,35.6808478062058],[-83.5216699236088,35.6712665887638],[-83.5608484005217,35.653968315195],[-83.6012682018335,35.6718135581397],[-83.6324592176678,35.6434481766914],[-83.7048332515642,35.6365575647898],[-83.7133075932386,35.6142418779565],[-83.7349101453421,35.5890967385166],[-83.6044570459207,35.5780400780016],[-83.580613091182,35.5563343343536],[-83.5024579070539,35.552348273016]],[[-83.7090704224014,35.2227895965313],[-83.6985564486879,35.2400697271949],[-83.7129961652959,35.2472666053415],[-83.7210713531502,35.2277486507288],[-83.7090704224014,35.2227895965313]],[[-90.8866095425164,34.0997115950387],[-90.8896843427832,34.1087805568709],[-90.8975621465151,34.1022576855511],[-90.8866095425164,34.0997115950387]],[[-78.7413869012204,32.3413251920338],[-78.7452336911846,32.3663290469447],[-78.7534711713731,32.3467022711657],[-78.7413869012204,32.3413251920338]],[[-77.4567960449295,33.1948728154204],[-77.4459838026939,33.2061717773265],[-77.4047262172767,33.2136400003786],[-77.3859265130642,33.2332818689003],[-77.3647318868295,33.2474775552023],[-77.4074676581316,33.2760948734092],[-77.4597568004778,33.2706582124477],[-77.4827498125888,33.2466466785847],[-77.5061770676132,33.2309575847009],[-77.5146908857528,33.2009326321836],[-77.4567960449295,33.1948728154204]],[[-91.5244133942412,31.7321228746511],[-91.5124124634924,31.7524749247823],[-91.5004817136252,31.7576069936478],[-91.49444615781,31.7823532956696],[-91.5466037113402,31.7881548156447],[-91.5543806306724,31.7652448948199],[-91.5752945333808,31.7601132494526],[-91.581330089196,31.7349935454024],[-91.5244133942412,31.7321228746511]],[[-91.3986492544645,31.7321228746511],[-91.3986492544645,31.7626791077058],[-91.4255987129881,31.7626791077058],[-91.4255987129881,31.7321228746511],[-91.3986492544645,31.7321228746511]],[[-93.7881679102224,31.126578681244],[-93.7904531748979,31.1553773586236],[-93.8982510089922,31.1555387657899],[-93.8669240178683,31.1285386650739],[-93.7881679102224,31.126578681244]],[[-92.5035770539315,31.0496492860524],[-92.5068404644754,31.077635427652],[-92.5251796069333,31.0832215249905],[-92.533789922999,31.0601387133422],[-92.5606209521271,31.0527983025171],[-92.5035770539315,31.0496492860524]],[[-95.243438670496,31.3800030211171],[-95.2395260861238,31.384331830896],[-95.2024354906623,31.3910118869873],[-95.1766440162355,31.3996682921847],[-95.0946376565679,31.4140140026812],[-95.0778293349823,31.4226682863815],[-95.0515509817563,31.4318457468344],[-95.0418967236175,31.4591295339305],[-95.0778293349823,31.4676636745518],[-95.0877401914922,31.4786154930517],[-95.0820248356684,31.511599747617],[-95.1317282520295,31.5289399576563],[-95.1410820479603,31.5667220474278],[-95.1820786485329,31.5748708055237],[-95.1934523378211,31.5289399576563],[-95.2569002412356,31.517528498305],[-95.2840734009261,31.4875106806777],[-95.2922670190742,31.4084848747308],[-95.243438670496,31.3800030211171]],[[-94.6146179716124,30.8416293037394],[-94.6013143085301,30.8742130859747],[-94.6099553290122,30.8918963574164],[-94.6279216346946,30.906179872841],[-94.6192586827432,31.0308695159426],[-94.5833896721005,31.0296517285585],[-94.5819290330081,31.0612133310238],[-94.6462300727361,31.0687409464836],[-94.6789343635486,31.0880147136163],[-94.6999579236037,31.0685831489121],[-94.7087700102654,31.0767281725285],[-94.7766568542147,31.0878287756371],[-94.7976672557475,31.1072451385295],[-94.82589312956,31.114896787714],[-94.8544764861432,31.1317338781591],[-94.9028881359055,31.1300912289881],[-94.9709767495524,31.1393760449396],[-95.0055561863839,31.1533428541511],[-95.0255292260031,31.1623870537585],[-95.3049456334835,31.1718638631931],[-95.3515786360512,31.1460941102357],[-95.3645401676726,31.1225872475644],[-95.382506473355,31.0935156888032],[-95.3669482491154,31.0627594807124],[-95.287762283233,31.0160708384565],[-95.2481013130962,31.0071649639006],[-95.2067845116338,30.9987282396849],[-95.1443191414597,30.9641464156105],[-95.1309781938016,30.9535467374644],[-95.0965785960967,30.9078527300684],[-95.0078173268024,30.8765660246614],[-94.9829272381014,30.8757189732972],[-94.9310920773503,30.8774827139987],[-94.8624178914955,30.8672198118102],[-94.7995994232275,30.8693564382435],[-94.7652787793513,30.8490838657376],[-94.6552132255773,30.8453387687092],[-94.6146179716124,30.8416293037394]],[[-94.2193592465998,30.7490308059298],[-94.2235986102246,30.7762646080805],[-94.2330861886574,30.7835490168293],[-94.2453393313037,30.7953280165827],[-94.2608822042334,30.9939831944544],[-94.2780019528633,31.0070954128761],[-94.2954813788483,31.0306477594398],[-94.3728865047485,31.0266955220525],[-94.4030862152937,30.9977281151165],[-94.4138984575293,30.908737131072],[-94.4510482681378,30.8996744570514],[-94.4751268897781,30.9227961270668],[-94.5082434938312,30.9315687811334],[-94.520042653984,30.9536163275268],[-94.5320128812147,30.9608872713512],[-94.5739415710312,30.9203333177497],[-94.5559752653488,30.8919659923479],[-94.5474965380992,30.8761142645572],[-94.4302111255721,30.868836875396],[-94.4189076171655,30.8476942994169],[-94.3942785142073,30.837989369513],[-94.3700573380163,30.8147116160731],[-94.3007712620107,30.8054384928308],[-94.2706417323471,30.776469995814],[-94.2505480687482,30.7685462256277],[-94.2420693414986,30.7526741099588],[-94.2193592465998,30.7490308059298]],[[-95.2164892119725,30.8030574364611],[-95.2121687017314,30.8070622486114],[-95.1772931891654,30.8264039310854],[-95.1672529375254,30.8515786323316],[-95.224935042018,30.8633718817885],[-95.3130383663336,30.860374756475],[-95.3382596207607,30.837004510549],[-95.3369108318027,30.8077855834841],[-95.2164892119725,30.8030574364611]],[[-94.7673315699127,30.7567507533225],[-94.7673315699127,30.7953412041539],[-94.7942810284363,30.7953412041539],[-94.7942810284363,30.7567507533225],[-94.7673315699127,30.7567507533225]],[[-94.7673315699127,30.7181448286214],[-94.7706739342853,30.7384374883204],[-94.7855128047133,30.7519032413709],[-94.7976233928089,30.7218326643817],[-94.7673315699127,30.7181448286214]],[[-94.9829272381014,30.5171450210453],[-94.9870043084937,30.5291095447374],[-95.0023300586192,30.5521597211131],[-94.9954786501681,30.6100339668976],[-94.9641297275748,30.632442171533],[-94.9478258315808,30.6493302972202],[-94.9331053914465,30.6598503913584],[-94.9249512506619,30.6856458113287],[-94.9478258315808,30.7019834325586],[-94.968075209151,30.7229431350457],[-94.9959874613349,30.713927023683],[-95.0327490847562,30.7069164245592],[-95.0498863783821,30.6984796482018],[-95.0940411186254,30.6873357131609],[-95.1037852954292,30.617993408603],[-95.0763357986859,30.5983682481913],[-95.0921879049741,30.5870334121205],[-95.1217516011116,30.5546508450994],[-95.0924225718757,30.5436962218829],[-95.0702673447684,30.5207214967044],[-94.9829272381014,30.5171450210453]],[[-93.356976573845,30.6486152061929],[-93.3349090726151,30.6799157679161],[-93.3676067841664,30.6935575407877],[-93.3833426538467,30.7214442791155],[-93.4473849015178,30.7296509371449],[-93.4871423704791,30.7064827239567],[-93.5010184472469,30.6989133855513],[-93.5140918290027,30.7220834169649],[-93.5300908772134,30.7296509371449],[-93.5411531385589,30.6906381030777],[-93.5593475318818,30.6756057508512],[-93.5051086761615,30.6680113549007],[-93.4603727510821,30.6524019213354],[-93.356976573845,30.6486152061929]],[[-94.5337695960416,30.4861849658992],[-94.5273151477246,30.5427234672909],[-94.5588066257669,30.5773494214532],[-94.574193783827,30.6070327269281],[-94.5938312721448,30.6056736439089],[-94.6203399066972,30.5545261958483],[-94.6486907891663,30.5436320013356],[-94.6996245641917,30.4984462055478],[-94.6245441803304,30.4899818063336],[-94.5337695960416,30.4861849658992]]]}},{"id":"1","type":"Feature","properties":{"category":1,"label":"0.10 to 0.25 inches"},"geometry":{"type":"Polygon","coordinates":[[[-81.7417599501796,36.366714307839],[-81.7456637616048,36.3425144340014],[-81.7533178641696,36.3618134741747],[-81.7417599501796,36.366714307839]]]}},{"id":"2","type":"Feature","properties":{"category":1,"label":"0.10 to 0.25 inches"},"geometry":{"type":"Polygon","coordinates":[[[-82.9724518894234,35.7858805889305],[-83.0114022786957,35.7887769159292],[-83.0052921555255,35.8054892192361],[-82.9759828649713,35.8170994875634],[-82.9724518894234,35.7858805889305]]]}},{"id":"3","type":"Feature","properties":{"category":1,"label":"0.10 to 0.25 inches"},"geometry":{"type":"Polygon","coordinates":[[[-83.7090704224014,35.2227895965313],[-83.7210713531502,35.2277486507288],[-83.7129961652959,35.2472666053415],[-83.6985564486879,35.2400697271949],[-83.7090704224014,35.2227895965313]]]}},{"id":"4","type":"Feature","properties":{"category":1,"label":"0.10 to 0.25 inches"},"geometry":{"type":"Polygon","coordinates":[[[-82.0202376882567,36.1421504761467],[-82.0505295111528,36.1456146597353],[-82.0250582376158,36.1591759258476],[-82.0202376882567,36.1421504761467]]]}},{"id":"5","type":"Feature","properties":{"category":2,"label":"0.25 to 0.50 inches"},"geometry":{"type":"Polygon","coordinates":[[[-92.2879813857428,28.4845166166162],[-92.296964538584,28.4845166166162],[-92.296964538584,28.4924120278915],[-92.3059476914252,28.4924120278915],[-92.3778129141548,28.4924120278915],[-92.3778129141548,28.5003068486645],[-92.386796066996,28.5003068486645],[-92.386796066996,28.5082010788293],[-92.3957792198372,28.5082010788293],[-92.3957792198372,28.5160947182805],[-92.4047623726783,28.5160947182805],[-92.4047623726783,28.5239877669123],[-92.4856107482491,28.5239877669123],[-92.4856107482491,28.5318802246193],[-92.4945939010903,28.5318802246193],[-92.4945939010903,28.5476633668365],[-92.6113748880258,28.5476633668365],[-92.6113748880258,28.5634441440887],[-92.620358040867,28.5634441440887],[-92.620358040867,28.5713336455896],[-92.6293411937082,28.5713336455896],[-92.6293411937082,28.5792225555333],[-92.7910379448497,28.5792225555333],[-92.7910379448497,28.5949986003287],[-92.8000210976909,28.5949986003287],[-92.8030388755985,28.6002362167015],[-92.9317506124013,28.6055351864316],[-92.9437515431501,28.6107722776339],[-92.9476641275223,28.6231092160052],[-93.0050238392358,28.630266594663],[-93.0247973028433,28.6527519856448],[-93.083569404237,28.661512322168],[-93.0964651414504,28.6659614920962],[-93.0964651414504,28.6738432951645],[-93.1054482942916,28.6738432951645],[-93.1054482942916,28.6817245053122],[-93.1413809056564,28.6817245053122],[-93.1468857188354,28.7005381117339],[-93.186007173389,28.7093425408523],[-93.1989467735411,28.7257817764704],[-93.2401955869095,28.7289993090194],[-93.2460907809616,28.7491369306513],[-93.4111233172145,28.7558454046488],[-93.4198586437334,28.7447528288263],[-93.4288417965746,28.7447528288263],[-93.4288417965746,28.7289993090194],[-93.4970883178788,28.7251721070494],[-93.5140106823864,28.7091540332633],[-93.5959337026501,28.7015076549881],[-93.6128253636396,28.6855148173087],[-93.8048051656285,28.6770047018333],[-93.8374041846694,28.6618702636772],[-93.8826620812345,28.6542877916412],[-93.891559700986,28.6377449364717],[-93.9002862545578,28.6858149584927],[-93.9096115397581,28.7091540332633],[-93.9182525602402,28.8048143856175],[-93.9002862545578,28.8193997157452],[-93.8916452340757,28.8590445767943],[-93.8733367960342,28.8666121913881],[-93.8646957755521,28.9817236148246],[-93.8916452340757,29.0159768356661],[-93.9002862545578,29.0491239517569],[-93.8719265991416,29.095965442347],[-93.836691410119,29.1104944932355],[-93.8377594755508,29.134027507763],[-93.8182535769474,29.1587827995002],[-93.7612184516988,29.1568081880788],[-93.7308454821864,29.1578596589324],[-93.676049565887,29.1967967161692],[-93.6427333849238,29.2060051009196],[-93.6196219434173,29.1953301903301],[-93.5546059363513,29.1975797480943],[-93.4447531180097,29.1937794024857],[-93.4329517641709,29.1719452660066],[-93.4151960011333,29.1575800340932],[-93.4048925709628,29.1385120214522],[-93.3163813198801,29.1261959013013],[-93.2987571465568,29.1180494778493],[-93.2534992499918,29.1105002414248],[-93.2179087709861,29.1023525749861],[-93.153666946405,29.09341086203],[-93.15503985962,29.0631151818136],[-93.1367182630562,29.0398401509159],[-93.1280772425741,29.0229768528533],[-93.1557504413828,29.0005540291127],[-93.1530353184708,28.9406132184428],[-93.2003021417603,28.9138992194316],[-93.1995213800143,28.8966524909464],[-93.1613692983821,28.8826444959089],[-93.1099047798222,28.8984381586734],[-93.0921446312093,28.8902103918446],[-93.0689323044049,28.8826444959089],[-93.0562120198446,28.9062390539576],[-93.0439215926224,28.9265689278724],[-93.0023131027974,28.9138032303425],[-92.9651918020211,28.9060624214273],[-92.9477650119219,28.889597844048],[-92.9078189317853,28.8909842331385],[-92.8606617658425,28.8893462951403],[-92.8479897297961,28.8542886057467],[-92.7583029496209,28.8355776269767],[-92.6888414227589,28.9012279633327],[-92.6789196005144,28.9376901204449],[-92.6649316736122,28.9490327376622],[-92.6519701419908,28.9612721585265],[-92.6156953982669,28.9688323191626],[-92.5688408873198,28.9905215435145],[-92.4569901070901,29.0061050473619],[-92.4272202547813,28.9923286139613],[-92.4094250152785,29.0005636199085],[-92.3728958659712,29.010677603544],[-92.3752776294711,29.0632493715243],[-92.3721414212697,29.1324547204494],[-92.306982859653,29.1460113152379],[-92.2603564363464,29.1740287376027],[-92.229590892275,29.1729640275248],[-92.1397681368102,29.1760719544703],[-92.0823996521495,29.1585146681848],[-92.0500989016307,29.188954578864],[-92.0161094234806,29.1964980515133],[-91.9581619467716,29.157698778938],[-91.9310326491214,29.1832659736457],[-91.8973019630282,29.1729429633749],[-91.8080625860852,29.1819696704616],[-91.7985706220772,29.2563953381323],[-91.831621430824,29.2982920634152],[-91.8450303656778,29.3352160268593],[-91.8429951201122,29.380008221906],[-91.7982284897181,29.3923568735081],[-91.7879294460212,29.4113718587867],[-91.7533127255121,29.439307039308],[-91.7446717050301,29.5178068011881],[-91.7282976281545,29.5447281540896],[-91.6816361139579,29.563886265085],[-91.6728064823005,29.588136800898],[-91.6304874107127,29.5969036307943],[-91.6099244124121,29.6428040498864],[-91.5855146241474,29.6944448816687],[-91.5714477434166,29.7457316674257],[-91.5295497571182,29.7628963216869],[-91.5200928840002,29.8144221158297],[-91.4632332105064,29.8377028925],[-91.4467143853941,29.8978451354121],[-91.4482802962581,29.932157290664],[-91.466193966953,29.9465382648538],[-91.4748349874351,29.9701833863011],[-91.5021265783178,30.0010101170999],[-91.5130528643737,30.0210590699009],[-91.5097236585234,30.0937687116735],[-91.5337386785432,30.1330264729929],[-91.5467002101647,30.1567750281191],[-91.584611045634,30.2187063811876],[-91.5181146598956,30.2263604974461],[-91.4761157891975,30.2071568039825],[-91.4645710337298,30.1029618110709],[-91.3939866118643,30.0946169036584],[-91.3810250802429,30.08251382909],[-91.3670371533407,30.071297522428],[-91.3501454923513,30.055518525047],[-91.2682224720876,30.0479726445196],[-91.2552609404662,30.0358638646196],[-91.2362419215602,30.0206052264225],[-91.2571996872073,30.0037906630375],[-91.2682224720876,29.9563017750703],[-91.2287939760648,29.9117444087107],[-91.2143235550404,29.9001209388871],[-91.2038139686988,29.8618626619015],[-91.14168195614,29.8532787283682],[-91.1248341589876,29.8375050395841],[-91.1083284923976,29.8242366248155],[-91.097884700464,29.7673493217212],[-91.0753785689488,29.7389563887445],[-91.097884700464,29.7208486500093],[-91.1065257209461,29.6728820223684],[-91.0838967735619,29.6546632625173],[-91.0709352419404,29.642506693429],[-91.0531312294905,29.6281677572231],[-91.0439857834168,29.6104214022601],[-91.066614730801,29.5921913403031],[-91.0876251323339,29.5724720858244],[-91.1158510061464,29.5646989067982],[-91.1288125377678,29.5525314879542],[-91.14280046467,29.5412555726739],[-91.1514414851521,29.5253259604255],[-91.2555021875273,29.5178068011881],[-91.2684988091404,29.541768835175],[-91.2772056249288,29.4723860743349],[-91.2246752355214,29.461492686658],[-91.2146656873995,29.4158346679343],[-91.2053404021992,29.408307385406],[-91.1923788705778,29.3961211757214],[-91.1783909436757,29.3848278527123],[-91.1697499231936,29.3688736587192],[-91.1244920266285,29.3613429005195],[-91.1158510061464,29.3254456429086],[-91.14280046467,29.3143567484235],[-91.1514414851521,29.2983915191417],[-91.1836369647977,29.2908555539244],[-91.196357249358,29.3143567484235],[-91.2326319930819,29.3218909788353],[-91.2455935247034,29.3340860754168],[-91.2595814516055,29.3453850262621],[-91.2639019618466,29.3572791174315],[-91.232206521319,29.3457539899829],[-91.2147490268034,29.3374835391987],[-91.1859704788854,29.3297363137629],[-91.1691007493653,29.3132743740699],[-91.151866956915,29.3300919498855],[-91.1339532871184,29.3440448952099],[-91.1800226498459,29.3533891261648],[-91.1962739099542,29.3692425373688],[-91.2147490268034,29.3766312868088],[-91.2232233684778,29.3848985592866],[-91.2564057660407,29.3922861721174],[-91.2639019618466,29.3572791174315],[-91.2685646044467,29.3535133792546],[-91.278337291981,29.3000229637245],[-91.3227574035425,29.290794345835],[-91.3060675131489,29.2773066310772],[-91.2685646044467,29.2356998539221],[-91.2583445136801,29.2274358001855],[-91.2416151459231,29.1964980515133],[-91.1390545600038,29.188954578864],[-91.1158510061464,29.2203195291378],[-91.0616099567401,29.2278606935526],[-91.0405995552073,29.2476469122734],[-90.9802659285248,29.2643126692951],[-90.9822529255765,29.3080363614346],[-91.0907788855311,29.3042860170599],[-91.1065257209461,29.3432993074697],[-91.0705931095813,29.3532151722111],[-91.0439857834168,29.3613429005195],[-91.0166941925341,29.3688736587192],[-91.0063600579473,29.3785940131223],[-91.0080663305743,29.4161231395216],[-90.9987278868518,29.4236593944197],[-90.9900868663697,29.4829842836691],[-91.0170363248933,29.4940548011185],[-91.0256773453753,29.5133866484793],[-90.9688790807144,29.542440461268],[-90.9298102611482,29.5791193487843],[-90.8460142885514,29.5878392831239],[-90.806441044292,29.599901380419],[-90.7655080453398,29.6271878615683],[-90.7382164544571,29.6346988788795],[-90.6873353153175,29.6651280181552],[-90.6663512317275,29.6737318963837],[-90.6425028914137,29.6960928197877],[-90.5654355105008,29.7337689359741],[-90.5405870919508,29.7439531531545],[-90.5319460714687,29.7676463087686],[-90.5136376334272,29.7751468307303],[-90.5029438214854,29.7851650539978],[-90.4864776322589,29.8154401445468],[-90.4569797305294,29.8391506268406],[-90.4419390904037,29.9481212427616],[-90.4148229521741,29.9698870015622],[-90.4042300255302,29.9988695762578],[-90.3479142540932,30.0218831994394],[-90.3337113989711,30.073495335126],[-90.2840540383364,30.1133056330894],[-90.2492180031339,30.1458212854607],[-90.2345194953673,30.1991637942232],[-90.2171935896678,30.2418829377927],[-90.2080042806554,30.3246796133526],[-90.181260978303,30.3582230541777],[-90.1600400341254,30.3970121231007],[-90.1183789084146,30.4202146278358],[-90.1097378879325,30.4747198389263],[-90.1003775127406,30.5210445637151],[-90.1154137663928,30.5704629857989],[-90.1001099477366,30.6460906478147],[-90.1017591989027,30.6818981223326],[-90.091429449891,30.6986889735796],[-90.0827884294089,30.7461582848154],[-90.1016495406576,30.7611758738538],[-90.1189315834184,30.7926377389187],[-90.1366873464561,30.8067683917818],[-90.1453283669382,30.8302062633066],[-90.1803354683203,30.8496167149736],[-90.1974245125338,30.8959407469572],[-90.2753691540173,30.9780882040109],[-90.2893526953442,31.0159580637736],[-90.3073672504388,31.030260623812],[-90.3160082709209,31.0459477436179],[-90.3396636144842,31.0555132120707],[-90.3877813812996,31.1287076276462],[-90.402550070846,31.1817731514199],[-90.4235955623705,31.1984539149041],[-90.4432286642148,31.2340307153303],[-90.45973871638,31.3226124745514],[-90.4870303072627,31.3530108641518],[-90.4956713277448,31.4069874244851],[-90.5155851531154,31.4316829403308],[-90.5399379190208,31.4757051085974],[-90.5588955299923,31.4833343862383],[-90.5675365504744,31.5066055442832],[-90.5858449885159,31.5292876632877],[-90.594486008998,31.5602021549897],[-90.6832165747741,31.6496282111596],[-90.7159252520601,31.6969774626097],[-90.7109292509463,31.8041052548585],[-90.6537976268732,31.8615446427195],[-90.6148779420173,32.0002114006729],[-90.6346207012083,32.0318464665991],[-90.6213565145912,32.0639259662648],[-90.6397439055631,32.0865702152979],[-90.6483849260451,32.1020806579145],[-90.6665047529113,32.1163012031688],[-90.6753343845687,32.1491123902596],[-90.6483849260451,32.1702522362527],[-90.6394500226162,32.2098637016012],[-90.6181106481448,32.2439767591535],[-90.6224969536922,32.3375302864178],[-90.6212512428197,32.364091283352],[-90.622939970451,32.4001092072181],[-90.6397439055631,32.4132537353543],[-90.6483849260451,32.4295340767481],[-90.6196809454823,32.4519799839947],[-90.6218960301745,32.4991449874421],[-90.6397439055631,32.542082999909],[-90.6483849260451,32.6483271889935],[-90.6845763294669,32.752362909154],[-90.6933006902511,32.912667558254],[-90.7116091282926,32.9651542467612],[-90.7202501487747,33.1898770971405],[-90.6520124004175,33.2007784802821],[-90.6395421349671,33.244572204103],[-90.6037762033083,33.2722846625799],[-90.5864108211437,33.3482978900383],[-90.5675365504744,33.3712063343232],[-90.5588955299923,33.5288918181706],[-90.549570244792,33.5660407426144],[-90.5408283390119,33.6193362571877],[-90.5226207862684,33.6333812902655],[-90.5139797657863,33.6486235226626],[-90.4956713277448,33.6707699762096],[-90.4870303072627,33.7532523473864],[-90.4453604086049,33.7958106972181],[-90.430604878479,33.8345350814665],[-90.3723415873538,33.8939850890538],[-90.3472782405839,33.9132580682679],[-90.3343167089624,33.9248656231972],[-90.2980419652385,33.93203538232],[-90.2894009447564,33.9472245441141],[-90.2621093538737,33.9543924206396],[-90.2213825110927,33.9908446443841],[-90.1935382461045,34.0397510227075],[-90.1729620892817,34.1112936892221],[-90.1536009389149,34.1415852239873],[-90.112514418779,34.1576298005085],[-90.0648221237266,34.2002148120324],[-90.0508341968244,34.2109343341321],[-90.0335521540636,34.2263564454893],[-90.0195642271615,34.2370726414194],[-90.0109232066794,34.2522071724358],[-89.9826973328669,34.2595939665113],[-89.9660074424734,34.2744797854475],[-89.9387158515907,34.2816199826889],[-89.8968529561823,34.2937424317808],[-89.8851590669026,34.3041674264123],[-89.8480377661264,34.3114717608752],[-89.8312601498555,34.3264262725155],[-89.812951711814,34.3335620546746],[-89.7773612328083,34.3560955510812],[-89.7531883051312,34.3655116859565],[-89.6807747938713,34.4300039240825],[-89.6041109541503,34.4375686134701],[-89.554650977638,34.4815865029327],[-89.5254908208957,34.4891953267507],[-89.4577224072402,34.5551093896258],[-89.4217152285203,34.5644976886077],[-89.3510211493082,34.5621895440536],[-89.2832878265426,34.6300381284494],[-89.2559962356599,34.6371479885644],[-89.2293889094954,34.6522102180682],[-89.2110804714539,34.6593181773249],[-89.1754899924482,34.6817637811137],[-89.0748988576864,34.6889719953874],[-89.0289523117262,34.7297351883604],[-88.9650526186059,34.7964885720357],[-88.9341379407227,34.8200096446775],[-88.8514122263453,34.8361852632099],[-88.7864247300098,34.8937327969484],[-88.7349733708706,34.9101654957365],[-88.6642792916584,34.9354610339673],[-88.6275176691353,34.9248974489801],[-88.5776848567458,34.9170966050977],[-88.5340937563426,34.9185136875876],[-88.5017535293586,34.9325429237143],[-88.4654787856347,34.939626757778],[-88.442911246185,34.9494154669359],[-88.3486977986992,34.9617157615485],[-88.3134494511543,34.97699913259],[-88.2705952504568,34.9935696690078],[-88.1961552665784,34.9911531163715],[-88.1852026625797,34.9915088664948],[-88.151410568552,35.0061561468177],[-88.079940113169,35.0154806770978],[-88.016663275934,35.0576460297729],[-87.9625055668299,35.0785652954546],[-87.8995401566394,35.0867742919467],[-87.8819159833161,35.0944046519786],[-87.8319033326983,35.1041515234639],[-87.6741893459122,35.18311522003],[-87.6118467916071,35.1810950519368],[-87.5233399278963,35.2193639457812],[-87.4597077997799,35.2632808600437],[-87.4225294775427,35.285543688284],[-87.3486772586598,35.2831536909533],[-87.2420154771929,35.3364490865489],[-87.0191911782023,35.3509717565643],[-86.9925838520378,35.3585773173028],[-86.9383428026315,35.3656241627568],[-86.9207186293082,35.3732283433879],[-86.8754607327432,35.3802739098888],[-86.8578365594199,35.3878767101659],[-86.7611273046139,35.397311267608],[-86.6690192835752,35.3943345931295],[-86.620682201168,35.3958971371841],[-86.588341974184,35.409844273094],[-86.5071514662541,35.4168866412139],[-86.422776501609,35.4532630023633],[-86.3428974998579,35.4610482699385],[-86.2880160504688,35.4846995715053],[-86.2606279607616,35.5087634577656],[-86.2323582249088,35.5300840667112],[-86.1557426337017,35.5449341006219],[-86.1301792478137,35.5339248869414],[-86.1081117465837,35.534636989039],[-86.0583359565535,35.5488330952763],[-85.8368012313741,35.5558632966355],[-85.68566670246,35.5398303248156],[-85.6540940786997,35.5488330952763],[-85.5729035707699,35.5558632966355],[-85.5462962446054,35.5634495135733],[-85.426874702113,35.57047843304],[-85.3756163406226,35.5558632966355],[-85.3342622554827,35.5478498883626],[-85.223929137603,35.5514079334689],[-85.1959532837987,35.5634495135733],[-85.0317256344471,35.57047843304],[-84.9874283387547,35.524645564494],[-84.9710323304098,35.5122803913936],[-84.9623913099277,35.497376103931],[-84.9459953015827,35.4850067312424],[-84.9084923928805,35.4461648533916],[-84.8705245359501,35.4387962671233],[-84.8456103229921,35.4168866412139],[-84.8183187321094,35.409844273094],[-84.8096777116274,35.3949209974853],[-84.7956897847252,35.3843543357804],[-84.7745214755351,35.3657243167227],[-84.7195040508563,35.3585773173028],[-84.7065425192348,35.3471687083344],[-84.6925545923327,35.3365957930144],[-84.6839135718506,35.3216589689018],[-84.6745882866503,35.3146082879625],[-84.6630347591339,35.2455865550431],[-84.6476388281267,35.2339362934388],[-84.638910080869,35.174329722896],[-84.6206893696032,35.1605284270997],[-84.6118948279373,35.1228632538937],[-84.5935556863777,35.108963521307],[-84.6119036008844,35.0950560344849],[-84.6206893696032,35.0560266898154],[-84.5937399110796,35.035582909217],[-84.5845462155936,35.0196297598999],[-84.566790452556,35.0061561468177],[-84.5573686694295,34.9817790937955],[-84.5266250568275,34.9341593142869],[-84.511075605535,34.8806234920073],[-84.4735814697798,34.840507225426],[-84.4343284255118,34.8293733478393],[-84.3874695280912,34.8588635830346],[-84.3601779372085,34.8659537743287],[-84.3156043053616,34.8809743238709],[-84.2883127144789,34.8880626086279],[-84.2700393673274,34.8959939273469],[-84.2117409862105,34.8940979634418],[-84.1423584122788,34.863981538882],[-84.0599528987912,34.8666609606918],[-83.9875481604784,34.8874815363326],[-83.9114282219159,34.8655920818561],[-83.8937031632946,34.8812873729513],[-83.7998976416776,34.8782377942941],[-83.7569776465721,34.8968681420436],[-83.7254795901669,34.9515851837619],[-83.6796163836106,34.9634861480928],[-83.6688173007956,35.0649990789167],[-83.650802745701,35.0928578213013],[-83.6404993146322,35.1370081192602],[-83.6239015365896,35.0941247167946],[-83.5876267928657,35.0870542523628],[-83.5758232462394,35.0464949158799],[-83.5337278758185,35.035582909217],[-83.5250868553364,35.0145718018893],[-83.576551372998,34.9627618220249],[-83.596952078066,34.9472708597344],[-83.6325425570717,34.9101654957365],[-83.6507939727539,34.8962961259992],[-83.6594920155953,34.8069678205951],[-83.6929726825786,34.798264320934],[-83.7044077798012,34.7746631828105],[-83.6594920155953,34.7629816973232],[-83.6508509951132,34.6918067773317],[-83.6819981471105,34.6545844161133],[-83.6594920155953,34.6374294836543],[-83.6508509951132,34.6001845019927],[-83.6325425570717,34.5782802053935],[-83.6239015365896,34.5284612947727],[-83.6598341479544,34.5190888069582],[-83.6774583212776,34.5100568285802],[-83.6594920155953,34.4820728085391],[-83.641867842272,34.4447582315843],[-83.6129401596438,34.4376319208268],[-83.5879689252248,34.4598553215723],[-83.5516941815009,34.4669797363402],[-83.5348683158178,34.4819498762042],[-83.4878339657441,34.4891953267507],[-83.4629811607206,34.467080992867],[-83.4079637360418,34.4598553215723],[-83.3963751185337,34.4197338797647],[-83.3810142775182,34.4079915236817],[-83.3723732570361,34.3915349764872],[-83.3958180570563,34.3549675717187],[-83.372031124677,34.3264262725155],[-83.3633901041949,34.2964638531737],[-83.3540648189946,34.2893249170643],[-83.3348528033381,34.2721926190318],[-83.2552501377415,34.2596320320956],[-83.228642811577,34.2444988364304],[-83.163782517584,34.237355487483],[-83.1351794223191,34.2628711393627],[-83.0945929413013,34.2397850192403],[-83.0849123661179,34.1479072229226],[-83.069498890115,34.1360850806366],[-83.0040639905471,34.0735307307548],[-82.9677892468232,34.0663729047914],[-82.9591482263411,34.0512050345937],[-82.945160299439,34.040465240303],[-82.9321987678176,34.028873457772],[-82.9030386110753,34.0212228873435],[-82.8782998507704,33.9990888775038],[-82.8643119238682,33.9883424866563],[-82.8511793260673,33.9765908151812],[-82.8287214439643,33.996686968326],[-82.8064346280408,33.9767435863202],[-82.7601985856073,33.9695775929885],[-82.7352975320699,33.9918629429233],[-82.6509532709428,33.9990888775038],[-82.6088052655345,33.9530353004627],[-82.6349344849486,33.9120622800862],[-82.6059585529082,33.8771076443907],[-82.5830225640548,33.8594619575124],[-82.5728726541697,33.7977699315355],[-82.5635473689695,33.7905888894304],[-82.5547528273036,33.7523004905315],[-82.5365979104459,33.7383131755982],[-82.5279568899638,33.7230868403713],[-82.5115608816188,33.7104502878128],[-82.4740579729166,33.6707699762096],[-82.4561969381074,33.6569957421907],[-82.447108514393,33.6388427314195],[-82.4879450145207,33.6261864874894],[-82.5006652990811,33.6486235226626],[-82.5238776258855,33.6558164509205],[-82.5365979104459,33.6333812902655],[-82.5998221126933,33.6261864874894],[-82.6090158081792,33.6099631057796],[-82.6267715712169,33.5962613487846],[-82.635412591699,33.5801949509683],[-82.6086649037714,33.5595457688093],[-82.5996203420974,33.5279009129547],[-82.5815136746518,33.5139136759187],[-82.5728726541697,33.4761715977731],[-82.5635473689695,33.4689636906714],[-82.5459231956462,33.446194473901],[-82.5365979104459,33.4389840741929],[-82.5272857846661,33.4305980273066],[-82.5283823608284,33.407564260913],[-82.5459231956462,33.393995221566],[-82.5545642161283,33.3778912540683],[-82.5365979104459,33.3639897079765],[-82.5196799315135,33.3487375775281],[-82.3879635762238,33.3411984558709],[-82.3752432916635,33.3186761364452],[-82.2850696308924,33.3114551556177],[-82.2764286104103,33.2961534958621],[-82.2624406835082,33.2853190026764],[-82.2323462438361,33.2581626952221],[-82.2225296933631,33.2014776642689],[-82.2532382150752,33.164130500328],[-82.2764286104103,33.1461404756777],[-82.2850696308924,33.0246085956932],[-82.2583526464829,33.0038495604039],[-82.2494791518867,32.9756879543303],[-82.2764286104103,32.9428278361729],[-82.2851310397252,32.8589725299463],[-82.3106505626745,32.8391106683598],[-82.2401538666864,32.8296738060221],[-82.223270978644,32.8143618788546],[-82.1362335269726,32.8056081239481],[-82.12371501211,32.7614243675029],[-82.1143897269097,32.746602418122],[-82.1057487064276,32.7160875564295],[-82.0041969707931,32.6156986859439],[-82.0072235207495,32.5514042674528],[-82.0997350820818,32.5420719073191],[-82.1758769521137,32.4727698963341],[-82.1862549496392,32.4360017064724],[-82.2332147323579,32.3812195069665],[-82.2305522453317,32.3244636989101],[-82.2042212553216,32.2921236178043],[-82.1955802348395,32.2386622201532],[-82.1862549496392,32.2313530624475],[-82.1766006923988,32.2225404781745],[-82.1776665641446,32.199792642701],[-82.1957644595414,32.1856036783892],[-82.1862549496392,32.1781454657658],[-82.1776139291572,32.1542149202557],[-82.1955802348395,32.1401209924155],[-82.2042212553216,31.9910323615449],[-82.1772717967981,31.9802451191178],[-82.1599546649439,31.9643902779631],[-82.1365054775519,31.965179177601],[-82.12371501211,32.0107192024766],[-82.0031925069818,32.0215939741262],[-81.9669484676743,32.0004457469446],[-81.9273576775207,32.018207833457],[-81.8529001486465,32.0256623831256],[-81.8276130998113,32.0025213601844],[-81.808962530309,31.987864589259],[-81.800321509827,31.9799549114694],[-81.7891671352322,31.9711887343056],[-81.7237936444972,31.9733859386213],[-81.6435549653913,32.0093969593576],[-81.6113331678028,32.0180460537547],[-81.5847258416383,32.0259524461289],[-81.5170539259089,32.0419435103788],[-81.4529305316216,32.1005906697451],[-81.4409953961791,32.1325141940827],[-81.4226869581376,32.1398312915153],[-81.4005624354467,32.149743723077],[-81.387096479132,32.185748456206],[-81.3508217354081,32.1930612800338],[-81.342180714926,32.2085536176111],[-81.3307982526908,32.2267502171835],[-81.3044453321097,32.2474046111107],[-81.260683165527,32.2459374027778],[-81.2433660336728,32.2617434260281],[-81.1981081371078,32.2690501381031],[-81.1894671166257,32.2845295237479],[-81.1336777013513,32.2920420439066],[-81.1086187410549,32.3149020833008],[-81.072343997331,32.3222045125503],[-81.063702976849,32.3376748221082],[-81.0497150499468,32.3486254908768],[-81.0367535183254,32.3604418320696],[-81.0189977552877,32.3743367479192],[-81.0098040598018,32.3907889300931],[-80.874012826009,32.3981222707291],[-80.8570904615015,32.4135425643827],[-80.6950515780008,32.4208370298303],[-80.6864105575188,32.4362904626668],[-80.6492892567425,32.4437533665797],[-80.6325116404716,32.4590326228066],[-80.5721692408421,32.4687529228069],[-80.560646417742,32.4893465733018],[-80.541359833832,32.4966349039736],[-80.5202266155319,32.47739354199],[-80.4735124663479,32.4912057085783],[-80.4618317364889,32.5120753361439],[-80.3978530904382,32.5194487420738],[-80.3809833609181,32.5347983537422],[-80.3626749228766,32.542082999909],[-80.3437743342644,32.5505132241231],[-80.2913097392651,32.5487606902327],[-80.282168679665,32.565086769829],[-80.1919950188939,32.5723689581494],[-80.1833539984118,32.5877963736181],[-80.1601416716073,32.5950767177632],[-80.147421387047,32.5723689581494],[-80.1011853446135,32.565086769829],[-80.0763281540148,32.5876965880895],[-80.0196790231657,32.5950767177632],[-79.9947077887467,32.5723689581494],[-79.9314835864992,32.565086769829],[-79.9228425660172,32.5496554476724],[-79.9046876491594,32.5354750744765],[-79.8958931074936,32.4966349039736],[-79.8819051805914,32.4857021865455],[-79.86894364897,32.4739022392432],[-79.8596183637697,32.466612067341],[-79.8419941904464,32.4435830884801],[-79.8326689052461,32.4362904626668],[-79.8197073736247,32.4244840421485],[-79.8057194467225,32.4135425643827],[-79.7970784262404,32.3980852344888],[-79.7787699881989,32.3907889300931],[-79.7691552074236,32.373586577432],[-79.7715589032912,32.3223694597522],[-79.7069047654694,32.3149020833008],[-79.69427659326,32.2922830573452],[-79.6073575718824,32.2844646302331],[-79.5904659108929,32.2690501381031],[-79.5549631568663,32.2496619519461],[-79.5018055259984,32.201130689917],[-79.475461377466,32.1906095082102],[-79.4018197012278,32.1170089210269],[-79.3385954989804,32.0868600852665],[-79.3256339673589,32.0750081329678],[-79.2838719572485,32.0422130719494],[-79.2940218671335,32.0259524461289],[-79.3026628876156,32.0104290912458],[-79.3119881728159,32.0031016310206],[-79.3163086830569,31.9839098356002],[-79.333985492266,31.9800628094483],[-79.3525307908951,31.9572749880005],[-79.3878844093131,31.9495785418601],[-79.4110748046482,31.9210722573888],[-79.4151233643101,31.9076833888617],[-79.4271242950589,31.9026192378784],[-79.4570213506085,31.8974952250611],[-79.4600391285161,31.892430513523],[-79.4660045034497,31.8898682592123],[-79.4780054341984,31.869546462371],[-79.4869885870396,31.869546462371],[-79.4869885870396,31.8619171821469],[-79.4959717398808,31.8619171821469],[-79.4959717398808,31.8466567274362],[-79.5372205532493,31.8435398719122],[-79.5588538097692,31.8161282432928],[-79.5678369626104,31.8161282432928],[-79.5678369626104,31.8008602151919],[-79.6037695739752,31.8008602151919],[-79.6037695739752,31.7932252549258],[-79.6127527268164,31.7932252549258],[-79.6127527268164,31.7855896639607],[-79.6217358796576,31.7855896639607],[-79.6217358796576,31.7703165902671],[-79.63970218534,31.7703165902671],[-79.63970218534,31.7550409947799],[-79.6486853381812,31.7550409947799],[-79.6530891887244,31.7589365859845],[-79.6712309461615,31.7664214788465],[-79.6801263731253,31.7742917100381],[-79.6890218000891,31.7664214788465],[-79.7619397360423,31.7589365859845],[-79.7968196341835,31.7742115384655],[-79.8243963341677,31.7855859353476],[-79.8507185512307,31.7740586525045],[-79.9060254723828,31.7665743774287],[-79.9705699510612,31.7853566341333],[-80.003432149531,31.7664214788465],[-80.0754728240153,31.7589365859845],[-80.0842805251017,31.735866480994],[-80.0938075791014,31.7201337379429],[-80.1293717410625,31.7054544015044],[-80.1381794421489,31.6823709802683],[-80.1487635958457,31.6648782462519],[-80.1831039784036,31.6748830302539],[-80.2300418296529,31.6740673817318],[-80.281909887608,31.6441410221754],[-80.3228648180296,31.6356416795092],[-80.3853038711592,31.6367265464946],[-80.3997655192365,31.6364744699714],[-80.4256403330672,31.6135457321096],[-80.4532784409859,31.6059065443344],[-80.4881802705964,31.5749660977079],[-80.5225864484607,31.5755640058779],[-80.6152032806662,31.6096963318377],[-80.659320737232,31.6290500468879],[-80.6687030438933,31.6207323461977],[-80.713728465446,31.6215148466706],[-80.7310675296678,31.651941359952],[-80.7581924399461,31.6594348931846],[-80.7890062334297,31.6867287185062],[-80.8297374626842,31.7200236701988],[-80.8407821790339,31.7393861154698],[-80.9019228854053,31.7893311082689],[-80.9192794946229,31.8046811866297],[-80.9873549497475,31.8159754266523],[-81.0414293194478,31.8317011933447],[-81.0635319106694,31.8121549223503],[-81.0947887209118,31.8397987602258],[-81.1784048552802,31.8513625518403],[-81.240615819871,31.8502839222224],[-81.3688713813927,31.7587836747827],[-81.406238313907,31.7379499264454],[-81.440912055877,31.7283791178082],[-81.4816038086663,31.704917035483],[-81.5219227246802,31.7056167299484],[-81.5603072804265,31.6887927406542],[-81.618417050368,31.6373109875565],[-81.6385414183833,31.6289977604024],[-81.6473491194697,31.6135457321096],[-81.6565077240657,31.598397490231],[-81.6707939203882,31.5608992012755],[-81.6832817308345,31.5063830335802],[-81.7014234882716,31.4835569525552],[-81.7196880624761,31.4597974024434],[-81.7687094087032,31.4606523415474],[-81.7922726399155,31.4602407745081],[-81.844978481976,31.4297629316182],[-81.8800601498148,31.4101339142373],[-81.919778142311,31.3402424140707],[-81.9439686149839,31.3302167394417],[-81.962470049776,31.3061129107862],[-81.9797257745939,31.2456191683529],[-82.0160180624153,31.207171169035],[-82.014956577143,31.1627173509591],[-82.0697327547606,31.1535662017851],[-82.0861989439871,31.1101387550503],[-82.1236316718078,31.0997374731669],[-82.1465413436166,31.0896317968767],[-82.168371984259,31.0611156391488],[-82.1954968945374,31.0304842609707],[-82.2043045956238,31.0072345156442],[-82.2235429292232,30.9992339383788],[-82.2217357721965,30.9233887722331],[-82.2314295059022,30.9072430536432],[-82.2402372069886,30.8916723962646],[-82.2493958115845,30.8764079090985],[-82.2658620008111,30.8328540589752],[-82.3032947286317,30.8224225260377],[-82.3326040191859,30.8138075118119],[-82.3949685049603,30.8148999695742],[-82.4468497223361,30.8378500211636],[-82.5736972788545,30.8530528677302],[-82.643531642492,30.8839331720874],[-82.6832277035188,30.8916723962646],[-82.7522769189367,30.8299821580134],[-82.7710810087244,30.8221475508772],[-82.7926967202486,30.8028238489667],[-82.8331252945075,30.8147078488449],[-82.8721590231837,30.8255865695054],[-82.8600396621411,30.8763966146792],[-82.9214567064635,30.8971847054498],[-82.9489500670439,30.9331603025794],[-82.9588894342842,31.0422197500719],[-82.9319399757606,31.0534202025478],[-82.9231322746742,31.0689644932363],[-82.9093899813067,31.0802744959545],[-82.8886953932918,31.0987177516458],[-82.9500817331978,31.1072751834065],[-82.9588894342842,31.122810667641],[-82.9836150360668,31.1330798900682],[-82.9588894342842,31.1534122990177],[-82.9500817331978,31.1850622579341],[-82.9770311917214,31.207210561231],[-82.9858388928078,31.2304113765303],[-83.0082880019637,31.2397257363561],[-83.039737809855,31.3225431547264],[-83.0488964144509,31.3300631242485],[-83.0609148901955,31.3721574810086],[-83.1027953314981,31.383760784605],[-83.1116030325845,31.4299163838629],[-83.1207616371805,31.4374277632634],[-83.1299246291483,31.4455616041102],[-83.1292710688465,31.4728544908231],[-83.1005627027084,31.5089671195526],[-83.0723148974266,31.5321029132264],[-83.0857062872845,31.5523249787572],[-83.1116030325845,31.52935683121],[-83.1207616371805,31.5218528279124],[-83.1295693382669,31.5140415937683],[-83.2204535799024,31.5065363602819],[-83.2553334780436,31.5218528279124],[-83.282458388322,31.52935683121],[-83.3226150120017,31.5410715161378],[-83.3768736055055,31.5560758308927],[-83.4857416987175,31.6525835799667],[-83.5523082644392,31.728989097636],[-83.5515932971012,31.7587090831716],[-83.5699192792403,31.7816951956732],[-83.6278404380064,31.8567611004512],[-83.7226328775406,31.9190450639741],[-83.7446433564112,31.9384867841863],[-83.7762115945963,31.9642228216053],[-83.7862343012405,31.9817463686071],[-83.8033058013566,32.0411143715555],[-83.8148900332894,32.0794346763791],[-83.903015288176,32.2242678118031],[-83.9021160961362,32.2616710976419],[-83.9212009094502,32.2854788202867],[-83.9541420608502,32.3428557098485],[-83.9744638120897,32.3681851629237],[-83.9927766357064,32.4473772420484],[-83.9918555121972,32.4854135887136],[-83.9921581671928,32.4979667183119],[-84.0100937684588,32.5421514069601],[-84.0202963142296,32.5861831611248],[-83.9929915648246,32.6308286648295],[-84.0273407203297,32.6734950496413],[-84.0368677752276,32.7377589799186],[-83.9111036354509,32.7463829110436],[-83.8843296286821,32.761643838268],[-83.8392384127213,32.7690464935509],[-83.8304307116349,32.791855487025],[-83.8184253944126,32.8114458995554],[-83.7673688035182,32.8219057474181],[-83.7681057023256,32.8522332613457],[-83.7404237314682,32.8973644299471],[-83.7272165663121,32.9202159551121],[-83.686524814421,32.942608813867],[-83.6773969133431,32.9583899326901],[-83.6595753558974,32.9727588823554],[-83.650767654811,32.9955155146879],[-83.6412493728601,33.0110113171546],[-83.642324017553,33.0550284481305],[-83.6102338096789,33.0993689885293],[-83.5330830893621,33.1083912999901],[-83.4900051865993,33.1269786398296],[-83.4800570473102,33.2290882072349],[-83.4619459933911,33.2436459197165],[-83.4494011605856,33.2652633904841],[-83.408047076344,33.2736928831175],[-83.3992393752575,33.3113873415606],[-83.381167798702,33.3258983528051],[-83.3722899167339,33.3690377459317],[-83.4229780582246,33.3827736678549],[-83.4349965348676,33.4239226533965],[-83.4531382923047,33.4312697468528],[-83.4619459933911,33.4464122411152],[-83.4791841723149,33.4602310747537],[-83.5077653361105,33.4923945142028],[-83.5250035150343,33.5062060165229],[-83.5338112161207,33.5213354209599],[-83.5475535094882,33.5323434440987],[-83.5607606746443,33.5437997336539],[-83.5788629556163,33.5582956950782],[-83.5877101331679,33.6268493837373],[-83.5607606746443,33.6484062652126],[-83.5516327735664,33.664060195558],[-83.5338112161207,33.67831329217],[-83.5250035150343,33.6934125350913],[-83.5068617575971,33.7007367383404],[-83.4980540565107,33.7613828165888],[-83.5250035150343,33.7829059653387],[-83.5338112161207,33.7979868120105],[-83.5609361263991,33.8053020891633],[-83.6154359678623,33.8208017025977],[-83.6326258973738,33.8502261096116],[-83.7010741883757,33.9206198946128],[-83.7495823360642,33.9470080432616],[-83.776356342833,33.9620599256612],[-83.8066130748392,33.9785131669552],[-83.8394138644761,33.9917083808769],[-83.8572047184037,33.9993052465357],[-83.9480889600393,34.0066032712691],[-83.9739857053393,33.9842599563566],[-84.164741727925,33.9769600122514],[-84.2434802905751,33.9993052465357],[-84.5131503275657,34.0066032712691],[-84.5630533208368,34.0207611766087],[-84.7744776125964,34.0293387589241],[-84.8000366129091,34.0513812944365],[-84.8838545169752,34.0598667515158],[-84.9181729680639,34.0894556331057],[-84.9712911224667,34.1107943377179],[-84.9980651292355,34.1258171884969],[-85.0222556019084,34.1355332309451],[-85.0392963967098,34.1645966257388],[-85.0603506611814,34.2360319066215],[-85.0699303519651,34.3416280185699],[-85.0480032124982,34.3590213463465],[-85.0531483483223,34.5668509193363],[-85.0701058037198,34.6076453055518],[-85.0802337821355,34.6503357079034],[-85.0788170059818,34.7074738709497],[-85.0794881103811,34.7344538395579],[-85.1191622399386,34.7825387847207],[-85.1509541792906,34.7996582397543],[-85.1685651940916,34.8147052943169],[-85.1885711318131,34.830485903161],[-85.2582739066345,34.8582391129802],[-85.2916493018463,34.8867403484409],[-85.3225859120972,34.9033776932168],[-85.3438244012706,34.9215024286129],[-85.4196680027804,34.9812274356486],[-85.4292564656129,35.0134473698034],[-85.4384150702088,35.0280134987546],[-85.4472227712953,35.0433006516105],[-85.4290766264863,35.0575724238739],[-85.6050025515911,35.0649918982519],[-85.6268858281192,35.1384267755469],[-85.6444310485121,35.1803439741795],[-85.6554713783883,35.2173464712675],[-85.721814242943,35.2844605893458],[-85.7626858339607,35.292401784499],[-85.8008423020664,35.2763574772341],[-85.8551710764518,35.2227215152473],[-85.9619776061554,35.2105411552005],[-86.031127705973,35.1676588515766],[-86.060195749466,35.156128300988],[-86.1121515332985,35.1457725421206],[-86.1359340801026,35.1357544452781],[-86.2339065907769,35.1474618314257],[-86.2557065270028,35.1382797102044],[-86.2828314372812,35.1310803460719],[-86.30960544405,35.1162383935124],[-86.3945023792826,35.0825406780297],[-86.4853953929669,35.0704308619873],[-86.5082655883105,35.0800729130588],[-86.6688482173957,35.0773914891089],[-86.7239665273724,35.0619509468765],[-86.9385138688111,35.0655340160746],[-87.1474598982462,35.0620442952696],[-87.2618196452167,35.0500786633317],[-87.3349568958633,35.0427619774807],[-87.3875837849934,35.0280134987546],[-87.4161386308461,35.0204254258323],[-87.4670022249899,34.9989630838928],[-87.5091239124553,34.9877662296837],[-87.5784275334566,34.9533270279993],[-87.6298262567101,34.932886341548],[-87.6391120645469,34.9249639820581],[-87.6822118978808,34.8910020888064],[-87.7255617512228,34.8794630369718],[-87.816489855797,34.8364912820826],[-87.8503038821924,34.8370583141544],[-87.883306441527,34.8365056827606],[-87.9355561083064,34.8144099984439],[-87.9716641714259,34.8071821104375],[-88.0242033337803,34.7849578777864],[-88.1390543469218,34.7619583173609],[-88.1961552665784,34.7629168353243],[-88.2342108493861,34.7622790255382],[-88.2878114979112,34.7395921401435],[-88.3170681525796,34.7145626664744],[-88.3407234961428,34.6958784519008],[-88.3938723549621,34.6816970521801],[-88.4191287002792,34.6709980817948],[-88.5469982665031,34.681745746312],[-88.6053141926157,34.6570397277562],[-88.7153665869691,34.5883212943268],[-88.7531984686099,34.5782133931729],[-88.8007372433769,34.5580480882763],[-88.8698040037906,34.489262211182],[-88.929628818408,34.4304995748647],[-88.9777772896398,34.4227460988351],[-88.9955681435674,34.4151873053232],[-89.068148333635,34.3861326009527],[-89.1033659776617,34.3558800957635],[-89.1400135563645,34.3268048103074],[-89.179630664461,34.2927458841934],[-89.2362140000037,34.2775751538379],[-89.2920121873268,34.1925688381385],[-89.3517010266545,34.1313815385361],[-89.4269349316995,34.0960666666767],[-89.4464145132584,34.0463513972965],[-89.4808338487467,33.9993052465357],[-89.4896415498331,33.9693611490111],[-89.5008090820518,33.9422903651205],[-89.5257496129527,33.9322519219957],[-89.5345573140391,33.9022842175524],[-89.5564449761424,33.8754798050657],[-89.633547447047,33.8502261096116],[-89.664514760816,33.8234563630218],[-89.7549252821747,33.8022696237374],[-89.8466078314504,33.7127872876571],[-89.8760925737593,33.7008863540824],[-89.9118497333693,33.67831329217],[-89.9389746436476,33.6709871779462],[-89.9780390767403,33.6542391697855],[-90.0174280971962,33.620103305786],[-90.037613873146,33.5511366649054],[-90.0483910244917,33.5248860775002],[-90.0740903856693,33.4832892756188],[-90.1174226940155,33.465752868767],[-90.1454117072404,33.3937773235974],[-90.1545703118363,33.3789259974226],[-90.1633780129228,33.2736928831175],[-90.1734401969304,33.24085416673],[-90.1903274714464,33.1684833194238],[-90.2093684218217,33.1218982335701],[-90.2526612528044,33.0870548218626],[-90.2658728035357,32.9285755142034],[-90.2500206972475,32.8896962198527],[-90.2354186874071,32.8143563494408],[-90.2173602693738,32.7699980602862],[-90.2084692288835,32.685918502758],[-90.1984991572268,32.6284755675656],[-90.2002756107354,32.55526966531],[-90.2333351924293,32.5011574425343],[-90.2623681459307,32.4892781268081],[-90.2755753110868,32.4663160072604],[-90.2898527335639,32.442931588507],[-90.2891377662259,32.4133277946149],[-90.3074637492633,32.3832864545771],[-90.3250747640643,32.3070893146582],[-90.3432165215014,32.2692708144222],[-90.3540726266757,32.1566416785179],[-90.3505942870135,32.0122831814364],[-90.370165980025,31.9877957638936],[-90.3789736811115,31.9114198838593],[-90.3914220150925,31.8701759985546],[-90.3521251069875,31.8053689447535],[-90.3432165215014,31.7511452403968],[-90.3340579169055,31.7130966034541],[-90.325083536113,31.6739889895879],[-90.2794221001526,31.6366425213177],[-90.2807906277925,31.5794932879542],[-90.2532095413347,31.5448228213698],[-90.2354186874071,31.5063830335802],[-90.2172769299699,31.4835569525552],[-90.2083025491775,31.4287224421996],[-90.1635403061553,31.3920190958818],[-90.1495962421918,31.355321999302],[-90.1184622487168,31.3378896986031],[-90.0964517698461,31.318322042019],[-90.0735464845108,31.2995186481237],[-90.0595015352494,31.2625305064327],[-90.0308852805639,31.2506628883027],[-90.0106161652102,31.2067247268423],[-89.9835351169722,31.1844656117371],[-89.9659241021712,31.1534122990177],[-89.9476025056075,31.1383436089372],[-89.9102311866196,31.1050462312139],[-89.8849353648373,31.0603960968041],[-89.8579508163221,31.03818155205],[-89.8306943163294,30.9988316359389],[-89.8041352386788,30.9769581188144],[-89.7942485073242,30.9335327821028],[-89.7681192879102,30.9226569020093],[-89.7505082731092,30.8915180690754],[-89.7212252995996,30.8427233284166],[-89.6804765253492,30.809104148379],[-89.6694800584118,30.7985117917872],[-89.7054126697766,30.7529681320883],[-89.714220370863,30.698758749377],[-89.7332613212383,30.6187747838858],[-89.7598467159334,30.5743566102655],[-89.7575000433235,30.4753832876782],[-89.7325770574184,30.3915317667533],[-89.7215937499016,30.3333060049892],[-89.7234491563405,30.2547981199123],[-89.7415865282025,30.1475205606486],[-89.8115919571212,30.0893397807492],[-89.889659415372,30.0674180160721],[-89.9298160390517,30.0555223217175],[-89.9928735606948,30.0479024034594],[-90.0359426905106,30.0351404803289],[-90.0646817619634,30.0479555585877],[-90.1087290376476,30.0082652027435],[-90.127445401558,29.8921069134672],[-90.1552019397705,29.8565978860442],[-90.1815197703599,29.8455234528776],[-90.2082937771287,29.829782786035],[-90.2409103411655,29.8206005359532],[-90.2618417897681,29.7831607281238],[-90.2897781671072,29.7713966399594],[-90.2891377662259,29.7440331305599],[-90.3051302342773,29.7034577267276],[-90.3342333686602,29.6661532811714],[-90.3555815160787,29.6378613454827],[-90.3881322857074,29.6193083164739],[-90.450838903841,29.5722851556696],[-90.4893989113421,29.5474202766592],[-90.5137209737294,29.5253965699327],[-90.5655627137416,29.4919511335933],[-90.5436311878013,29.4736061367589],[-90.4688052095234,29.4630012185673],[-90.4404565198419,29.4545531513746],[-90.3786447081729,29.3985172623522],[-90.3792500181642,29.3726235401835],[-90.4060985913898,29.3612721775817],[-90.4193057565459,29.349292528313],[-90.4376317386849,29.3339445908695],[-90.450838903841,29.3219617298868],[-90.459997508437,29.3142859928812],[-90.4928947968984,29.2844265909333],[-90.5238314071493,29.2667329008202],[-90.540670432253,29.2514471736923],[-90.5588121896901,29.243766137179],[-90.5957404928175,29.2031201514247],[-90.6305370506565,29.1739310755959],[-90.6484682663473,29.1416612170911],[-90.6666100237845,29.1182774796932],[-90.6904495920496,29.0865076196798],[-90.7115126294682,29.086885182642],[-90.7672625673791,29.0743980380532],[-90.7921987118064,29.063170775029],[-90.8462730806084,29.0554756456699],[-90.8654587792204,29.0468366324176],[-90.886429704288,29.027751935046],[-90.9033301373263,29.013552609977],[-90.8910133930596,28.9926355441912],[-90.8822056919732,28.9689033137439],[-90.8730470873772,28.9533410713128],[-90.8552562334496,28.9209694914887],[-90.8753235791056,28.8868730161872],[-90.9195682389122,28.8743021680282],[-90.953895462948,28.8588160034698],[-90.9824503088006,28.8507003543594],[-91.0188697998629,28.8342673482435],[-91.0437269913599,28.8115999894666],[-91.0888182073206,28.7960141586891],[-91.1155922140895,28.780110750605],[-91.1362692562103,28.7713180496378],[-91.1966028828927,28.7723965121629],[-91.2415274191474,28.7643318039095],[-91.2569715995668,28.833660234302],[-91.2683058123898,29.1575091701055],[-91.2786969693359,29.1808839802556],[-91.3132215765958,29.1495069682209],[-91.352088625566,29.1384909494506],[-91.3320519843263,29.1045102750624],[-91.4174621171993,29.0940911952526],[-91.4389857163725,29.0553184399828],[-91.4778571518162,29.0470341147285],[-91.5359756947048,29.0480713695064],[-91.5737461675127,29.0396081411856],[-91.6091304912455,29.0402408940525],[-91.64559823172,29.0160477978842],[-91.6727231419983,29.0083491542773],[-91.6879962562381,28.9944483323527],[-91.7047080789993,28.9344655961331],[-91.7314162904617,28.8999780324312],[-91.8154973730583,28.829233572824],[-91.8266956096934,28.8090037939537],[-91.8499342544407,28.7462372912884],[-91.8342444413851,28.733016759356],[-91.8254367402986,28.7013460652008],[-91.8162781357027,28.6857437713798],[-91.7984872817751,28.6454055939961],[-91.8166421986328,28.6144785170985],[-91.8441223997926,28.6149713889649],[-91.8694533124648,28.6381125841354],[-91.8866958778621,28.6461754787722],[-91.8747563550478,28.5949986003287],[-91.9631974243506,28.5883703310345],[-92.0406902770265,28.5513872422342],[-92.1196306093743,28.5439393597622],[-92.1874692048097,28.5687237811261],[-92.2023870281681,28.583388262407],[-92.2520356158558,28.5915246842342],[-92.295758305075,28.5892369212553],[-92.3174661289501,28.5679013228029],[-92.4364578132059,28.559720695132],[-92.4539153077215,28.5513872422342],[-92.4723904245707,28.5439393597622],[-92.4808647662451,28.5363811272578],[-92.3899805246096,28.5280593165535],[-92.3735757433176,28.5119263487678],[-92.2947626133124,28.5038126844572],[-92.2879813857428,28.4845166166162]],[[-82.2987154263337,32.8710367155541],[-82.2944782554965,32.9504343924568],[-82.267528796973,32.9828041659754],[-82.2760031386473,32.9956516320583],[-82.2938510140359,33.0090250642198],[-82.3003427451322,33.1002876126991],[-82.2836791726815,33.160262166861],[-82.2585456441318,33.1838073386931],[-82.2405793384494,33.197242103451],[-82.2490536801238,33.2514447449101],[-82.2585456441318,33.2585349822285],[-82.2939694443297,33.2965072904287],[-82.3763793442909,33.3036855183049],[-82.4007496551921,33.3264792555071],[-82.5290578525996,33.333677004157],[-82.5497392811939,33.3530134268226],[-82.5724471824068,33.3699627000831],[-82.5639728407324,33.4015627260067],[-82.5453047262343,33.4238677401852],[-82.590922299256,33.4686105971171],[-82.5993966409304,33.4990006080217],[-82.6168453624989,33.525767319958],[-82.626346099454,33.5514217943599],[-82.6443124051363,33.5789707567803],[-82.635838063462,33.6112927966441],[-82.626346099454,33.6183536945171],[-82.6021249223646,33.64092423232],[-82.5454977238832,33.6482711628037],[-82.5293605075952,33.6633063162468],[-82.4926909965248,33.672730243734],[-82.5145611136323,33.6889910705168],[-82.5639728407324,33.7454311251427],[-82.5727279059331,33.7767281389014],[-82.590922299256,33.7902371117809],[-82.6001774026764,33.8558759225003],[-82.626346099454,33.8801975410463],[-82.6532955579775,33.9001853913825],[-82.6448212163032,33.9323865762918],[-82.6298112805939,33.955296549113],[-82.6608707067138,33.9841253833915],[-82.7256695918739,33.9770945958155],[-82.7497460207266,33.9547435223878],[-82.8155011202859,33.9617761579828],[-82.8240982787276,33.9773164760192],[-82.8583465489346,33.9574758777191],[-82.904823837531,34.0068868885802],[-82.9412652600626,34.0139152112231],[-82.9539811590477,34.0257107970468],[-82.9682147185862,34.0362507251614],[-82.9922911474388,34.0585803596738],[-83.0221136356334,34.0515557363694],[-83.0305879773077,34.0213610356915],[-83.0485542829901,33.9939540540725],[-83.0400799413158,33.924514398213],[-83.024214675607,33.8753505233027],[-83.0395711301489,33.7529004164079],[-83.0512562464815,33.7442202222827],[-83.0273245658655,33.6924381171866],[-82.9961510959253,33.6446981934133],[-82.9316636387079,33.5226353951318],[-82.9333655248614,33.4987902886635],[-82.9288520169715,33.4356220662362],[-82.949739601737,33.4035382614275],[-82.9412652600626,33.3711385667777],[-82.9165879076922,33.3332079225755],[-82.8898051288746,33.2496198235912],[-82.8783831901742,33.1984202994699],[-82.8607458574303,33.1293167032211],[-82.8868575318486,33.1097727657782],[-82.8783831901742,33.0931202512718],[-82.8688912261662,33.0784897454836],[-82.8308005524685,32.9954198645794],[-82.7949775984505,32.9617887154995],[-82.7526190503975,32.9424726139806],[-82.6982113221835,32.935356835767],[-82.6466722371669,32.9086095679209],[-82.585259579318,32.8901087437093],[-82.5275314182008,32.8972281604113],[-82.508494854299,32.9151180965588],[-82.4741413123205,32.9047705088665],[-82.3637599450285,32.8923739076773],[-82.2987154263337,32.8710367155541]],[[-82.4693953303164,33.6447420122123],[-82.4724701305833,33.6538594500132],[-82.4803479343152,33.6473017110831],[-82.4693953303164,33.6447420122123]],[[-83.1431317934061,31.9610485419203],[-83.1302360561927,31.9805911337333],[-83.0808418749867,31.9894308178955],[-83.0673539863043,32.0567570612053],[-83.0256139067649,32.0642214836565],[-83.004471916416,32.097307779809],[-83.0234163679668,32.1096955660644],[-82.9877995710183,32.1220426656508],[-82.9775224578924,32.1632829043793],[-82.9583981681132,32.1851136604487],[-82.9505729993688,32.2303660956221],[-82.9811587052118,32.2652596228708],[-82.9996776849997,32.3035061511036],[-83.0224382220983,32.3294507583279],[-83.0444004515568,32.3604770307422],[-83.1302360561927,32.3673960404553],[-83.1380612249371,32.3835475976417],[-83.1621771302549,32.3901555681618],[-83.1829769891431,32.3673960404553],[-83.2870157591506,32.3605159338834],[-83.3018546295787,32.3154970491704],[-83.3540385010517,32.3061902925463],[-83.362640045967,32.2383171821744],[-83.3953267908853,32.227002535385],[-83.407555810173,32.1978291480179],[-83.3894359833068,32.1859934634173],[-83.3931029350427,32.1649927984631],[-83.3716231988082,32.1404664028298],[-83.3637980300638,32.1166634217935],[-83.3267074346022,32.0948162717796],[-83.3044557086704,32.048741795104],[-83.2817916703962,32.0339139315582],[-83.2739665016518,32.0177001804475],[-83.2548422118726,32.0110651021324],[-83.2265286121828,31.9965808146267],[-83.2110844317634,31.9796088944549],[-83.1883238946648,31.9647084432108],[-83.1431317934061,31.9610485419203]],[[-82.7927888325995,31.095814397101],[-82.7887929088234,31.1000867669845],[-82.7518689921696,31.1069259152582],[-82.7438771446174,31.1462273773717],[-82.7328104967984,31.1538120705374],[-82.8067592145058,31.1607505663766],[-82.8516486607689,31.1694769223927],[-82.8607853338955,31.1069465705567],[-82.8147510620579,31.1000867669845],[-82.7927888325995,31.095814397101]],[[-91.2908514203701,29.2240901807536],[-91.2944481903261,29.2419041551385],[-91.302527764654,29.2284501832213],[-91.2908514203701,29.2240901807536]],[[-93.8510499801108,28.6896051224349],[-93.8474619822036,28.6943378256723],[-93.8097222138121,28.7006323733325],[-93.7845799123152,28.7100965678114],[-93.7468401439237,28.7163901675211],[-93.7396641481092,28.7799627373863],[-93.7910826100444,28.7872708518788],[-93.8097222138121,28.7400224074126],[-93.8699001265231,28.7332263777089],[-93.8815874365416,28.6937183538394],[-93.8510499801108,28.6896051224349]]]}},{"id":"6","type":"Feature","properties":{"category":1,"label":"0.10 to 0.25 inches"},"geometry":{"type":"Polygon","coordinates":[[[-83.1790644047709,35.7421453353569],[-83.1911486749235,35.7473109634165],[-83.182911194735,35.7661656861634],[-83.1790644047709,35.7421453353569]]]}},{"id":"7","type":"Feature","properties":{"category":1,"label":"0.10 to 0.25 inches"},"geometry":{"type":"Polygon","coordinates":[[[-82.0651534524627,36.1131275065643],[-82.0960154953585,36.1173636445499],[-82.0736321806106,36.1377155316789],[-82.0651534524627,36.1131275065643]]]}},{"id":"8","type":"Feature","properties":{"category":1,"label":"0.10 to 0.25 inches"},"geometry":{"type":"Polygon","coordinates":[[[-95.2524218233372,29.2554443752217],[-95.2634950504174,29.2278779191976],[-95.2565668818235,29.075235672418],[-95.1509227235886,29.0155970954922],[-95.1210103158307,29.0166327478666],[-95.0568101614007,29.1120848607151],[-94.979532237843,29.1884337903077],[-94.9513151369777,29.2043396119055],[-94.8823426826007,29.2552032847939],[-94.8261870116086,29.2783224323821],[-94.7249050337658,29.2668036893118],[-94.6946417216001,29.2678502055381],[-94.6282637670537,29.2830206203596],[-94.5710093262134,29.2949162457974],[-94.4884283600727,29.3573594006455],[-94.4755501687534,29.4161326915055],[-94.4662248835531,29.439307039308],[-94.4508421119666,29.4816116003012],[-94.4123259665059,29.5253259604255],[-94.4036849460238,29.5442168142846],[-94.4429028994019,29.5662459598835],[-94.4662248835531,29.588136800898],[-94.4935164744358,29.6034615683799],[-94.5535452524367,29.6475578137404],[-94.5933093015574,29.658120506151],[-94.6142758401516,29.6384541782849],[-94.6552132255773,29.6271878615683],[-94.7008000941826,29.5999166357177],[-94.7373994234731,29.5803247741428],[-94.796480760022,29.6156743290675],[-94.8075846915185,29.666223791393],[-94.8249369151609,29.6947154123888],[-94.8721467160911,29.7127497684395],[-94.9255192769756,29.6808469287892],[-94.9468805829163,29.6222100737658],[-94.9730273473262,29.6037590400822],[-95.016754423019,29.6626181767886],[-95.0602863082753,29.6870412083511],[-95.0589287463702,29.7167992909024],[-95.0596086237165,29.7317273973025],[-95.0783359533615,29.793764354594],[-95.1216068528749,29.8285518121768],[-95.1791924594414,29.8375050395841],[-95.2489851529278,29.8216413346188],[-95.3213131310979,29.8241281720734],[-95.3106412506255,29.8066276663555],[-95.3020002301434,29.7907400273956],[-95.2737743563309,29.7829837058058],[-95.2248867935041,29.7371796591063],[-95.1938602636899,29.7286497763901],[-95.1636123037324,29.7105725591893],[-95.1492866318431,29.6971444378532],[-95.0958745944934,29.6752448836227],[-95.0864045619547,29.5722145789124],[-95.0761384145635,29.5381358716329],[-95.0775069422033,29.5081264913851],[-95.0953877147959,29.4787134395994],[-95.1134132356252,29.43840744173],[-95.1313203261606,29.4239573950397],[-95.1399613466427,29.4158346679343],[-95.1446239892429,29.4120710963568],[-95.1403034790019,29.4317814959092],[-95.1223941947804,29.4462342490797],[-95.1133540204783,29.6436541779873],[-95.1313203261606,29.658120506151],[-95.1442818577821,29.6702751892427],[-95.1701325464575,29.691086051954],[-95.2254723648137,29.6891808228573],[-95.2516958902646,29.6900839060162],[-95.3016580977843,29.7130469172208],[-95.3289496886669,29.7205515243217],[-95.3433630873321,29.7340584046518],[-95.3266402988362,29.7894552795729],[-95.3379328415081,29.7985357148577],[-95.3465738619902,29.8144221158297],[-95.3648823000317,29.8375050395841],[-95.3738281691954,29.8700807099986],[-95.4097980642377,29.9153980874253],[-95.4192198473641,29.9411867403771],[-95.4367475227613,29.9698870015622],[-95.4492594574645,30.0266455427943],[-95.4286525962253,30.0603570771829],[-95.4638680465661,30.0747403616548],[-95.5518419748532,30.1331023437587],[-95.5804779682204,30.1409432926578],[-95.5971678586139,30.1565190247058],[-95.6253937324264,30.1642462383672],[-95.6520010585909,30.1800742329369],[-95.7129399952646,30.1875436771901],[-95.7597988926852,30.1564792015477],[-95.7870904835679,30.1490074028163],[-95.8037803739614,30.1334304847706],[-95.8320062477739,30.1257008571419],[-95.8363267580149,30.1216679322304],[-95.8579622082208,30.1093006611907],[-95.9135059890622,30.1029523243338],[-95.9268403565609,30.086242826775],[-96.0033375174742,30.0796349088068],[-96.0070066619976,30.0750364323469],[-96.0286421122035,30.0626633267014],[-96.0917369175242,30.0563119956837],[-96.1005073349331,30.0951804634939],[-96.1058213432508,30.0983549321165],[-96.1058213432508,30.222627318741],[-96.0968381904096,30.222627318741],[-96.0968381904096,30.2381503484544],[-96.0788718847272,30.2381503484544],[-96.0788718847272,30.2459109441977],[-96.0788718847272,30.2536709270734],[-96.0740469488945,30.2572627426725],[-96.0620635631416,30.3028139769644],[-95.957265961959,30.3193182598424],[-95.9273074984749,30.3376520407],[-95.8943838920706,30.3503312913187],[-95.8681011523712,30.3664093761519],[-95.8315018221823,30.373584616911],[-95.7773243752948,30.4278208680315],[-95.7506534466115,30.4206496107496],[-95.7390779876257,30.409065176754],[-95.7064044012296,30.3890837620913],[-95.678788223882,30.3819096590382],[-95.656663701191,30.3699970623506],[-95.6524243375662,30.3659041371777],[-95.4931049634511,30.3502366622444],[-95.4297974217997,30.3120689868534],[-95.3832674973176,30.3209407065797],[-95.3707687211367,30.4129841786679],[-95.3290308352832,30.4747897753569],[-95.3147994685323,30.4857502761863],[-95.3020813767596,30.4980134600175],[-95.2878500100087,30.5089713452527],[-95.2675567694998,30.5285352506527],[-95.1447753167407,30.5209803281913],[-95.0630672255953,30.4421712558617],[-94.9508611544842,30.389588881266],[-94.8541299682089,30.3974963924728],[-94.8092514876804,30.4152613652743],[-94.7968733345809,30.4498249412684],[-94.7537340238836,30.4520426577365],[-94.7451259006055,30.4201446522368],[-94.7176720164903,30.389588881266],[-94.7091932892407,30.3659041371777],[-94.664724928267,30.3569759335954],[-94.6551496239569,30.2951828598138],[-94.6368236409196,30.2810438411859],[-94.62834491367,30.2262903832325],[-94.609874182396,30.2034380596868],[-94.6002221179431,30.1322127534986],[-94.4405189431144,30.1404444803132],[-94.4302111255721,30.0480428855299],[-94.4213332445024,29.8846151652823],[-94.3501193874904,29.8962423448135],[-94.3408840227517,29.9391209297611],[-94.3091644570689,29.9517355820495],[-94.2869851057045,29.9935968474686],[-94.2685143744306,30.0009398427592],[-94.2420298641351,30.0169592112245],[-94.2083452346665,30.0152197110052],[-94.162510539739,30.0367847002592],[-93.9630871778299,30.0476062508264],[-93.9454257208291,30.0559133624437],[-93.9186758392156,30.0476062508264],[-93.8642724965768,30.0402667107012],[-93.8519031164243,30.0169345244252],[-93.6591798363669,30.033298769936],[-93.6538965315673,30.1100121197906],[-93.6636034246935,30.2507875286775],[-93.6491812539797,30.304313620703],[-93.6217273698645,30.3193883076369],[-93.6132398696678,30.3431108122471],[-93.5681091763436,30.3407884106443],[-93.4695181971558,30.3508366107317],[-93.4647744079394,30.3544948908406],[-93.4511395782327,30.3417972521979],[-93.3606720363114,30.3448918500999],[-93.3163944793007,30.303639541051],[-93.2896029275361,30.3045578783383],[-93.1501666743751,30.2997862180873],[-93.1327398842759,30.3160240633],[-93.1187519573738,30.3272125230263],[-93.1101109368917,30.3877443338862],[-93.1550267010977,30.3969723974091],[-93.1636677215798,30.4127628882459],[-93.1776556484819,30.4239402850297],[-93.1949376912427,30.4400213856541],[-93.2089256181449,30.4511956584396],[-93.217566638627,30.466977373784],[-93.2822646393874,30.4745988676426],[-93.1906171801034,30.4821668436471],[-93.1819761596213,30.4979435402736],[-93.149276254384,30.5053887679508],[-93.1099398707122,30.4820647826696],[-93.0829509357234,30.498068262132],[-93.0467463728811,30.4643913740867],[-92.9408390361157,30.4780030180433],[-92.9304478800678,30.4124678325364],[-92.9209690745821,30.3970140144679],[-92.9484141857502,30.3895188837149],[-92.9570552062323,30.3552859548283],[-92.9121394420263,30.3430142830038],[-92.9034984215442,30.2961921702844],[-92.8851899835028,30.2732159405704],[-92.8755752027274,30.2556221939456],[-92.8771455000649,30.2214429048742],[-92.924982543354,30.2019330841369],[-92.9570552062323,30.1720126633105],[-92.9753636442738,30.1645420416364],[-92.9840046647559,30.1487115529463],[-93.0328944212686,30.1406398325779],[-93.0582428789366,30.106682448153],[-93.0964651414504,30.1241757250253],[-93.1314503104648,30.1081623161531],[-93.1636677215798,30.1179307856441],[-93.2022408885014,30.1254049373978],[-93.2355329443094,30.0943208907993],[-93.255253772031,30.0862674963034],[-93.2533150252899,30.0439365487363],[-93.2552669314516,30.0013045091933],[-93.2168472848154,29.9933784104481],[-93.2624473128413,29.983971875664],[-93.2286815358582,29.9286866933221],[-93.2536878611671,29.9086038863475],[-93.264456240464,29.859700105226],[-93.3163944793007,29.8614860718627],[-93.3349902192313,29.8440777128976],[-93.3341348901302,29.8253706160367],[-93.3039461453196,29.8130082750826],[-93.2624867893065,29.8144335326937],[-93.2538413823508,29.7985357148577],[-93.1906171801034,29.7910369450729],[-93.1819761596213,29.7673493217212],[-93.1666504094958,29.7550216994576],[-93.009975977411,29.7442502095387],[-92.9855179406324,29.7671665603236],[-92.9646742188055,29.7757064923032],[-92.8423664872216,29.7714975356269],[-92.8164302654565,29.7237817613444],[-92.7773921494084,29.7130469172208],[-92.7328185175615,29.6971444378532],[-92.6246785511081,29.6896380813846],[-92.6070543777848,29.681536682822],[-92.5866843762348,29.6731830995403],[-92.5325880759635,29.6750467105072],[-92.4723070851669,29.6659265041275],[-92.4074467911739,29.6584178164842],[-92.3551708073499,29.6824531724087],[-92.3282871432344,29.6815271558885],[-92.2836608755018,29.6896380813846],[-92.2114535204131,29.6971444378532],[-92.202812499931,29.7130469172208],[-92.1845523113017,29.7277413266381],[-92.1758630414074,29.8370047003854],[-92.2658656351006,29.8453123001557],[-92.2563692846191,29.8608793408671],[-92.247728264137,29.8923331780438],[-92.2384029789367,29.8998243453758],[-92.2281302522843,29.9186885658866],[-92.229814593442,29.9555094040617],[-92.2480221461856,29.9701225896035],[-92.2114535204131,29.9776686949318],[-92.202812499931,29.9949435471955],[-92.2207788056134,30.024346050348],[-92.2337403372348,30.0597838288379],[-92.2480221461856,30.0712367876958],[-92.2114535204131,30.0787752009787],[-92.202812499931,30.0971747167609],[-92.2588124569518,30.1420547079608],[-92.2552069140488,30.2206697124372],[-92.2210288247233,30.2480290861308],[-92.2036458975628,30.2954403958416],[-92.1841531574817,30.3198975732629],[-92.1853857098319,30.3467428837722],[-92.1841531574817,30.3735808332696],[-92.2211604135394,30.4199668762488],[-92.2190769185616,30.4652760657569],[-92.2746777226606,30.474424970675],[-92.2833187431427,30.4979435402736],[-92.3016271811842,30.5208669710534],[-92.3102682016662,30.5374798677784],[-92.2838714181465,30.5585413277241],[-92.2746777226606,30.5753158309304],[-92.2509434252687,30.6050091965701],[-92.2027774090411,30.5904770468515],[-92.1874779768584,30.5910000007784],[-92.2219762661753,30.6341481002457],[-92.247728264137,30.6446038058784],[-92.2743355903015,30.6603541050092],[-92.3009692353071,30.6711653841614],[-92.4047623726783,30.6676284120867],[-92.4687585637248,30.6698090887321],[-92.4989144113314,30.6835333924444],[-92.5172228493728,30.6909643751416],[-92.5348470226961,30.6989831604141],[-92.5637747053243,30.7064129537447],[-92.5990055078734,30.6903834966537],[-92.6514701028727,30.6921713843991],[-92.6606111624729,30.6755133238107],[-92.6895388451011,30.668081152097],[-92.7272742279174,30.6852535080726],[-92.8090042505321,30.6824677346617],[-92.8658244466624,30.6844047710755],[-92.8941731363439,30.722153175069],[-92.9034984215442,30.7295811836942],[-92.9121394420263,30.7384374883204],[-92.8857426585066,30.7594552271847],[-92.8765489630207,30.7761948891594],[-92.8312910664556,30.7836187304204],[-92.7879499860606,30.7933743701964],[-92.777729895294,30.8302175623952],[-92.7673826012865,30.8298653963003],[-92.7421087118719,30.806440628403],[-92.7168786844977,30.807299593322],[-92.7057243108013,30.8773754224053],[-92.6955524694469,30.8316205643947],[-92.654698423425,30.8224922114356],[-92.5838376645068,30.8474834146005],[-92.5568662745139,30.8352306103297],[-92.5207450519737,30.8565717364454],[-92.4992565436905,30.8764775552898],[-92.4850273697272,30.8838936458751],[-92.4723070851669,30.8607625801761],[-92.4505948748183,30.8456325075166],[-92.4363744738021,30.8841872665745],[-92.4090828829194,30.8993112542933],[-92.4004418624373,30.9227265145634],[-92.3809622808784,30.9306131034773],[-92.3645092510725,30.9458426133874],[-92.3260720594405,30.9700193649916],[-92.2693746791792,30.985409930116],[-92.2120061954169,30.9834601572953],[-92.202812499931,30.9934605481765],[-92.2207788056134,31.0225626925233],[-92.2345518033973,31.0598362405402],[-92.3106103340254,31.0687409464836],[-92.3556182105823,31.1001093021495],[-92.3734880174402,31.0995027315173],[-92.3847871393733,31.1200038032161],[-92.3586886234773,31.1524663529002],[-92.3807122617686,31.1880773284271],[-92.3621099416785,31.2181458502796],[-92.3372176601898,31.2378693129125],[-92.3285766397077,31.2765578683691],[-92.3145887128056,31.287635067081],[-92.3016271811842,31.2995879848951],[-92.2395039415725,31.3097218521324],[-92.2297619584546,31.3533030371366],[-92.1858725895293,31.3622307164832],[-92.1758586549339,31.4069986551154],[-92.1615329821462,31.4065138507036],[-92.1489135828838,31.3836915090736],[-92.1306051448423,31.3763143883281],[-92.1219641243603,31.3683524385805],[-92.1038574569147,31.3540259730391],[-92.0945848076002,31.3207726709421],[-92.0757280819267,31.3072634401041],[-92.0510419566092,31.3300237833107],[-92.0235617554495,31.337666786479],[-92.0131705985033,31.2357596972662],[-91.9371252272959,31.2383381103331],[-91.924334761854,31.2842351989408],[-91.905048177944,31.2916195409215],[-91.8805901411654,31.2690598720842],[-91.8552460699709,31.2588372689508],[-91.8075537749184,31.2148241315441],[-91.7443295726709,31.20743378106],[-91.7274817746202,31.1918783941098],[-91.6724643499414,31.1843811805635],[-91.6638233294593,31.1787428694046],[-91.7006902237539,31.1687563247281],[-91.7173801141474,31.1533428541511],[-91.7436584682716,31.1325035662173],[-91.7173801141474,31.0998069565101],[-91.7087390936653,31.0871883188727],[-91.7356885521889,31.0536437845377],[-91.7443295726709,31.0225626925233],[-91.7557120349062,31.0041291074629],[-91.7806043163948,30.9843570204053],[-91.8146552024795,30.9528451909669],[-91.8071853246164,30.7910306957594],[-91.7849248266359,30.7917880628916],[-91.7642828745067,30.791085331311],[-91.7534530872753,30.7520163281138],[-91.7271966655187,30.7311044209969],[-91.7177222465065,30.6291453407356],[-91.7120332086256,30.6217096040767],[-91.6737714687484,30.6999166303277],[-91.6318690968748,30.73329497413],[-91.6189075652533,30.7453176227848],[-91.5763867230695,30.7527438459194],[-91.5614776726582,30.7122696418493],[-91.5275627609649,30.6985079353789],[-91.511109731159,30.6832391585216],[-91.5017844459587,30.6758075812724],[-91.4770281406579,30.6528264313543],[-91.465992196357,30.6129558395249],[-91.4478855289115,30.5985154944096],[-91.4392445084294,30.5827551293696],[-91.4209360703879,30.5753158309304],[-91.4122950499058,30.4580962197685],[-91.4349239972901,30.4400213856541],[-91.4522060400509,30.4239402850297],[-91.466193966953,30.4127628882459],[-91.4748349874351,30.3969723974091],[-91.5160136199219,30.3895188837149],[-91.5292865794861,30.4137747693174],[-91.5470423425238,30.4279608081685],[-91.5600038741452,30.4400213856541],[-91.5739918010473,30.4511956584396],[-91.5827205483051,30.5453036071556],[-91.6189031787798,30.5440683215886],[-91.6291057245506,30.5809482258389],[-91.6628144791744,30.5904883740571],[-91.6724643499414,30.5194575589924],[-91.654498044259,30.4902029222635],[-91.6458570237769,30.474424970675],[-91.6275485857354,30.466977373784],[-91.6189075652533,30.4279608081685],[-91.6005991272118,30.4205096601253],[-91.5919581067297,30.3955611919732],[-91.6190917899552,30.3738722212796],[-91.5984980872382,30.3574093052385],[-91.6009807360361,30.303408535696],[-91.5826328215294,30.2887309781224],[-91.5739918010473,30.2496432387848],[-91.4920687807837,30.2421121944051],[-91.4575266276297,30.2098993354145],[-91.4482276612706,30.1176348426158],[-91.3850034590232,30.1101601028343],[-91.3494129800175,30.0710014397707],[-91.2592393192464,30.0635231737403],[-91.2354129104019,30.0412653456803],[-91.2236488402407,30.0079423437722],[-91.2416151459231,29.9935265678787],[-91.2502561664052,29.9500709500048],[-91.2233067078816,29.939050611634],[-91.2099197053955,29.9265293869875],[-91.1671093676367,29.9156946345684],[-91.1041264124504,29.9348276302104],[-91.0709352419404,29.9546182175857],[-91.0509907121534,29.9621046986955],[-91.0151326681437,29.9456660015735],[-90.9757568071084,29.9470190519545],[-90.9631374078461,29.9701833863011],[-90.9489082338828,29.9776686949318],[-90.9361879493225,29.9543217864274],[-90.908229640514,29.939050611634],[-90.8912721851165,29.9701833863011],[-90.872963747075,29.9776686949318],[-90.8643227265929,29.9935265678787],[-90.7382164544571,30.0010101170999],[-90.7195088634938,30.0095813175354],[-90.7026259754514,30.0557482144058],[-90.6933006902511,30.0710014397707],[-90.684659669769,30.1412391658228],[-90.6732772075338,30.1598375344144],[-90.6483849260451,30.1797784762829],[-90.6397439055631,30.1956039759621],[-90.6214354675216,30.2030722424313],[-90.6127944470395,30.2169192610181],[-90.6544204818603,30.2638170893394],[-90.7215704270023,30.2730549436823],[-90.6753343845687,30.2806783126867],[-90.6666933640866,30.2964875768673],[-90.6573680788863,30.3039481789169],[-90.6463847713695,30.3338965927639],[-90.6034691618392,30.3427190166744],[-90.5858449885159,30.3521784376372],[-90.6130400796758,30.3739195243957],[-90.594486008998,30.3814745035296],[-90.5858449885159,30.4058591186947],[-90.6108644723471,30.4258503378599],[-90.6214354675216,30.4374119796786],[-90.594486008998,30.4589393779788],[-90.5858449885159,30.4761298993174],[-90.6127944470395,30.4976487423773],[-90.6214354675216,30.6758075812724],[-90.6397439055631,30.6986889735796],[-90.6483849260451,30.7144304552784],[-90.6666933640866,30.7373026898596],[-90.6753343845687,30.7741259094023],[-90.6034691618392,30.7913359035976],[-90.5832570679465,30.8005237325114],[-90.5602728296809,30.8218273723242],[-90.5792962350604,30.8841552694709],[-90.6208696339954,30.935989608197],[-90.6488411022245,30.9929848998493],[-90.6666933640866,31.0071649639006],[-90.6753343845687,31.0228558873294],[-90.6893223114708,31.0339627769605],[-90.7022838430923,31.0459477436179],[-90.8104238095458,31.0533506845237],[-90.8190648300279,31.0690339990814],[-90.83305275693,31.0801355006476],[-90.8503347996908,31.0961073662363],[-90.8643227265929,31.1072057047582],[-90.872963747075,31.1690096605895],[-90.8869516739772,31.1800994722917],[-90.9052469525981,31.196992519481],[-90.872963747075,31.2148241315441],[-90.8643227265929,31.3302860536164],[-90.828047982869,31.337666786479],[-90.8183937256285,31.3465641093008],[-90.8194595973744,31.3695228050966],[-90.8373732680693,31.3836915090736],[-90.8460142885514,31.4299856245118],[-90.8560501546162,31.4461696966894],[-90.9200375736139,31.4719285825526],[-90.9903939078388,31.4833848844345],[-90.9638085122454,31.5043878901719],[-90.9938459295581,31.5415986147309],[-91.0170363248933,31.5599106267358],[-91.0256773453753,31.5814102245003],[-90.9677912774992,31.5931557368352],[-90.9851742046596,31.6496487482446],[-91.0039739079738,31.6593658217799],[-91.0166941925341,31.6364240545848],[-91.0399065193386,31.6290668536071],[-91.0526268038989,31.6520104361105],[-91.1158510061464,31.6593658217799],[-91.1244920266285,31.6749483562887],[-91.14280046467,31.6823019259191],[-91.1519941601559,31.698878916862],[-91.1697499231936,31.7128745849721],[-91.1783909436757,31.7284481370965],[-91.1923788705778,31.7394719133004],[-91.2053404021992,31.751367166429],[-91.2146656873995,31.7587146773344],[-91.2236005908285,31.7827112406121],[-91.2503965281684,31.8038126287337],[-91.2592393192464,31.835355061609],[-91.2685646044467,31.8579570087139],[-91.2779205931651,31.9573326720059],[-91.2233067078816,31.9647140248869],[-91.2046517528041,31.9730882679809],[-91.2059983480763,32.0019764232132],[-91.2685646044467,32.0104290912458],[-91.2772056249288,32.0267817222472],[-91.2504930269928,32.0477621446325],[-91.2416151459231,32.0756920123156],[-91.2962334167818,32.0867151503971],[-91.2510807919883,32.0958270035191],[-91.2416151459231,32.1643225832063],[-91.2685646044467,32.1854589003421],[-91.2777582999326,32.2019453855601],[-91.2955140629703,32.215864608727],[-91.3041550834524,32.2355030299001],[-91.2772056249288,32.2462601530821],[-91.2685646044467,32.2617434260281],[-91.2521685961018,32.2745891247131],[-91.2146656873995,32.3149020833008],[-91.2053404021992,32.3222045125503],[-91.1966993817172,32.3376748221082],[-91.1327207356665,32.3450625001323],[-91.1158510061464,32.3604418320696],[-91.1065257209461,32.3677405873263],[-91.0910683820045,32.3818288535503],[-91.0979373354514,32.5280918885267],[-91.1158510061464,32.542082999909],[-91.1288125377678,32.5538740008627],[-91.14280046467,32.5647984268709],[-91.1514414851521,32.633198322198],[-91.1697499231936,32.6404749759657],[-91.1783909436757,32.655890662779],[-91.1965634055292,32.670066758981],[-91.2053404021992,32.712945077122],[-91.1783909436757,32.7236452932129],[-91.1697499231936,32.876326829015],[-91.1966993817172,32.8972962948283],[-91.2053404021992,32.9818861552306],[-91.1783909436757,33.0028306080741],[-91.1697499231936,33.0270872895332],[-91.1966993817172,33.0480210099378],[-91.2053404021992,33.3122725859193],[-91.1785444648594,33.3330173576491],[-91.1697499231936,33.3714920569347],[-91.1514414851521,33.378708060932],[-91.14280046467,33.393995221566],[-91.0989505722099,33.402716195345],[-91.0889015476228,33.4989329402012],[-91.0795762624225,33.5061383535863],[-91.0709352419404,33.5214030712637],[-91.0526268038989,33.5286066136346],[-91.0439857834168,33.5438673663825],[-91.025765072151,33.5579374832272],[-91.0169485981176,33.6193234728744],[-90.9987278868518,33.6333812902655],[-90.9900868663697,33.6486235226626],[-90.9760989394675,33.6594126903617],[-90.9631374078461,33.6710547109715],[-90.9009045108877,33.6954945403189],[-90.8912721851165,33.7457830867771],[-90.8730514738507,33.7598202364218],[-90.8643227265929,33.8204464056579],[-90.8460142885514,33.8425485399506],[-90.8373732680693,33.880130172693],[-90.8044715931344,33.9157460543428],[-90.7924575038634,33.9472245441141],[-90.7749298284662,33.9746993394639],[-90.7655080453398,33.9993725206531],[-90.7515201184376,34.0101175170466],[-90.7385585868162,34.0217118608718],[-90.6985993472589,34.0373411760796],[-90.684659669769,34.0738141250992],[-90.6732772075338,34.0916278868353],[-90.6483849260451,34.1107271512254],[-90.6397439055631,34.1258843622583],[-90.6257559786609,34.1366133275984],[-90.5954246784013,34.1637019863157],[-90.5858449885159,34.2299286623238],[-90.5585533976332,34.2370726414194],[-90.5455918660117,34.2486359008506],[-90.5269412974078,34.262920078494],[-90.5139797657863,34.2744797854475],[-90.4690859330497,34.2862245453635],[-90.4600808487391,34.3560955510812],[-90.446092921837,34.366795210903],[-90.4331313902156,34.3783406205066],[-90.4238061050153,34.3854719844557],[-90.4151650845332,34.4005797826636],[-90.3878734936505,34.4077092521407],[-90.3711178088489,34.4226266975007],[-90.361266167486,34.4820728085391],[-90.3430454562202,34.4959882691782],[-90.3343167089624,34.5560883651582],[-90.2980419652385,34.5632045574389],[-90.2894009447564,34.5782802053935],[-90.261175070944,34.5856382518739],[-90.2401646694111,34.6043040029559],[-90.2215141008071,34.618527524514],[-90.2085525691857,34.6300381284494],[-90.1992272839854,34.6371479885644],[-90.1788616698073,34.6552284695915],[-90.1636368049797,34.6817637811137],[-90.1453283669382,34.6888692050286],[-90.1366873464561,34.7039220338198],[-90.0547643261924,34.7110886557803],[-90.0296220246956,34.7333940589853],[-89.9469664920981,34.7406212037347],[-89.9300748311086,34.7556015477722],[-89.9207495459083,34.7627006290317],[-89.9121085254262,34.7777400171722],[-89.8430242200167,34.7867789047517],[-89.8312601498555,34.8072487380846],[-89.7949854061316,34.8143433758492],[-89.7746197919535,34.8323851339586],[-89.7593949271259,34.8588635830346],[-89.7321033362432,34.8659537743287],[-89.6907010025894,34.889327281834],[-89.6785465515552,34.9104460610187],[-89.6153223493077,34.9175318028829],[-89.6066813288256,34.9325429237143],[-89.5695600280493,34.9397921602625],[-89.5527824117784,34.9546338358246],[-89.4431335568203,34.9624652599845],[-89.4270051125811,34.9767295775647],[-89.3759309757926,34.9750708963764],[-89.3512711693163,34.9857627806303],[-89.3282035907485,35.0061561468177],[-89.2990434340063,35.0137168039213],[-89.2743046737014,35.035582909217],[-89.2649793885011,35.0426578331019],[-89.256338368019,35.0576460297729],[-89.1880435973025,35.0652862939586],[-89.1738275827599,35.0899381430186],[-89.0853163316772,35.1014744791096],[-89.0766753111951,35.1091034635433],[-88.986501650424,35.1161720158961],[-88.9778606299419,35.1311467108055],[-88.9220712146675,35.1384142210644],[-88.8970122543712,35.1605284270997],[-88.8337880521237,35.1675925158794],[-88.824151339879,35.1842821268694],[-88.7486191663119,35.1818353679308],[-88.6612264237592,35.184667506787],[-88.6454839748177,35.2119208995309],[-88.6361586896174,35.2189805218733],[-88.6192670286279,35.2338735954741],[-88.5323480072504,35.2414274749305],[-88.519719835041,35.2632808600437],[-88.20496735324,35.2703360131006],[-88.1963263327579,35.2852823139361],[-88.1823384058558,35.2958619393911],[-88.1693768742344,35.3072777908317],[-88.0559031607815,35.3153473858518],[-88.0434986906374,35.336796172093],[-88.030142390771,35.3250355625972],[-87.9897138174105,35.3365957930144],[-87.926489615163,35.343644556469],[-87.9178485946809,35.3585773173028],[-87.9000928316432,35.3719926232369],[-87.8908991361573,35.3878767101659],[-87.8276749339098,35.3949209974853],[-87.8190339134277,35.409844273094],[-87.7647928640215,35.4168866412139],[-87.7471686906982,35.4244859895295],[-87.7019107941331,35.4315270778987],[-87.677290464122,35.4421411604978],[-87.6663203151274,35.4610786378652],[-87.6485645520898,35.4744768898754],[-87.6393708566038,35.4903407772442],[-87.5761466543564,35.497376103931],[-87.5675056338743,35.5122803913936],[-87.530384333098,35.5194780214035],[-87.5136067168271,35.5342140120285],[-87.4268499877837,35.5426624252918],[-87.414792035574,35.5634495135733],[-87.4008041086718,35.5739926622767],[-87.3878425770504,35.5853691432186],[-87.3016560680066,35.5928277272348],[-87.2890278957972,35.6145859844155],[-87.2707194577557,35.6216104155011],[-87.2619073710941,35.6367874988007],[-87.2530952844324,35.6216104155011],[-87.1490345820572,35.6145859844155],[-87.1363142974969,35.6364916145404],[-87.1185585344592,35.6498605823329],[-87.1093648389733,35.6656897840483],[-86.9735736051806,35.6727453573102],[-86.956651240673,35.6875814061719],[-86.7448584986115,35.6947632860734],[-86.7320724196431,35.7167608927161],[-86.6149493003485,35.7237763388906],[-86.6063082798664,35.7386384984075],[-86.5857014186272,35.7456520178399],[-86.5344430571368,35.7310688995681],[-86.4752893460205,35.7196294656328],[-86.4535946815661,35.7386384984075],[-86.318505256589,35.7456520178399],[-86.3016837764811,35.7603855170475],[-86.2405386836363,35.7698581541738],[-86.2289018167159,35.7898621210729],[-86.220032707695,35.7820981262118],[-86.1821218722256,35.7750878191107],[-86.1481674849654,35.7896628716587],[-85.8407620642602,35.7966718934453],[-85.806807677,35.7820981262118],[-85.7705329332761,35.7750878191107],[-85.7247267490791,35.7620601724824],[-85.5442434531457,35.7678651325042],[-85.5193467860818,35.7896628716587],[-85.4538241606366,35.7966718934453],[-85.3969557141957,35.7805021793602],[-85.3756163406226,35.7896628716587],[-85.311637694572,35.7967555005379],[-85.2947679650519,35.8115204393495],[-85.2080112360085,35.8199395476807],[-85.1959532837987,35.8406545064527],[-85.060162050006,35.8476945829348],[-85.0432396854984,35.8624980374441],[-84.9570531764547,35.8699307181991],[-84.9444250042453,35.8916133834335],[-84.9304370773431,35.9021131798106],[-84.9165105583755,35.9142883563971],[-84.8678971389156,35.9127270400472],[-84.7218200199482,35.9174162256853],[-84.7108630303742,35.8986134019444],[-84.6476388281267,35.8916133834335],[-84.6101359194245,35.8529688970088],[-84.5937399110796,35.8406545064527],[-84.5850988905975,35.8258114092237],[-84.5673431275598,35.8124719462494],[-84.5581494320739,35.7966718934453],[-84.4949252298264,35.7896628716587],[-84.481963698205,35.7783154842391],[-84.4679757713028,35.7677992907804],[-84.4587820758169,35.7519903556142],[-84.4410263127792,35.7386384984075],[-84.4323852922972,35.7237763388906],[-84.4155857436586,35.7111391864657],[-84.3859606386882,35.6783341397606],[-84.3691610900497,35.6656897840483],[-84.3599673945638,35.6498605823329],[-84.3422116315261,35.6364916145404],[-84.3334170898603,35.5990480329],[-84.3152621730025,35.5853691432186],[-84.3066211525204,35.57047843304],[-84.2883127144789,35.5634495135733],[-84.2796716939968,35.497376103931],[-84.2703464087965,35.4903407772442],[-84.2527222354732,35.4681165258652],[-84.243396950273,35.4610786378652],[-84.2347120668522,35.3503993429905],[-84.2164474917494,35.3365957930144],[-84.2078064712673,35.3216589689018],[-84.1977574457819,35.3140624607798],[-84.1755101063236,35.3147818778108],[-84.1628907070613,35.3365957930144],[-84.1451349440236,35.350014750594],[-84.1359412485377,35.365903162729],[-84.0951179069323,35.4093026645107],[-84.0377450357981,35.4168866412139],[-84.0281434144434,35.3465587009151],[-84.0551060314892,35.314593971416],[-84.0546981056204,35.3061591872523],[-84.0367844349255,35.2926148037587],[-84.0131290913622,35.2717720377593],[-83.9956321203815,35.2266450719309],[-83.9183673562444,35.2192600277562],[-83.8933961218254,35.2412734307755],[-83.7708646881762,35.2483304995881],[-83.7254181813341,35.2227895965313],[-83.7136058617607,35.1521331964674],[-83.6866125402984,35.1759485056384],[-83.6606807041084,35.153069230449],[-83.6235594042305,35.1458388948779],[-83.6149183837484,35.1088235788305],[-83.5728230133276,35.097919904421],[-83.5610194667012,35.0573659684517],[-83.5176915448285,35.0489170148383],[-83.507120549654,35.0161596319645],[-83.5378290713661,34.9796047849363],[-83.5610194667012,34.9619961505518],[-83.6235594042305,34.8954308985466],[-83.6328846894308,34.8883432494225],[-83.6415257099129,34.7922147298283],[-83.6509738109822,34.7850263243281],[-83.6415257099129,34.7703611871443],[-83.6328846894308,34.6732905767183],[-83.6509738109822,34.6595075945622],[-83.6415257099129,34.6448201802154],[-83.6328846894308,34.6075785162037],[-83.6147780219852,34.5937683621186],[-83.6059352309072,34.5632045574389],[-83.5467902927379,34.5560883651582],[-83.5340700081776,34.5782802053935],[-83.4698676600617,34.585394498677],[-83.4489011214675,34.5667624260115],[-83.4349131945654,34.5560883651582],[-83.4262721740833,34.5410086942367],[-83.4081172572255,34.5271513424177],[-83.3993227155597,34.4891953267507],[-83.3829267072148,34.4766726659636],[-83.3454237985125,34.4373497493389],[-83.2952620131845,34.4302228067111],[-83.2825417286242,34.452448178323],[-83.2446308931548,34.4595732251504],[-83.2085535335533,34.4438322072294],[-83.1564354564883,34.4302228067111],[-83.138811283165,34.4225308142518],[-83.1205028451236,34.4154026080728],[-83.1028786718003,34.4077092521407],[-83.0746527979878,34.4003354879145],[-83.0579629075943,34.3854719844557],[-83.0029454820172,34.3782392564496],[-82.9860976848647,34.3632288089308],[-82.9049071769349,34.3560955510812],[-82.8926255226598,34.3346124488616],[-82.8510082598877,34.3264262725155],[-82.8423672394056,34.3113051011335],[-82.7342272729522,34.3041674264123],[-82.6986367939465,34.2816199826889],[-82.680328355905,34.2744797854475],[-82.6673668242835,34.262920078494],[-82.6533788973814,34.2522071724358],[-82.643865001904,34.2110068810584],[-82.6467818945136,34.1501124606401],[-82.6107615572715,34.1112337674353],[-82.4451302902884,34.1035724695115],[-82.4201590558694,34.1258843622583],[-82.4108337706691,34.1330371566389],[-82.4016400751832,34.1491614022532],[-82.3838843121455,34.162774672048],[-82.3752432916635,34.1779225490572],[-82.3379904020711,34.1850709373827],[-82.3048430944998,34.1554701307473],[-82.222187561004,34.1481903682028],[-82.2135465405219,34.1330371566389],[-82.1995586136198,34.1223077381087],[-82.1865970819983,34.1107271512254],[-82.1503223382745,34.1035724695115],[-82.1411286427886,34.0874395283915],[-82.1233728797509,34.0738141250992],[-82.1147318592688,34.0586475868118],[-82.0960593582972,34.0513467692187],[-82.1147318592688,34.0440453228664],[-82.1233728797509,33.96793696792],[-82.0964234212273,33.9472245441141],[-82.0877824007452,33.8873036952153],[-82.0784571155449,33.8726719824777],[-82.0690353324185,33.8479620725441],[-82.0494504799864,33.8172195111729],[-82.0245581984977,33.7980542451479],[-82.0077805813285,33.7830062212026],[-81.9706592814506,33.7756562250939],[-81.9586101012895,33.7544357718513],[-81.9257435172446,33.7457830867771],[-81.9127819856231,33.7341511900343],[-81.898794058721,33.7233714018126],[-81.8900653114632,33.662676557532],[-81.8718446001974,33.6486235226626],[-81.8632035797153,33.6333812902655],[-81.853755478646,33.6260933526375],[-81.8632035797153,33.6112252167295],[-81.8718446001974,33.4897918081487],[-81.8448951416738,33.4689636906714],[-81.8362541211917,33.4312020253865],[-81.8194545725532,33.4182114783986],[-81.7898294675828,33.3844895901644],[-81.7730299189443,33.3714920569347],[-81.7643011716865,33.3105497414183],[-81.7460804604207,33.2964394647475],[-81.7356103505442,33.2778972393665],[-81.6921815433735,33.2664003284582],[-81.6835405228914,33.2510907676982],[-81.6742152376911,33.2438641933244],[-81.6612537060697,33.2321646796399],[-81.6472657791675,33.2213222464695],[-81.636795669291,33.2027640746741],[-81.5933668621204,33.1912572803171],[-81.5847258416383,33.1759345632242],[-81.5664174035968,33.168701780531],[-81.5577763831147,33.1533751194778],[-81.5378318533277,33.1461404756777],[-81.5128606189087,33.168701780531],[-81.4765858751848,33.1759345632242],[-81.4679448547027,33.1912572803171],[-81.4501890916651,33.2050230459898],[-81.4409953961791,33.2213222464695],[-81.4173532111382,33.2396453577311],[-81.4050627848144,33.2285506840853],[-81.3687880410905,33.2213222464695],[-81.3586600626748,33.176933154412],[-81.2961464421901,33.1685989750622],[-81.2792986450376,33.1533751194778],[-81.2699733598373,33.1461404756777],[-81.2607796643514,33.1298272854447],[-81.2430239013137,33.116049709235],[-81.2300623696923,33.1043331200335],[-81.2160744427902,33.0934748670297],[-81.2074334223081,33.0781350692928],[-80.9776085801561,33.0708942264568],[-80.9648882955958,33.0934748670297],[-80.9009096495452,33.1008002013588],[-80.884039920025,33.116049709235],[-80.7376689190091,33.1232868335101],[-80.6862394913392,33.1081892226288],[-80.6594610989952,33.116049709235],[-80.604443673418,33.1233896920864],[-80.579305759293,33.1461092588443],[-80.4165738399238,33.1533751194778],[-80.4079328194417,33.168701780531],[-80.3447086171942,33.1759345632242],[-80.3277730932661,33.1912315853882],[-80.1150987041605,33.1990002164465],[-80.1025056228411,33.2213222464695],[-80.0882764488778,33.2285506840853],[-80.0714549687699,33.1987322810512],[-79.9218337157323,33.1912572803171],[-79.9048762603348,33.2213222464695],[-79.7151992689154,33.2285763680604],[-79.6982637449873,33.2438641933244],[-79.6423866038355,33.2510907676982],[-79.6084322165753,33.2360646909845],[-79.5672535840885,33.2213222464695],[-79.5545332995281,33.2438641933244],[-79.4374101802335,33.2510907676982],[-79.4282691206333,33.2672878627569],[-79.3791907529453,33.2656613203084],[-79.3400078895589,33.2669596231836],[-79.2940218671335,33.2964394647475],[-79.2577471234096,33.3036616890794],[-79.2491061029275,33.3189620314776],[-79.2381447259817,33.3261823904473],[-79.2131734915627,33.3036616890794],[-79.0944142805226,33.2964394647475],[-79.0694430461036,33.3189620314776],[-79.0013149550932,33.3261823904473],[-78.9885946705328,33.3036616890794],[-78.8265557870322,33.2964394647475],[-78.7956147912061,33.2685237950492],[-78.7655247380076,33.2956732137928],[-78.7497866755397,33.3036616890794],[-78.7365137159756,33.2801542700448],[-78.7187579529379,33.2664003284582],[-78.7101169324558,33.2510907676982],[-78.7007916472555,33.2438641933244],[-78.6840140300863,33.228719463282],[-78.6468927302083,33.2213222464695],[-78.6376990347224,33.2050230459898],[-78.6199432716847,33.1912572803171],[-78.6113022512027,33.1759345632242],[-78.5929938131612,33.168701780531],[-78.5843527926791,33.1533751194778],[-78.5750275074788,33.1461404756777],[-78.550271202178,33.1237680632132],[-78.5392352578771,33.0849526795785],[-78.5211285904316,33.0708942264568],[-78.5119348949457,33.0545670626042],[-78.494179131908,33.0407776894999],[-78.4855381114259,33.0254287051425],[-78.449263367702,33.0181835272607],[-78.4376747501939,32.9773824298355],[-78.4223139091785,32.9654412959078],[-78.4134711181004,32.9342910763847],[-78.3953644506549,32.9202085916071],[-78.3828678672615,32.8979813199241],[-78.3227228517545,32.889937472712],[-78.305875054602,32.8746654133684],[-78.2965497694017,32.8674078692243],[-78.2835882377803,32.8556582295893],[-78.2696003108781,32.8447693566906],[-78.260959290396,32.798365210621],[-78.2835882377803,32.7807393686129],[-78.2965497694017,32.768978259896],[-78.305875054602,32.7617120767893],[-78.3321007728405,32.7379065625975],[-78.3414655336077,32.6547790787228],[-78.3188365862235,32.6371248342557],[-78.305875054602,32.6253447811482],[-78.2965497694017,32.6180668969549],[-78.2839435286617,32.5955626690666],[-78.3418076659668,32.5877963736181],[-78.3504486864489,32.5723689581494],[-78.3597739716492,32.5575156239759],[-78.3684149921313,32.542082999909],[-78.4055362920092,32.5346282478609],[-78.4223139091785,32.5193618249034],[-78.4551804932234,32.5105865264831],[-78.4672296733844,32.4890579871586],[-78.5124875699495,32.4817690426675],[-78.5211285904316,32.4663234083006],[-78.5351165173337,32.4553870087487],[-78.5480780489552,32.4435830884801],[-78.6113022512027,32.4362904626668],[-78.6199432716847,32.4132537353543],[-78.6382517097262,32.4059586568477],[-78.6468927302083,32.3905000282579],[-78.6921506267734,32.3832031110323],[-78.7007916472555,32.3677405873263],[-78.7284385281213,32.3604418320696],[-78.7271665002042,32.3875739245977],[-78.7007916472555,32.3980852344888],[-78.6921506267734,32.4135425643827],[-78.6739957099157,32.4277421614762],[-78.6652011682498,32.466612067341],[-78.650375456344,32.4782020546546],[-78.6382517097262,32.5423714158541],[-78.6289264245259,32.5496554476724],[-78.6202854040439,32.5772166461713],[-78.6663723117672,32.5955423445197],[-78.6828253415731,32.6105002251101],[-78.7460495438206,32.6177787244039],[-78.7546905643027,32.633198322198],[-78.92734869239,32.6404749759657],[-78.952319926809,32.6177787244039],[-79.0073373514877,32.6103967698985],[-79.0285056606779,32.5911483621388],[-79.04249358758,32.5802271447284],[-79.0511346080621,32.542082999909],[-79.0679341567007,32.5289609651878],[-79.097559261671,32.4948979673276],[-79.1143588103096,32.4817690426675],[-79.1229998307917,32.4663234083006],[-79.1369877576938,32.4553870087487],[-79.1542698004546,32.4396481055621],[-79.1682577273567,32.4287084673715],[-79.1768987478388,32.4015276270133],[-79.1499492893153,32.3907889300931],[-79.1413082688332,32.3449754147066],[-79.1229998307917,32.3376748221082],[-79.1143588103096,32.2994278830127],[-79.0935457920009,32.2738566698071],[-79.0780840665857,32.2617434260281],[-79.0613064494165,32.2464308029558],[-79.0241851495385,32.2389516066681],[-79.0149914540526,32.2224718294531],[-78.997235691015,32.2085536176111],[-78.9885946705328,32.1926325500833],[-79.0618986008855,32.1778558857214],[-79.1472385528768,32.0793250381888],[-79.2041903387215,32.071636977111],[-79.220880229115,32.0563722999079],[-79.2525186481816,32.0478829746535],[-79.2803760716921,32.0143827013397],[-79.2863414466258,32.0118238463225],[-79.2983423773745,31.9915290013959],[-79.3163086830569,31.9839098356002],[-79.3119881728159,32.0031016310206],[-79.3026628876156,32.0104290912458],[-79.2940218671335,32.0259524461289],[-79.2838719572485,32.0422130719494],[-79.3256339673589,32.0750081329678],[-79.3385954989804,32.0868600852665],[-79.4018197012278,32.1170089210269],[-79.475461377466,32.1906095082102],[-79.5018055259984,32.201130689917],[-79.5549631568663,32.2496619519461],[-79.5904659108929,32.2690501381031],[-79.6073575718824,32.2844646302331],[-79.69427659326,32.2922830573452],[-79.7069047654694,32.3149020833008],[-79.7715589032912,32.3223694597522],[-79.7691552074236,32.373586577432],[-79.7787699881989,32.3907889300931],[-79.7970784262404,32.3980852344888],[-79.8057194467225,32.4135425643827],[-79.8197073736247,32.4244840421485],[-79.8326689052461,32.4362904626668],[-79.8419941904464,32.4435830884801],[-79.8596183637697,32.466612067341],[-79.86894364897,32.4739022392432],[-79.8819051805914,32.4857021865455],[-79.8958931074936,32.4966349039736],[-79.9046876491594,32.5354750744765],[-79.9228425660172,32.5496554476724],[-79.9314835864992,32.565086769829],[-79.9947077887467,32.5723689581494],[-80.0196790231657,32.5950767177632],[-80.0763281540148,32.5876965880895],[-80.1011853446135,32.565086769829],[-80.147421387047,32.5723689581494],[-80.1601416716073,32.5950767177632],[-80.1833539984118,32.5877963736181],[-80.1919950188939,32.5723689581494],[-80.282168679665,32.565086769829],[-80.2913097392651,32.5487606902327],[-80.3437743342644,32.5505132241231],[-80.3626749228766,32.542082999909],[-80.3809833609181,32.5347983537422],[-80.3978530904382,32.5194487420738],[-80.4618317364889,32.5120753361439],[-80.4735124663479,32.4912057085783],[-80.5202266155319,32.47739354199],[-80.541359833832,32.4966349039736],[-80.560646417742,32.4893465733018],[-80.5721692408421,32.4687529228069],[-80.6325116404716,32.4590326228066],[-80.6492892567425,32.4437533665797],[-80.6864105575188,32.4362904626668],[-80.6950515780008,32.4208370298303],[-80.8570904615015,32.4135425643827],[-80.874012826009,32.3981222707291],[-81.0098040598018,32.3907889300931],[-81.0189977552877,32.3743367479192],[-81.0367535183254,32.3604418320696],[-81.0497150499468,32.3486254908768],[-81.063702976849,32.3376748221082],[-81.072343997331,32.3222045125503],[-81.1086187410549,32.3149020833008],[-81.1336777013513,32.2920420439066],[-81.1894671166257,32.2845295237479],[-81.1981081371078,32.2690501381031],[-81.2433660336728,32.2617434260281],[-81.260683165527,32.2459374027778],[-81.3044453321097,32.2474046111107],[-81.3307982526908,32.2267502171835],[-81.342180714926,32.2085536176111],[-81.3508217354081,32.1930612800338],[-81.387096479132,32.185748456206],[-81.4005624354467,32.149743723077],[-81.4226869581376,32.1398312915153],[-81.4409953961791,32.1325141940827],[-81.4529305316216,32.1005906697451],[-81.5170539259089,32.0419435103788],[-81.5847258416383,32.0259524461289],[-81.6113331678028,32.0180460537547],[-81.6435549653913,32.0093969593576],[-81.7237936444972,31.9733859386213],[-81.7891671352322,31.9711887343056],[-81.800321509827,31.9799549114694],[-81.808962530309,31.987864589259],[-81.8276130998113,32.0025213601844],[-81.8529001486465,32.0256623831256],[-81.9273576775207,32.018207833457],[-81.9669484676743,32.0004457469446],[-82.0031925069818,32.0215939741262],[-82.12371501211,32.0107192024766],[-82.1365054775519,31.965179177601],[-82.1599546649439,31.9643902779631],[-82.1772717967981,31.9802451191178],[-82.2042212553216,31.9910323615449],[-82.1955802348395,32.1401209924155],[-82.1776139291572,32.1542149202557],[-82.1862549496392,32.1781454657658],[-82.1957644595414,32.1856036783892],[-82.1776665641446,32.199792642701],[-82.1766006923988,32.2225404781745],[-82.1862549496392,32.2313530624475],[-82.1955802348395,32.2386622201532],[-82.2042212553216,32.2921236178043],[-82.2305522453317,32.3244636989101],[-82.2332147323579,32.3812195069665],[-82.1862549496392,32.4360017064724],[-82.1758769521137,32.4727698963341],[-82.0997350820818,32.5420719073191],[-82.0072235207495,32.5514042674528],[-82.0041969707931,32.6156986859439],[-82.1057487064276,32.7160875564295],[-82.1143897269097,32.746602418122],[-82.12371501211,32.7614243675029],[-82.1362335269726,32.8056081239481],[-82.223270978644,32.8143618788546],[-82.2401538666864,32.8296738060221],[-82.3106505626745,32.8391106683598],[-82.2851310397252,32.8589725299463],[-82.2764286104103,32.9428278361729],[-82.2494791518867,32.9756879543303],[-82.2583526464829,33.0038495604039],[-82.2850696308924,33.0246085956932],[-82.2764286104103,33.1461404756777],[-82.2532382150752,33.164130500328],[-82.2225296933631,33.2014776642689],[-82.2323462438361,33.2581626952221],[-82.2624406835082,33.2853190026764],[-82.2764286104103,33.2961534958621],[-82.2850696308924,33.3114551556177],[-82.3752432916635,33.3186761364452],[-82.3879635762238,33.3411984558709],[-82.5196799315135,33.3487375775281],[-82.5365979104459,33.3639897079765],[-82.5545642161283,33.3778912540683],[-82.5459231956462,33.393995221566],[-82.5283823608284,33.407564260913],[-82.5272857846661,33.4305980273066],[-82.5365979104459,33.4389840741929],[-82.5459231956462,33.446194473901],[-82.5635473689695,33.4689636906714],[-82.5728726541697,33.4761715977731],[-82.5815136746518,33.5139136759187],[-82.5996203420974,33.5279009129547],[-82.6086649037714,33.5595457688093],[-82.635412591699,33.5801949509683],[-82.6267715712169,33.5962613487846],[-82.6090158081792,33.6099631057796],[-82.5998221126933,33.6261864874894],[-82.5365979104459,33.6333812902655],[-82.5238776258855,33.6558164509205],[-82.5006652990811,33.6486235226626],[-82.4879450145207,33.6261864874894],[-82.447108514393,33.6388427314195],[-82.4561969381074,33.6569957421907],[-82.4740579729166,33.6707699762096],[-82.5115608816188,33.7104502878128],[-82.5279568899638,33.7230868403713],[-82.5365979104459,33.7383131755982],[-82.5547528273036,33.7523004905315],[-82.5635473689695,33.7905888894304],[-82.5728726541697,33.7977699315355],[-82.5830225640548,33.8594619575124],[-82.6059585529082,33.8771076443907],[-82.6349344849486,33.9120622800862],[-82.6088052655345,33.9530353004627],[-82.6509532709428,33.9990888775038],[-82.7352975320699,33.9918629429233],[-82.7601985856073,33.9695775929885],[-82.8064346280408,33.9767435863202],[-82.8287214439643,33.996686968326],[-82.8511793260673,33.9765908151812],[-82.8643119238682,33.9883424866563],[-82.8782998507704,33.9990888775038],[-82.9030386110753,34.0212228873435],[-82.9321987678176,34.028873457772],[-82.945160299439,34.040465240303],[-82.9591482263411,34.0512050345937],[-82.9677892468232,34.0663729047914],[-83.0040639905471,34.0735307307548],[-83.069498890115,34.1360850806366],[-83.0849123661179,34.1479072229226],[-83.0945929413013,34.2397850192403],[-83.1351794223191,34.2628711393627],[-83.163782517584,34.237355487483],[-83.228642811577,34.2444988364304],[-83.2552501377415,34.2596320320956],[-83.3348528033381,34.2721926190318],[-83.3540648189946,34.2893249170643],[-83.3633901041949,34.2964638531737],[-83.372031124677,34.3264262725155],[-83.3958180570563,34.3549675717187],[-83.3723732570361,34.3915349764872],[-83.3810142775182,34.4079915236817],[-83.3963751185337,34.4197338797647],[-83.4079637360418,34.4598553215723],[-83.4629811607206,34.467080992867],[-83.4878339657441,34.4891953267507],[-83.5348683158178,34.4819498762042],[-83.5516941815009,34.4669797363402],[-83.5879689252248,34.4598553215723],[-83.6129401596438,34.4376319208268],[-83.641867842272,34.4447582315843],[-83.6594920155953,34.4820728085391],[-83.6774583212776,34.5100568285802],[-83.6598341479544,34.5190888069582],[-83.6239015365896,34.5284612947727],[-83.6325425570717,34.5782802053935],[-83.6508509951132,34.6001845019927],[-83.6594920155953,34.6374294836543],[-83.6819981471105,34.6545844161133],[-83.6508509951132,34.6918067773317],[-83.6594920155953,34.7629816973232],[-83.7044077798012,34.7746631828105],[-83.6929726825786,34.798264320934],[-83.6594920155953,34.8069678205951],[-83.6507939727539,34.8962961259992],[-83.6325425570717,34.9101654957365],[-83.596952078066,34.9472708597344],[-83.576551372998,34.9627618220249],[-83.5250868553364,35.0145718018893],[-83.5337278758185,35.035582909217],[-83.5758232462394,35.0464949158799],[-83.5876267928657,35.0870542523628],[-83.6239015365896,35.0941247167946],[-83.6404993146322,35.1370081192602],[-83.650802745701,35.0928578213013],[-83.6688173007956,35.0649990789167],[-83.6796163836106,34.9634861480928],[-83.7254795901669,34.9515851837619],[-83.7569776465721,34.8968681420436],[-83.7998976416776,34.8782377942941],[-83.8937031632946,34.8812873729513],[-83.9114282219159,34.8655920818561],[-83.9875481604784,34.8874815363326],[-84.0599528987912,34.8666609606918],[-84.1423584122788,34.863981538882],[-84.2117409862105,34.8940979634418],[-84.2700393673274,34.8959939273469],[-84.2883127144789,34.8880626086279],[-84.3156043053616,34.8809743238709],[-84.3601779372085,34.8659537743287],[-84.3874695280912,34.8588635830346],[-84.4343284255118,34.8293733478393],[-84.4735814697798,34.840507225426],[-84.511075605535,34.8806234920073],[-84.5266250568275,34.9341593142869],[-84.5573686694295,34.9817790937955],[-84.566790452556,35.0061561468177],[-84.5845462155936,35.0196297598999],[-84.5937399110796,35.035582909217],[-84.6206893696032,35.0560266898154],[-84.6119036008844,35.0950560344849],[-84.5935556863777,35.108963521307],[-84.6118948279373,35.1228632538937],[-84.6206893696032,35.1605284270997],[-84.638910080869,35.174329722896],[-84.6476388281267,35.2339362934388],[-84.6630347591339,35.2455865550431],[-84.6745882866503,35.3146082879625],[-84.6839135718506,35.3216589689018],[-84.6925545923327,35.3365957930144],[-84.7065425192348,35.3471687083344],[-84.7195040508563,35.3585773173028],[-84.7745214755351,35.3657243167227],[-84.7956897847252,35.3843543357804],[-84.8096777116274,35.3949209974853],[-84.8183187321094,35.409844273094],[-84.8456103229921,35.4168866412139],[-84.8705245359501,35.4387962671233],[-84.9084923928805,35.4461648533916],[-84.9459953015827,35.4850067312424],[-84.9623913099277,35.497376103931],[-84.9710323304098,35.5122803913936],[-84.9874283387547,35.524645564494],[-85.0317256344471,35.57047843304],[-85.1959532837987,35.5634495135733],[-85.223929137603,35.5514079334689],[-85.3342622554827,35.5478498883626],[-85.3756163406226,35.5558632966355],[-85.426874702113,35.57047843304],[-85.5462962446054,35.5634495135733],[-85.5729035707699,35.5558632966355],[-85.6540940786997,35.5488330952763],[-85.68566670246,35.5398303248156],[-85.8368012313741,35.5558632966355],[-86.0583359565535,35.5488330952763],[-86.1081117465837,35.534636989039],[-86.1301792478137,35.5339248869414],[-86.1557426337017,35.5449341006219],[-86.2323582249088,35.5300840667112],[-86.2606279607616,35.5087634577656],[-86.2880160504688,35.4846995715053],[-86.3428974998579,35.4610482699385],[-86.422776501609,35.4532630023633],[-86.5071514662541,35.4168866412139],[-86.588341974184,35.409844273094],[-86.620682201168,35.3958971371841],[-86.6690192835752,35.3943345931295],[-86.7611273046139,35.397311267608],[-86.8578365594199,35.3878767101659],[-86.8754607327432,35.3802739098888],[-86.9207186293082,35.3732283433879],[-86.9383428026315,35.3656241627568],[-86.9925838520378,35.3585773173028],[-87.0191911782023,35.3509717565643],[-87.2420154771929,35.3364490865489],[-87.3486772586598,35.2831536909533],[-87.4225294775427,35.285543688284],[-87.4597077997799,35.2632808600437],[-87.5233399278963,35.2193639457812],[-87.6118467916071,35.1810950519368],[-87.6741893459122,35.18311522003],[-87.8319033326983,35.1041515234639],[-87.8819159833161,35.0944046519786],[-87.8995401566394,35.0867742919467],[-87.9625055668299,35.0785652954546],[-88.016663275934,35.0576460297729],[-88.079940113169,35.0154806770978],[-88.151410568552,35.0061561468177],[-88.1852026625797,34.9915088664948],[-88.1961552665784,34.9911531163715],[-88.2705952504568,34.9935696690078],[-88.3134494511543,34.97699913259],[-88.3486977986992,34.9617157615485],[-88.442911246185,34.9494154669359],[-88.4654787856347,34.939626757778],[-88.5017535293586,34.9325429237143],[-88.5340937563426,34.9185136875876],[-88.5776848567458,34.9170966050977],[-88.6275176691353,34.9248974489801],[-88.6642792916584,34.9354610339673],[-88.7349733708706,34.9101654957365],[-88.7864247300098,34.8937327969484],[-88.8514122263453,34.8361852632099],[-88.9341379407227,34.8200096446775],[-88.9650526186059,34.7964885720357],[-89.0289523117262,34.7297351883604],[-89.0748988576864,34.6889719953874],[-89.1754899924482,34.6817637811137],[-89.2110804714539,34.6593181773249],[-89.2293889094954,34.6522102180682],[-89.2559962356599,34.6371479885644],[-89.2832878265426,34.6300381284494],[-89.3510211493082,34.5621895440536],[-89.4217152285203,34.5644976886077],[-89.4577224072402,34.5551093896258],[-89.5254908208957,34.4891953267507],[-89.554650977638,34.4815865029327],[-89.6041109541503,34.4375686134701],[-89.6807747938713,34.4300039240825],[-89.7531883051312,34.3655116859565],[-89.7773612328083,34.3560955510812],[-89.812951711814,34.3335620546746],[-89.8312601498555,34.3264262725155],[-89.8480377661264,34.3114717608752],[-89.8851590669026,34.3041674264123],[-89.8968529561823,34.2937424317808],[-89.9387158515907,34.2816199826889],[-89.9660074424734,34.2744797854475],[-89.9826973328669,34.2595939665113],[-90.0109232066794,34.2522071724358],[-90.0195642271615,34.2370726414194],[-90.0335521540636,34.2263564454893],[-90.0508341968244,34.2109343341321],[-90.0648221237266,34.2002148120324],[-90.112514418779,34.1576298005085],[-90.1536009389149,34.1415852239873],[-90.1729620892817,34.1112936892221],[-90.1935382461045,34.0397510227075],[-90.2213825110927,33.9908446443841],[-90.2621093538737,33.9543924206396],[-90.2894009447564,33.9472245441141],[-90.2980419652385,33.93203538232],[-90.3343167089624,33.9248656231972],[-90.3472782405839,33.9132580682679],[-90.3723415873538,33.8939850890538],[-90.430604878479,33.8345350814665],[-90.4453604086049,33.7958106972181],[-90.4870303072627,33.7532523473864],[-90.4956713277448,33.6707699762096],[-90.5139797657863,33.6486235226626],[-90.5226207862684,33.6333812902655],[-90.5408283390119,33.6193362571877],[-90.549570244792,33.5660407426144],[-90.5588955299923,33.5288918181706],[-90.5675365504744,33.3712063343232],[-90.5864108211437,33.3482978900383],[-90.6037762033083,33.2722846625799],[-90.6395421349671,33.244572204103],[-90.6520124004175,33.2007784802821],[-90.7202501487747,33.1898770971405],[-90.7116091282926,32.9651542467612],[-90.6933006902511,32.912667558254],[-90.6845763294669,32.752362909154],[-90.6483849260451,32.6483271889935],[-90.6397439055631,32.542082999909],[-90.6218960301745,32.4991449874421],[-90.6196809454823,32.4519799839947],[-90.6483849260451,32.4295340767481],[-90.6397439055631,32.4132537353543],[-90.622939970451,32.4001092072181],[-90.6212512428197,32.364091283352],[-90.6224969536922,32.3375302864178],[-90.6181106481448,32.2439767591535],[-90.6394500226162,32.2098637016012],[-90.6483849260451,32.1702522362527],[-90.6753343845687,32.1491123902596],[-90.6665047529113,32.1163012031688],[-90.6483849260451,32.1020806579145],[-90.6397439055631,32.0865702152979],[-90.6213565145912,32.0639259662648],[-90.6346207012083,32.0318464665991],[-90.6148779420173,32.0002114006729],[-90.6537976268732,31.8615446427195],[-90.7109292509463,31.8041052548585],[-90.7159252520601,31.6969774626097],[-90.6832165747741,31.6496282111596],[-90.594486008998,31.5602021549897],[-90.5858449885159,31.5292876632877],[-90.5675365504744,31.5066055442832],[-90.5588955299923,31.4833343862383],[-90.5399379190208,31.4757051085974],[-90.5155851531154,31.4316829403308],[-90.4956713277448,31.4069874244851],[-90.4870303072627,31.3530108641518],[-90.45973871638,31.3226124745514],[-90.4432286642148,31.2340307153303],[-90.4235955623705,31.1984539149041],[-90.402550070846,31.1817731514199],[-90.3877813812996,31.1287076276462],[-90.3396636144842,31.0555132120707],[-90.3160082709209,31.0459477436179],[-90.3073672504388,31.030260623812],[-90.2893526953442,31.0159580637736],[-90.2753691540173,30.9780882040109],[-90.1974245125338,30.8959407469572],[-90.1803354683203,30.8496167149736],[-90.1453283669382,30.8302062633066],[-90.1366873464561,30.8067683917818],[-90.1189315834184,30.7926377389187],[-90.1016495406576,30.7611758738538],[-90.0827884294089,30.7461582848154],[-90.091429449891,30.6986889735796],[-90.1017591989027,30.6818981223326],[-90.1001099477366,30.6460906478147],[-90.1154137663928,30.5704629857989],[-90.1003775127406,30.5210445637151],[-90.1097378879325,30.4747198389263],[-90.1183789084146,30.4202146278358],[-90.1600400341254,30.3970121231007],[-90.181260978303,30.3582230541777],[-90.2080042806554,30.3246796133526],[-90.2171935896678,30.2418829377927],[-90.2345194953673,30.1991637942232],[-90.2492180031339,30.1458212854607],[-90.2840540383364,30.1133056330894],[-90.3337113989711,30.073495335126],[-90.3479142540932,30.0218831994394],[-90.4042300255302,29.9988695762578],[-90.4148229521741,29.9698870015622],[-90.4419390904037,29.9481212427616],[-90.4569797305294,29.8391506268406],[-90.4864776322589,29.8154401445468],[-90.5029438214854,29.7851650539978],[-90.5136376334272,29.7751468307303],[-90.5319460714687,29.7676463087686],[-90.5405870919508,29.7439531531545],[-90.5654355105008,29.7337689359741],[-90.6425028914137,29.6960928197877],[-90.6663512317275,29.6737318963837],[-90.6873353153175,29.6651280181552],[-90.7382164544571,29.6346988788795],[-90.7655080453398,29.6271878615683],[-90.806441044292,29.599901380419],[-90.8460142885514,29.5878392831239],[-90.9298102611482,29.5791193487843],[-90.9688790807144,29.542440461268],[-91.0256773453753,29.5133866484793],[-91.0170363248933,29.4940548011185],[-90.9900868663697,29.4829842836691],[-90.9987278868518,29.4236593944197],[-91.0080663305743,29.4161231395216],[-91.0063600579473,29.3785940131223],[-91.0166941925341,29.3688736587192],[-91.0439857834168,29.3613429005195],[-91.0705931095813,29.3532151722111],[-91.1065257209461,29.3432993074697],[-91.0907788855311,29.3042860170599],[-90.9822529255765,29.3080363614346],[-90.9802659285248,29.2643126692951],[-91.0405995552073,29.2476469122734],[-91.0616099567401,29.2278606935526],[-91.1158510061464,29.2203195291378],[-91.1390545600038,29.188954578864],[-91.2416151459231,29.1964980515133],[-91.2583445136801,29.2274358001855],[-91.2685646044467,29.2356998539221],[-91.3060675131489,29.2773066310772],[-91.3227574035425,29.290794345835],[-91.278337291981,29.3000229637245],[-91.2685646044467,29.3535133792546],[-91.2639019618466,29.3572791174315],[-91.2595814516055,29.3453850262621],[-91.2455935247034,29.3340860754168],[-91.2326319930819,29.3218909788353],[-91.196357249358,29.3143567484235],[-91.1836369647977,29.2908555539244],[-91.1514414851521,29.2983915191417],[-91.14280046467,29.3143567484235],[-91.1158510061464,29.3254456429086],[-91.1244920266285,29.3613429005195],[-91.1697499231936,29.3688736587192],[-91.1783909436757,29.3848278527123],[-91.1923788705778,29.3961211757214],[-91.2053404021992,29.408307385406],[-91.2146656873995,29.4158346679343],[-91.2246752355214,29.461492686658],[-91.2772056249288,29.4723860743349],[-91.2684988091404,29.541768835175],[-91.2555021875273,29.5178068011881],[-91.1514414851521,29.5253259604255],[-91.14280046467,29.5412555726739],[-91.1288125377678,29.5525314879542],[-91.1158510061464,29.5646989067982],[-91.0876251323339,29.5724720858244],[-91.066614730801,29.5921913403031],[-91.0439857834168,29.6104214022601],[-91.0531312294905,29.6281677572231],[-91.0709352419404,29.642506693429],[-91.0838967735619,29.6546632625173],[-91.1065257209461,29.6728820223684],[-91.097884700464,29.7208486500093],[-91.0753785689488,29.7389563887445],[-91.097884700464,29.7673493217212],[-91.1083284923976,29.8242366248155],[-91.1248341589876,29.8375050395841],[-91.14168195614,29.8532787283682],[-91.2038139686988,29.8618626619015],[-91.2143235550404,29.9001209388871],[-91.2287939760648,29.9117444087107],[-91.2682224720876,29.9563017750703],[-91.2571996872073,30.0037906630375],[-91.2362419215602,30.0206052264225],[-91.2552609404662,30.0358638646196],[-91.2682224720876,30.0479726445196],[-91.3501454923513,30.055518525047],[-91.3670371533407,30.071297522428],[-91.3810250802429,30.08251382909],[-91.3939866118643,30.0946169036584],[-91.4645710337298,30.1029618110709],[-91.4761157891975,30.2071568039825],[-91.5181146598956,30.2263604974461],[-91.584611045634,30.2187063811876],[-91.5467002101647,30.1567750281191],[-91.5337386785432,30.1330264729929],[-91.5097236585234,30.0937687116735],[-91.5130528643737,30.0210590699009],[-91.5021265783178,30.0010101170999],[-91.4748349874351,29.9701833863011],[-91.466193966953,29.9465382648538],[-91.4482802962581,29.932157290664],[-91.4467143853941,29.8978451354121],[-91.4632332105064,29.8377028925],[-91.5200928840002,29.8144221158297],[-91.5295497571182,29.7628963216869],[-91.5714477434166,29.7457316674257],[-91.5855146241474,29.6944448816687],[-91.6099244124121,29.6428040498864],[-91.6304874107127,29.5969036307943],[-91.6728064823005,29.588136800898],[-91.6816361139579,29.563886265085],[-91.7282976281545,29.5447281540896],[-91.7446717050301,29.5178068011881],[-91.7533127255121,29.439307039308],[-91.7879294460212,29.4113718587867],[-91.7982284897181,29.3923568735081],[-91.8429951201122,29.380008221906],[-91.8450303656778,29.3352160268593],[-91.831621430824,29.2982920634152],[-91.7985706220772,29.2563953381323],[-91.8080625860852,29.1819696704616],[-91.8973019630282,29.1729429633749],[-91.9310326491214,29.1832659736457],[-91.9581619467716,29.157698778938],[-92.0161094234806,29.1964980515133],[-92.0500989016307,29.188954578864],[-92.0823996521495,29.1585146681848],[-92.1397681368102,29.1760719544703],[-92.229590892275,29.1729640275248],[-92.2603564363464,29.1740287376027],[-92.306982859653,29.1460113152379],[-92.3721414212697,29.1324547204494],[-92.3752776294711,29.0632493715243],[-92.3728958659712,29.010677603544],[-92.4094250152785,29.0005636199085],[-92.4272202547813,28.9923286139613],[-92.4569901070901,29.0061050473619],[-92.5688408873198,28.9905215435145],[-92.6156953982669,28.9688323191626],[-92.6519701419908,28.9612721585265],[-92.6649316736122,28.9490327376622],[-92.6789196005144,28.9376901204449],[-92.6888414227589,28.9012279633327],[-92.7583029496209,28.8355776269767],[-92.8479897297961,28.8542886057467],[-92.8606617658425,28.8893462951403],[-92.9078189317853,28.8909842331385],[-92.9477650119219,28.889597844048],[-92.9651918020211,28.9060624214273],[-93.0023131027974,28.9138032303425],[-93.0439215926224,28.9265689278724],[-93.0562120198446,28.9062390539576],[-93.0689323044049,28.8826444959089],[-93.0921446312093,28.8902103918446],[-93.1099047798222,28.8984381586734],[-93.1613692983821,28.8826444959089],[-93.1995213800143,28.8966524909464],[-93.2003021417603,28.9138992194316],[-93.1530353184708,28.9406132184428],[-93.1557504413828,29.0005540291127],[-93.1280772425741,29.0229768528533],[-93.1367182630562,29.0398401509159],[-93.15503985962,29.0631151818136],[-93.153666946405,29.09341086203],[-93.2179087709861,29.1023525749861],[-93.2534992499918,29.1105002414248],[-93.2987571465568,29.1180494778493],[-93.3163813198801,29.1261959013013],[-93.4048925709628,29.1385120214522],[-93.4151960011333,29.1575800340932],[-93.4329517641709,29.1719452660066],[-93.4447531180097,29.1937794024857],[-93.5546059363513,29.1975797480943],[-93.6196219434173,29.1953301903301],[-93.6427333849238,29.2060051009196],[-93.676049565887,29.1967967161692],[-93.7308454821864,29.1578596589324],[-93.7612184516988,29.1568081880788],[-93.8182535769474,29.1587827995002],[-93.8377594755508,29.134027507763],[-93.836691410119,29.1104944932355],[-93.8719265991416,29.095965442347],[-93.9002862545578,29.0491239517569],[-93.8916452340757,29.0159768356661],[-93.8646957755521,28.9817236148246],[-93.8733367960342,28.8666121913881],[-93.8916452340757,28.8590445767943],[-93.9002862545578,28.8193997157452],[-93.9182525602402,28.8048143856175],[-93.9096115397581,28.7091540332633],[-93.9002862545578,28.6858149584927],[-93.891559700986,28.6377449364717],[-93.8826620812345,28.6542877916412],[-93.8374041846694,28.6618702636772],[-93.8048051656285,28.6770047018333],[-93.6128253636396,28.6855148173087],[-93.5959337026501,28.7015076549881],[-93.5140106823864,28.7091540332633],[-93.4970883178788,28.7251721070494],[-93.4288417965746,28.7289993090194],[-93.4288417965746,28.7211216585874],[-93.491723866463,28.7211216585874],[-93.491723866463,28.7132434146087],[-93.5007070193042,28.7132434146087],[-93.5007070193042,28.6974851464282],[-93.5905385477161,28.6974851464282],[-93.5905385477161,28.6896051224349],[-93.5995217005573,28.6896051224349],[-93.5995217005573,28.6738432951645],[-93.77020160454,28.6738432951645],[-93.77020160454,28.6659614920962],[-93.7751076869889,28.6623840818591],[-93.7832618277735,28.653773933776],[-93.8696720379843,28.6452689388046],[-93.8869825914756,28.6186582282151],[-93.8959657443168,28.6186582282151],[-93.8959657443168,28.6107722776339],[-93.9138618691176,28.6028241190249],[-93.9229152028403,28.5871108738148],[-93.9282292111581,28.5838889837849],[-93.935567500205,28.5745559210275],[-93.9731449753641,28.5681112722516],[-93.9947804255699,28.5397720912958],[-94.0037635784111,28.5397720912958],[-94.0037635784111,28.5239877669123],[-94.0127467312523,28.5239877669123],[-94.0261074166938,28.6158858912079],[-94.0444399789923,28.630264669199],[-94.0531994297682,28.6633020198557],[-94.0713894375159,28.6775626996937],[-94.0798681647655,28.7331590692105],[-94.0983388960394,28.7563453018109],[-94.1069623715257,28.8128529037461],[-94.1341267591676,28.8341155700901],[-94.1427502346538,28.8905809918576],[-94.1522378130866,28.9058685098456],[-94.1607165403362,28.9456224060961],[-94.170204118769,28.9530417001998],[-94.1786828460186,29.0163469858996],[-94.1971535772926,29.0394700848993],[-94.2056323045422,29.0948730941922],[-94.2241030358162,29.1179785866013],[-94.2353012724513,29.1807422836195],[-94.260035647181,29.1733393584968],[-94.2774975272717,29.1650549546416],[-94.3062738824021,29.1572946621352],[-94.3224132914777,29.141519466319],[-94.3498671755929,29.1341137131957],[-94.3763122085249,29.1179785866013],[-94.4094288125781,29.1090439795143],[-94.4212279727309,29.0865823650993],[-94.4767432437401,29.0790212371933],[-94.5007538772865,29.0555331598283],[-94.5432571735761,29.0440584211138],[-94.5712988226867,29.0166193234686],[-94.609874182396,29.0062028678689],[-94.5924123023052,28.9687613253186],[-94.5469921125076,28.9613431575071],[-94.5205470795756,28.9530417001998],[-94.4689619379344,28.939102737414],[-94.4355536455186,28.9232135255263],[-94.3121690764542,28.9087675470074],[-94.2864806801129,28.8984458391926],[-94.2690188000222,28.8744077953387],[-94.2435321742769,28.864163341472],[-94.2847524760165,28.8319041935329],[-94.2997031974773,28.8033653495643],[-94.3192836634358,28.7717851927173],[-94.3326728596078,28.7057185222634],[-94.2917288940226,28.6655188931463],[-94.2774975272717,28.6543590001276],[-94.2690188000222,28.6460330498485],[-94.2413127040095,28.634871083685],[-94.215119882975,28.6223795903091],[-94.147680442258,28.6131539128907],[-94.1636619445746,28.5873342647387],[-94.1601112303449,28.5350401248056],[-94.2325817630658,28.4199317520271],[-94.2237981871346,28.4088750614568],[-94.215119882975,28.4255040259134],[-94.196649151701,28.4329602677931],[-94.1881704244514,28.4492017170124],[-94.1115614125055,28.4529290686078],[-94.1115614125055,28.4450307064084],[-94.1744434823938,28.4450307064084],[-94.1744434823938,28.4371317543421],[-94.1804088573274,28.4344780677872],[-94.1924097880762,28.4134313600027],[-94.2013929409174,28.4134313600027],[-94.2013929409174,28.40553004953],[-94.2133938716662,28.4002827599174],[-94.2432909272158,28.3949734730286],[-94.2463087051234,28.3897256606832],[-94.2953826863379,28.3538638048463],[-94.3246788183698,28.3461008887641],[-94.3402984505439,28.3301447901342],[-94.3547754508294,28.3191656186253],[-94.3672479090675,28.3064204805466],[-94.381724909353,28.2954388594973],[-94.394197367591,28.28269087897],[-94.4234934996229,28.2749227655535],[-94.4467145984761,28.2511822811565],[-94.522009912354,28.2435780266549],[-94.5452310112072,28.2198305618967],[-94.5745271432391,28.2120578681354],[-94.5786853602476,28.2078060308273],[-94.6371657732787,28.1643367548798],[-94.6459690869932,28.1562583807613],[-94.6597135740467,28.1446153995515],[-94.6808467923468,28.1252192247411],[-94.6998680040404,28.2124695138665],[-94.6597991071364,28.2645463712399],[-94.623307242405,28.2856168119777],[-94.5473210854461,28.3180747830662],[-94.5203847863431,28.3542363029287],[-94.4927444847385,28.3621298564906],[-94.4743899909707,28.378937889711],[-94.4575027164548,28.409559868948],[-94.4384639588671,28.4342620675102],[-94.4395429900335,28.4808077289094],[-94.462264050667,28.4804009767852],[-94.4752891830105,28.456798974114],[-94.4891652597783,28.4490590222445],[-94.5022386415341,28.4727514360194],[-94.5253632424612,28.4883853653322],[-94.5691341810927,28.4623056796903],[-94.6010533227873,28.477127627051],[-94.5740621950109,28.5121229195648],[-94.5833041399091,28.5358416454466],[-94.5740512292763,28.5516203419607],[-94.5922500090727,28.5751992088611],[-94.6100364756285,28.5990211902508],[-94.6191994675963,28.6067501383499],[-94.6280027813109,28.6384494325908],[-94.6382426107592,28.6647048903096],[-94.6641283903245,28.7087847115774],[-94.6632270045988,28.7475640593214],[-94.6730983846435,28.7643625648042],[-94.681901698358,28.780268373992],[-94.7198542030802,28.7883779807351],[-94.7627500739288,28.8274985928289],[-94.7719130658966,28.8352106741988],[-94.8076658381348,28.8718554195429],[-94.7537669210876,28.9374617202391],[-94.744963607373,28.9612011594972],[-94.7178343097228,28.9767622203709],[-94.6958260245381,28.9968001137151],[-94.6668895698611,29.0211147032263],[-94.6533095688278,29.1061313946513],[-94.636619677536,29.1344355468003],[-94.6010533227873,29.1495069682209],[-94.5823676632934,29.1579132860643],[-94.5473342448667,29.2045674222249],[-94.5202049472165,29.2122513994582],[-94.5114016335019,29.2205071081405],[-94.5663532637727,29.2360692140799],[-94.5850016395891,29.2357362160367],[-94.6761337075469,29.2153543066505],[-94.7905482831907,29.2045042476625],[-94.8263229868982,29.1884165588158],[-94.891268813981,29.1895730112028],[-94.9154636722291,29.1573521202035],[-94.9695424284029,29.1025806116144],[-94.9988539117447,29.0635081662583],[-95.0142783534823,29.0081918768057],[-95.0339991812039,28.9656644107908],[-95.0321986034383,28.888470668574],[-94.983387799856,28.7635358729426],[-94.9654083356513,28.6827731084263],[-94.9154636722291,28.6305649686047],[-94.8961112948094,28.58749025309],[-94.8979096797874,28.5101244374605],[-94.9822254292857,28.4661328251402],[-95.0451096919616,28.4946074489278],[-95.0607731879728,28.5229818985977],[-95.0576040825674,28.6593896628582],[-95.0712016285965,28.6825479960803],[-95.1222560267032,28.6934663318733],[-95.1440932466067,28.7033351423288],[-95.2231958721869,28.8150089584815],[-95.2198359628186,28.9591383276688],[-95.2647999764368,29.0469842653332],[-95.2747897858769,29.2491107752401],[-95.2524218233372,29.2554443752217]],[[-94.0127467312523,29.4746543480529],[-93.9947628805741,29.4942036981727],[-93.8870045229449,29.5059334068502],[-93.8948011800605,29.5604658486348],[-93.953503101471,29.5719303673673],[-94.032700033088,29.5633635760159],[-94.0436899207643,29.5406736172928],[-94.0630137874535,29.5176579388418],[-94.0306647875225,29.4791143755828],[-94.0127467312523,29.4746543480529]],[[-94.3451233863765,29.5137492760663],[-94.3489175404549,29.5306520119593],[-94.367443099504,29.539753930125],[-94.3750094761915,29.5169288932241],[-94.3451233863765,29.5137492760663]],[[-91.1830535862758,29.4590121529945],[-91.1861283865427,29.4685482217615],[-91.1940061902745,29.4616893700542],[-91.1830535862758,29.4590121529945]],[[-91.0662725993403,29.3885924327622],[-91.042617255777,29.4162033763145],[-91.0752513657079,29.4311282370623],[-91.0881514893949,29.3939008278785],[-91.0662725993403,29.3885924327622]],[[-91.7220427567475,30.5480952182073],[-91.7220427567475,30.5790355514958],[-91.7489922152711,30.5790355514958],[-91.7489922152711,30.5480952182073],[-91.7220427567475,30.5480952182073]],[[-91.7130596039063,30.4939259035492],[-91.7036158893105,30.5102921037102],[-91.7176696106207,30.5274829999913],[-91.7250605346551,30.4991567357513],[-91.7130596039063,30.4939259035492]],[[-91.6681438397003,30.4474710431703],[-91.67424080345,30.478413171231],[-91.6990058825961,30.4680057053838],[-91.6681438397003,30.4474710431703]],[[-95.0907250721957,30.1682774232486],[-95.0864857085709,30.1723785959442],[-95.055707005079,30.1805955960341],[-94.9931253973986,30.2099884142064],[-94.9474990514299,30.2541066505607],[-94.9072854062892,30.2851403137902],[-94.8978394989058,30.3166374734479],[-95.0012312896693,30.3554960208734],[-95.0320823659321,30.3740898161992],[-95.0954688614121,30.3969024051485],[-95.1216616824466,30.4091767721722],[-95.1779906124059,30.4314724851193],[-95.2644249468736,30.4270303919515],[-95.3075993484609,30.4010205149615],[-95.3271293713213,30.292868791116],[-95.3461637424355,30.2314843868139],[-95.325151148115,30.1980700826952],[-95.2746274926444,30.1879095521436],[-95.240714774637,30.1719804315816],[-95.0907250721957,30.1682774232486]],[[-96.0609055790448,30.0750364323469],[-96.0559644066043,30.079822790645],[-95.9631699289581,30.0985029326172],[-95.9134314226054,30.1285575706746],[-95.8136166631161,30.1486413834351],[-95.7871716301841,30.1646121998344],[-95.759717746069,30.1719425103796],[-95.7443744509476,30.1867872795727],[-95.6666162278519,30.2280242749363],[-95.583987012299,30.2446339740838],[-95.5263268383774,30.2339893861915],[-95.4997107392659,30.2434649830854],[-95.5176770449483,30.2573328347933],[-95.5307153367124,30.2699353472059],[-95.6237006183216,30.3403530729247],[-95.7011825043645,30.3609992136677],[-95.7384266210098,30.3435347817408],[-95.7966614014046,30.3280151660592],[-95.8315829687985,30.3116335206922],[-95.8590368529137,30.304313620703],[-95.9070866316352,30.2817692109874],[-96.047365055375,30.2703994104067],[-96.0741280955108,30.2340519153026],[-96.0836156739436,30.2267262281212],[-96.0977549283435,30.2001077497426],[-96.0894516528487,30.0796462952652],[-96.0609055790448,30.0750364323469]],[[-95.1985229062901,29.9038663002262],[-95.1941212494328,29.9078377509151],[-95.1534273038558,29.919283539464],[-95.1391433012191,29.9321686948388],[-95.119126397763,29.9679205840147],[-95.1349697320024,30.0214635399643],[-95.2046856653461,30.0399705360179],[-95.3085774943294,30.0169193326055],[-95.3660600228102,29.9767321124699],[-95.3644524417952,29.9084099763132],[-95.1985229062901,29.9038663002262]],[[-94.228342399441,29.5450143506068],[-94.2152010295912,29.5648400692058],[-94.1974693908105,29.5781275326714],[-94.1882515710677,29.5960893416232],[-94.1786016994024,29.6111307061856],[-94.1701339378874,29.6673710047687],[-94.1613021125441,29.65017285976],[-94.1532861398367,29.6429451030031],[-94.0991722936713,29.6797722749752],[-94.0894368898145,29.7443911203127],[-94.0779667017019,29.7516115824083],[-94.0624874312909,29.7360122944273],[-93.9719891840549,29.7287907090824],[-93.9546895971966,29.7204105800578],[-93.9180902670077,29.7131878718243],[-93.9023368523316,29.6973082759877],[-93.8641913499605,29.6897790688417],[-93.8558749159434,29.6735908864184],[-93.8431612106442,29.6663648116879],[-93.8199423045786,29.6897790688417],[-93.769085289696,29.6970034607307],[-93.7570602346903,29.6735908864184],[-93.7204609045014,29.6663648116879],[-93.705075939229,29.6508475765731],[-93.6827079766893,29.6429451030031],[-93.6668953468663,29.6588961785824],[-93.6521968382014,29.6440697092551],[-93.6197403737112,29.6598071564944],[-93.5931111160773,29.711654503174],[-93.597933858224,29.7637873182303],[-93.5740284955509,29.800977452614],[-93.5776121069846,29.839681393872],[-93.6047940396223,29.859993013175],[-93.6555019197947,29.8685288226637],[-93.6935114459778,29.8451563125838],[-93.7121444704843,29.8379425975383],[-93.743980272775,29.8183609742281],[-93.8735078622138,29.8273912201222],[-93.9772812618016,29.8201571939503],[-93.9899554897373,29.7812229844413],[-93.9713246589167,29.7672903055193],[-94.02961865356,29.7599891047361],[-94.0602745402846,29.7908732600155],[-94.0999662148379,29.7986993873814],[-94.1158797299589,29.814724670858],[-94.1441209550812,29.8057256323984],[-94.1618416281273,29.8235725876222],[-94.2784537416709,29.8154420478578],[-94.2995387105588,29.7942059098902],[-94.3140157108444,29.783381529406],[-94.3223321448615,29.767208443222],[-94.340965169368,29.7599891047361],[-94.3492816033851,29.5488989104302],[-94.228342399441,29.5450143506068]],[[-94.2013929409174,29.2162501316133],[-94.1881704244514,29.2360692140799],[-94.151733387495,29.2434676094394],[-94.1432546602454,29.2909263257076],[-94.1247839289714,29.2983207525318],[-94.1163052017218,29.3144275039166],[-94.0850023348549,29.3228566211476],[-94.0624062846747,29.3963848626494],[-94.1181233244832,29.4096829707486],[-94.1786916189657,29.4065382020894],[-94.1876659988598,29.4318521698302],[-94.2690188000222,29.4392363705756],[-94.2782410062386,29.4567339812124],[-94.2959682585457,29.4705244470295],[-94.3083376386982,29.4939841705284],[-94.3493627500013,29.4811362153669],[-94.3408840227517,29.4392363705756],[-94.3224132914777,29.4318521698302],[-94.3125419123314,29.3857852536911],[-94.2699662414742,29.3835742352772],[-94.2395823062271,29.4020673417939],[-94.196649151701,29.3848985592866],[-94.1839310599283,29.3724973995049],[-94.1612209659278,29.3548113323512],[-94.1696996931774,29.3139876710844],[-94.1881704244514,29.3065943789808],[-94.196649151701,29.2904863916133],[-94.2143764040082,29.2766715118304],[-94.2235986102246,29.2591429393346],[-94.2405078162099,29.2319889595831],[-94.215119882975,29.2199501121664],[-94.2013929409174,29.2162501316133]],[[-91.1201715163874,29.3729369791268],[-91.1134166067607,29.3869509399804],[-91.1444672599336,29.4056306716016],[-91.1597710785898,29.3817931557239],[-91.1201715163874,29.3729369791268]],[[-94.3181739278529,29.2946236060462],[-94.3220777392781,29.3495391314327],[-94.3308262252176,29.3291550573065],[-94.3446913353524,29.3105894245848],[-94.3181739278529,29.2946236060462]],[[-94.1115614125055,29.2319296297854],[-94.0995670610178,29.2552932153981],[-94.1334161774048,29.2662699046972],[-94.1419365757038,29.2357878882043],[-94.1115614125055,29.2319296297854]],[[-94.4439380676297,28.7132434146087],[-94.4378849668187,28.7277011532557],[-94.4405299088491,28.7565664098468],[-94.4376502990187,28.7879608868184],[-94.4789407825382,28.8389858117731],[-94.5735753144151,28.8690187319374],[-94.6234519897434,28.8655078153587],[-94.6485065644645,28.8400385988234],[-94.6354046710799,28.8087827970582],[-94.6108128517993,28.7902174033814],[-94.5364956846882,28.7802914409436],[-94.4799518256107,28.7227526275218],[-94.4439380676297,28.7132434146087]],[[-94.964960932419,28.5239877669123],[-94.9497777377425,28.553282842969],[-94.954227644012,28.579740629524],[-94.9944588341485,28.5905464213939],[-95.004806128156,28.5299341415095],[-94.964960932419,28.5239877669123]]]}},{"id":"9","type":"Feature","properties":{"category":1,"label":"0.10 to 0.25 inches"},"geometry":{"type":"Polygon","coordinates":[[[-83.5024579070539,35.552348273016],[-83.580613091182,35.5563343343536],[-83.6044570459207,35.5780400780016],[-83.7349101453421,35.5890967385166],[-83.7133075932386,35.6142418779565],[-83.7048332515642,35.6365575647898],[-83.6324592176678,35.6434481766914],[-83.6012682018335,35.6718135581397],[-83.5608484005217,35.653968315195],[-83.5216699236088,35.6712665887638],[-83.3959891232359,35.6808478062058],[-83.3480248767059,35.7244386797325],[-83.2670229808497,35.7601666169127],[-83.2107598452985,35.7501908955601],[-83.228217339814,35.7382949264309],[-83.2756596157566,35.7293348409213],[-83.2731067860771,35.6945655793545],[-83.2916082208692,35.6730535787823],[-83.3000825625436,35.6580473243643],[-83.3365239850752,35.6511579715892],[-83.3616311956821,35.6283222720314],[-83.4258730202632,35.6314346704537],[-83.4527961608439,35.6069386362363],[-83.467209559509,35.5964693749826],[-83.4892375833755,35.570822727669],[-83.5024579070539,35.552348273016]]]}},{"id":"10","type":"Feature","properties":{"category":1,"label":"0.10 to 0.25 inches"},"geometry":{"type":"Polygon","coordinates":[[[-81.7417599501796,36.366714307839],[-81.7367639490657,36.3761159805958],[-81.7213460865893,36.3696122776127],[-81.7417599501796,36.366714307839]]]}}],"meta":{"source":"NWS NDFD precipitation forecast","issued":"2026-10-08T11:14:52.734819+00:00","window_end":"2026-10-10T11:14:52.734819+00:00","window_hours":48,"generated_at":"2026-10-08T11:14:53.069989+00:00","n_polygons":11}}