{"type":"FeatureCollection","features":[{"id":"0","type":"Feature","properties":{"category":2,"label":"0.25 to 0.50 inches"},"geometry":{"type":"Polygon","coordinates":[[[-83.1790644047709,35.4645976588442],[-83.189780148182,35.4713333862794],[-83.1985045089663,35.5193959089956],[-83.1780950309512,35.5409135662008],[-83.1392192090339,35.5168129024474],[-83.1560275306195,35.48973006746],[-83.1790644047709,35.4645976588442]]]}},{"id":"1","type":"Feature","properties":{"category":0,"label":"0.01 to 0.10 inches"},"geometry":{"type":"Polygon","coordinates":[[[-91.4166155601469,28.1365355373921],[-91.4575222411562,28.1404556429097],[-91.4749183277373,28.1564169375278],[-91.502556435656,28.164325153568],[-91.5198340919432,28.1801746312671],[-91.5559421550628,28.1879341802599],[-91.5980419119572,28.2265456984117],[-91.6363124238831,28.2429037409573],[-91.6499976957897,28.25545170806],[-91.6637399891571,28.2670826165704],[-91.6725476902436,28.2830636264757],[-91.686289983611,28.2946915198305],[-91.6994971487672,28.3067931449566],[-91.7625546704103,28.3145434868623],[-91.7713623714967,28.330517371403],[-91.8127164557383,28.3393913575962],[-91.8252612885439,28.3621414362899],[-91.8613693516634,28.3698877416448],[-91.8736685509343,28.3921894639333],[-91.9062851158694,28.40150007761],[-91.9237031339198,28.4174435185699],[-92.0859481726933,28.4252031424985],[-92.0988526828538,28.448592370528],[-92.18476724042,28.456798974114],[-92.1845742427711,28.4651765340895],[-92.1489223549326,28.4645364308499],[-92.1188542341018,28.4824539971172],[-92.0949313255345,28.5043330572151],[-92.058823262415,28.5120689594083],[-92.0500155613285,28.5516877670401],[-92.0067358888681,28.5640239344989],[-91.9961166442814,28.5832457490972],[-91.9330591226382,28.5909758572435],[-91.9242514215518,28.6069080229909],[-91.7873065901358,28.6153121623752],[-91.7535715175691,28.6305649686047],[-91.7347674277814,28.63857262264],[-91.7176389062043,28.6542165831063],[-91.6815308430848,28.6619414678018],[-91.6727231419983,28.6778628636676],[-91.6294434695379,28.6901842164353],[-91.6188242249512,28.7093829356291],[-91.5916993146728,28.7171037518964],[-91.5662455861316,28.7403320062834],[-91.5279750742056,28.7566106318703],[-91.4888404602314,28.7923143436863],[-91.4567721829283,28.8193132476936],[-91.4391611681273,28.835368214248],[-91.4300025635313,28.8430797124782],[-91.4211948624448,28.8589735077718],[-91.3761036464841,28.8666832559751],[-91.3672959453977,28.8825734430247],[-91.3535536520302,28.8941352239765],[-91.3403464868741,28.9061680172201],[-91.3311878822781,28.9138742626387],[-91.3029970993556,28.9395518533994],[-91.3044270349299,29.0008072259804],[-91.3403464868741,29.0160477978842],[-91.3491541879605,29.0245187109445],[-91.3311878822781,29.0396119762107],[-91.3133970283505,29.0633279687449],[-91.3042384237546,29.0710225120461],[-91.2954307226681,29.086881349375],[-91.2645116583114,29.0956492373907],[-91.241531805621,29.1575091701055],[-91.2237102481752,29.172464222832],[-91.2145823470974,29.1888837365362],[-91.1784742839778,29.1965688893653],[-91.1696665828914,29.2124083653339],[-91.1515248254542,29.2200917546208],[-91.1427171243678,29.235927594508],[-91.1245753669306,29.2436092193628],[-91.1157676658442,29.2594414213359],[-91.0976741578193,29.2746092577983],[-91.0888182073206,29.3377817922791],[-90.9988112271539,29.3454557610126],[-90.9900035260675,29.3612721775817],[-90.9718617686303,29.3689443771606],[-90.9450877618615,29.3847571460889],[-90.8460976288536,29.3924275756322],[-90.8077437766254,29.4177813542217],[-90.7840533430706,29.4392554709779],[-90.762608697726,29.448315948458],[-90.7118679203496,29.4942915092537],[-90.6937305484876,29.4939688992332],[-90.6715226854945,29.5039254225151],[-90.6576268709433,29.5411849750198],[-90.6484682663473,29.5488435819131],[-90.6396605652609,29.580710049354],[-90.6622105597148,29.5995485966003],[-90.6754177248709,29.6114987038133],[-90.6845763294669,29.6191519778689],[-90.6933840305533,29.6349257262923],[-90.8115379307038,29.6426553717675],[-90.6933840305533,29.6503844246548],[-90.6845763294669,29.6661532811714],[-90.6484682663473,29.6738024020728],[-90.6396605652609,29.6895675875818],[-90.6215188078237,29.6972149271206],[-90.6127111067373,29.7129764398448],[-90.5227041265706,29.7206219971596],[-90.5138964254841,29.7363798353244],[-90.5047378208882,29.7518229337556],[-90.4871838275482,29.8143079432212],[-90.4461236253551,29.8219895341497],[-90.4330480499134,29.7986061328733],[-90.3926808844873,29.7816093944292],[-90.3445455717778,29.7959093064521],[-90.3342333686602,29.8143517097279],[-90.1364285543992,29.8219895341497],[-90.1173744446033,29.8305038586791],[-90.1189184239978,29.8960788320988],[-90.1173656725545,29.961870992941],[-90.1366040061539,29.9699572986611],[-90.149578697196,29.9931162857003],[-90.2623681459307,30.0010803921688],[-90.2711758470171,30.0328032111011],[-90.244546588485,30.054950942559],[-90.2354186874071,30.0712272979148],[-90.2172769299699,30.0788454209121],[-90.2084692288835,30.1178605942481],[-90.1859104623809,30.13660941511],[-90.1725366175187,30.1722382905535],[-90.1633780129228,30.195378403007],[-90.1545703118363,30.2739034870978],[-90.1815197703599,30.2962622353831],[-90.1906476714378,30.3124987705237],[-90.2084692288835,30.3272825659515],[-90.2172769299699,30.3429442521069],[-90.3072839101366,30.3505413687768],[-90.3160916112231,30.3661993335437],[-90.3342333686602,30.3737946444297],[-90.3433612697381,30.3900221083626],[-90.3796754899272,30.4047904097953],[-90.4044844311136,30.3825188730301],[-90.4149062924762,30.3272825659515],[-90.4327278499219,30.3124987705237],[-90.4418557509998,30.2962622353831],[-90.459997508437,30.288660908419],[-90.4688052095234,30.2729905456289],[-90.4825475028909,30.2615856294346],[-90.495754668047,30.2497133371185],[-90.504913272643,30.2421084049092],[-90.5138043131332,30.2027670784739],[-90.5324066332233,30.1873180857713],[-90.5315425311751,30.1506459371876],[-90.4418557509998,30.1411689909969],[-90.4330480499134,30.1273321906876],[-90.4860916378594,30.1161475285949],[-90.495754668047,30.0477467340945],[-90.504913272643,30.0401262176029],[-90.5137209737294,30.0244163088852],[-90.5318627311665,30.0167939982535],[-90.540670432253,30.0010803921688],[-90.6353926909056,29.9934562882391],[-90.6484682663473,30.0167939982535],[-90.6671626987883,30.0323456238274],[-90.6662547329031,30.0707812756276],[-90.6755975630992,30.0944005872541],[-90.6753957934015,30.1030965223284],[-90.6484682663473,30.1254751242087],[-90.6396605652609,30.1571580836068],[-90.6622105597148,30.1758880629823],[-90.6754177248709,30.1877692688686],[-90.6881248509089,30.1983240829725],[-90.8600197613477,30.1952912062544],[-90.8730470873772,30.172082816968],[-90.8893904598363,30.1585063515277],[-90.8999965459008,30.1021630225976],[-90.9091551504967,30.0867741740045],[-90.9179628515832,30.0710716652215],[-90.9361046090203,30.0634529437106],[-90.9449123101068,29.9699572986611],[-91.0349192902735,29.9623308049799],[-91.0437269913599,29.9466085784661],[-91.061087987051,29.9389802934573],[-91.0707071534016,30.0326835927582],[-91.0888182073206,30.0477467340945],[-91.0976259084071,30.0634529437106],[-91.1159562770196,30.07114948121],[-91.0976259084071,30.0788454209121],[-91.0888182073206,30.0945466956999],[-91.0750759139531,30.1059709655777],[-91.0618687487971,30.1178605942481],[-91.0527101442011,30.1254751242087],[-91.0439024431147,30.1955338398299],[-91.0257606856775,30.2031423739695],[-91.0169529845911,30.2188238787964],[-90.9988112271539,30.2264306123859],[-90.9900035260675,30.2421084049092],[-90.9269460044244,30.2497133371185],[-90.9178181033465,30.2659575758566],[-90.8999965459008,30.2807483888671],[-90.8911888448143,30.4828434726678],[-90.9178181033465,30.5048899178791],[-90.9269460044244,30.5210917954633],[-90.9459650233303,30.5286750468671],[-90.9762612327,30.501511274021],[-90.9900035260675,30.4901329969062],[-90.9988112271539,30.4280307789363],[-91.0880418311498,30.4204396847379],[-91.0976259084071,30.5138045912378],[-91.0750759139531,30.53246645025],[-91.0618687487971,30.5443044249079],[-91.0527101442011,30.5518858642665],[-91.0439024431147,30.6448283435235],[-91.0260808856689,30.6595617456302],[-91.0169529845911,30.6757377896583],[-90.9988112271539,30.6833089454875],[-90.9900035260675,30.6989133855513],[-90.8999965459008,30.7064827239567],[-90.8911888448143,30.7220834169649],[-90.8730470873772,30.7296509371449],[-90.8642393862908,30.7452478814468],[-90.8193674850235,30.7546493152554],[-90.8103404692436,30.9959722321178],[-90.8642393862908,31.0072345156442],[-90.8730470873772,31.122810667641],[-90.8911888448143,31.1303465459823],[-90.8999965459008,31.145878253351],[-90.9181251448156,31.1607862243067],[-90.9269460044244,31.3532337399177],[-90.9361046090203,31.3607512568116],[-90.9449123101068,31.3977831957902],[-90.8732400841278,31.4097258682498],[-90.8642393862908,31.628538382449],[-91.0169529845911,31.6364931430381],[-91.0257606856775,31.856718255575],[-90.9718617686303,31.8656555343573],[-90.9630540675439,32.0867913342757],[-90.9269460044244,32.0942495889362],[-90.9180900539257,32.1326683422594],[-90.9091551504967,32.1170776500352],[-90.8478126735294,32.10962125941],[-90.8372899277672,32.155263986234],[-90.7936198744337,32.1731983546937],[-90.78339101072,32.2616748069277],[-90.7472829476005,32.2691187523869],[-90.738475246514,32.3072413130298],[-90.6937831843734,32.3194986048149],[-90.6845763294669,32.3831345839082],[-90.6497315222156,32.3926834329748],[-90.6396605652609,32.4362219758404],[-90.5685804916492,32.4445973463954],[-90.5588121896901,32.5120069069462],[-90.5227041265706,32.5194302492593],[-90.5138964254841,32.6086232366451],[-90.5588121896901,32.6178470737264],[-90.5690103489874,32.6618268766639],[-90.6127111067373,32.6707959976093],[-90.6215188078237,32.7904100457357],[-90.5676198907766,32.7992556291757],[-90.5588121896901,32.9201441569528],[-90.4977153462575,32.9190966236743],[-90.4869469669606,32.9653732139581],[-90.442228586877,32.9745196487027],[-90.4330480499134,33.1159817435855],[-90.3969399867938,33.1233547942589],[-90.3881322857074,33.1911893729189],[-90.3438963988478,33.2002132568267],[-90.3342333686602,33.2663324793783],[-90.3164118112145,33.2806511389302],[-90.3072839101366,33.2963716390134],[-90.2711758470171,33.3037295098956],[-90.2623681459307,33.3714242896118],[-90.2172769299699,33.3787758233301],[-90.2084692288835,33.4688959993812],[-90.171900603111,33.4763325799138],[-90.1545703118363,33.4913739262441],[-90.0919645790007,33.5015664604997],[-90.0827050891068,33.5961937570877],[-90.0390043313569,33.6050679137303],[-90.0288061720596,33.648555972029],[-89.9926981089401,33.6558839966035],[-89.9838904078536,33.6709871779462],[-89.9401896501037,33.6798536306871],[-89.9299914908065,33.7233039098953],[-89.8669339691633,33.7306255642093],[-89.8581262680769,33.8203789901669],[-89.8167721838353,33.828754505039],[-89.8042273510297,33.8502261096116],[-89.7646935832354,33.8582308113725],[-89.7503284339825,33.8949772409449],[-89.7154836267313,33.904362968162],[-89.7054126697766,33.9471572287256],[-89.6423551481334,33.9544597310505],[-89.6245642942058,33.9769600122514],[-89.5884562310863,33.9842599563566],[-89.5796485299998,34.0216446044514],[-89.5359477722499,34.0304747374156],[-89.5257496129527,34.0737469099932],[-89.4896415498331,34.0810385324605],[-89.4808338487467,34.1258171884969],[-89.4173684003364,34.133151524125],[-89.3999854731759,34.1481232121697],[-89.3638774100564,34.1554084257013],[-89.3550697089699,34.2001476973868],[-89.3099784930092,34.2074284207214],[-89.3011707919228,34.2521400992072],[-89.2646021661503,34.2595087728944],[-89.2472718748756,34.2744127299782],[-89.1319515279308,34.2821817492035],[-89.1215077350989,34.3263592585056],[-89.0853996719793,34.3336290636733],[-89.0765919708929,34.3782736479854],[-89.0315007549322,34.3855389519611],[-89.0226930538457,34.4079281938772],[-88.9079078360106,34.4059957020369],[-88.896928914069,34.4523812651222],[-88.8605620588925,34.459692573696],[-88.8430299970218,34.5042175083197],[-88.8069219339023,34.5114718676655],[-88.7981142328159,34.5560215351051],[-88.784240349734,34.5632713824608],[-88.7670723516918,34.534121860717],[-88.6825877296999,34.5264231802547],[-88.6723500930391,34.5782133931729],[-88.5823431128724,34.5854613058647],[-88.573535411786,34.629971357858],[-88.4565789730957,34.6372147541183],[-88.4477712720092,34.6521434653267],[-88.3530446268831,34.6597637580247],[-88.3399734379149,34.7038553227482],[-88.2515630721302,34.7117520999441],[-88.2411587566617,34.7555348783988],[-88.2003354150563,34.762767293357],[-88.1872598396146,34.7406248082764],[-88.1771669520888,34.7326550880405],[-88.1258910456027,34.7335166188663],[-88.115394616885,34.777673365678],[-88.0792865537655,34.7849038408863],[-88.070478852679,34.8293067380835],[-87.8996234969416,34.8365326850387],[-87.8908157958551,34.8587969971417],[-87.8008088156884,34.8660203551648],[-87.792001114602,34.9030125679776],[-87.6253785432282,34.9104442620919],[-87.6123380577781,34.9324763975185],[-87.5223310776114,34.9396932789108],[-87.5135233765249,34.9840126415607],[-87.3965669378346,34.9912249856762],[-87.3877592367482,35.0355164666918],[-87.318574046939,35.0427242705557],[-87.3069108611775,35.013300079032],[-87.2452832751086,35.0060896803753],[-87.2350456384479,35.0575796051913],[-87.0192745185044,35.0647854623266],[-87.0104404994751,35.1018153949839],[-86.9929259834986,35.0869017098533],[-86.9418957096488,35.0796367836399],[-86.9296184418473,35.1310803460719],[-86.7900155098786,35.1385290037829],[-86.7769048435469,35.1824914293405],[-86.7492535762076,35.1896862448133],[-86.7233743759034,35.1676696082749],[-86.4665869167056,35.1604620863208],[-86.4535113412639,35.1824914293405],[-86.4356897838182,35.1964879314466],[-86.4265618827403,35.2118546006939],[-86.3408227769289,35.2190468156244],[-86.3234705541848,35.1898170858459],[-86.0615467312117,35.1824914293405],[-86.0492694634101,35.233870012585],[-85.9635303575987,35.241060276487],[-85.950454782157,35.2190468156244],[-85.9096314405515,35.2118546006939],[-85.8965558651098,35.233870012585],[-85.8873972605138,35.241060276487],[-85.8699704704147,35.2558687055215],[-85.6042042439509,35.2630677636143],[-85.5911286685092,35.241060276487],[-85.4057765738044,35.233870012585],[-85.3934993060029,35.2852160750623],[-85.332586687272,35.292401784499],[-85.3173311180281,35.2413092549213],[-85.1777281860594,35.233870012585],[-85.168920484973,35.2190468156244],[-85.0806285494821,35.2118546006939],[-85.0701058037198,35.2558794512725],[-84.954785456775,35.2635566309754],[-84.9442934145309,35.3074263404207],[-84.9353585111019,35.292401784499],[-84.6761015625268,35.2852160750623],[-84.6658639258661,35.3365295961472],[-84.6250405842606,35.3437107482403],[-84.6077322244552,35.3146064979361],[-84.4411096530814,35.3072115699575],[-84.4305912928944,35.2632396735859],[-84.1196461245924,35.2558794512725],[-84.1089084497119,35.3365295961472],[-84.0370432269824,35.3432831881421],[-84.0550095326648,35.3292010862437],[-84.0638172337512,35.2993058367419],[-84.0412672392973,35.281622980804],[-84.0209191692167,35.2643338002187],[-84.0100937684588,35.2190468156244],[-83.8974052041238,35.2118546006939],[-83.8843296286821,35.233870012585],[-83.775829985772,35.241060276487],[-83.7541660248357,35.2226426837521],[-83.7404237314682,35.2118546006939],[-83.7316160303818,35.1676588515766],[-83.5470622433172,35.1604620863208],[-83.5339866678755,35.1824914293405],[-83.4653366071759,35.1896862448133],[-83.4531382923047,35.1638059534779],[-83.4800877508283,35.1531176457322],[-83.4888954519147,35.1167873461496],[-83.3645612477123,35.1090370808495],[-83.3543236110516,35.1604620863208],[-83.1593742814656,35.1676588515766],[-83.1477110957041,35.1382797102044],[-83.0307546570138,35.1310803460719],[-83.0219469559273,35.1162383935124],[-82.9588894342842,35.1090370808495],[-82.9463446014787,35.0878869477252],[-82.904990517237,35.0796367836399],[-82.8961828161506,35.0647854623266],[-82.8600747530311,35.0575796051913],[-82.846867587875,35.0463279336766],[-82.8329542283279,35.0353835814791],[-82.9231322746742,35.0281607630233],[-82.9319399757606,34.9838652977991],[-82.9949974974038,34.9766523053187],[-83.0038051984902,34.9149655404795],[-82.9588894342842,34.9030125679776],[-82.9500817331978,34.8660203551648],[-82.8820633004324,34.8582283147712],[-82.869233357627,34.8365326850387],[-82.8600747530311,34.8293067380835],[-82.8512670519446,34.7651148988914],[-82.8956740049838,34.7532770965438],[-82.904990517237,34.6600938824578],[-82.8061758359839,34.6521434653267],[-82.7956662487439,34.6078474758484],[-82.5276980979068,34.6003993280943],[-82.5188903968204,34.5854613058647],[-82.3749844996065,34.5782133931729],[-82.3661767985201,34.5336756062726],[-82.3300687354005,34.5264231802547],[-82.3196337155157,34.4823855611301],[-82.0785404558471,34.4746007413526],[-82.0611136657479,34.4596509828585],[-81.80006271777,34.4523812651222],[-81.7896584014032,34.4084384506853],[-81.7012480365169,34.4005128279323],[-81.6838431778871,34.3855642902218],[-81.5754838967401,34.3782736479854],[-81.5650664218511,34.3342248912146],[-81.4676860626458,34.3263592585056],[-81.4588783615594,34.2816870331515],[-81.4227702984398,34.2744127299782],[-81.4139625973534,34.2701500653041],[-81.440912055877,34.2372884024179],[-81.4497197569634,34.1887247281636],[-81.3958208399162,34.1778554166704],[-81.3870131388298,34.1331043254067],[-81.1712420188863,34.1258171884969],[-81.1610438595891,34.0825716181456],[-81.1173431018392,34.0737469099932],[-81.1068773775379,34.0293369416489],[-80.9646295035389,34.0216446044514],[-80.9558218024524,34.0066032712691],[-80.9197137393329,33.9993052465357],[-80.9092041520929,33.9546634786011],[-80.6412360012558,33.9471572287256],[-80.6308799343013,33.9031452125245],[-80.5603876256851,33.8949772409449],[-80.5515799245987,33.8799135013233],[-80.2905289766208,33.8725936821938],[-80.2731021865216,33.8575369186719],[-80.0573310665782,33.8502261096116],[-80.0485233654917,33.8053020891633],[-80.0034277630574,33.7979868120105],[-80.0043401145179,33.7607938896051],[-79.9854658438486,33.7457156124872],[-79.9766581427622,33.7373666241871],[-80.0036076012857,33.7158320415549],[-80.0124153023722,33.7007367383404],[-80.0215739069681,33.6934125350913],[-80.0304649474584,33.6555225387599],[-80.0485233654917,33.6410776039935],[-80.0573310665782,33.5735932323048],[-80.1024222825389,33.5662582084733],[-80.1112299836253,33.5211818363303],[-80.1339905207239,33.5215694542993],[-80.1471625949901,33.4982782049371],[-80.1201999770459,33.4766746655949],[-80.1205464949802,33.4625492467179],[-80.2559561199487,33.4422489592612],[-80.25486393026,33.3976023646909],[-80.2559912108387,33.3515441998749],[-80.2459772762433,33.31889422326],[-80.2371695751568,33.2736928831175],[-80.2186725268383,33.2663324793783],[-80.201236963792,33.2963716390134],[-80.1854725833813,33.3037295098956],[-80.0828286580581,33.2666038753816],[-80.0305570598093,33.2211039165893],[-80.003432149531,33.2137390831253],[-79.9766581427622,33.1985561037516],[-79.9495332324838,33.1911893729189],[-79.9288518038895,33.1822746903805],[-79.7788533285011,33.1686338556503],[-79.7574086822582,33.1593863985977],[-79.7251298632087,33.1686338556503],[-79.680038647248,33.1760024831991],[-79.6532646404791,33.1911893729189],[-79.6261397302008,33.1985561037516],[-79.6085199424527,33.2138987158693],[-79.5678369626104,33.2132033009824],[-79.5243818383951,33.2139464225562],[-79.402249558566,33.2665672003765],[-79.3568205967197,33.2511586293678],[-79.3198352721313,33.243796326742],[-79.2939385268313,33.2663324793783],[-79.2086775286686,33.2740779392318],[-79.15937107334,33.2732363134695],[-79.141224928531,33.2963716390134],[-79.1051168654115,33.3037295098956],[-79.096309164325,33.3714242896118],[-79.0328437159147,33.3788234391863],[-79.0154607887543,33.3939274717792],[-78.987809521415,33.4012771029551],[-78.9596582158559,33.3768143756167],[-78.8222352767912,33.3791567524496],[-78.6304002230389,33.37588766392],[-78.5383141343679,33.336264237149],[-78.4493598665265,33.3489391006253],[-78.4402188069263,33.333204257725],[-78.4223972494806,33.31889422326],[-78.4133263698637,33.3032712646972],[-78.3765822923365,33.3038981431202],[-78.341197969502,33.334671962112],[-78.341847142432,33.3612018052892],[-78.4412759066234,33.3713491957462],[-78.3684983324334,33.3787758233301],[-78.3552911672773,33.4127507315233],[-78.3145994153863,33.4237725570535],[-78.297979704976,33.4523539506296],[-78.3417243256646,33.4612520296181],[-78.3684983324334,33.4688959993812],[-78.3961364403522,33.4763783132516],[-78.4376572042998,33.512416084548],[-78.4493467080042,33.5479489962491],[-78.4044309437982,33.5661083586806],[-78.3776569370294,33.5812272808013],[-78.3496547652823,33.5885610326691],[-78.3237580199822,33.5661083586806],[-78.2957558482351,33.5587726989723],[-78.2600557109844,33.5740957329949],[-78.1888352756095,33.5885610326691],[-78.1620612688407,33.5961937570877],[-78.1259532057212,33.603526236712],[-78.1085483470914,33.6186130338554],[-78.0001890659444,33.6259691734263],[-77.9912497760419,33.6337154510234],[-77.9823982120168,33.6105713320095],[-78.009027470549,33.5892607572168],[-78.0181553716268,33.5735932323048],[-78.0556407344349,33.5659786101597],[-78.0811251673926,33.5664117130154],[-78.1056226815347,33.5659950566601],[-78.11697005288,33.5002990885058],[-78.0673390101881,33.4913739262441],[-78.0542634347464,33.5138460197577],[-78.0355953202483,33.521185493253],[-78.0097863008257,33.4987902886635],[-77.9659714992555,33.4913739262441],[-77.9554487534932,33.5363122779797],[-77.9417064601258,33.547318394384],[-77.9240998309,33.5625904624987],[-77.9103575375325,33.5735932323048],[-77.9015498364461,33.5887108434854],[-77.8654417733265,33.5960439592664],[-77.8566340722401,33.6022439192211],[-77.911401477809,33.6111485043498],[-77.9417064601258,33.6374130390689],[-77.9826219140821,33.6484665128993],[-77.9616158990228,33.6569501044173],[-77.8793639058206,33.7281796100768],[-77.8438699247411,33.7475301057808],[-77.7937520023517,33.7306255642093],[-77.7388398494444,33.7231908153133],[-77.712903626781,33.7007367383404],[-77.6678124108202,33.6934125350913],[-77.6584739670976,33.6853248967617],[-77.6593731591375,33.6485030267189],[-77.6313271244516,33.6410776039935],[-77.632072796206,33.6714489570871],[-77.5400700469389,33.6698847385907],[-77.5106949619767,33.6444371071247],[-77.4887064145753,33.6634870293836],[-77.3701358147106,33.6708375101531],[-77.3176449017684,33.6558839966035],[-77.29051999149,33.648555972029],[-77.2774751195664,33.6261718783275],[-77.0916800081029,33.6182021091604],[-77.0661166222149,33.5960439592664],[-77.0389917119366,33.5887108434854],[-77.0122177051677,33.5810774569914],[-76.8862781136362,33.5737430691068],[-76.8684872597086,33.5506998290254],[-76.886453565391,33.5363122779797],[-76.8952612664774,33.4987153056833],[-76.9154602009495,33.4738611079928],[-76.9449361712097,33.4502349640457],[-76.9646087495191,33.4331494337084],[-76.9761096420482,33.3937773235974],[-76.9852682466442,33.3789259974226],[-77.0006773370719,33.3392728062618],[-77.0738540641836,33.3194311897544],[-77.101781669474,33.3074082121983],[-77.1289986921033,33.2963716390134],[-77.1467895460309,33.2887124888782],[-77.1927580234605,33.2813533514236],[-77.2286687033559,33.2968170885055],[-77.2650662629488,33.2961956584238],[-77.3231321699516,33.2795822253426],[-77.3063984157211,33.2386951749282],[-77.245604227284,33.228768996131],[-77.2278133733564,33.2211039165893],[-77.2096716159193,33.2137390831253],[-77.1828230417953,33.1985120591835],[-77.1608915167533,33.2079645759413],[-77.1469649977857,33.1827867996017],[-77.1660103346345,33.1518419390186],[-77.1918807619916,33.1310284277236],[-77.2092110532664,33.1159247990268],[-77.2668690344003,33.1041512417287],[-77.3534020613784,33.0104319985678],[-77.4078975154698,33.0029924641802],[-77.4591514904865,32.9582427169862],[-77.4883248057511,32.9502982053797],[-77.5106949619767,32.9307605405009],[-77.5333282958344,32.9505300912974],[-77.5595934914364,32.9275869884103],[-77.6140889455278,32.9201404748203],[-77.6314938041576,32.9049325446491],[-77.7398530853045,32.8975154300605],[-77.7658287844332,32.8748164529212],[-77.8386677665577,32.8673397118255],[-77.8560726251875,32.8521227163884],[-77.9648179016322,32.8446753857708],[-77.9822227602621,32.8294545038566],[-78.0901960461112,32.822056876041],[-78.0990037471976,32.7917043070412],[-78.1171455046347,32.7691977120393],[-78.1259532057212,32.7388271018965],[-78.1548501830346,32.7029596331136],[-78.1963884928764,32.6916146218369],[-78.2068015812919,32.6556709324683],[-78.2159601858879,32.6482588637063],[-78.2277374154697,32.6075775744928],[-78.2429096444115,32.5952965976397],[-78.2688151626586,32.5725796527937],[-78.3152091118511,32.5649462953062],[-78.3325657210687,32.5497238489538],[-78.3417243256646,32.5423030097279],[-78.3674719371527,32.5197113397811],[-78.3956232427118,32.5120069069462],[-78.4129008989991,32.4968439261512],[-78.4410522045581,32.4891375337035],[-78.4583298608454,32.4739706981894],[-78.494437923965,32.4665436035575],[-78.535331446452,32.4230197008234],[-78.5932526052181,32.4134740602816],[-78.6105302615054,32.3982944853685],[-78.6246059142849,32.3944371559817],[-78.5966476054764,32.4277106914973],[-78.552560853327,32.4397850739574],[-78.5393536881709,32.4513840651571],[-78.5057896817838,32.4785942821716],[-78.4673130136866,32.4891264345775],[-78.4405390069178,32.504431285155],[-78.4134140966394,32.5118552530474],[-78.3961364403522,32.5270157014853],[-78.3654366915872,32.5354159078604],[-78.3264775293677,32.5797115419402],[-78.273556758189,32.5884172581827],[-78.2608759500939,32.6104318709359],[-78.2427341926567,32.6178470737264],[-78.2339264915703,32.6711024601746],[-78.2876675018585,32.6701775294443],[-78.2966331097039,32.7051557518852],[-78.269459949115,32.7162462460095],[-78.3005149896597,32.7247246542904],[-78.3145994153863,32.7421900321534],[-78.2601741412782,32.7690464935509],[-78.234338804811,32.7464327145451],[-78.1737244546022,32.7389783717028],[-78.1620612688407,32.7691977120393],[-78.11697005288,32.8143563494408],[-78.1040655427195,32.8367077824874],[-78.0174842663292,32.8446108961771],[-77.964936331926,32.8673507640539],[-77.8663234203705,32.8656615491096],[-77.85410317403,32.8868121825956],[-77.8024105687279,32.8973957342351],[-77.8187451691384,32.9105741447172],[-77.9105329892873,32.9199895132894],[-77.9472244318271,32.9278815224254],[-77.9642564545797,32.9427597368016],[-78.0192080848504,32.9501472953135],[-78.0540879829916,32.9350696896636],[-78.0722297404288,32.9276808714461],[-78.1035830494956,32.9141238964748],[-78.1349363585624,32.9276808714461],[-78.1634912044151,32.9354580727935],[-78.1978184284507,32.9502982053797],[-78.2405892888461,32.9677100517305],[-78.2607004983391,32.9501472953135],[-78.3156126512464,32.9426456243258],[-78.3459483379795,32.9161435831366],[-78.3866400898706,32.9050577540516],[-78.4313804023218,32.8898214507951],[-78.4882488478643,32.8804986489228],[-78.5243612974574,32.890876695645],[-78.5660355825888,32.9089041650979],[-78.5932526052181,32.9199895132894],[-78.6020603063045,32.9502982053797],[-78.6302905656922,32.9852417225571],[-78.7111126233201,33.0413053317816],[-78.7558485492978,33.0405405245666],[-78.7822014698788,33.0175454081261],[-78.8253188491068,33.0000035997462],[-78.8461888888765,32.9460523746944],[-78.8264461296855,32.8976406491955],[-78.8271172340848,32.8700051807465],[-78.8807134961363,32.8522480004114],[-78.9183611530753,32.8359541023835],[-78.9971479651375,32.8373048242889],[-79.015995917864,32.8291467422795],[-79.0391205187911,32.7890862672602],[-79.070679984029,32.7762125028621],[-79.1061564192144,32.7451636205881],[-79.2123795703961,32.7469879381748],[-79.2488473108706,32.7237135615975],[-79.2759722211489,32.7163071388784],[-79.3027549999665,32.7085937682307],[-79.3293974170209,32.7090514216683],[-79.3701461921696,32.683033388429],[-79.4205799280769,32.6633851829919],[-79.4593460926474,32.6973454451943],[-79.5095956038528,32.7110665479481],[-79.5723373119781,32.746844059863],[-79.5993613369584,32.7463792216984],[-79.6306049886785,32.7641907603736],[-79.8144394219316,32.7610352219525],[-79.852113395915,32.7773557656134],[-79.8765100247592,32.7987025754941],[-79.9146533343426,32.8219057474181],[-79.9495332324838,32.8068063100011],[-79.9685522513898,32.7994067963216],[-80.003432149531,32.8145074909062],[-80.0971806478904,32.8230668520733],[-80.1481933767443,32.8451489238699],[-80.3513494830007,32.8416645852027],[-80.3627582631788,32.8219057474181],[-80.4895751161791,32.8145074909062],[-80.5154718614791,32.8371537216129],[-80.5251305051931,32.8449536122194],[-80.5424213200027,32.8748846045727],[-80.5515799245987,32.8898214507951],[-80.5603876256851,32.9427597368016],[-80.574261508767,32.9501472953135],[-80.5902715218141,32.9224527348744],[-80.6254102120122,32.9081418930305],[-80.6412360012558,32.86718866029],[-80.6688872685951,32.8522480004114],[-80.686292127225,32.8674649736033],[-80.695134918303,32.8370026186797],[-80.7070130322845,32.7980407500617],[-80.7619295716653,32.7408360206036],[-80.8388653637621,32.7540893235702],[-80.8851891320731,32.7614926069478],[-80.9376800450153,32.7463829110436],[-80.965318152934,32.7388381701143],[-80.9825958092213,32.7237135615975],[-81.0503686093503,32.7163071388784],[-81.063444184792,32.7389783717028],[-81.1876687316477,32.7463829110436],[-81.1982748168138,32.7006730291931],[-81.2163332348471,32.6860698623112],[-81.2277244691311,32.6663115496625],[-81.2984010033475,32.6866752987141],[-81.3156830452099,32.7018154162465],[-81.3149549184513,32.7318757817982],[-81.2970061586631,32.7463829110436],[-81.2881984575767,32.7545301440874],[-81.306164763259,32.7690464935509],[-81.3156830452099,32.7773760495743],[-81.3147838531701,32.8144909019359],[-81.4030714021875,32.8225508076853],[-81.5832344972311,32.8194618472583],[-81.5935379282999,32.8373085098641],[-81.6024333552637,32.8219057474181],[-81.6115919598597,32.8145074909062],[-81.6247991250158,32.8029554689197],[-81.6385414183833,32.791855487025],[-81.6473491194697,32.7534972552165],[-81.6293828137873,32.7389783717028],[-81.6198645318364,32.7306452236027],[-81.6207549518275,32.6938959209297],[-81.7826271547238,32.6860698623112],[-81.80006271777,32.7163071388784],[-81.8178842752157,32.7307153304908],[-81.8270121762936,32.7465341680227],[-81.8361707808896,32.7614926069478],[-81.844978481976,32.791855487025],[-81.8631202394131,32.7992556291757],[-81.8719279404996,32.8145074909062],[-82.1454842439195,32.8220126430422],[-82.1593888314178,32.8423002889066],[-82.1130694495804,32.8549286615081],[-82.115170489554,32.9414032591016],[-82.1685474360138,32.9501472953135],[-82.1773551371002,32.9653732139581],[-82.1910974304677,32.9764514845932],[-82.2043045956238,32.9879809042476],[-82.2207313083851,32.9953646818642],[-82.2312540541474,32.9501472953135],[-82.2493958115845,32.9427597368016],[-82.2698316075425,32.9249085247803],[-82.2856837138307,32.9125994356635],[-82.303119276877,32.9427597368016],[-82.3931262570437,32.9501472953135],[-82.4019339581301,32.9653732139581],[-82.4200757155673,32.9727588823554],[-82.4288834166537,32.9879809042476],[-82.4470251740908,32.9953646818642],[-82.4648160280185,33.0030494818412],[-82.4829577854556,33.0104319985678],[-82.5097317922244,33.0256475228254],[-82.5727893138676,33.0480890288779],[-82.581597014954,33.063298051703],[-82.5994185723997,33.0776499148522],[-82.6085464734776,33.0934068839178],[-82.6446545365971,33.1007818291218],[-82.6534622376836,33.1159817435855],[-82.7619618805936,33.1233547942589],[-82.78362584153,33.1044690693037],[-82.7973681348975,33.0934068839178],[-82.8061758359839,33.0782030649645],[-82.8185934655486,33.0682035681698],[-82.8421084473487,33.0783537560363],[-82.8782165104682,33.0857299638947],[-82.904990517237,33.1009324815023],[-82.9500817331978,33.1083067952692],[-82.9934929953726,33.1207520713451],[-83.0038051984902,33.138550802877],[-83.0216267559359,33.1528903804255],[-83.0307546570138,33.1686338556503],[-83.0488964144509,33.1760024831991],[-83.0577041155373,33.1911893729189],[-83.0741308282987,33.1985561037516],[-83.0846535740609,33.1534430569314],[-83.1060104935281,33.138550802877],[-83.126205042425,33.190649781923],[-83.1755378156965,33.1985561037516],[-83.2014345609965,33.1760024831991],[-83.2533333224697,33.1686338556503],[-83.3525515440164,33.266072084798],[-83.3992393752575,33.2736928831175],[-83.4080909392827,33.3191251374538],[-83.4170302291852,33.3037295098956],[-83.4261888337811,33.2963716390134],[-83.4349965348676,33.2887124888782],[-83.4581211348963,33.2813533514236],[-83.5009051547122,33.30559729035],[-83.5415398851423,33.3409346202009],[-83.8672405844685,33.3490087179279],[-83.9266443137964,33.3826381507366],[-83.9380794119174,33.4315497805861],[-83.9470362468157,33.4237725570535],[-84.0555358897257,33.4164248290606],[-84.0899289081695,33.4462987830317],[-84.1448410610767,33.4537574305363],[-84.1597895888515,33.4667353378893],[-84.144665609322,33.4912239466232],[-84.1358579082355,33.5179967200104],[-84.1649522705698,33.5537685959449],[-84.2256894366475,33.5661083586806],[-84.2434802905751,33.5737430691068],[-84.2711183984938,33.5812163176542],[-84.3141217339015,33.6184961487218],[-84.3833639460701,33.6265462419003],[-84.3961938888754,33.648555972029],[-84.4099361822429,33.6595477745336],[-84.423143347399,33.6709871779462],[-84.432301951995,33.67831329217],[-84.4411096530814,33.6934125350913],[-84.4508253182564,33.7011819362376],[-84.4819812440991,33.7006528070796],[-84.4950085701286,33.67831329217],[-84.5157908831226,33.66992124407],[-84.5664614796175,33.6260184793602],[-84.6273126904138,33.618638602691],[-84.6834968721364,33.6541296355803],[-84.6926379326349,33.7016161840001],[-84.6746716269525,33.7306255642093],[-84.6658639258661,33.7539142642845],[-84.6838302315485,33.7829059653387],[-84.6926379326349,33.7979868120105],[-84.710779690072,33.8053020891633],[-84.7195873911585,33.8203789901669],[-84.7377291485956,33.827692352833],[-84.7465368496821,33.8502261096116],[-84.7646786071192,33.8575369186719],[-84.7734863082056,33.8726046081834],[-84.7872286015731,33.8835677127792],[-84.8004357667292,33.8949772409449],[-84.8095943713252,33.9022842175524],[-84.8225164264815,33.9243833712566],[-84.9131243310642,33.9321027104111],[-84.9302265346984,33.9028503270966],[-84.9991178424591,33.8949772409449],[-85.0339977406003,33.9098890697442],[-85.0521394980375,33.9171947683238],[-85.0699303519651,33.9247982901304],[-85.0880721094022,33.9321027104111],[-85.0969675363661,33.9473100527337],[-85.1058629633299,33.9321027104111],[-85.168920484973,33.9247982901304],[-85.1777281860594,33.909739818989],[-85.1877640521242,33.8949772409449],[-85.2180602614939,33.9211458447178],[-85.2342281821983,33.9340351648547],[-85.4197425692372,33.9308944488045],[-85.4292564656129,33.9471572287256],[-85.7168928082859,33.9544597310505],[-85.7298280219645,33.9765653537946],[-85.8246906423802,33.9842599563566],[-85.8334983434667,33.9993052465357],[-85.8696064065862,34.0066032712691],[-85.8784141076727,34.0216446044514],[-85.9197681919143,34.0300003546994],[-85.9323130247198,34.051421270791],[-85.9684210878394,34.0587148146406],[-85.9858347194162,34.0737269267114],[-86.1211346861397,34.0810385324605],[-86.1299423872261,34.0960666666767],[-86.3234793271319,34.1033563671613],[-86.3365549025736,34.0810385324605],[-86.3996124242167,34.0737469099932],[-86.4169427154914,34.0588074784103],[-86.4535113412639,34.051421270791],[-86.4666132346485,34.0290461287216],[-86.7952264401107,34.0216446044514],[-86.812662003157,34.051421270791],[-86.8308037605941,34.0587148146406],[-86.8396114616805,34.0737469099932],[-86.921161646067,34.0810385324605],[-86.9470452319464,34.0587257160032],[-87.2080961799243,34.051421270791],[-87.2210006900848,34.0293805636881],[-87.3069108611775,34.0216446044514],[-87.3243244927543,34.0066250873888],[-87.4553565851225,33.9993052465357],[-87.4684321605642,34.0216446044514],[-87.5092555021697,34.0289407092081],[-87.5223310776114,34.0066032712691],[-87.5853885992545,33.9993052465357],[-87.5941963003409,33.9842599563566],[-87.6842032805076,33.9769600122514],[-87.7019941344353,33.9544597310505],[-87.8103534155822,33.9471317577825],[-87.827758274212,33.9321027104111],[-87.8908157958551,33.9247982901304],[-87.9037904868972,33.9026100491614],[-88.0165799356319,33.8949772409449],[-88.0253876367183,33.8799135013233],[-88.070478852679,33.8726046081834],[-88.0972528594479,33.8575369186719],[-88.1692935339322,33.8502261096116],[-88.1781012350186,33.827692352833],[-88.2681082151853,33.8203789901669],[-88.2769159162718,33.8053020891633],[-88.2950576737089,33.7979868120105],[-88.3038653747954,33.7829059653387],[-88.3669228964385,33.7755887743159],[-88.4026800560485,33.7530353543752],[-88.4208218134857,33.7457156124872],[-88.4296295145721,33.67831329217],[-88.4657375776916,33.6709871779462],[-88.4831205048521,33.6559314601762],[-88.5465859532624,33.648555972029],[-88.5553936543488,33.603526236712],[-88.573535411786,33.5961937570877],[-88.5823431128724,33.5810774569914],[-88.6454006345155,33.5737430691068],[-88.6545285355934,33.5580727264988],[-88.6723500930391,33.5437997336539],[-88.6811577941256,33.5286742589997],[-88.7711647742923,33.5213354209599],[-88.7799724753787,33.5062060165229],[-88.8070973856571,33.4913739262441],[-88.8169797314364,33.4827953929441],[-88.8338713924259,33.4537574305363],[-88.8699794555454,33.4464122411152],[-88.8787871566319,33.3787758233301],[-88.896928914069,33.3714242896118],[-88.9094737468746,33.3498331235127],[-88.9508278311162,33.3414109891832],[-88.9596355322026,33.326250193745],[-89.0496425123693,33.31889422326],[-89.0584502134558,33.3037295098956],[-89.0765919708929,33.2963716390134],[-89.0853996719793,33.2736928831175],[-89.1035414294165,33.2663324793783],[-89.1123491305029,33.2511586293678],[-89.1215077350989,33.243796326742],[-89.134714900255,33.232300430811],[-89.1484571936225,33.2212543623906],[-89.1612871364278,33.1991360190771],[-89.2293055691932,33.1911893729189],[-89.2381132702797,33.1760024831991],[-89.2472718748756,33.1686338556503],[-89.2561278253743,33.1079724476134],[-89.2742213333992,33.0934068839178],[-89.2833492344771,33.0776499148522],[-89.3011707919228,33.063298051703],[-89.3099784930092,33.0480890288779],[-89.3281202504464,33.0407096656663],[-89.3369279515328,33.0254967415268],[-89.3550697089699,33.0181154859851],[-89.3638774100564,32.9727588823554],[-89.3999854731759,32.9653732139581],[-89.4087931742624,32.9501472953135],[-89.4269349316995,32.9427597368016],[-89.4360628327774,32.9269758271066],[-89.4538843902231,32.9125994356635],[-89.4626920913095,32.8973644299471],[-89.4808338487467,32.8899724637663],[-89.4896415498331,32.8747335658904],[-89.5193719256767,32.8507390563291],[-89.5526990714763,32.8371537216129],[-89.5615067725627,32.8219057474181],[-89.5796485299998,32.8145074909062],[-89.5884562310863,32.7463829110436],[-89.6245642942058,32.7389783717028],[-89.6333719952923,32.6934787951416],[-89.6868893035151,32.6341014723742],[-89.7039125533207,32.6045476720871],[-89.714220370863,32.4891264345775],[-89.7267388857257,32.4686196992479],[-89.7509907663331,32.4586939757725],[-89.7681192879102,32.4436515704722],[-89.7772778925061,32.4362219758404],[-89.7860855935926,32.4209055290994],[-89.8042273510297,32.4134740602816],[-89.8288564539879,32.4027627082309],[-89.8399845106397,32.3450439715191],[-89.8581262680769,32.3376062604714],[-89.8669339691633,32.1399000033336],[-89.8850757266005,32.1324454774608],[-89.8938834276869,32.0790277116213],[-89.9030420322829,32.0411143715555],[-89.9118497333693,31.9952620877182],[-89.9265877184994,31.9709896627639],[-89.9118497333693,31.9344461484436],[-89.9030420322829,31.5515774063127],[-89.9299914908065,31.5295101202153],[-89.9387991918929,31.4906170634081],[-89.916249197439,31.472141822622],[-89.9030420322829,31.460418497296],[-89.8938834276869,31.4529089607879],[-89.8543891363578,31.3735094320362],[-89.78548905565,31.3066169721395],[-89.7629960835554,31.266997818535],[-89.7503284339825,31.2225758771699],[-89.7380116897159,31.2021213747055],[-89.7753654637079,31.1714191306249],[-89.7860855935926,31.1145175057968],[-89.7681192879102,31.0997374731669],[-89.7549121227541,31.0879677596932],[-89.7411698293866,31.0766586723077],[-89.7323621283002,31.0534202025478],[-89.6603214538158,31.0458782209048],[-89.6515137527294,30.9841332757777],[-89.6319990811789,30.9594485491019],[-89.6154056896099,30.9457730176628],[-89.6065979885234,30.9302086308689],[-89.5884562310863,30.9226569020093],[-89.5796485299998,30.8993808846033],[-89.5680599124917,30.8703183755588],[-89.5345573140391,30.8609866143533],[-89.5257496129527,30.8531206484158],[-89.5076078555155,30.8455628389166],[-89.4988001544291,30.8299821580134],[-89.4896415498331,30.8224225260377],[-89.4808338487467,30.8068380893083],[-89.4394797645051,30.7981783480483],[-89.4269349316995,30.7759706578797],[-89.3945069779398,30.7348577395525],[-89.3638774100564,30.7220834169649],[-89.3389807420942,30.6779654385856],[-89.3169044688155,30.6499491577951],[-89.2763706227851,30.616440076185],[-89.2521187421776,30.509470174387],[-89.2381132702797,30.4978736204795],[-89.2293055691932,30.4744949080916],[-89.2201469645973,30.451420643854],[-89.2113392635108,30.4202846041592],[-89.2021806589149,30.404945514993],[-89.1933729578284,30.3737946444297],[-89.1842143532325,30.3661993335437],[-89.1570982150029,30.30321918599],[-89.1583614708712,30.2497910122499],[-89.1570894420558,30.1959622384223],[-89.1715467036596,30.1471962596375],[-89.1847494823422,30.1250331406349],[-89.1829291658948,30.0479631525083],[-89.2293055691932,30.0401262176029],[-89.2510616424805,30.020523572706],[-89.3527449678294,30.003334841595],[-89.372680723771,29.9853642966999],[-89.3910023203347,29.9701130901404],[-89.3998100214212,29.9621750012996],[-89.4089686260171,29.9545479104152],[-89.4320581360543,29.9337271931549],[-89.4447257856271,29.8998946919915],[-89.4538843902231,29.8922628268691],[-89.4626920913095,29.8843185264056],[-89.4988001544291,29.8766854686665],[-89.5076078555155,29.8687399270565],[-89.5640990787073,29.8607652221241],[-89.6506628101018,29.8415228870262],[-89.6559176032726,29.818170694491],[-89.7321471991819,29.8061576205854],[-89.760776613288,29.8081538736286],[-89.7858399600579,29.7944152676598],[-89.7204840143187,29.7505300700385],[-89.6921221652166,29.7525083920312],[-89.6787088447877,29.7911777900498],[-89.6600758202812,29.7983948802369],[-89.6559176032726,29.818170694491],[-89.5619278578521,29.8142127999306],[-89.5779290988505,29.7837736412441],[-89.5888773163757,29.7755846615743],[-89.6086639385054,29.7370920601526],[-89.6559176032726,29.7337955978235],[-89.7047591103731,29.737202511232],[-89.7612591065119,29.6987751866234],[-89.8670743309265,29.6867477941429],[-89.9026209469934,29.6601406714303],[-89.8938264053276,29.6165742578815],[-89.8673550544528,29.5753179688829],[-89.8850844995476,29.5517416426271],[-89.9343953413497,29.5482941047949],[-89.9804120681915,29.5515107922456],[-90.0104187810878,29.5330010339373],[-90.0720507545284,29.5248278811106],[-90.109900181165,29.5101305749899],[-90.1190017643,29.4923806516291],[-90.1631323793881,29.4782743167092],[-90.199731709577,29.4710342501271],[-90.2540341660194,29.4319228437021],[-90.2805800851477,29.4391657017941],[-90.3445718897207,29.4626326801119],[-90.3883779192421,29.4397463309167],[-90.3997559941054,29.3961249974234],[-90.4422768362893,29.3849692658117],[-90.4561375599505,29.3579041784296],[-90.4871926004952,29.3458247236943],[-90.5673742572419,29.2825806522178],[-90.6200274634166,29.2538103057059],[-90.6399061987955,29.2126208434066],[-90.6482226328126,29.1885142062507],[-90.7522131543063,29.1331156386007],[-90.7841937048337,29.0846581160438],[-90.8439483394678,29.0888534706499],[-90.8644850198254,29.0635407552369],[-90.8728014538425,29.0315449948446],[-90.891434478349,29.0085620541468],[-90.8997509123661,28.9844075801267],[-90.9145985557412,28.9611224845428],[-90.891434478349,28.9247895028235],[-90.8997596853132,28.8821509647743],[-90.9690676918897,28.8301692588374],[-91.0234227851163,28.8158313990163],[-91.0434813578252,28.7877705985066],[-91.0890638408553,28.7804817421152],[-91.0973802748724,28.7641491629285],[-91.1160132993789,28.7568586561756],[-91.1961949561256,28.7011325346122],[-91.2381148738933,28.6900610870349],[-91.2687268976792,28.6780764409317],[-91.2928603479929,28.5848403467299],[-91.3129759430611,28.5749854213905],[-91.3601901313631,28.5564825548375],[-91.3940524062724,28.5353907908856],[-91.4244451144665,28.545195480504],[-91.5051575147477,28.5182857923187],[-91.5983357940057,28.461264517325],[-91.6307242713003,28.4282100121624],[-91.6853381556855,28.3905900241176],[-91.773007235291,28.3737664707353],[-91.8129708613217,28.3933837218168],[-91.7999435352923,28.3541841919176],[-91.7694367832778,28.3461008887641],[-91.7462683194121,28.3224284066905],[-91.6902683623913,28.3149161220218],[-91.6777937104673,28.3021704746957],[-91.6633189038677,28.2911884150312],[-91.6257896772226,28.2528243886596],[-91.5897737264539,28.2432727626062],[-91.5741540942798,28.2273012449136],[-91.5596792867819,28.2163114683991],[-91.5472046357563,28.2035540242754],[-91.5179085037244,28.1957801460418],[-91.4949856733933,28.172327519491],[-91.4656895413614,28.1645513706063],[-91.4500699091873,28.1485680834238],[-91.4207737771554,28.1407902084071],[-91.4166155601469,28.1365355373921]],[[-90.5632160402333,30.0983549321165],[-90.5680716795841,30.1395454722295],[-90.6088292267815,30.1485712138741],[-90.6212731742891,30.1034778891288],[-90.5632160402333,30.0983549321165]],[[-77.4478128920883,33.3450881011669],[-77.4435757212511,33.3490508541759],[-77.3598060665972,33.362110356019],[-77.3002224981427,33.3812390155066],[-77.2988539705029,33.4004348747475],[-77.3088284286332,33.4236371031191],[-77.321912777022,33.4821350481704],[-77.3532353816724,33.4915092736483],[-77.3806936513628,33.4985799687944],[-77.4200037179901,33.5103424537607],[-77.5243275979974,33.5051563313336],[-77.6078735514843,33.5181594525478],[-77.6469643025198,33.5358662275294],[-77.6591582309175,33.5364731482902],[-77.6676457311142,33.5210501915031],[-77.7010474442689,33.4961676578483],[-77.7395109538438,33.4190096009289],[-77.6882438194064,33.3665320804317],[-77.606211141796,33.3848778196045],[-77.5603567081867,33.3711385667777],[-77.5059489799727,33.3640574810907],[-77.4856710916719,33.3548526726525],[-77.4478128920883,33.3450881011669]],[[-78.1664651193839,33.1948728154204],[-78.1625525350117,33.2141482563433],[-78.1144830176085,33.2209791559837],[-78.1356030764882,33.2282094569561],[-78.1434282452326,33.2442053593654],[-78.1695925546383,33.2507496285337],[-78.2343431903862,33.229458783862],[-78.2422429264857,33.1985249055808],[-78.1664651193839,33.1948728154204]],[[-78.5437575387141,33.0895685073145],[-78.5394370284731,33.0934748670297],[-78.5072152308846,33.1020201118604],[-78.4533689497231,33.1258858077494],[-78.4406223472199,33.1878453262474],[-78.4899770519608,33.207335174138],[-78.5314802709126,33.205958914561],[-78.5480780489552,33.1909709671179],[-78.6020296018881,33.1644224087617],[-78.6292685568851,33.1536615555126],[-78.6558758830495,33.138332265909],[-78.6838736683231,33.1231913221357],[-78.6825358459981,33.0948841267637],[-78.5437575387141,33.0895685073145]],[[-77.7352737830066,33.0218061906344],[-77.7310366121694,33.0257835936973],[-77.6791861001084,33.0424929764011],[-77.623238778075,33.0723167129402],[-77.6349502123505,33.1120359703033],[-77.6676457311142,33.1311643356802],[-77.6861208479634,33.138264317506],[-77.7019597957293,33.153107044555],[-77.7220534593282,33.1608276480865],[-77.7436954887952,33.1706715799252],[-77.8929351330085,33.1781171317864],[-77.9645985860405,33.1687697053589],[-77.9730729277148,33.1533071827237],[-78.0179886919208,33.1047703611651],[-77.9977371215629,33.0589565605219],[-77.9430837598143,33.0340614590913],[-77.8834958048863,33.0310828410874],[-77.8384177474478,33.0333351999802],[-77.8029018348989,33.0253606694588],[-77.7352737830066,33.0218061906344]],[[-85.4428189207521,34.7443895211609],[-85.4289757420866,34.7639221865196],[-85.3584351831598,34.7604682681129],[-85.3487502215029,34.7778066686124],[-85.2533305405081,34.7851614170491],[-85.2370617345057,34.8142767539382],[-85.1775615063534,34.8073153656778],[-85.1610733856575,34.7778066686124],[-85.1270181122011,34.7861502861371],[-85.1151882476318,34.8073153656778],[-85.0248479080531,34.8142767539382],[-85.0163735663787,34.8294399575412],[-84.7414399632702,34.8365254843337],[-84.7249430696273,34.8660257533895],[-84.5926389484437,34.8733132509649],[-84.5669615187355,34.8968879290871],[-84.533757188805,34.8664018401383],[-84.4938988345457,34.8892427311211],[-84.3979571829635,34.8845509254661],[-84.387552867495,34.9031456680863],[-83.964835872792,34.9100989513983],[-83.9317762910982,34.9248309165847],[-83.909436839289,34.9173771466918],[-83.8868078910064,34.8966073174797],[-83.8348345621781,34.8813107614034],[-83.7620526015146,34.9027319772949],[-83.7373269997319,34.8948426834988],[-83.7062412556692,34.866301070486],[-83.6498816212934,34.8746717132861],[-83.6137253087617,34.8882856822527],[-83.5970354174699,34.932609449856],[-83.5431365004227,34.993269625027],[-83.6150017231522,34.9915052729331],[-83.6390781520049,34.969424300126],[-83.6728921775019,34.9773010329295],[-83.7007364424901,35.0131671569672],[-83.9024626140705,35.0062226132059],[-83.9189507347664,34.9767852859655],[-84.0102604481648,34.9837323279134],[-84.0213534139267,35.0131671569672],[-84.2577489410035,35.0060753094245],[-84.2741537222955,34.9767852859655],[-84.3606034089714,34.9837323279134],[-84.3770915296673,35.0131671569672],[-84.6121316885249,35.0062226132059],[-84.6232246542868,34.9767852859655],[-84.7109463697781,34.9837323279134],[-84.7337990192276,35.0131671569672],[-84.9624746493315,35.0062226132059],[-84.9735676150934,34.9767852859655],[-85.0702724834259,34.9837323279134],[-85.0813654491877,35.0131671569672],[-85.2908202897897,35.0060555487193],[-85.307216299033,34.9767852859655],[-85.4745143612796,34.9837323279134],[-85.4856073270415,35.0131671569672],[-85.5912953482152,35.0062226132059],[-85.5997696898896,34.9395602373275],[-85.6267191484132,34.9198192522155],[-85.6182448067388,34.8658871941757],[-85.5997696898896,34.8589301688735],[-85.5860361685708,34.7985326614093],[-85.5451952819696,34.7409059509711],[-85.4998014101149,34.7480549506249],[-85.4742599556962,34.7715393944424],[-85.4523064982865,34.7513562215895],[-85.4428189207521,34.7443895211609]],[[-78.8222352767912,33.0820419369162],[-78.8093746304677,33.1107188364425],[-78.8342932298993,33.1280586015838],[-78.8884509381051,33.1456501871899],[-78.8981753771254,33.1034714900638],[-78.8712259186019,33.0936788160496],[-78.8630761633925,33.0854580064256],[-78.8222352767912,33.0820419369162]],[[-90.5991486515981,29.505931497675],[-90.5952360672259,29.5103443411386],[-90.550653662432,29.518530115232],[-90.5323539973375,29.5434402601254],[-90.6071624306196,29.5700724786305],[-90.6210275416527,29.5406030192324],[-90.6311686785907,29.5337948422153],[-90.6389938473351,29.5101687475216],[-90.5991486515981,29.505931497675]]]}},{"id":"2","type":"Feature","properties":{"category":1,"label":"0.10 to 0.25 inches"},"geometry":{"type":"Polygon","coordinates":[[[-89.6828670617962,27.9779869282166],[-89.6374337134764,27.9843318105203],[-89.6061988347033,27.9815215931859],[-89.5796090535347,27.9984185932243],[-89.562011197256,27.9895201589737],[-89.5287366873422,27.9823195394754],[-89.5374654337016,28.05791753386],[-89.5219510732991,28.0818170285228],[-89.4803294240534,28.0925923160148],[-89.4659862062699,28.2053688790182],[-89.4742236873567,28.2765664392081],[-89.4608191389764,28.3727919775231],[-89.4636965551209,28.3976513007779],[-89.5081122802088,28.4091161908037],[-89.5271576170576,28.429280429157],[-89.5142838113136,28.4801253099876],[-89.4533799655298,28.4881000806269],[-89.436755868646,28.5056917952401],[-89.427263904638,28.5488674280111],[-89.4542133631616,28.5591351015043],[-89.462363118371,28.575642188699],[-89.4955937653461,28.5828028004932],[-89.507278882577,28.5591351015043],[-89.5375707054731,28.551972878958],[-89.523841570628,28.5950987335787],[-89.5267146002989,28.6198460754857],[-89.5909959013451,28.6140934595406],[-89.6280908832802,28.5612886822721],[-89.612330889343,28.5117760305581],[-89.6170110769389,28.4714385430429],[-89.6787921841915,28.4098453648214],[-89.7175715072843,28.3545335276212],[-89.6864111958664,28.3317528631518],[-89.7060881606494,28.2697771892999],[-89.7326911012387,28.2596147186604],[-89.7408408564481,28.2351443201822],[-89.7596405597623,28.227960170803],[-89.7780235642606,28.1906036904995],[-89.8185003879317,28.1751308158969],[-89.8066880683583,28.0729351647328],[-89.7489292028246,28.0305939988383],[-89.6887841873176,28.0188212161478],[-89.6828670617962,27.9779869282166],[-89.7322173800635,27.9739388688228],[-89.7693737708314,27.9746070995063],[-89.7946608196666,27.9978473337676],[-89.8581262680769,28.0056704192614],[-89.8669339691633,28.021690478713],[-89.9030420322829,28.0294614985079],[-89.9203723235576,28.0453793009114],[-89.95694094933,28.0532473197304],[-89.9675601939168,28.0725616849856],[-90.0108398663772,28.0849535638041],[-90.0281219082397,28.1008225225542],[-90.056632892052,28.1087271048923],[-90.0911267948954,28.0770549701835],[-90.1994860760423,28.0692602969767],[-90.2177945140838,28.0524440917693],[-90.2849225268581,28.0536537697364],[-90.534941917907,28.0395684051199],[-90.5586367379354,28.0613334552255],[-90.5758310539205,28.0759113482533],[-90.6226987233898,28.0445276233634],[-90.733895944216,28.0465309904607],[-91.1055256436083,28.039837470499],[-91.1381378220698,28.0572904631126],[-91.142541672613,28.0613334552255],[-91.2529756757907,28.0771962291818],[-91.2703936929428,28.1402119694654],[-91.3222135014857,28.1245693373723],[-91.3402587609967,28.1248942815492],[-91.3930698739304,28.1239445897411],[-91.4166155601469,28.1365355373921],[-91.4208527309841,28.1407186540015],[-91.449631278902,28.148554546962],[-91.46576849519,28.1644798320786],[-91.494547043108,28.1723139860338],[-91.5183471340096,28.1957936765293],[-91.5471256819276,28.2036255366657],[-91.5598415809127,28.2161665283376],[-91.5740751404512,28.2273727414028],[-91.5902123567392,28.2432862870765],[-91.6242764022444,28.2525519939344],[-91.6633978576963,28.2911169613337],[-91.6776314172348,28.3023152986496],[-91.6903473162199,28.3148446842576],[-91.7458647800168,28.3224612271975],[-91.7698754135631,28.3461144001743],[-91.7986539614811,28.3539352163823],[-91.8137472374926,28.3934551067543],[-91.7729370544094,28.3739440009341],[-91.6860180330318,28.3902813237],[-91.6334964156732,28.4260845745374],[-91.5971558775413,28.4618467982529],[-91.5067409706074,28.517522679278],[-91.4248223368173,28.5451897010147],[-91.39407433864,28.5354986880883],[-91.3613042525212,28.5556079898188],[-91.3130548968897,28.575056683666],[-91.2934568859354,28.5844089603043],[-91.2686479438506,28.6780052485587],[-91.2413651259149,28.6889894705799],[-91.1962739099542,28.7012037112608],[-91.1062055209546,28.7635166475275],[-91.0889848870267,28.780410619456],[-91.0435603116539,28.7878417161466],[-91.0233833077528,28.8156450056941],[-90.9690545333675,28.8303440978324],[-90.8999000470763,28.8818667515954],[-90.8913555245204,28.9323772794994],[-90.9364642863753,28.9610265399708],[-90.9227307650565,28.9831433053706],[-90.8998298661948,28.992336286737],[-90.8913555245204,29.0084910875724],[-90.8739068029519,29.0365632032994],[-90.8601645086861,29.0754676027889],[-90.8437158653537,29.0883110931192],[-90.7839700027684,29.0852005128114],[-90.7521692913676,29.132925984398],[-90.6483015866413,29.1885850488337],[-90.6398272449669,29.2125500174313],[-90.6204178451879,29.2532668860138],[-90.5605930296723,29.2864580418835],[-90.5499957165549,29.3065943789808],[-90.5405037525469,29.3139876710844],[-90.5320294108726,29.3379232707182],[-90.5135542940234,29.3453142922455],[-90.4960967995078,29.3535841075796],[-90.4717045571372,29.3633403256483],[-90.460164188143,29.3839105734646],[-90.5320294108726,29.3922861721174],[-90.5456664333668,29.4055867273021],[-90.5153921554665,29.4291493337915],[-90.4871136466666,29.4157639828688],[-90.4383686383906,29.4083780756577],[-90.4020237137851,29.443806819533],[-90.3822941140147,29.4591572822008],[-90.3225438658542,29.4705244470295],[-90.2770491095998,29.4489977433944],[-90.2622804200533,29.4633888499793],[-90.2535516727955,29.4548816149179],[-90.2426517046825,29.4474985522855],[-90.2181234870223,29.4714046670939],[-90.1969288607876,29.487886845272],[-90.1568818944547,29.4858097763971],[-90.0909206387242,29.5500512762083],[-90.0147787686923,29.5461037977746],[-89.9840570875596,29.5647694880266],[-89.9655819707104,29.5721440028871],[-89.9571076290361,29.5932764643685],[-90.002023393242,29.6112012549443],[-90.0104977349164,29.6248944110635],[-89.9386325121869,29.6346283465703],[-89.929737085223,29.6760432892754],[-89.8667672894573,29.6970739493167],[-89.8582929477829,29.7162373959999],[-89.8942255591477,29.7360827556267],[-89.9116830536633,29.7496694208181],[-89.8417916676665,29.7594807610166],[-89.8313434892593,29.7204810522145],[-89.763224171196,29.7094391722503],[-89.7415119608474,29.7259815395635],[-89.7739706190235,29.7663289002363],[-89.8176143544141,29.7713966399594],[-89.8132938441731,29.7988326094042],[-89.7949854061316,29.8063307949434],[-89.7593949271259,29.8300091919595],[-89.6886438255544,29.8446274766235],[-89.6519392244924,29.8614727579412],[-89.5973560436253,29.8764591677976],[-89.5587784902301,29.8881823722165],[-89.5437992589372,29.9156946345684],[-89.5334958278684,29.9309693941744],[-89.5108274031208,29.909763533264],[-89.4975632165037,29.9001209388871],[-89.4809171890489,29.9156946345684],[-89.4626087510074,29.9231840452605],[-89.4539677305253,29.9312658949345],[-89.4257418567128,29.9390107009449],[-89.4090519663193,29.9546182175857],[-89.399726681119,29.9621046986955],[-89.3910856606369,29.9701833863011],[-89.3770977337348,29.9814111385143],[-89.3560873322019,30.0010500028928],[-89.3278614583894,30.0087893715234],[-89.3102372850662,30.0168642613643],[-89.2531539104054,30.0286373810572],[-89.2383720623366,30.0557482144058],[-89.2290467771363,30.0710014397707],[-89.2204057566542,30.1179307856441],[-89.2110804714539,30.1254049373978],[-89.2024394509718,30.1412391658228],[-89.1841310129303,30.1487115529463],[-89.1669016069536,30.1957556211469],[-89.1567867870602,30.2960425733398],[-89.1844731452894,30.3272125230263],[-89.1987768857095,30.3918533701457],[-89.2160852455148,30.4200671121311],[-89.2364245426484,30.4572246966181],[-89.2569042006468,30.4828737125546],[-89.2816078709601,30.5943226723033],[-89.3114084285835,30.6064286925569],[-89.3321819695288,30.625721953748],[-89.3529379645799,30.6422678346991],[-89.3817603754366,30.6291453407356],[-89.4049727022411,30.6217096040767],[-89.4176929868014,30.6448981574612],[-89.4352206621985,30.6733931385379],[-89.444642445325,30.6989831604141],[-89.4800311555313,30.7271737425159],[-89.4977079647403,30.7751528672857],[-89.5168498004136,30.7990524574148],[-89.5344739737369,30.8224922114356],[-89.579731870302,30.8299124772801],[-89.6063391964665,30.8456325075166],[-89.6336307873492,30.8530509844829],[-89.6586327261846,30.8762159107278],[-89.7054960100787,30.8838936458751],[-89.7141370305608,30.8996048277257],[-89.7675885443757,30.9174621553303],[-89.7770191004492,30.9766553818533],[-89.8073065377701,31.0143867183291],[-89.8671927612203,31.0225626925233],[-89.9131743971721,31.0650814763451],[-89.9496772285365,31.0841287181397],[-89.9838026819762,31.0686639267311],[-90.0170245569026,31.0837192617912],[-90.0641115419638,31.0559678811554],[-90.0734631442086,31.1228801340994],[-90.0897714266762,31.1761440670055],[-90.1642333420239,31.2009489284669],[-90.2085525691857,31.1994463005274],[-90.2171935896678,31.2765578683691],[-90.2355020277093,31.2839428115772],[-90.2441430481913,31.2995879848951],[-90.2624514862328,31.3069711241704],[-90.2710925067149,31.3226124745514],[-90.2804177919152,31.3299938091423],[-90.2980419652385,31.3533030371366],[-90.3073672504388,31.3606819643149],[-90.3278030454985,31.3976521552421],[-90.361266167486,31.4066954184237],[-90.3708897203101,31.4411645154598],[-90.3935625315313,31.4963451811739],[-90.4062345666794,31.5063549852478],[-90.3968566464917,31.5522558278513],[-90.3882156260096,31.6061176110609],[-90.3708897203101,31.6482130370833],[-90.361266167486,31.6825930709932],[-90.3429577294445,31.689946035115],[-90.3343167089624,31.8013578827596],[-90.361266167486,31.8121661042103],[-90.3699071879681,31.8811344587747],[-90.3882156260096,31.8884716513855],[-90.3968566464917,31.9040156311026],[-90.406181931692,31.9113510004394],[-90.4149106789498,31.9732538472747],[-90.4331313902156,31.9875744057104],[-90.4417724106977,32.0031016310206],[-90.4605633419631,32.0106224990889],[-90.4165511562705,32.0195113544749],[-90.4004139399825,32.0769296732806],[-90.4171959436252,32.1311807102341],[-90.4600808487391,32.1398312915153],[-90.4687218692212,32.1553326856615],[-90.4870303072627,32.1626479520166],[-90.4956713277448,32.1719267276641],[-90.4777050220624,32.2006630247156],[-90.4671647313044,32.238100140859],[-90.5114488675762,32.262284958443],[-90.5226207862684,32.2921236178043],[-90.5459383848444,32.320766314261],[-90.5768618356747,32.3449754147066],[-90.5855028561568,32.3699689988317],[-90.5675365504744,32.4132537353543],[-90.5588955299923,32.4685493862082],[-90.5769144706621,32.5119107361554],[-90.5675365504744,32.542082999909],[-90.5588955299923,32.57403601609],[-90.5858449885159,32.5950767177632],[-90.5988065201373,32.6068607536077],[-90.6127944470395,32.6177787244039],[-90.6224179998636,32.6517950916512],[-90.6450908110848,32.7062500999963],[-90.6577102112454,32.7160875564295],[-90.6746939845858,32.7612159631452],[-90.684659669769,32.768978259896],[-90.6933884170268,32.8302966954344],[-90.7116091282926,32.8444819160943],[-90.7203378755504,32.9057482420804],[-90.7385585868162,32.91992139558],[-90.7472259252412,33.109098569352],[-90.7655080453398,33.1232868335101],[-90.7741490658219,33.135627143623],[-90.7471996072983,33.168415393622],[-90.7385585868162,33.3189620314776],[-90.7203115576075,33.333088819733],[-90.7115477194598,33.4170911659276],[-90.6933006902511,33.4312020253865],[-90.684659669769,33.5214030712637],[-90.6685487705256,33.5338461746669],[-90.6577102112454,33.6187061767931],[-90.6483849260451,33.6333812902655],[-90.6397439055631,33.6486235226626],[-90.6214354675216,33.6558164509205],[-90.6127944470395,33.7233714018126],[-90.5683787210533,33.7321704372478],[-90.5588955299923,33.7980542451479],[-90.5435346889768,33.8098815636488],[-90.5319460714687,33.8502935015655],[-90.5226207862684,33.857469531687],[-90.5139797657863,33.9248656231972],[-90.4956713277448,33.93203538232],[-90.4827097961234,33.9548181087451],[-90.4687218692212,33.9767435863202],[-90.4593000860948,34.0014161740927],[-90.4417724106977,34.028873457772],[-90.4331313902156,34.0738141250992],[-90.3968566464917,34.0809713223435],[-90.3882156260096,34.1258843622583],[-90.3699071879681,34.1479072229226],[-90.361266167486,34.1779225490572],[-90.3160082709209,34.2296457913114],[-90.3073672504388,34.2596320320956],[-90.2890588123973,34.2816199826889],[-90.2804177919152,34.311587697569],[-90.2710925067149,34.326143726036],[-90.2624514862328,34.3486792155215],[-90.2171935896678,34.3558131045441],[-90.1921126970037,34.366768056205],[-90.1816031106621,34.4302228067111],[-90.1676151837599,34.4409129934709],[-90.1546536521385,34.452448178323],[-90.1453283669382,34.4595732251504],[-90.1289060406504,34.4882625649623],[-90.0659406313582,34.5520080194502],[-90.0558389708854,34.5782802053935],[-90.0418510439832,34.5889514176834],[-90.0288895123618,34.6004661224773],[-89.9929218101071,34.6144376088075],[-89.9839737481558,34.6300381284494],[-89.9656653101143,34.6371479885644],[-89.9570242896322,34.6522102180682],[-89.9392685265945,34.6657418776215],[-89.9300748311086,34.6817637811137],[-89.9160869042065,34.6924216890374],[-89.903125372585,34.7039220338198],[-89.8668506288612,34.711025555582],[-89.8582096083791,34.7334571413757],[-89.8399011703376,34.7405581260751],[-89.8312601498555,34.7556015477722],[-89.8172722229533,34.766249941491],[-89.8043106913319,34.7777400171722],[-89.7692816584805,34.7868491514131],[-89.7593949271259,34.8293733478393],[-89.7349017994573,34.8585882410402],[-89.6684668225517,34.866038349737],[-89.6515970930316,34.8809743238709],[-89.6362011620245,34.8926750630594],[-89.6216123107063,34.9802067686301],[-89.5793897379429,34.9911585063692],[-89.5527824117784,35.0061561468177],[-89.5309561576096,35.0145933564433],[-89.4931944568504,35.0479654198886],[-89.4809171890489,35.079703190273],[-89.470113718862,35.1049212467634],[-89.4266761396426,35.1161720158961],[-89.4098985224734,35.130981695176],[-89.3674347035472,35.1392535658667],[-89.3551530492721,35.1605284270997],[-89.3098951527071,35.1675925158794],[-89.301254132225,35.1825577521476],[-89.2830334209592,35.1963553085172],[-89.2743046737014,35.2559457141381],[-89.2139622740719,35.265352703587],[-89.2024394509718,35.2852823139361],[-89.1653181501955,35.2925002387128],[-89.1485405339246,35.3072777908317],[-89.1156739498797,35.3157697244703],[-89.1036247697187,35.3365957930144],[-89.0853163316772,35.343644556469],[-89.0766753111951,35.3585773173028],[-89.0589195481574,35.3719926232369],[-89.0497258526715,35.3878767101659],[-89.03141741463,35.3949209974853],[-89.0227763941479,35.409844273094],[-89.0050206311102,35.4232510547171],[-88.9958269356243,35.4391250450002],[-88.9505690390592,35.4461648533916],[-88.9239617128948,35.4610786378652],[-88.8607375106473,35.4681165258652],[-88.8520964901652,35.4830262409087],[-88.8343407271275,35.496420835755],[-88.8251470316416,35.5122803913936],[-88.761168385591,35.519397694478],[-88.7442986560709,35.5342140120285],[-88.6541249952998,35.5412454950563],[-88.6185345162941,35.5634495135733],[-88.573276619729,35.57047843304],[-88.5318742860752,35.593649876573],[-88.519719835041,35.6145859844155],[-88.4834450913171,35.6216104155011],[-88.4665972932663,35.6363917976261],[-88.4108034924167,35.6436139292183],[-88.392990707918,35.6592394466392],[-88.3409910611469,35.6575644119045],[-88.3220904725347,35.6656897840483],[-88.3037820344932,35.6727097240311],[-88.2951410140111,35.6875814061719],[-88.20496735324,35.6945994205672],[-88.1963263327579,35.7094670222825],[-88.1780178947164,35.7164831105947],[-88.1424274157108,35.7386384984075],[-88.1061526719869,35.7456520178399],[-88.0885284986636,35.7532202302907],[-87.9898103162349,35.7659823928114],[-87.9627643588869,35.7896628716587],[-87.8995401566394,35.7966718934453],[-87.8908991361573,35.8115204393495],[-87.7737760168627,35.8185275327564],[-87.7112360793334,35.8406545064527],[-87.6480118770859,35.8476590279269],[-87.6393708566038,35.8624980374441],[-87.5761466543564,35.8695006294005],[-87.5585224810331,35.8916133834335],[-87.4765994607694,35.8986755826489],[-87.4597077997799,35.9134428694655],[-87.4454786258167,35.9204409573275],[-87.4299730374628,35.8938307153017],[-87.3608931185268,35.9134428694655],[-87.2478229453675,35.920760652794],[-87.2351289787501,35.9425394833609],[-87.0185244602765,35.9495349962737],[-87.001567004879,35.9204409573275],[-86.8478445562938,35.9134428694655],[-86.8308871008963,35.9425394833609],[-86.8208380754109,35.9500765013717],[-86.7881688754884,35.9490289969843],[-86.7769881838491,35.9204409573275],[-86.722080416517,35.9134428694655],[-86.7051229611195,35.9425394833609],[-86.5651296473795,35.9495349962737],[-86.5487687290262,35.9214710807591],[-86.5071514662541,35.9134428694655],[-86.4805441400897,35.8986134019444],[-86.4663149661264,35.8916133834335],[-86.4535946815661,35.9134428694655],[-86.4173199378422,35.9204409573275],[-86.4085078511805,35.9281416915551],[-86.3996957645189,35.9204409573275],[-86.3813873264774,35.9134428694655],[-86.3727463059953,35.8986134019444],[-86.2989028591611,35.8916133834335],[-86.2739316247422,35.9134428694655],[-86.2145629845076,35.9211016591883],[-86.2020664020126,35.9425394833609],[-86.1325961013052,35.9495349962737],[-86.1212180264419,35.9204409573275],[-86.0171573240666,35.9134428694655],[-86.0038843645025,35.9362163556085],[-85.9861286014648,35.9495349962737],[-85.9774875809827,35.9643549162232],[-85.756645891672,35.9713484973628],[-85.7439256071116,35.9495349962737],[-85.7256171690702,35.9425394833609],[-85.7169761485881,35.9204409573275],[-85.6537519463406,35.9134428694655],[-85.6451109258585,35.8986134019444],[-85.581886723611,35.8916133834335],[-85.5642625502878,35.8695006294005],[-85.5549372650874,35.8624980374441],[-85.5384403714445,35.8480679026387],[-85.5180265078542,35.8406545064527],[-85.49705996926,35.8589965094391],[-85.4830720423579,35.8695006294005],[-85.4744310218758,35.8916133834335],[-85.4561225838343,35.8986134019444],[-85.4474815633522,35.9134428694655],[-85.4297258003145,35.9267653468615],[-85.4205321048286,35.9425394833609],[-85.303408985534,35.9495349962737],[-85.2947679650519,35.9643549162232],[-85.253589332565,35.9713484973628],[-85.2408690480047,35.9495349962737],[-85.2225606099632,35.9425394833609],[-85.2139195894811,35.9204409573275],[-85.0062982238488,35.9134428694655],[-84.9893407684513,35.9425394833609],[-84.980015483251,35.9495349962737],[-84.9712033965893,35.9646495818428],[-84.9623913099277,35.9495349962737],[-84.9032463717584,35.9425394833609],[-84.8905260871981,35.9643549162232],[-84.8542513434742,35.9713484973628],[-84.841605626269,35.9930282122431],[-84.7505327734581,36.0004237918067],[-84.7339569259865,35.9720087736967],[-84.6745882866503,35.9643549162232],[-84.6577185571302,35.949618442212],[-84.5937399110796,35.9425394833609],[-84.5850988905975,35.9204409573275],[-84.566790452556,35.9134428694655],[-84.5581494320739,35.8986134019444],[-84.4949252298264,35.8916133834335],[-84.4826435755514,35.8705314159023],[-84.4410263127792,35.8624980374441],[-84.4323852922972,35.8476590279269],[-84.3961105485733,35.8406545064527],[-84.3843289334163,35.8204125846952],[-84.3567741649014,35.8115204393495],[-84.333570611044,35.8406545064527],[-84.3242453258437,35.8476590279269],[-84.3156043053616,35.8624980374441],[-84.2473095346451,35.8700622322911],[-84.2347559297909,35.8916133834335],[-84.198481186067,35.8986134019444],[-84.1898401655849,35.9134428694655],[-84.1666278387804,35.9204409573275],[-84.1539075542201,35.8986134019444],[-84.1217120745744,35.8916133834335],[-84.1089917900141,35.9134428694655],[-84.0912360269764,35.9267653468615],[-84.0820423314905,35.9425394833609],[-84.0386617737321,35.9495349962737],[-84.0281434144434,35.8695006294005],[-84.0188181292431,35.8624980374441],[-84.0058565976216,35.8511610574113],[-83.9918686707195,35.8406545064527],[-83.9826749752336,35.8248600621917],[-83.9649192121959,35.8115204393495],[-83.9562781917138,35.7966718934453],[-83.9379697536723,35.7896628716587],[-83.9293287331902,35.7456520178399],[-83.9110202951487,35.7386384984075],[-83.9023792746666,35.7237763388906],[-83.8930539894663,35.7094670222825],[-83.8835971163483,35.6612440961461],[-83.8571213781016,35.6510920333899],[-83.8394972047783,35.6435141212],[-83.8099071906978,35.6364916145404],[-83.7422308884949,35.6557681658689],[-83.7000872695602,35.6376466274728],[-83.6778004536367,35.6656897840483],[-83.5682086201396,35.6763441716134],[-83.5004226614883,35.705476123214],[-83.4457868447355,35.6899255626049],[-83.4084769336821,35.7059587465122],[-83.3798431340008,35.7169318347983],[-83.3495425390559,35.743478604799],[-83.3050215421965,35.7699773778347],[-83.2283226106872,35.767511009922],[-83.2106765058946,35.7750878191107],[-83.1907319761076,35.7820981262118],[-83.1567775888474,35.7675216866855],[-83.1313194738327,35.7605100944881],[-83.0489797547531,35.7896628716587],[-83.003721858188,35.7966718934453],[-82.9765048355587,35.8118619161245],[-82.9591482263411,35.7966718934453],[-82.8060924956817,35.7896628716587],[-82.7940784064106,35.758881679136],[-82.7555666474235,35.7181123932909],[-82.7380389720264,35.6731586945963],[-82.680328355905,35.6656897840483],[-82.6711346604191,35.6498605823329],[-82.6533788973814,35.6364916145404],[-82.6447378768993,35.6216104155011],[-82.6264294388578,35.6145859844155],[-82.6177884183757,35.5558632966355],[-82.5339485828403,35.472006749267],[-82.5184736980045,35.4453000983181],[-82.4569382233883,35.4472868783516],[-82.447108514393,35.4984509908433],[-82.4653511571282,35.512208983284],[-82.4368489462629,35.5195547780219],[-82.4201590558694,35.5342140120285],[-82.4108337706691,35.5412454950563],[-82.4008417675431,35.5500214920721],[-82.4022453851745,35.5788998370132],[-82.4201590558694,35.5923961394277],[-82.4288000763515,35.6072827741112],[-82.5010074314402,35.614307846561],[-82.5096484519223,35.6623773695354],[-82.4826989933987,35.6727097240311],[-82.4740579729166,35.6875814061719],[-82.4543415307701,35.7178417386523],[-82.4028024466518,35.7375864172027],[-82.392823602048,35.8220681920484],[-82.3467410807982,35.8707802244533],[-82.312019089416,35.8840583533956],[-82.2943949160927,35.8916133834335],[-82.2301925679767,35.8986134019444],[-82.2114937490622,35.8822618849851],[-82.1950275598357,35.8539892326515],[-82.1772717967981,35.8406545064527],[-82.168630776316,35.7740166462969],[-82.1955012810109,35.7538146926965],[-82.2043265270931,35.6864965864159],[-82.2404959990455,35.6437921574603],[-82.2491370195276,35.5923961394277],[-82.2674454575691,35.5853691432186],[-82.2760864780512,35.5631711980137],[-82.3025666018731,35.5530048986795],[-82.2760864780512,35.5122803913936],[-82.2674454575691,35.4933817570429],[-82.2943949160927,35.4830262409087],[-82.3030359365748,35.4494862149666],[-82.2760864780512,35.4391250450002],[-82.2674454575691,35.4168866412139],[-82.2491370195276,35.409844273094],[-82.2404959990455,35.3949209974853],[-82.2311707138452,35.3878767101659],[-82.2191653966229,35.3162260619136],[-82.1503223382745,35.3072777908317],[-82.1416813177924,35.292335550717],[-82.1233728797509,35.2852823139361],[-82.114179184265,35.2693780526659],[-82.0964234212273,35.2559457141381],[-82.0877824007452,35.2409940007208],[-82.0784571155449,35.2339362934388],[-82.0654955839235,35.2225101035376],[-82.0515076570213,35.2119208995309],[-82.0423139615354,35.1960022436181],[-82.0245581984977,35.1825577521476],[-82.0159171780156,35.1675925158794],[-81.997244677044,35.1603885732247],[-82.0159171780156,35.1531839925006],[-82.0245581984977,35.1190943426039],[-81.9976087399741,35.0870542523628],[-81.9889677194921,35.0647190428182],[-81.9706592814506,35.0576460297729],[-81.9620182609685,35.0426578331019],[-81.9526929757682,35.035582909217],[-81.9404113214931,35.0142754274828],[-81.898794058721,35.0061561468177],[-81.8901530382389,34.9911585063692],[-81.8718446001974,34.9840791259349],[-81.85915063358,34.9620392873497],[-81.7460804604207,34.9546338358246],[-81.7374394399386,34.939626757778],[-81.7191310018971,34.9325429237143],[-81.7066344185038,34.9108345339885],[-81.6472657791675,34.903079118059],[-81.6343042475461,34.891606522463],[-81.6203163206439,34.8809743238709],[-81.6116753001618,34.8659537743287],[-81.5933668621204,34.8588635830346],[-81.5847258416383,34.8364660803371],[-81.5707379147361,34.8258267524767],[-81.5577763831147,34.8143433758492],[-81.4945521808672,34.8072487380846],[-81.4853584853813,34.791251149039],[-81.4676027223436,34.7777400171722],[-81.4589617018615,34.7627006290317],[-81.3418385825669,34.7556015477722],[-81.3331975620848,34.7405581260751],[-81.3154417990471,34.7270386952915],[-81.3062481035612,34.711025555582],[-81.2430239013137,34.7039220338198],[-81.2343828808316,34.6888692050286],[-81.2160744427902,34.6817637811137],[-81.2068807473043,34.6657418776215],[-81.1891249842666,34.6522102180682],[-81.1798391764297,34.6360238050484],[-81.1822165543544,34.5867143679498],[-81.1711586785842,34.5782802053935],[-81.1581971469627,34.5667624260115],[-81.1442092200606,34.5560883651582],[-81.1350155245747,34.5400421873641],[-81.117259761537,34.526490034076],[-81.1086187410549,34.5114050010508],[-81.0903103030134,34.504284379961],[-81.0811166075275,34.4882282186581],[-81.0633608444898,34.4746676367458],[-81.0547198240077,34.4595732251504],[-80.9375967047131,34.452448178323],[-80.928955684231,34.4373497493389],[-80.9196303990307,34.4302228067111],[-80.9020062257074,34.4077092521407],[-80.8926809405071,34.4005797826636],[-80.8759033233379,34.3856384968315],[-80.83878202346,34.3783406205066],[-80.8295883279741,34.3622602424768],[-80.8118325649364,34.3486792155215],[-80.8031915444543,34.3335620546746],[-80.7837119628954,34.3259698510918],[-80.734054603159,34.2816997176058],[-80.4884390626534,34.2744797854475],[-80.4797980421713,34.2593492608937],[-80.4158193961206,34.2521219713386],[-80.3946291554611,34.2332178693656],[-80.3612362152535,34.2076333740043],[-80.1650455603703,34.2002148120324],[-80.1561501343048,34.138719021966],[-80.102163490482,34.1035724695115],[-80.0853156924312,34.08851297381],[-80.0302982677524,34.0812546917931],[-79.9814085112397,34.0375429078587],[-79.9494498921816,34.0291570014306],[-79.9273253694907,34.0194541961977],[-79.9132409437641,33.9825668756522],[-79.9140085469879,33.9664309123894],[-79.9587751773819,33.9546762129466],[-79.967416197864,33.9312238105254],[-79.9447872504798,33.9138259254261],[-79.9318257188583,33.9022168658962],[-79.8662723889967,33.8935481750365],[-79.8509773432876,33.879846132],[-79.7787699881989,33.8726719824777],[-79.7701289677168,33.8649290501664],[-79.750649386158,33.8572946914073],[-79.7341963563521,33.8425485399506],[-79.6668183235696,33.806402788934],[-79.5705213811059,33.7980542451479],[-79.5455501466869,33.8204464056579],[-79.5166224640588,33.8276249423081],[-79.4916512296398,33.8052346609901],[-79.3812128399886,33.7980542451479],[-79.3222301950518,33.8509382763123],[-79.2758844952716,33.8494119371678],[-79.1819298398427,33.8525046573469],[-79.1592745745156,33.8425485399506],[-79.0960503722681,33.8353712564307],[-79.0577184524076,33.8242106576524],[-79.0245272818976,33.8052346609901],[-78.997235691015,33.7980542451479],[-78.9796115176917,33.7903045510231],[-78.9522936088661,33.7795901558581],[-78.86786162276,33.8102095714208],[-78.8112124919109,33.8214211913586],[-78.7279121719586,33.818677185917],[-78.6623325241541,33.8208363214207],[-78.6242374648812,33.8375827983978],[-78.5304670341542,33.8344950031306],[-78.4945212642671,33.8502935015655],[-78.1871158435619,33.857469531687],[-78.1531614563017,33.8425485399506],[-78.1348530182602,33.8353712564307],[-78.0902793864133,33.8052346609901],[-77.8923078915479,33.7980542451479],[-77.8836668710658,33.7828385195229],[-77.8653584330243,33.7756562250939],[-77.8567174125423,33.767904503839],[-77.8372378309834,33.7602614811151],[-77.8207848011775,33.7454985996565],[-77.802476363136,33.7383131755982],[-77.7848521898127,33.7305580772495],[-77.7379889059185,33.7231178503369],[-77.7129869670831,33.7006692278836],[-77.667729070518,33.6934800505027],[-77.6584432626812,33.6771087416575],[-77.659803017374,33.6486052657802],[-77.639801466126,33.6411451604952],[-77.6144793272992,33.6638959129501],[-77.5475223798061,33.661687188111],[-77.5162918875066,33.6336278021802],[-77.4879826742903,33.6261645733716],[-77.4974044574167,33.5962248128197],[-77.4968956462499,33.5855757190706],[-77.4611165551706,33.5663258236207],[-77.4345092290061,33.5510690371177],[-77.3876152406955,33.5438673663825],[-77.3583234951372,33.5702108660914],[-77.3396729265332,33.5846092153375],[-77.3267113949117,33.5962613487846],[-77.3173861097114,33.6034586499609],[-77.3087319298088,33.6112361753146],[-77.2837957853814,33.6104124266739],[-77.1618652761482,33.5514930767637],[-77.0568746773168,33.5438673663825],[-77.0482336568347,33.5286066136346],[-77.0119589131108,33.5214030712637],[-76.9592925484138,33.5033678152738],[-76.9767105655659,33.4759154901593],[-76.9756622388159,33.4538324524344],[-76.9770877879166,33.4238476048825],[-76.9760131432237,33.401229498647],[-76.993904881551,33.3729957454226],[-77.004247789085,33.336727804844],[-77.0302673511523,33.3264682608565],[-77.0345878613933,33.3225722857384],[-77.039904063397,33.3195063284081],[-77.0472379650721,33.2881001675616],[-77.0615373199169,33.2700127584219],[-77.0615373199169,33.2399645291332],[-77.0734680697841,33.2349163520791],[-77.0795036255993,33.2249365399428],[-77.0884867784405,33.2249365399428],[-77.0884867784405,33.2174215769692],[-77.1101200349605,33.2054597862021],[-77.1387187446501,33.1993195361562],[-77.1460526463252,33.1678701558088],[-77.1603520011701,33.1497578721576],[-77.1663173761037,33.1472312188896],[-77.1723529319189,33.1372414120757],[-77.1902490567197,33.1296601527335],[-77.2035439477532,33.1076491208671],[-77.2561489045156,33.1020917628545],[-77.2591666824232,33.0970944334885],[-77.2681498352644,33.0970944334885],[-77.2681498352644,33.0820419369162],[-77.2861161409468,33.0820419369162],[-77.2706544155317,33.1141999220922],[-77.2091803497483,33.1229451962789],[-77.205267765376,33.1422364576424],[-77.1756689783485,33.1454573770107],[-77.1989032366223,33.1523523902012],[-77.205267765376,33.1422364576424],[-77.2276379216017,33.1535936189803],[-77.2792252560305,33.179229504431],[-77.29051999149,33.1987065883155],[-77.3264526028548,33.2275893736083],[-77.3130041915359,33.286767345548],[-77.2736502619699,33.3037111794432],[-77.2215277984314,33.3046001677878],[-77.1652997528717,33.2817970437063],[-77.1557726988721,33.2663324793783],[-77.1455350622113,33.2137390831253],[-77.0968733933392,33.2240724256947],[-77.0747400985995,33.2513823862721],[-77.0751173200519,33.2667524094456],[-77.0569580176189,33.2962213225165],[-77.0471546256682,33.3381734627663],[-77.0144722663251,33.3514196256066],[-77.0948776251371,33.4093272929688],[-77.1461491451497,33.4313722424452],[-77.2467315078627,33.438837663546],[-77.2995031443312,33.4539074750172],[-77.3536696254841,33.4649240732307],[-77.3973967011769,33.4837136468859],[-77.4118802807235,33.483960586332],[-77.4335968775456,33.4835910917139],[-77.5219107445059,33.4986750705761],[-77.5554528194237,33.4992456745777],[-77.6468327137038,33.4886084024628],[-77.6690625072679,33.4526119581514],[-77.6668956728862,33.3639219348095],[-77.6949373210986,33.3712741025661],[-77.7097674185796,33.3841617910256],[-77.7754084743186,33.4283943137426],[-77.8395757315446,33.4467233354375],[-77.9916445433885,33.4378530484709],[-78.0273139762228,33.3939274717792],[-78.0451048301504,33.3712741025661],[-78.0632465875876,33.3639219348095],[-78.0990037471976,33.3412607503395],[-78.1261286574759,33.3339060471444],[-78.1786195704181,33.31889422326],[-78.2630076944839,33.3285499517634],[-78.287663115385,33.3483381948986],[-78.2966331097039,33.3714242896118],[-78.3327411728234,33.3787758233301],[-78.3426103591822,33.3873536575503],[-78.4344552016904,33.3748675368044],[-78.4673130136866,33.3562687201411],[-78.4854547711238,33.3489152845223],[-78.520334669265,33.3339060471444],[-78.5483368410121,33.3412607503395],[-78.5661276949398,33.3489152845223],[-78.6153288793951,33.3688527540713],[-78.6739255290341,33.4009310578801],[-78.6651178279477,33.4314198302324],[-78.643208234375,33.4764899029442],[-78.6678768137983,33.5188890029748],[-78.7102134312803,33.5360124734886],[-78.7546817922539,33.555104635085],[-78.8237924147081,33.5691436841366],[-78.8404735330528,33.5961188578354],[-78.8266391273344,33.6184888438632],[-78.817831426248,33.6410776039935],[-78.7908819677244,33.6519608237771],[-78.8026899008243,33.6774792341868],[-78.8356222801756,33.663361078274],[-78.862747190454,33.6560336904136],[-78.8895211972228,33.6409278841721],[-78.9185541507241,33.6250798224386],[-78.977734178885,33.5737741329201],[-79.009350665584,33.5732350839089],[-79.2406142162573,33.5810975550031],[-79.2833806910775,33.599447233184],[-79.2939385268313,33.5737430691068],[-79.3067860146325,33.5407543769183],[-79.3207125336001,33.5286742589997],[-79.3478374438785,33.5213354209599],[-79.3653256428105,33.47639660658],[-79.3747825159286,33.4762356253076],[-79.4145443722617,33.4987153056833],[-79.4860718491057,33.4859360758073],[-79.5665868652644,33.4213947727883],[-79.5836759103763,33.3628632006784],[-79.6342456215732,33.31889422326],[-79.6867847839276,33.3273020429421],[-79.7373062466106,33.3559096726669],[-79.8360024975699,33.3648652594418],[-79.9017575971292,33.3931529227818],[-79.9317423785562,33.4012771029551],[-79.958516385325,33.4089263572974],[-80.0036076012857,33.4162747197558],[-80.0303816080546,33.4314198302324],[-80.08232861894,33.4598395226088],[-80.0938031935261,33.4690368702231],[-80.0930750667676,33.4987902886635],[-80.094478684399,33.5560623309309],[-80.0395402126505,33.5709180490703],[-80.0596908986087,33.633448853553],[-80.201236963792,33.6261189192534],[-80.2364809257617,33.6160725728782],[-80.2731021865216,33.6259691734263],[-80.2819976134854,33.6412309753939],[-80.292217704252,33.6236900793018],[-80.3539505620924,33.6111576367618],[-80.3943791363513,33.5996335603788],[-80.4159948478754,33.6183719585612],[-80.4347989376631,33.6259691734263],[-80.4605465491512,33.6482784658846],[-80.4892110523506,33.6560227367791],[-80.5064887086379,33.6709871779462],[-80.5441626826214,33.6811603423757],[-80.6373979842387,33.7426518576379],[-80.6590575587015,33.7599551627508],[-80.6681854597794,33.7755887743159],[-80.704293522899,33.7829059653387],[-80.7173690983407,33.8053020891633],[-80.7312429814226,33.7979868120105],[-80.740050682509,33.7829059653387],[-80.7583810511215,33.7755140312174],[-80.7312429814226,33.7645717051126],[-80.7512445326705,33.7383642413722],[-80.809556073208,33.7373739197002],[-80.8645822699355,33.7530353543752],[-80.9109060382465,33.7457156124872],[-80.9239816136882,33.7233039098953],[-81.0097207194996,33.7306255642093],[-81.018528420586,33.7457156124872],[-81.0363499780318,33.7599551627508],[-81.0570445651484,33.7954079092625],[-81.0815859422292,33.8053020891633],[-81.0916261947675,33.8224925321733],[-81.2603892834784,33.8196319495024],[-81.2881984575767,33.8500767544627],[-81.2998616433382,33.8799135013233],[-81.3420973746238,33.8726046081834],[-81.3509050757103,33.8575369186719],[-81.4147784499894,33.8501313965661],[-81.4491933999024,33.8203789901669],[-81.4588783615594,33.827692352833],[-81.4676860626458,33.8502261096116],[-81.5127772786065,33.8575369186719],[-81.521584979693,33.8800628042865],[-81.5439902259102,33.9075046630791],[-81.5601800780839,34.017383709411],[-81.5925115330192,34.0726006108478],[-81.6263387179368,34.1139265875409],[-81.6480597003342,34.1488292555817],[-81.6459630468341,34.2338579258335],[-81.6653154251521,34.2744127299782],[-81.7104066411128,34.2816870331515],[-81.7193020680766,34.3043286647432],[-81.7281974950405,34.2816870331515],[-81.7373560996364,34.2744127299782],[-81.7547390267969,34.2594634571847],[-81.8182044752072,34.2521400992072],[-81.8356400382534,34.2224340852329],[-81.8601507109178,34.2320791728667],[-81.8719279404996,34.2521400992072],[-81.8900696979367,34.2594163291175],[-81.8988773990232,34.2744127299782],[-81.9166989564689,34.2885638776169],[-81.9258268575468,34.3041003946304],[-81.9395691509142,34.3150077580124],[-81.9527763160703,34.3263592585056],[-81.9619349206663,34.3336290636733],[-81.9707426217527,34.3486122192889],[-81.9885641791984,34.3627508635786],[-81.9976920802763,34.3782736479854],[-82.0158338377135,34.3855389519611],[-82.0246415387999,34.4005128279323],[-82.087699060443,34.4077762018543],[-82.0965944874068,34.4228980636537],[-82.1097577887259,34.4005128279323],[-82.1928168625154,34.4083733121016],[-82.2187969472192,34.4743946310453],[-82.2698140616484,34.5055657752525],[-82.3274281798437,34.5549666967074],[-82.3482104928377,34.5632713824608],[-82.3749844996065,34.5782133931729],[-82.4942612938622,34.5862196453644],[-82.5447871421204,34.6076453055518],[-82.5727893138676,34.6003993280943],[-82.581597014954,34.5854613058647],[-82.5997387723912,34.5782133931729],[-82.6394962422508,34.5560215351051],[-82.6805871479619,34.5706686816784],[-82.7253274604131,34.6003993280943],[-82.7553122418401,34.608408857631],[-82.8061758359839,34.629971357858],[-82.8378230270992,34.6384219247177],[-82.9319399757606,34.6816970521801],[-82.959064886039,34.6889359289204],[-82.9858388928078,34.7038553227482],[-83.0119900436912,34.7142850391192],[-83.1113881034663,34.8154435308443],[-83.0488876424022,34.8647301302381],[-83.0375534295792,34.9502927080786],[-83.0134638422042,34.990978834683],[-82.9900585177508,35.0094003634621],[-82.9636485748105,35.0760345897782],[-82.949906281443,35.108889962433],[-82.9383702989223,35.1764504473766],[-82.904990517237,35.1896862448133],[-82.8916166723749,35.2233539550284],[-82.8272608039735,35.2738508264146],[-82.8057284327516,35.3006572225047],[-82.7861216488501,35.3160310003613],[-82.8022807966075,35.3566545302578],[-82.8586667489261,35.3803400716363],[-82.8952923961595,35.3668921727225],[-82.9224436252791,35.3438467074471],[-82.9504019340875,35.3364455081961],[-82.9973617159079,35.2574393012288],[-83.0575505943536,35.2414901670562],[-83.0708849618523,35.2301528226609],[-83.1565187967905,35.1676588515766],[-83.2249583148453,35.1567361567386],[-83.2644920826396,35.1090370808495],[-83.2751815081079,35.0820902042183],[-83.3183909996868,35.0649326603173],[-83.3451650064556,35.0500786633317],[-83.3732417455579,35.0350046775241],[-83.3985244079195,35.0134599435281],[-83.4256010687857,35.0130072918989],[-83.4531382923047,35.0427242705557],[-83.4663454574608,35.0650062588455],[-83.4868777513449,35.0976220375588],[-83.5158449104383,35.1560260948573],[-83.5070372093519,35.1751489781857],[-83.4890709036695,35.2036510427665],[-83.5293064802795,35.2719886925008],[-83.5698315533629,35.2890309893501],[-83.5966932860091,35.2777361021547],[-83.6383631837686,35.2612304528766],[-83.6506930874559,35.1890947661568],[-83.6727123392736,35.1541522905905],[-83.6549302582931,35.0831401096422],[-83.6687339604934,35.072285053154],[-83.6776513189265,35.0050962694898],[-83.695683419017,34.9619296482507],[-83.707184311546,34.9232646925307],[-83.7254839757421,34.9076475639515],[-83.8194166997017,34.8888667488612],[-83.8819873416473,34.863961744652],[-83.933267634607,34.8071821104375],[-84.0533909859151,34.8172998956973],[-84.0817835394336,34.8293067380835],[-84.1658646220302,34.8487707029115],[-84.1895813735279,34.8587969971417],[-84.2844439939437,34.8664108373831],[-84.2973792076223,34.8882766874017],[-84.3380446415705,34.9374711074831],[-84.2975546593771,34.954567327549],[-84.2503887204873,34.9639911952235],[-84.2344971377339,34.9765049483125],[-84.2252113298971,34.9844223278789],[-84.1716457713637,35.005710640645],[-84.1615177929479,35.0735899616175],[-84.144665609322,35.0868406935046],[-84.1358579082355,35.1016880003797],[-84.1180363507898,35.1156984063269],[-84.1089084497119,35.1310803460719],[-84.0309155588163,35.1435326552855],[-84.0189014695452,35.1529706069341],[-84.0100937684588,35.1604620863208],[-83.9566115502275,35.1746506139146],[-83.929605070243,35.207206377961],[-83.9202622400469,35.2852160750623],[-83.8972999332506,35.3128669973267],[-83.9271969888002,35.3631381634752],[-83.9579055105122,35.4013264745157],[-84.0100937684588,35.4096315627909],[-84.0499740541874,35.4207561074526],[-84.0723310518907,35.403249984601],[-84.0976312592482,35.3523956181909],[-84.1229095360347,35.2584171016441],[-84.1532890848082,35.2345811854451],[-84.1628073667591,35.2118546006939],[-84.1716150678456,35.1896862448133],[-84.2077231309651,35.1824914293405],[-84.2209302961212,35.1712569950194],[-84.2346725894887,35.1604620863208],[-84.2509720990092,35.1329959341409],[-84.3175430521027,35.1660058389962],[-84.3639150698259,35.1783058112347],[-84.3870659877976,35.1964879314466],[-84.3961938888754,35.2118546006939],[-84.4159673515846,35.2273760152295],[-84.4341617458058,35.3337814828046],[-84.4592514105186,35.3437107482403],[-84.469098665408,35.4012084880595],[-84.4862008690422,35.3878105553315],[-84.5036364320884,35.3585111384464],[-84.5311166332481,35.3656903365154],[-84.5489074871758,35.3878105553315],[-84.5580660917717,35.3949871472195],[-84.5668737928581,35.4097781362818],[-84.5850155502953,35.4169527729242],[-84.5938232513817,35.4610125431234],[-84.6209481616601,35.468182615501],[-84.6721670466852,35.5185890635704],[-84.7618538268605,35.5200795798761],[-84.7916280656428,35.5122143387482],[-84.8264641008453,35.4976064384173],[-84.8454392568126,35.497292183677],[-84.8719632435732,35.4977314252909],[-84.8992504479824,35.4901282796044],[-84.9263753582607,35.482960164205],[-84.9928191081135,35.4610125431234],[-85.0165928819705,35.4728426403538],[-85.0519640462827,35.5153276807406],[-85.0430642328454,35.5491275196262],[-85.0249180889347,35.5633103559143],[-85.0387568811266,35.5741246657886],[-85.0604208420629,35.5924621267748],[-85.1355889526999,35.5839993420943],[-85.2155030453409,35.5163273525859],[-85.2810125122638,35.4990205680728],[-85.3217261956242,35.4501097359553],[-85.3548822761425,35.4089040522202],[-85.4036974653001,35.3819297082575],[-85.4202733127717,35.4097781362818],[-85.44739822305,35.4389124120052],[-85.4587806852853,35.4769326668442],[-85.508486294434,35.5190513942334],[-85.5896460979474,35.520399099637],[-85.6046955101219,35.5086313459029],[-85.6263726304788,35.4902639919682],[-85.6545239360379,35.4828244387753],[-85.6792758557634,35.4618467624566],[-85.7257005093723,35.4389124120052],[-85.9058416729466,35.4309302181017],[-85.9240053627515,35.4167079089644],[-85.958639627358,35.3585111384464],[-86.0451682687609,35.36611956542],[-86.0580771644966,35.3878105553315],[-86.0876584056299,35.3956361195667],[-86.1211346861397,35.4315931975904],[-86.1299423872261,35.4610125431234],[-86.1458032664614,35.4987491712346],[-86.1568918457497,35.5633835030502],[-86.184016756028,35.5705444384492],[-86.2504605058808,35.5924621267748],[-86.2918145901224,35.5706907187163],[-86.3365549025736,35.5413115245407],[-86.3546966600108,35.5341479774323],[-86.3814706667796,35.5193798440392],[-86.4265618827403,35.5122143387482],[-86.4571432021098,35.4953387798035],[-86.5163934111523,35.5047553935936],[-86.5341842650799,35.5122143387482],[-86.6062249395642,35.5193798440392],[-86.632998946333,35.5341479774323],[-86.7589385378645,35.5413115245407],[-86.7938184360057,35.5559293140833],[-86.8936858304825,35.5487670727156],[-86.9285657286237,35.5341479774323],[-87.010466817418,35.5413115245407],[-87.0453467155592,35.5559293140833],[-87.0913151929888,35.5487670727156],[-87.1180891997576,35.5413115245407],[-87.3158940140187,35.5341479774323],[-87.365095198474,35.5204437258911],[-87.5135014450556,35.5341622550096],[-87.5402973832938,35.5193798440392],[-87.6931864333489,35.5122143387482],[-87.7191226560123,35.4902389927244],[-87.7740348089196,35.482960164205],[-87.7921721807815,35.4675878126759],[-87.861572299709,35.4687416898134],[-87.8908157958551,35.4610125431234],[-87.9355561083064,35.4462309610626],[-87.9904682612136,35.4389481486331],[-88.0420512091689,35.3951945329082],[-88.0884451583614,35.3878105553315],[-88.1409360713036,35.3731621765415],[-88.1692935339322,35.3803400716363],[-88.196067540701,35.3951337473389],[-88.2231924509794,35.4023096875363],[-88.2620200234844,35.4131421082162],[-88.2948822219542,35.3949871472195],[-88.3295559639242,35.3858133681281],[-88.3678747252624,35.3653272779196],[-88.4096805983116,35.3298380627204],[-88.4298049663269,35.3218719118712],[-88.4738039925989,35.303376034402],[-88.5464105015076,35.2777361021547],[-88.6007173444236,35.2602473134522],[-88.678104925328,35.1838232532138],[-88.7262490100863,35.1604620863208],[-88.7709893225375,35.1382797102044],[-88.8006758354424,35.1304005525906],[-88.8601585185989,35.079751649173],[-88.8789626083866,35.072285053154],[-88.9241503240701,35.0424279974718],[-88.9508234446427,35.0428750996221],[-88.9955681435674,35.0280134987546],[-89.0449710977204,35.0181497646082],[-89.0765919708929,34.9840126415607],[-89.0867462672515,34.9244155379146],[-89.1116867981523,34.9031276816376],[-89.1351140540751,34.8938065502408],[-89.2021806589149,34.8365326850387],[-89.2329856794514,34.8283273880881],[-89.3026445904358,34.7611727567637],[-89.3451303417296,34.7276353203374],[-89.3548942572152,34.7110922616099],[-89.3825323651339,34.7037182942927],[-89.4079729351528,34.6819495399334],[-89.4544940866879,34.659236998693],[-89.6049224203128,34.5084773065381],[-89.6166777175269,34.4786179874337],[-89.6581853229522,34.4561843827641],[-89.7054126697766,34.4079245748815],[-89.714220370863,34.3781252223875],[-89.7323621283002,34.3560285607756],[-89.7545963092361,34.309480885087],[-89.7772778925061,34.2818356294578],[-89.7860855935926,34.2594163291175],[-89.8398222174072,34.2378649696708],[-89.8572095301429,34.2082355368198],[-89.8850757266005,34.1778554166704],[-89.8938834276869,34.1479743798708],[-89.9030420322829,34.1332531839],[-89.9118497333693,34.1033563671613],[-89.9550899284663,34.0561583297494],[-89.9662092121711,34.027757451967],[-89.9838904078536,33.9993052465357],[-89.9939701368571,33.9735517024666],[-90.0405219928086,33.9482379073184],[-90.0555801788284,33.909739818989],[-90.0730069689276,33.8816596036294],[-90.0827050891068,33.8502261096116],[-90.097741342759,33.7989855458958],[-90.1366040061539,33.7457156124872],[-90.1454117072404,33.7231543332064],[-90.1545703118363,33.7008863540824],[-90.1653650090761,33.6273899243056],[-90.2084692288835,33.618638602691],[-90.2172769299699,33.4987153056833],[-90.2354186874071,33.4763892896987],[-90.2442263884935,33.3937773235974],[-90.2711758470171,33.3605771705503],[-90.2623681459307,33.2211039165893],[-90.2448229255377,33.178201569303],[-90.2354186874071,33.1459219583627],[-90.2240362260702,33.1180739602713],[-90.2352432356523,33.1083067952692],[-90.2620347865186,33.0974177990685],[-90.2711758470171,32.9878300585463],[-90.2891421526995,32.9585721120856],[-90.2803344516131,32.9124484612702],[-90.2711758470171,32.8975154300605],[-90.2623681459307,32.86718866029],[-90.2470292372829,32.8295300614007],[-90.2624120088694,32.791755929301],[-90.2442263884935,32.7691977120393],[-90.2349581256525,32.7451820668089],[-90.2088771556507,32.7025886872761],[-90.2079253268267,32.6633094836494],[-90.208473615357,32.6405525418821],[-90.1903274714464,32.5877280021202],[-90.1815197703599,32.4436515704722],[-90.1636982129142,32.4291971696933],[-90.1545703118363,32.413322240381],[-90.1454117072404,32.4058901469898],[-90.1366040061539,32.390568550553],[-90.1228617127865,32.3794173707898],[-90.1094922543979,32.3446122523917],[-90.0915127901932,32.330015978218],[-90.0823673441195,32.2825511722576],[-90.0286307203048,32.1704731525133],[-90.0198230192184,32.1399000033336],[-89.9783329596872,32.1061380579987],[-89.9480674547339,32.0683103014478],[-89.9477779582605,32.0561994361726],[-89.9625203298642,32.0196805691123],[-89.9440978480024,31.9893508325883],[-89.9298160390517,31.942069419446],[-89.9205126853207,31.8532664243342],[-89.8849002748457,31.7054544015044],[-89.8757636008208,31.6497626335481],[-89.8409714294553,31.5631977368075],[-89.8397037871135,31.5102890519795],[-89.8403529600434,31.4832670557783],[-89.8220182049573,31.4529089607879],[-89.8125744894632,31.4363012815483],[-89.7677596105552,31.3995578456462],[-89.7284758618708,31.3646521127243],[-89.6872709123394,31.3532337399177],[-89.678463211253,31.3300631242485],[-89.6603214538158,31.3225431547264],[-89.6155811413646,31.2916888842719],[-89.5829952808459,31.2781773572985],[-89.526297901483,31.2316115871602],[-89.4718506959055,31.1687863501245],[-89.4112714365867,31.1070179268678],[-89.3662416285605,31.0481949918676],[-89.3233611099201,30.9997659517408],[-89.3020699848609,30.9621435506622],[-89.2755416116268,30.9384633006457],[-89.2469955378229,30.9265833486559],[-89.2481579083932,30.8777989413166],[-89.2293055691932,30.8531206484158],[-89.2111638117561,30.8301365835073],[-89.2023561106696,30.8068380893083],[-89.0765919708929,30.7987077127572],[-89.0853996719793,30.7528135826014],[-89.1031642070658,30.7381453073329],[-89.1044406223546,30.6842651994498],[-89.0674333662969,30.6448283435235],[-89.0306322664104,30.588974247908],[-88.9322649883896,30.5751874316385],[-88.9104957556817,30.5556763615274],[-88.8886651150393,30.5376139836577],[-88.8756948113691,30.5159244929613],[-88.8574433956869,30.4082764391092],[-88.873431478163,30.3235437577572],[-88.923259904079,30.3095849129303],[-88.9341379407227,30.1716163939633],[-88.9322035795568,30.0896396031058],[-88.9687941367986,30.0479024034594],[-88.977601837885,30.0010803921688],[-88.9957435953222,29.9934562882391],[-89.008345450487,29.97095854113],[-89.1516153332932,29.9608392573251],[-89.1892278993422,29.9178863908076],[-89.1754066521461,29.8687399270565],[-89.1572122588231,29.8454568733861],[-89.1671340810676,29.8287458767084],[-89.1661515487257,29.7869904206594],[-89.1664278857784,29.7752210717947],[-89.1292451770676,29.7442045084938],[-89.2194276098874,29.7289183100065],[-89.265238180558,29.6973711444828],[-89.2823667021351,29.68188536937],[-89.3170974655661,29.6672452317694],[-89.3416870920591,29.6467153423196],[-89.3548942572152,29.6347694119202],[-89.3820191674936,29.6271173239996],[-89.4087931742624,29.6191519778689],[-89.4359180845407,29.6114987038133],[-89.4626920913095,29.6035321232859],[-89.4988001544291,29.5958776634803],[-89.5345573140391,29.5722851556696],[-89.5529534770597,29.5645214994765],[-89.5723935812551,29.4951409798917],[-89.6826740641473,29.4764013430515],[-89.7232035237042,29.4592833153521],[-89.709206823855,29.4276364781371],[-89.6872709123394,29.4475176503508],[-89.5984789377304,29.4459382241372],[-89.5796485299998,29.4630012185673],[-89.5615067725627,29.4706657416467],[-89.5526990714763,29.4864626831992],[-89.5345573140391,29.4941254324413],[-89.5257496129527,29.5099187167079],[-89.5076078555155,29.517579691239],[-89.4961595988722,29.5381053415804],[-89.456858305192,29.5557213322685],[-89.4093765527843,29.5698569307594],[-89.28893738706,29.5812364625809],[-89.238468561161,29.6038448487036],[-89.1471851657054,29.623191924012],[-89.0864523852029,29.6503844246548],[-88.9869885301215,29.6365365149977],[-88.9860542471917,29.5967110242852],[-89.0379223051468,29.5358499374695],[-89.0538665246842,29.521409960651],[-89.1033659776617,29.4800193404378],[-89.0945582765753,29.4706657416467],[-88.9957435953222,29.4326983432747],[-89.0200217938725,29.3863795647102],[-89.045431659475,29.3651083492367],[-89.0142494165878,29.3389977358258],[-89.0014589511459,29.3064184330415],[-89.0172540359731,29.225634768234],[-88.98067225078,29.1636396835777],[-88.9955681435674,29.1102722231291],[-89.005261877273,29.0938286443181],[-89.0043758437555,29.055945344477],[-89.0231404570781,29.0309256119901],[-89.0670298260033,28.9940493294791],[-89.0677886571783,28.9614947497411],[-89.0496425123693,28.9151086675813],[-89.0584502134558,28.8902814402903],[-89.0765919708929,28.8825734430247],[-89.0866892457905,28.810202932558],[-89.1127044213843,28.788299174806],[-89.1387590734433,28.7645336698024],[-89.1528610441657,28.764279895519],[-89.1920965434379,28.7649816173194],[-89.2031500318363,28.6796214962786],[-89.1784814524129,28.6350000524899],[-89.155497213249,28.6559929335624],[-89.1304908879401,28.6225220513403],[-89.0945582765753,28.6072180154786],[-89.1033659776617,28.5751992088611],[-89.1125245822577,28.5595781497601],[-89.1213322833441,28.5357472365954],[-89.1394915857771,28.5047744081605],[-89.1389301387245,28.4805686895732],[-89.1394784272548,28.4568086149313],[-89.125547522712,28.4210196123924],[-89.1568745129376,28.3945470977999],[-89.1586378079239,28.3185767615808],[-89.1560016388406,28.204837375131],[-89.1736082671681,28.1899290702035],[-89.1842143532325,28.1324953781854],[-89.2103172547037,28.0757217107917],[-89.2201469645973,28.0136013630537],[-89.2470964231209,27.9549303277544],[-89.1423207534076,27.9437053287995],[-89.1079452799597,27.9621192155383],[-89.1079452799597,27.954184484196],[-89.1079452799597,27.9462491696639],[-89.1169284328009,27.9462491696639],[-89.1169284328009,27.9383132720514],[-89.2337094197364,27.9383132720514],[-89.2337094197364,27.930376791468],[-89.2671813137727,27.9119187333436],[-89.454502859635,27.9252185419821],[-89.4714296106161,27.9425757897334],[-89.4981860714907,27.9531228601904],[-89.5840523805431,27.9470280029476],[-89.6778491283147,27.9536866071742],[-89.6828670617962,27.9779869282166]],[[-89.2426925725776,29.4120710963568],[-89.2091855876515,29.4485145668751],[-89.1843020791099,29.4458198140749],[-89.1168275475029,29.4531266108415],[-89.1039493561836,29.4777874617983],[-89.1578482732308,29.4859510489263],[-89.1765646371412,29.4955284884058],[-89.2087294123704,29.4920446733743],[-89.2287221906713,29.4703105968433],[-89.2476798016428,29.4633563881882],[-89.2628695755804,29.4170955295311],[-89.2426925725776,29.4120710963568]],[[-77.1603520011701,33.1723182464831],[-77.163426801437,33.1814854116092],[-77.1713046051688,33.174891904964],[-77.1603520011701,33.1723182464831]],[[-83.1790644047709,35.4645976588442],[-83.1560275306195,35.48973006746],[-83.1392192090339,35.5168129024474],[-83.1780950309512,35.5409135662008],[-83.1985045089663,35.5193959089956],[-83.189780148182,35.4713333862794],[-83.1790644047709,35.4645976588442]],[[-89.6199849919078,29.7324015667371],[-89.6158267748993,29.7365912179997],[-89.6004308438922,29.7481080478045],[-89.5888773163757,29.7884122428935],[-89.6188884157456,29.7983948802369],[-89.6656244963989,29.7757636002602],[-89.6849549432475,29.7381565791313],[-89.6199849919078,29.7324015667371]],[[-89.8804964243025,29.5528291089919],[-89.8673418950322,29.5854705569563],[-89.8997654623183,29.5956507281705],[-89.9117663930671,29.5688192428867],[-89.8804964243025,29.5528291089919]],[[-90.132024703856,29.2946236060462],[-90.1265155042034,29.3002008337291],[-90.0912671566585,29.3139169152863],[-90.0829507226414,29.3352447055953],[-90.1635797826204,29.3619144163428],[-90.1721155322293,29.3452435581799],[-90.1831997250441,29.3279198750635],[-90.2199087125797,29.3136396291913],[-90.1451660737057,29.2988314191827],[-90.132024703856,29.2946236060462]],[[-89.6828670617962,29.1535081466997],[-89.7084216756354,29.1803727247896],[-89.7318577036069,29.1577792189667],[-89.6828670617962,29.1535081466997]],[[-90.4464350532978,29.1142749288816],[-90.4384475913209,29.1229906709702],[-90.4170906718537,29.137927762202],[-90.4575894269942,29.1648404632186],[-90.5245551474343,29.1423603864877],[-90.5217303662773,29.122502118929],[-90.4464350532978,29.1142749288816]],[[-89.9074458828261,28.9886281143998],[-89.9032876658175,29.0085620541468],[-89.8936377941522,29.0158349126548],[-89.8811631422283,29.0284940663216],[-89.8586043757256,29.0454849241156],[-89.8493887487704,29.0635407552369],[-89.7984374287492,29.1155356817976],[-89.8256676107991,29.1360312916439],[-89.9029893963971,29.111226448471],[-89.9174861353644,29.0828430783905],[-89.9826096069895,29.0699126464276],[-89.9924524754054,29.0288660890114],[-89.9655030168818,29.0085620541468],[-89.9571865828647,28.9922653090215],[-89.9074458828261,28.9886281143998]],[[-90.3027046078387,29.0828775775709],[-90.315859137109,29.1015343239655],[-90.3420629238782,29.0865018693657],[-90.3027046078387,29.0828775775709]],[[-90.2128730794267,28.9807701091444],[-90.2260276086971,28.9994453241354],[-90.2522313954662,28.9843979878321],[-90.2128730794267,28.9807701091444]],[[-90.7877948612632,28.3897256606832],[-90.7822856616107,28.3953516144732],[-90.7470373140658,28.4091875651431],[-90.7387208800487,28.4334752039935],[-90.7071965048023,28.4573562130182],[-90.6848219630015,28.4887573896288],[-90.6070001373871,28.5012339121407],[-90.5532240371073,28.527598793555],[-90.5134753401947,28.5355333689985],[-90.478209447654,28.5597919677456],[-90.4416101174651,28.5670961937028],[-90.4022737337933,28.5797810742417],[-90.3883779192421,28.6071217447646],[-90.3787280475768,28.614422683639],[-90.3629768265866,28.6304706439648],[-90.3248291305296,28.6380779362547],[-90.3164030382675,28.6945802264904],[-90.2433666720205,28.7091328746129],[-90.2597056589045,28.7214793971344],[-90.3386372192034,28.7159170065614],[-90.3835529834094,28.7190809887963],[-90.4149940183536,28.7168652494254],[-90.4383379339742,28.7185116715532],[-90.5150017745935,28.6983700731082],[-90.5763574100831,28.6538451426115],[-90.6256112304242,28.6289210139838],[-90.6690751275866,28.5795981112712],[-90.7022487531007,28.5544945457218],[-90.711104702701,28.51185504377],[-90.74207201647,28.5036623538962],[-90.7748859655275,28.439010123301],[-90.8010283434639,28.4192065053104],[-90.8099193839542,28.3955850579565],[-90.7877948612632,28.3897256606832]],[[-91.1650872805934,28.4924120278915],[-91.1613369894537,28.4970109867498],[-91.141190689969,28.5097004532057],[-91.1461779190342,28.5318802246193],[-91.1416117752585,28.5521924914952],[-91.1688156402638,28.5588480829979],[-91.1816017192321,28.5028143333183],[-91.1650872805934,28.4924120278915]],[[-91.3357671845761,28.2948498710987],[-91.3316089675676,28.2990982386301],[-91.3052999090269,28.319055570317],[-91.2956763562028,28.4006261564224],[-91.3702830197872,28.3729849475077],[-91.402807471473,28.3175940387421],[-91.36387901367,28.3023017816711],[-91.3357671845761,28.2948498710987]],[[-90.823727472628,28.3739189153436],[-90.823727472628,28.3897256606832],[-90.8506769311516,28.3897256606832],[-90.8506769311516,28.3739189153436],[-90.823727472628,28.3739189153436]],[[-89.8535469657789,28.3343917479311],[-89.8459454990998,28.3616358028491],[-89.8610870245235,28.3692432024519],[-89.8751802222988,28.3392794002421],[-89.8535469657789,28.3343917479311]],[[-91.2549188090054,28.2711176900366],[-91.2402115282917,28.3304845533835],[-91.267595230627,28.3380517168335],[-91.2770433316963,28.2769836309768],[-91.2549188090054,28.2711176900366]],[[-89.8535469657789,28.0969203146157],[-89.8475114099637,28.1104661894166],[-89.8701359717728,28.125869108962],[-89.8648592462343,28.1573586067864],[-89.9072923625407,28.2078060308273],[-89.8765838399303,28.2443006087526],[-89.8844090086747,28.275583328362],[-89.8945501456127,28.2982949239913],[-89.9040289510984,28.3378355200263],[-89.9532082040844,28.3302084962215],[-89.9831535090463,28.3098612969938],[-89.9988082321103,28.2761840125122],[-90.0195861586308,28.2620583589569],[-90.0328942081866,28.2199561723176],[-90.0910215240222,28.209147310494],[-90.0831963552778,28.1954206247644],[-90.0352189502255,28.1882376682361],[-90.0117653772582,28.1539612110351],[-90.0001679859048,28.1172404190155],[-89.9738413832666,28.1242482599696],[-89.9472910785631,28.1558271815183],[-89.9362639072092,28.17958500619],[-89.9246270402889,28.1680141663745],[-89.9356542107444,28.1022173766414],[-89.9074458828261,28.0985396415082],[-89.8849572963067,28.1014725538379],[-89.8535469657789,28.0969203146157]],[[-90.8596600839928,28.1127681599319],[-90.8557474996206,28.1251631332197],[-90.8456063626826,28.1479067345766],[-90.8377811939382,28.1806057316106],[-90.8108317354146,28.2572540900352],[-90.8187577885587,28.2838322926568],[-90.8651473512777,28.3141129268207],[-90.8916801109853,28.2993145142167],[-90.9161644666052,28.2713803796397],[-90.9692913939551,28.2583494126526],[-91.0065925320613,28.232987967003],[-91.0330551108874,28.1736595778685],[-91.0170758013584,28.1554075828182],[-90.9944073766107,28.1674631425972],[-90.9725284865561,28.1558271815183],[-90.9190857456883,28.1458839874175],[-90.873713805303,28.1162190894349],[-90.8596600839928,28.1127681599319]],[[-89.2516757254188,27.930376791468],[-89.2549566818569,27.9447399219067],[-89.2807437689119,27.9336146205453],[-89.2516757254188,27.930376791468]]]}},{"id":"3","type":"Feature","properties":{"category":0,"label":"0.01 to 0.10 inches"},"geometry":{"type":"Polygon","coordinates":[[[-91.4166155601469,28.1365355373921],[-91.4579433264456,28.1404130968556],[-91.4748349874351,28.1564884814447],[-91.5030608612476,28.1643676901213],[-91.5197507516411,28.1802461593003],[-91.5560254953649,28.1878626565775],[-91.5959101675671,28.2257959426954],[-91.6360448588791,28.2424825515016],[-91.6498354025572,28.255594664051],[-91.6638233294593,28.2670111459071],[-91.6724643499414,28.2831350855783],[-91.6864522768435,28.2945486170907],[-91.699413808465,28.3068645881288],[-91.7626380107125,28.3144720480569],[-91.7712790311946,28.3305887986362],[-91.8128962939666,28.3393141455314],[-91.8251779482417,28.3622128422575],[-91.8614526919656,28.369816340051],[-91.8735018721266,28.3922743552084],[-91.9063684561716,28.4014286973011],[-91.9232995936262,28.4174994564175],[-92.0860315129955,28.4251317781634],[-92.0986596852049,28.4486637182509],[-92.1848593527709,28.4567295597293],[-92.1844601989508,28.465550567826],[-92.1490802625899,28.4643185634609],[-92.1165031741199,28.4840231338074],[-92.0950146658367,28.5044043672975],[-92.0587399221128,28.5119976537175],[-92.0500989016307,28.5517590450919],[-92.0048410050656,28.5672387288928],[-91.9961999845835,28.5833170057763],[-91.9329757823361,28.5909046049659],[-91.924334761854,28.6069792636305],[-91.7982284897181,28.614565154677],[-91.7359561162946,28.6370173378517],[-91.7177222465065,28.6542877916412],[-91.689496372694,28.6621300596134],[-91.6728064823005,28.6779340561374],[-91.6293776751298,28.6899975987015],[-91.6189075652533,28.7094541066655],[-91.5916159743706,28.7170325852771],[-91.5673553208161,28.7399935627947],[-91.5283917730215,28.7561165030676],[-91.4895071781571,28.7928986345007],[-91.4568686817527,28.8193997157452],[-91.4439071501313,28.8316544267442],[-91.4299192232291,28.8430086317584],[-91.421278202747,28.8590445767943],[-91.376020306182,28.8666121913881],[-91.3673792856999,28.8826444959089],[-91.3533913587977,28.8939931338835],[-91.3404298271763,28.9062390539576],[-91.331104541976,28.9138032303425],[-91.3134803686527,28.9376901204449],[-91.3020803614216,28.9469331992077],[-91.3045366922767,29.0011620855343],[-91.3404298271763,29.0159768356661],[-91.3490708476584,29.0249866332857],[-91.331104541976,29.0395410301867],[-91.3134803686527,29.0633988976244],[-91.3041550834524,29.0709515876271],[-91.2955140629703,29.0869522620439],[-91.2640598686055,29.0956549871941],[-91.2416151459231,29.1575800340932],[-91.2238593828855,29.1719452660066],[-91.2146656873995,29.188954578864],[-91.1783909436757,29.1964980515133],[-91.1697499231936,29.2124791914071],[-91.1514414851521,29.2200209330261],[-91.14280046467,29.2359984043185],[-91.1244920266285,29.2435384140337],[-91.1158510061464,29.2595122148755],[-91.0976302948806,29.2742400367827],[-91.0889015476228,29.3378525315232],[-90.9987278868518,29.3453850262621],[-90.9900868663697,29.4072795046828],[-91.0622722890907,29.4158728767553],[-91.0512407321616,29.4247788013758],[-91.0550304997665,29.5080806838902],[-91.0875242479343,29.5175090762766],[-91.0975425681049,29.4627739849432],[-91.1136359214542,29.4497922101752],[-91.1424583323109,29.4630718707508],[-91.1900146520737,29.4705950939717],[-91.241273013564,29.4549522727569],[-91.2764029317134,29.447427889256],[-91.2845526860245,29.5565874565331],[-91.2505982987643,29.5409579167743],[-91.1771583922238,29.5307779561833],[-91.1257508960232,29.5464548607475],[-91.1158510061464,29.5646989067982],[-91.0787297053701,29.5723900655807],[-91.0619520890992,29.588136800898],[-91.0526268038989,29.5956507281705],[-91.0439857834168,29.6115692523146],[-90.9739408771346,29.6198917249156],[-90.9631374078461,29.6548748171924],[-90.9900868663697,29.6659265041275],[-90.9992805618556,29.682853299931],[-91.0170363248933,29.6971444378532],[-91.0256773453753,29.7130469172208],[-91.0439857834168,29.7205515243217],[-91.0526268038989,29.7364502962657],[-91.0619520890992,29.7439531531545],[-91.0749136207207,29.7560974523852],[-91.0889015476228,29.7673493217212],[-91.0976302948806,29.8306522586072],[-91.1158510061464,29.8452970813346],[-91.1244920266285,29.8611760502348],[-91.1877162288759,29.8686695584559],[-91.1966511323049,29.8931431638995],[-91.2501201911156,29.9360839006824],[-91.2592393192464,29.987163207383],[-91.2388035241867,30.0206052264225],[-91.2505982987643,30.039900288506],[-91.2631957665573,30.0630030907802],[-91.3413860415754,30.0711001346065],[-91.3041550834524,30.0787752009787],[-91.2955140629703,30.0946169036584],[-91.2772056249288,30.1020928192216],[-91.2685646044467,30.2047819034699],[-91.2955140629703,30.2263604974461],[-91.3041550834524,30.2513520903473],[-91.2804339454811,30.2900679748324],[-91.3016987525974,30.3424464631839],[-91.336350563098,30.3504713424908],[-91.3490708476584,30.3272125230263],[-91.366826610696,30.3130118579414],[-91.376020306182,30.2961921702844],[-91.4392445084294,30.2887309781224],[-91.4478855289115,30.2729204639089],[-91.466193966953,30.2654575019506],[-91.4748393739086,30.2418715700543],[-91.5024555512563,30.2428170109273],[-91.5012098403838,30.2699277711365],[-91.4748349874351,30.2806783126867],[-91.466193966953,30.4747198389263],[-91.4568686817527,30.4821668436471],[-91.4439071501313,30.4942207127269],[-91.4299192232291,30.5053887679508],[-91.4211071365675,30.5214753170272],[-91.4122950499058,30.5053887679508],[-91.4029697647055,30.4979435402736],[-91.3900082330841,30.485890133149],[-91.376020306182,30.4747198389263],[-91.366826610696,30.457927965443],[-91.3490708476584,30.4437462855717],[-91.3404298271763,30.4279608081685],[-91.281284889007,30.4205096601253],[-91.2685646044467,30.4437462855717],[-91.250808841409,30.457927965443],[-91.2416151459231,30.4747198389263],[-91.2233067078816,30.4821668436471],[-91.2146656873995,30.4979435402736],[-91.1964449761337,30.5124895486509],[-91.1877162288759,30.5767244322983],[-91.2146656873995,30.5982210017494],[-91.2264473025565,30.6197090287639],[-91.2540020710714,30.6291453407356],[-91.2772056249288,30.5982210017494],[-91.2865309101291,30.5907828902179],[-91.2951719306112,30.5750212677786],[-91.338999891602,30.5675813760178],[-91.3490708476584,30.6199392860687],[-91.3041550834524,30.6291453407356],[-91.2955140629703,30.6989831604141],[-91.2772056249288,30.7064129537447],[-91.2685646044467,30.722153175069],[-91.2502780978746,30.7367202056438],[-91.2416151459231,30.9857596444499],[-91.2685646044467,31.0071649639006],[-91.2772056249288,31.0228558873294],[-91.3404298271763,31.030260623812],[-91.3533913587977,31.04224605723],[-91.3673792856999,31.0533506845237],[-91.3765729811858,31.0700390104354],[-91.3943287442234,31.0841287181397],[-91.4029697647055,31.1526258876847],[-91.331104541976,31.1610301971545],[-91.3181430103545,31.172999140261],[-91.3041550834524,31.1840884840157],[-91.2955140629703,31.1997502049399],[-91.2538968001982,31.2082291154044],[-91.2416151459231,31.2304807640986],[-91.2233067078816,31.2378693129125],[-91.2146656873995,31.25352212732],[-91.1514414851521,31.2609088737081],[-91.14280046467,31.2765578683691],[-91.1246104569223,31.2909617211385],[-91.1158510061464,31.3393564063615],[-91.14280046467,31.3606819643149],[-91.1514414851521,31.4525067135258],[-90.9997718280266,31.4607814236305],[-90.9900868663697,31.5277977529929],[-91.0805851127074,31.5369443460421],[-91.0975425681049,31.5063138486484],[-91.185659051841,31.4989463747945],[-91.2003531731341,31.5515344210002],[-91.2416151459231,31.5599106267358],[-91.2502561664052,31.5755098204406],[-91.2955140629703,31.5828712542876],[-91.3041550834524,31.7266983884432],[-91.2538968001982,31.7368792985723],[-91.2416151459231,31.7590055825035],[-91.1980854534545,31.7678217987804],[-91.1877162288759,31.8048228392088],[-91.1249087254444,31.8133253178813],[-91.1158510061464,31.9538213432946],[-91.1697499231936,31.9647140248869],[-91.1783909436757,32.1325141940827],[-91.2146656873995,32.1398312915153],[-91.2239164043464,32.2296666784826],[-91.2685646044467,32.2386622201532],[-91.277512666398,32.2546957854142],[-91.3134803686527,32.2690501381031],[-91.3275121584935,32.3065128293137],[-91.3640149889596,32.3146129389736],[-91.376020306182,32.2614541121375],[-91.3942278589255,32.2471894468266],[-91.4029697647055,32.1930612800338],[-91.4388848310745,32.185748456206],[-91.4478855289115,32.3694114382806],[-91.4299192232291,32.3980852344888],[-91.421278202747,32.4135425643827],[-91.376020306182,32.4208370298303],[-91.3673792856999,32.4803777856975],[-91.421278202747,32.4890579871586],[-91.4300595849923,32.812223748763],[-91.466193966953,32.8218375543127],[-91.4765631915315,32.8584106366621],[-91.5200928840002,32.8671205019683],[-91.5287339044823,33.1669797762229],[-91.4754710018428,33.1775976525064],[-91.466193966953,33.2628904431882],[-91.5200928840002,33.2736250389525],[-91.5287339044823,33.3705066775623],[-91.4486926094987,33.3796402372945],[-91.4392445084294,33.5438673663825],[-91.3764984138307,33.5521985855964],[-91.3633351125116,33.5289484927812],[-91.2543354304834,33.5214030712637],[-91.2416151459231,33.5438673663825],[-91.196357249358,33.5510690371177],[-91.1829483145043,33.5631277507711],[-91.1893654791437,33.6979067571489],[-91.1783909436757,33.767904503839],[-91.1697499231936,33.9248656231972],[-91.1514414851521,33.93203538232],[-91.14280046467,33.9993725206531],[-91.1244920266285,34.006536002134],[-91.1158510061464,34.0514885036069],[-91.0975425681049,34.0586475868118],[-91.0889015476228,34.0738141250992],[-91.0795762624225,34.0809713223435],[-91.0619520890992,34.097488697792],[-91.0800105071325,34.1257427523636],[-91.0705931095813,34.1404725168917],[-91.0619520890992,34.1779225490572],[-91.0526268038989,34.1850709373827],[-91.0439857834168,34.3264262725155],[-90.9987278868518,34.3335620546746],[-90.9900868663697,34.4302228067111],[-90.946557173901,34.4387750656708],[-90.9361879493225,34.4746676367458],[-90.8740647097108,34.4844446386457],[-90.8643227265929,34.526490034076],[-90.8199070006067,34.5352058704513],[-90.8104238095458,34.6004661224773],[-90.7742543375934,34.6145152220035],[-90.7655080453398,34.6522102180682],[-90.7216186764145,34.6608100498641],[-90.7116091282926,34.7039220338198],[-90.6938533652549,34.7174452448827],[-90.684659669769,34.7334571413757],[-90.6483849260451,34.7405581260751],[-90.6397439055631,34.8275118543194],[-90.6812953730288,34.8364660803371],[-90.6933006902511,34.7848371944421],[-90.8628927910186,34.7777400171722],[-90.872963747075,34.827684683347],[-90.8204333576677,34.8379547566233],[-90.8104238095458,34.8809743238709],[-90.7471996072983,34.8880626086279],[-90.7385585868162,34.9546338358246],[-90.6946692178909,34.9632021693842],[-90.684659669769,35.0061561468177],[-90.6483849260451,35.0132336176588],[-90.6397439055631,35.0576460297729],[-90.6026226047868,35.064884192617],[-90.5858449885159,35.079703190273],[-90.5232304827332,35.087865412506],[-90.5139797657863,35.1825577521476],[-90.470090396861,35.1911021890424],[-90.4600808487391,35.2339362934388],[-90.4170599683356,35.2423069533733],[-90.406181931692,35.3072777908317],[-90.3435674259093,35.3154171786166],[-90.3343167089624,35.409844273094],[-90.2980419652385,35.4168866412139],[-90.2804177919152,35.4391250450002],[-90.2441430481913,35.4461648533916],[-90.2355020277093,35.4830262409087],[-90.1909152364418,35.4945209786144],[-90.1816031106621,35.5342140120285],[-90.1662422696466,35.5457959997574],[-90.1546536521385,35.5853691432186],[-90.0684671430948,35.5928277272348],[-90.0558389708854,35.6145859844155],[-90.0195642271615,35.6216104155011],[-90.0094011587541,35.6648612477433],[-89.9387158515907,35.6727097240311],[-89.9300748311086,35.7094670222825],[-89.8433181020652,35.7178969382873],[-89.8312601498555,35.7386384984075],[-89.7873707809302,35.7471240665498],[-89.7773612328083,35.7896628716587],[-89.7141370305608,35.7966718934453],[-89.7054960100787,35.8916133834335],[-89.6683747093025,35.8987768472234],[-89.6515970930316,35.9134428694655],[-89.5629893431244,35.9210803462407],[-89.5527824117784,35.9643549162232],[-89.489558209531,35.9713484973628],[-89.4809171890489,36.0152341586429],[-89.4437958882726,36.0223864201075],[-89.4270182720017,36.0370295014047],[-89.3381780479805,36.0456250130906],[-89.3282035907485,36.0878618476255],[-89.2597377538525,36.0966750946156],[-89.2473552151778,36.1386613436663],[-89.161168706134,36.1460680384597],[-89.1485405339246,36.1676748708651],[-89.0330184163839,36.1751266250596],[-89.0227763941479,36.218422707502],[-88.9326027333769,36.2253937161659],[-88.9239617128948,36.2401617106118],[-88.8823444501227,36.2481566332242],[-88.8700627958476,36.2691376461627],[-88.8607375106473,36.2761041326699],[-88.8520964901652,36.2908625445062],[-88.708023912347,36.2978270921748],[-88.6993828918649,36.3415304542003],[-88.5822597725702,36.3484904761212],[-88.5736187520882,36.3704687561445],[-88.478633314905,36.3777970015922],[-88.4658209179938,36.4210848910469],[-88.3569703706759,36.4280836764106],[-88.3400567782171,36.4427674282323],[-88.20496735324,36.4497183911906],[-88.1963263327579,36.4716680551358],[-88.1510684361929,36.4786164280041],[-88.1424274157108,36.4933364564795],[-88.0261903299337,36.5008029620337],[-88.016663275934,36.5727353992978],[-87.5222477373092,36.5796747005603],[-87.5136067168271,36.5943755060688],[-87.2976689162793,36.6013128621507],[-87.2890278957972,36.6448454920068],[-87.2478492633104,36.6517783076108],[-87.2351289787501,36.6301543056868],[-86.9244557610273,36.6232195438689],[-86.911735476467,36.6448454920068],[-86.7627590098858,36.6517783076108],[-86.7500387253255,36.6301543056868],[-86.6768532243684,36.6232195438689],[-86.6519565564062,36.6447839034384],[-86.5626162941652,36.6524117323075],[-86.5524093628192,36.695282428628],[-86.363421020795,36.702210701354],[-86.3547800003129,36.7240886900926],[-86.0620730882726,36.7310143658166],[-86.0488001287085,36.7084719868964],[-86.0310443656708,36.695282428628],[-86.0224033451887,36.6806008665889],[-85.9591791429412,36.6736706466223],[-85.9468974886662,36.652798822012],[-85.9052802258941,36.6448454920068],[-85.896639205412,36.6301543056868],[-85.7297359096135,36.6230118433509],[-85.7169761485881,36.6013128621507],[-85.4858090967392,36.5943755060688],[-85.4744310218758,36.6232195438689],[-85.4617019643684,36.6301543056868],[-85.438498410511,36.6013128621507],[-85.2847759619258,36.5943755060688],[-85.2678185065283,36.6232195438689],[-85.0559599700588,36.6301543056868],[-85.0390507640735,36.6013991350603],[-84.6476388281267,36.5943755060688],[-84.6389978076446,36.5796747005603],[-84.4001898126515,36.5727353992978],[-84.3874695280912,36.5943755060688],[-84.313626081257,36.6013128621507],[-84.2796716939968,36.5868880951725],[-84.1807517409722,36.5742342710226],[-83.9950926047982,36.5801431696915],[-83.941452479808,36.6097777054902],[-83.9113624275078,36.6013128621507],[-83.825268030815,36.5943755060688],[-83.8086351618825,36.6226633273351],[-83.740340391166,36.6301543056868],[-83.7316993706839,36.6448454920068],[-83.5584885684911,36.6518662839951],[-83.507120549654,36.6736706466223],[-83.4399355145205,36.6810353042466],[-83.3642103433044,36.6786274009776],[-83.3544069513537,36.695282428628],[-83.3127896885816,36.7032305469787],[-83.3005080343065,36.7240886900926],[-83.2372838320591,36.7310143658166],[-83.228642811577,36.7456862985156],[-83.1874641790901,36.752610025979],[-83.1747438945298,36.7310143658166],[-83.1133312366809,36.7240886900926],[-83.1028786718003,36.7640117282921],[-83.130192193254,36.7743366331089],[-83.1115196922824,36.7813947860338],[-83.1028786718003,36.8248255298899],[-83.0845702337588,36.831742110018],[-83.0759292132767,36.8463947689914],[-83.0347505807898,36.8533093988389],[-83.0220302962295,36.831742110018],[-82.9898348165839,36.8248255298899],[-82.9771145320235,36.8463947689914],[-82.9138903297761,36.8533093988389],[-82.9046966342901,36.8688966122484],[-82.8869408712525,36.8820563206603],[-82.8782998507704,36.8966993353144],[-82.8599914127289,36.9036094128397],[-82.8513503922468,36.9469707663731],[-82.5586434802065,36.9538762892542],[-82.5459231956462,36.9323374009654],[-82.3299853950984,36.9254299258105],[-82.3196907369766,36.8823054229499],[-82.1094858381467,36.8751442918545],[-82.0967655535864,36.8966993353144],[-82.0061269445872,36.90364448841],[-81.9889677194921,36.9469707663731],[-81.9295990792575,36.9545282511105],[-81.9171024967625,36.9756824148603],[-81.8279640042192,36.982585334051],[-81.8162525699438,36.9043687817913],[-81.7460804604207,36.8966993353144],[-81.7374394399386,36.8820563206603],[-81.7191310018971,36.8751442918545],[-81.710489981415,36.8533093988389],[-81.5484510979144,36.8463947689914],[-81.5398100774323,36.831742110018],[-81.5108823948041,36.8248255298899],[-81.4859111603851,36.8463947689914],[-81.4765858751848,36.8533093988389],[-81.4679448547027,36.8751442918545],[-81.3010020824391,36.8820563206603],[-81.287729122875,36.8595583530126],[-81.2699733598373,36.8463947689914],[-81.2613323393552,36.831742110018],[-81.2160744427902,36.8248255298899],[-81.2074334223081,36.8029762641986],[-81.0903103030134,36.7960570843665],[-81.0816692825313,36.7813947860338],[-81.0639135194937,36.7682177529594],[-81.0547198240077,36.752610025979],[-80.8657314819836,36.7456862985156],[-80.8570904615015,36.7310143658166],[-80.83878202346,36.7240886900926],[-80.8301410029779,36.702210701354],[-80.793866259254,36.695282428628],[-80.7769965297339,36.6806835336158],[-80.7130178836832,36.6736706466223],[-80.7043768632011,36.6517783076108],[-80.6860684251596,36.6448454920068],[-80.6774274046776,36.6301543056868],[-80.6681021194773,36.6232195438689],[-80.650477946154,36.6013128621507],[-80.6411526609537,36.5943755060688],[-80.6325116404716,36.5796747005603],[-80.6142032024301,36.5727353992978],[-80.6050095069442,36.5570879800207],[-80.5872537439065,36.5438724883447],[-80.5786127234244,36.5291620687733],[-80.5603042853829,36.5222182304889],[-80.5516632649008,36.4786164280041],[-80.5423379797005,36.4716680551358],[-80.5247138063772,36.4497183911906],[-80.5153885211769,36.4427674282323],[-80.5024269895555,36.4315140157789],[-80.4884390626534,36.4210848910469],[-80.47594247926,36.3997775952585],[-80.415797463753,36.3920665569945],[-80.3989496666005,36.377426190803],[-80.3626749228766,36.3704687561445],[-80.3534812273907,36.3547804588326],[-80.335725464353,36.3415304542003],[-80.3270844438709,36.3267816302992],[-80.2638602416235,36.3198196684658],[-80.2546665461376,36.3041211655851],[-80.2369107830999,36.2908625445062],[-80.2282697626178,36.2761041326699],[-80.2099613245763,36.2691376461627],[-80.2007676290904,36.2534289433602],[-80.1830118660527,36.2401617106118],[-80.1731251346981,36.1983784806827],[-80.1380961018467,36.1894279708493],[-80.1255337240454,36.1468455057822],[-80.0302982677524,36.1386613436663],[-80.0200211555248,36.0951794109626],[-79.8596183637697,36.0878618476255],[-79.8509773432876,36.0832129176914],[-79.8779268018112,36.0515563798619],[-79.8865678222933,36.003819706518],[-79.8326689052461,35.9934327871108],[-79.824027884764,35.9495349962737],[-79.6350395427398,35.9425394833609],[-79.6174153694165,35.9204409573275],[-79.6080900842162,35.9134428694655],[-79.5951285525948,35.9021131798106],[-79.5811406256926,35.8916133834335],[-79.5684466590752,35.8698205306469],[-79.4553764859159,35.8624980374441],[-79.4451695545699,35.8191677445483],[-79.3565618046627,35.8115204393495],[-79.347249678883,35.7719650084902],[-79.3026628876156,35.7605100944881],[-79.2933507618359,35.7209292820318],[-79.2487639705684,35.7094670222825],[-79.2401229500863,35.6216104155011],[-79.2038482063624,35.6145859844155],[-79.1952071858803,35.57047843304],[-79.1499492893153,35.5634495135733],[-79.1413082688332,35.5193137965038],[-79.1140035194282,35.5122768208434],[-79.1161484223405,35.4681933322992],[-78.952319926809,35.4610786378652],[-78.9420559731036,35.417270915672],[-78.7996063285087,35.409844273094],[-78.7895967803868,35.3671032069038],[-78.7457074114615,35.3585773173028],[-78.7370663909794,35.343644556469],[-78.7007916472555,35.3365957930144],[-78.6907820991336,35.2938159364641],[-78.6468927302083,35.2852823139361],[-78.6382517097262,35.2409940007208],[-78.5480780489552,35.2339362934388],[-78.5380685008333,35.1911021890424],[-78.494179131908,35.1825577521476],[-78.483972200562,35.1388590033809],[-78.3953644506549,35.1311467108055],[-78.3851575193088,35.0874203524866],[-78.2965497694017,35.079703190273],[-78.2879087489196,35.0426578331019],[-78.2426508523545,35.035582909217],[-78.2340098318725,34.9911585063692],[-78.1438361711014,34.9840791259349],[-78.1315545168263,34.9627582272016],[-78.0899372540542,34.9546338358246],[-78.0796733003489,34.9105521718462],[-77.9372104972316,34.903079118059],[-77.9389079969116,34.8679709485948],[-77.8923078915479,34.8588635830346],[-77.8836668710658,34.8143433758492],[-77.8384089745008,34.8072487380846],[-77.8297679540187,34.7627006290317],[-77.712644834724,34.7556015477722],[-77.7040038142419,34.7405581260751],[-77.6132248434796,34.7334102797331],[-77.6321385915124,34.7260743535408],[-77.6407796119945,34.6894011857296],[-77.5167261313183,34.6817637811137],[-77.5063744517356,34.7247188478205],[-77.5602733687828,34.7331759725979],[-77.5689143892649,34.7760935290262],[-77.5230204791904,34.7848371944421],[-77.4980799482896,34.7627240519178],[-77.2904366511878,34.7556015477722],[-77.2735011272597,34.7405815552421],[-77.061019735803,34.7332913238178],[-77.0482336568347,34.711025555582],[-77.0153232089527,34.7039220338198],[-77.0033178926287,34.7556015477722],[-76.9620559198397,34.7636771560561],[-76.9494189755815,34.8072487380846],[-76.9400936903812,34.8143433758492],[-76.9314526698992,34.8293733478393],[-76.8877124347858,34.8379259557719],[-76.877553752852,34.8775307075023],[-76.9314526698992,34.8880626086279],[-76.9400936903812,34.9807386675707],[-76.9131442318577,34.9911585063692],[-76.9045032113756,35.1091034635433],[-76.7873800920809,35.1161720158961],[-76.7787390715988,35.1311467108055],[-76.625328050058,35.1382133505501],[-76.6276966550356,35.0893333778389],[-76.5538181182098,35.079703190273],[-76.5451770977278,35.0647190428182],[-76.4729565841168,35.0576442340774],[-76.4750839420333,35.0137024343104],[-76.3022898386564,35.0061561468177],[-76.2924031073018,34.9637233944134],[-76.2573740744504,34.9546338358246],[-76.2487330539683,34.9248974489801],[-76.238859481136,34.9095989684067],[-76.2074535361835,34.9106205140033],[-76.1948341369211,34.9325429237143],[-76.1585593931973,34.939626757778],[-76.1499183727152,34.9840791259349],[-76.0817902817047,34.9911585063692],[-76.0654293633514,34.9627582272016],[-76.0238121005793,34.9546338358246],[-76.0121357562955,34.9244011518945],[-75.9815500513508,34.9253955416632],[-75.9702553158913,34.9546338358246],[-75.8611372035693,34.9617157615485],[-75.8401706649752,34.9431684461143],[-75.7889210764319,34.904233843854],[-75.772625953385,34.9325429237143],[-75.7019406462215,34.940462753791],[-75.6917775778142,34.9840791259349],[-75.6754210459344,34.9964945896287],[-75.6620735190152,34.9619494188725],[-75.43878865827,34.9535822791265],[-75.4407010870683,34.9931222979262],[-75.4671987567843,35.0132336176588],[-75.4758397772664,35.0350423887472],[-75.3541549015679,35.0426578331019],[-75.3373509664558,35.0135030524808],[-75.2039722014777,35.0061561468177],[-75.1887210187073,35.039450849809],[-75.2977996536657,35.0501379120438],[-75.3656250896805,35.0795129440789],[-75.4585489624569,35.0868012118812],[-75.4488903187428,35.0941247167946],[-75.4402492982607,35.1311467108055],[-75.4039745545369,35.1382133505501],[-75.3953335340548,35.1605284270997],[-75.2502828103681,35.1675925158794],[-75.2336367829133,35.1529042592572],[-75.1704125806658,35.1311467108055],[-75.1617715601837,35.1088235788305],[-75.1282338708411,35.1017543890592],[-75.1168557959777,35.1311467108055],[-75.0743349537939,35.1382133505501],[-75.0629568789305,35.1088235788305],[-75.0401217744768,35.0816720335793],[-75.0090579618834,35.1091034635433],[-74.8922769749478,35.1153719009846],[-74.9102432806302,35.1017543890592],[-74.9188843011123,35.0647190428182],[-74.9551590448362,35.0576460297729],[-74.9727832181595,35.0334226006438],[-74.9520009051655,34.9848553718313],[-74.9901135094342,34.9559172556203],[-74.9458337596359,34.9472708597344],[-74.9192264334714,34.939626757778],[-74.8780478009846,34.9325429237143],[-74.8653275164243,34.9546338358246],[-74.7703420792411,34.9620932079469],[-74.7575296823299,35.0061561468177],[-74.7433005083666,35.0132336176588],[-74.7305802238063,34.9911585063692],[-74.6437708588772,34.9840791259349],[-74.6317655425532,35.035582909217],[-74.5954907988293,35.0426578331019],[-74.5868497783472,35.0576460297729],[-74.4758981901573,35.0655609422823],[-74.4610856385705,35.098831440493],[-74.5060014027764,35.1161720158961],[-74.5146424232585,35.1539837359152],[-74.4966761175761,35.1675925158794],[-74.4880350970941,35.1825577521476],[-74.392891753152,35.1900088672531],[-74.3802372629997,35.2119208995309],[-74.2814225817466,35.2149723804703],[-74.3083720402701,35.2045811077969],[-74.3170130607522,35.1896199270897],[-74.3352644764344,35.1757979226595],[-74.3439625192758,35.0867742919467],[-74.3532878044761,35.079703190273],[-74.3619288249582,35.0353027722416],[-74.4071867215233,35.0282272115287],[-74.4158277420054,35.0132336176588],[-74.4790519442529,35.0061561468177],[-74.4876929647349,34.9632524951509],[-74.3888782834818,34.9546338358246],[-74.3802372629997,34.9135088314056],[-74.4071867215233,34.903079118059],[-74.4158277420054,34.8364660803371],[-74.4621602832634,34.8292059229962],[-74.4589845976985,34.763383478083],[-74.4790519442529,34.7556015477722],[-74.4876929647349,34.7331759725979],[-74.4970182499353,34.7186909062941],[-74.5056592704173,34.7036407645944],[-74.5238141872751,34.6898105385314],[-74.5326087289409,34.6519287731533],[-74.55671586221,34.6231045251583],[-74.587784061277,34.6150097760697],[-74.6194882738533,34.5868425621833],[-74.6314234101941,34.5558065942811],[-74.6839932769649,34.495957541239],[-74.7172590148299,34.4970438548229],[-74.7834659040951,34.4226194607813],[-74.8383780579007,34.4154026080728],[-74.8686260178581,34.3982290956213],[-74.9158621367312,34.3561534886197],[-74.9882361715259,34.3479875220106],[-75.0266821352067,34.326143726036],[-75.0461617167655,34.3185508511842],[-75.0716110588332,34.2958641337133],[-75.1870673810676,34.299645377145],[-75.1976690806585,34.2810835830007],[-75.2336367829133,34.2670562364551],[-75.2571386052928,34.2460905969066],[-75.3261790477636,34.2369983041236],[-75.3649232808648,34.1933180466838],[-75.3953335340548,34.1853539580341],[-75.4848229301076,34.0884112602529],[-75.4941482153079,34.0812546917931],[-75.5040349466625,34.0383480130952],[-75.546463675597,34.0272158020536],[-75.5568899234331,33.9909392011324],[-75.5749965908787,33.9770273040601],[-75.5836376113608,33.9618434618071],[-75.611613465165,33.9403399032586],[-75.6375365284079,33.9171274284489],[-75.6539325367529,33.9045195095999],[-75.7151609698999,33.8398707914308],[-75.7528963527162,33.8250797283235],[-75.7633006681847,33.7977699315355],[-75.7911098431812,33.7641797100745],[-75.8234588431123,33.7784089013477],[-75.8394864020536,33.7640283809687],[-75.8534743289557,33.7532523473864],[-75.8702958090636,33.7381563296235],[-75.9171590920595,33.7307149371148],[-75.9421873488377,33.7082445837878],[-75.9972047744148,33.7009538636213],[-76.0203820103294,33.6801401600931],[-76.0823736602267,33.6746503127015],[-76.0780531499856,33.6860055873078],[-76.0230357244085,33.6932975759523],[-75.9999374423226,33.7140387688696],[-75.9429637250086,33.7230868403713],[-75.9337086215881,33.7393928510409],[-75.8800816551202,33.7604365197956],[-75.8598695612275,33.7693283796107],[-75.8358501547341,33.7908732261468],[-75.81253694353,33.8088246437336],[-75.7917634025847,33.8274500409525],[-75.7722838210259,33.8350870668328],[-75.7636428005438,33.8428327047377],[-75.7543175153435,33.8500093615919],[-75.7456764948614,33.8726719824777],[-75.7243765968552,33.9060867280802],[-75.7538569535889,33.9523112521089],[-75.6914354454551,33.9767435863202],[-75.6682318915977,33.9975088249883],[-75.6263689961893,33.9791424225241],[-75.6006257711747,33.9695775929885],[-75.5796592325805,33.9883424866563],[-75.5656713056784,33.9990888775038],[-75.5557845743238,34.0420154161368],[-75.5207555414724,34.0512050345937],[-75.5121145209903,34.0886946048051],[-75.4826253913095,34.1285694545423],[-75.4894855727078,34.1666326669406],[-75.4507544990272,34.1705485510512],[-75.4406572241296,34.2005521980596],[-75.4125497815092,34.229308521757],[-75.3915393799764,34.2583523055213],[-75.3407240352448,34.2755381675724],[-75.3402678599637,34.3406429043101],[-75.3963818608048,34.306287052958],[-75.4994249399481,34.2888374905988],[-75.5203476156036,34.2664363694204],[-75.5421870282947,34.2525062822087],[-75.5164306447578,34.2437935936469],[-75.4942710311769,34.1990194371547],[-75.4894855727078,34.1666326669406],[-75.4991354434747,34.1597531188067],[-75.5129873950873,34.1216777281694],[-75.6043848343631,34.0590654846043],[-75.6360451848991,34.0679044394776],[-75.6473486933057,34.0989924286362],[-75.7272496265261,34.1043079402357],[-75.7485100480671,34.0838703607236],[-75.8082866132722,34.0450884250177],[-75.8716029278706,34.029291502311],[-75.8799193618877,34.0212937789931],[-75.9138167276869,33.9970851700302],[-75.9304759145623,33.966121694779],[-75.9506660769857,33.9466860195156],[-75.986703960122,33.9490893414842],[-75.9975293608798,33.9246363266501],[-75.977891872562,33.9016507521458],[-76.007170459598,33.8807128163533],[-76.0023060473003,33.8304287814029],[-76.0359270751484,33.8106232228867],[-76.077706631153,33.823370730173],[-76.0891680472168,33.760855882267],[-76.1233373635952,33.7753244395127],[-76.1117092687237,33.8016445283744],[-76.1314476414412,33.8462972478043],[-76.0955150300764,33.8429675002563],[-76.063310778382,33.8280439757702],[-76.0693770386136,33.8797113946853],[-76.0961817489005,33.8728067309067],[-76.1044981829176,33.8573347590496],[-76.1530326494472,33.8499820405056],[-76.1986370630483,33.806010985332],[-76.235087258527,33.8035781160774],[-76.2827444635878,33.8067599669823],[-76.3111106982651,33.7735105345049],[-76.2933417767051,33.7215801111937],[-76.2668616528832,33.7026032697688],[-76.2873413108816,33.6790980650612],[-76.3284190580704,33.6763513271098],[-76.3504251513659,33.7055845279935],[-76.3746594869775,33.7229518560363],[-76.4040828213519,33.7513504463171],[-76.4513891220049,33.7621139558769],[-76.4835231928177,33.752304137653],[-76.5060995052145,33.7538121512224],[-76.5273730852779,33.7459180351978],[-76.5415890998205,33.6938668945805],[-76.5618362846032,33.6925129326894],[-76.5716747665455,33.7462043442441],[-76.5895884363421,33.7378937028679],[-76.651036185081,33.7301057362621],[-76.6308635676534,33.6925038089058],[-76.5853249475621,33.6485121551715],[-76.4894227733433,33.6411780255787],[-76.4663113318368,33.6188413248384],[-76.4548411437242,33.6257664673003],[-76.4428138950325,33.6482036118937],[-76.2918372737757,33.6412200206234],[-76.2695329128564,33.6196668196744],[-76.2085106358806,33.6155831008012],[-76.1811883414798,33.6297839639953],[-76.191088232255,33.6037436073695],[-76.2846656653331,33.6109402840485],[-76.3096368997521,33.6333812902655],[-76.4283961107922,33.6261864874894],[-76.4533673452112,33.6037436073695],[-76.4832073792998,33.6111667691727],[-76.5044502549467,33.6302587469379],[-76.7752256410467,33.6391933035316],[-76.8313615733571,33.5887400745053],[-76.8595874471696,33.5812948842247],[-76.8682284676517,33.5435822112502],[-76.8865369056932,33.5214030712637],[-76.8973710793981,33.4834703652523],[-76.9221273846989,33.4611843315559],[-76.937589110114,33.4492321792671],[-76.9584021284227,33.4239903797925],[-76.9670431489048,33.3862091404788],[-76.9763684341051,33.3714920569347],[-76.9931153468579,33.327307540215],[-77.0345878613933,33.3225722857384],[-77.0302673511523,33.3264682608565],[-77.004247789085,33.336727804844],[-76.993904881551,33.3729957454226],[-76.9760131432237,33.401229498647],[-76.9770877879166,33.4238476048825],[-76.9756622388159,33.4538324524344],[-76.9767105655659,33.4759154901593],[-76.9592925484138,33.5033678152738],[-77.0119589131108,33.5214030712637],[-77.0482336568347,33.5286066136346],[-77.0568746773168,33.5438673663825],[-77.1618652761482,33.5514930767637],[-77.2837957853814,33.6104124266739],[-77.3087319298088,33.6112361753146],[-77.3173861097114,33.6034586499609],[-77.3267113949117,33.5962613487846],[-77.3396729265332,33.5846092153375],[-77.3583234951372,33.5702108660914],[-77.3876152406955,33.5438673663825],[-77.4345092290061,33.5510690371177],[-77.4611165551706,33.5663258236207],[-77.4968956462499,33.5855757190706],[-77.4974044574167,33.5962248128197],[-77.4879826742903,33.6261645733716],[-77.5162918875066,33.6336278021802],[-77.5475223798061,33.661687188111],[-77.6144793272992,33.6638959129501],[-77.639801466126,33.6411451604952],[-77.659803017374,33.6486052657802],[-77.6584432626812,33.6771087416575],[-77.667729070518,33.6934800505027],[-77.7129869670831,33.7006692278836],[-77.7379889059185,33.7231178503369],[-77.7848521898127,33.7305580772495],[-77.802476363136,33.7383131755982],[-77.8207848011775,33.7454985996565],[-77.8372378309834,33.7602614811151],[-77.8567174125423,33.767904503839],[-77.8653584330243,33.7756562250939],[-77.8836668710658,33.7828385195229],[-77.8923078915479,33.7980542451479],[-78.0902793864133,33.8052346609901],[-78.1348530182602,33.8353712564307],[-78.1531614563017,33.8425485399506],[-78.1871158435619,33.857469531687],[-78.4945212642671,33.8502935015655],[-78.5304670341542,33.8344950031306],[-78.6242374648812,33.8375827983978],[-78.6623325241541,33.8208363214207],[-78.7279121719586,33.818677185917],[-78.8112124919109,33.8214211913586],[-78.86786162276,33.8102095714208],[-78.9522936088661,33.7795901558581],[-78.9796115176917,33.7903045510231],[-78.997235691015,33.7980542451479],[-79.0245272818976,33.8052346609901],[-79.0577184524076,33.8242106576524],[-79.0960503722681,33.8353712564307],[-79.1592745745156,33.8425485399506],[-79.1819298398427,33.8525046573469],[-79.2758844952716,33.8494119371678],[-79.3222301950518,33.8509382763123],[-79.3812128399886,33.7980542451479],[-79.4916512296398,33.8052346609901],[-79.5166224640588,33.8276249423081],[-79.5455501466869,33.8204464056579],[-79.5705213811059,33.7980542451479],[-79.6668183235696,33.806402788934],[-79.7341963563521,33.8425485399506],[-79.750649386158,33.8572946914073],[-79.7701289677168,33.8649290501664],[-79.7787699881989,33.8726719824777],[-79.8509773432876,33.879846132],[-79.8662723889967,33.8935481750365],[-79.9318257188583,33.9022168658962],[-79.9447872504798,33.9138259254261],[-79.967416197864,33.9312238105254],[-79.9587751773819,33.9546762129466],[-79.9140085469879,33.9664309123894],[-79.9132409437641,33.9825668756522],[-79.9273253694907,34.0194541961977],[-79.9494498921816,34.0291570014306],[-79.9814085112397,34.0375429078587],[-80.0302982677524,34.0812546917931],[-80.0853156924312,34.08851297381],[-80.102163490482,34.1035724695115],[-80.1561501343048,34.138719021966],[-80.1650455603703,34.2002148120324],[-80.3612362152535,34.2076333740043],[-80.3946291554611,34.2332178693656],[-80.4158193961206,34.2521219713386],[-80.4797980421713,34.2593492608937],[-80.4884390626534,34.2744797854475],[-80.734054603159,34.2816997176058],[-80.7837119628954,34.3259698510918],[-80.8031915444543,34.3335620546746],[-80.8118325649364,34.3486792155215],[-80.8295883279741,34.3622602424768],[-80.83878202346,34.3783406205066],[-80.8759033233379,34.3856384968315],[-80.8926809405071,34.4005797826636],[-80.9020062257074,34.4077092521407],[-80.9196303990307,34.4302228067111],[-80.928955684231,34.4373497493389],[-80.9375967047131,34.452448178323],[-81.0547198240077,34.4595732251504],[-81.0633608444898,34.4746676367458],[-81.0811166075275,34.4882282186581],[-81.0903103030134,34.504284379961],[-81.1086187410549,34.5114050010508],[-81.117259761537,34.526490034076],[-81.1350155245747,34.5400421873641],[-81.1442092200606,34.5560883651582],[-81.1581971469627,34.5667624260115],[-81.1711586785842,34.5782802053935],[-81.1822165543544,34.5867143679498],[-81.1798391764297,34.6360238050484],[-81.1891249842666,34.6522102180682],[-81.2068807473043,34.6657418776215],[-81.2160744427902,34.6817637811137],[-81.2343828808316,34.6888692050286],[-81.2430239013137,34.7039220338198],[-81.3062481035612,34.711025555582],[-81.3154417990471,34.7270386952915],[-81.3331975620848,34.7405581260751],[-81.3418385825669,34.7556015477722],[-81.4589617018615,34.7627006290317],[-81.4676027223436,34.7777400171722],[-81.4853584853813,34.791251149039],[-81.4945521808672,34.8072487380846],[-81.5577763831147,34.8143433758492],[-81.5707379147361,34.8258267524767],[-81.5847258416383,34.8364660803371],[-81.5933668621204,34.8588635830346],[-81.6116753001618,34.8659537743287],[-81.6203163206439,34.8809743238709],[-81.6343042475461,34.891606522463],[-81.6472657791675,34.903079118059],[-81.7066344185038,34.9108345339885],[-81.7191310018971,34.9325429237143],[-81.7374394399386,34.939626757778],[-81.7460804604207,34.9546338358246],[-81.85915063358,34.9620392873497],[-81.8718446001974,34.9840791259349],[-81.8901530382389,34.9911585063692],[-81.898794058721,35.0061561468177],[-81.9404113214931,35.0142754274828],[-81.9526929757682,35.035582909217],[-81.9620182609685,35.0426578331019],[-81.9706592814506,35.0576460297729],[-81.9889677194921,35.0647190428182],[-81.9976087399741,35.0870542523628],[-82.0245581984977,35.1190943426039],[-82.0159171780156,35.1531839925006],[-81.997244677044,35.1603885732247],[-82.0159171780156,35.1675925158794],[-82.0245581984977,35.1825577521476],[-82.0423139615354,35.1960022436181],[-82.0515076570213,35.2119208995309],[-82.0654955839235,35.2225101035376],[-82.0784571155449,35.2339362934388],[-82.0877824007452,35.2409940007208],[-82.0964234212273,35.2559457141381],[-82.114179184265,35.2693780526659],[-82.1233728797509,35.2852823139361],[-82.1416813177924,35.292335550717],[-82.1503223382745,35.3072777908317],[-82.2191653966229,35.3162260619136],[-82.2311707138452,35.3878767101659],[-82.2404959990455,35.3949209974853],[-82.2491370195276,35.409844273094],[-82.2674454575691,35.4168866412139],[-82.2760864780512,35.4391250450002],[-82.3030359365748,35.4494862149666],[-82.2943949160927,35.4830262409087],[-82.2674454575691,35.4933817570429],[-82.2760864780512,35.5122803913936],[-82.3025666018731,35.5530048986795],[-82.2760864780512,35.5631711980137],[-82.2674454575691,35.5853691432186],[-82.2491370195276,35.5923961394277],[-82.2404959990455,35.6437921574603],[-82.2043265270931,35.6864965864159],[-82.1955012810109,35.7538146926965],[-82.168630776316,35.7740166462969],[-82.1772717967981,35.8406545064527],[-82.1950275598357,35.8539892326515],[-82.2114937490622,35.8822618849851],[-82.2301925679767,35.8986134019444],[-82.2943949160927,35.8916133834335],[-82.312019089416,35.8840583533956],[-82.3467410807982,35.8707802244533],[-82.392823602048,35.8220681920484],[-82.4028024466518,35.7375864172027],[-82.4543415307701,35.7178417386523],[-82.4740579729166,35.6875814061719],[-82.4826989933987,35.6727097240311],[-82.5096484519223,35.6623773695354],[-82.5010074314402,35.614307846561],[-82.4288000763515,35.6072827741112],[-82.4201590558694,35.5923961394277],[-82.4022453851745,35.5788998370132],[-82.4008417675431,35.5500214920721],[-82.4108337706691,35.5412454950563],[-82.4201590558694,35.5342140120285],[-82.4368489462629,35.5195547780219],[-82.4653511571282,35.512208983284],[-82.447108514393,35.4984509908433],[-82.4569382233883,35.4472868783516],[-82.5184736980045,35.4453000983181],[-82.5339485828403,35.472006749267],[-82.6177884183757,35.5558632966355],[-82.6264294388578,35.6145859844155],[-82.6447378768993,35.6216104155011],[-82.6533788973814,35.6364916145404],[-82.6711346604191,35.6498605823329],[-82.680328355905,35.6656897840483],[-82.7380389720264,35.6731586945963],[-82.7555666474235,35.7181123932909],[-82.7940784064106,35.758881679136],[-82.8060924956817,35.7896628716587],[-82.9591482263411,35.7966718934453],[-82.9765048355587,35.8118619161245],[-83.003721858188,35.7966718934453],[-83.0489797547531,35.7896628716587],[-83.1313194738327,35.7605100944881],[-83.1567775888474,35.7675216866855],[-83.1907319761076,35.7820981262118],[-83.2106765058946,35.7750878191107],[-83.2283226106872,35.767511009922],[-83.3050215421965,35.7699773778347],[-83.3495425390559,35.743478604799],[-83.3798431340008,35.7169318347983],[-83.4084769336821,35.7059587465122],[-83.4457868447355,35.6899255626049],[-83.5004226614883,35.705476123214],[-83.5682086201396,35.6763441716134],[-83.6778004536367,35.6656897840483],[-83.7000872695602,35.6376466274728],[-83.7422308884949,35.6557681658689],[-83.8099071906978,35.6364916145404],[-83.8394972047783,35.6435141212],[-83.8571213781016,35.6510920333899],[-83.8835971163483,35.6612440961461],[-83.8930539894663,35.7094670222825],[-83.9023792746666,35.7237763388906],[-83.9110202951487,35.7386384984075],[-83.9293287331902,35.7456520178399],[-83.9379697536723,35.7896628716587],[-83.9562781917138,35.7966718934453],[-83.9649192121959,35.8115204393495],[-83.9826749752336,35.8248600621917],[-83.9918686707195,35.8406545064527],[-84.0058565976216,35.8511610574113],[-84.0188181292431,35.8624980374441],[-84.0281434144434,35.8695006294005],[-84.0386617737321,35.9495349962737],[-84.0820423314905,35.9425394833609],[-84.0912360269764,35.9267653468615],[-84.1089917900141,35.9134428694655],[-84.1217120745744,35.8916133834335],[-84.1539075542201,35.8986134019444],[-84.1666278387804,35.9204409573275],[-84.1898401655849,35.9134428694655],[-84.198481186067,35.8986134019444],[-84.2347559297909,35.8916133834335],[-84.2473095346451,35.8700622322911],[-84.3156043053616,35.8624980374441],[-84.3242453258437,35.8476590279269],[-84.333570611044,35.8406545064527],[-84.3567741649014,35.8115204393495],[-84.3843289334163,35.8204125846952],[-84.3961105485733,35.8406545064527],[-84.4323852922972,35.8476590279269],[-84.4410263127792,35.8624980374441],[-84.4826435755514,35.8705314159023],[-84.4949252298264,35.8916133834335],[-84.5581494320739,35.8986134019444],[-84.566790452556,35.9134428694655],[-84.5850988905975,35.9204409573275],[-84.5937399110796,35.9425394833609],[-84.6577185571302,35.949618442212],[-84.6745882866503,35.9643549162232],[-84.7339569259865,35.9720087736967],[-84.7505327734581,36.0004237918067],[-84.841605626269,35.9930282122431],[-84.8542513434742,35.9713484973628],[-84.8905260871981,35.9643549162232],[-84.9032463717584,35.9425394833609],[-84.9623913099277,35.9495349962737],[-84.9712033965893,35.9646495818428],[-84.980015483251,35.9495349962737],[-84.9893407684513,35.9425394833609],[-85.0062982238488,35.9134428694655],[-85.2139195894811,35.9204409573275],[-85.2225606099632,35.9425394833609],[-85.2408690480047,35.9495349962737],[-85.253589332565,35.9713484973628],[-85.2947679650519,35.9643549162232],[-85.303408985534,35.9495349962737],[-85.4205321048286,35.9425394833609],[-85.4297258003145,35.9267653468615],[-85.4474815633522,35.9134428694655],[-85.4561225838343,35.8986134019444],[-85.4744310218758,35.8916133834335],[-85.4830720423579,35.8695006294005],[-85.49705996926,35.8589965094391],[-85.5180265078542,35.8406545064527],[-85.5384403714445,35.8480679026387],[-85.5549372650874,35.8624980374441],[-85.5642625502878,35.8695006294005],[-85.581886723611,35.8916133834335],[-85.6451109258585,35.8986134019444],[-85.6537519463406,35.9134428694655],[-85.7169761485881,35.9204409573275],[-85.7256171690702,35.9425394833609],[-85.7439256071116,35.9495349962737],[-85.756645891672,35.9713484973628],[-85.9774875809827,35.9643549162232],[-85.9861286014648,35.9495349962737],[-86.0038843645025,35.9362163556085],[-86.0171573240666,35.9134428694655],[-86.1212180264419,35.9204409573275],[-86.1325961013052,35.9495349962737],[-86.2020664020126,35.9425394833609],[-86.2145629845076,35.9211016591883],[-86.2739316247422,35.9134428694655],[-86.2989028591611,35.8916133834335],[-86.3727463059953,35.8986134019444],[-86.3813873264774,35.9134428694655],[-86.3996957645189,35.9204409573275],[-86.4085078511805,35.9281416915551],[-86.4173199378422,35.9204409573275],[-86.4535946815661,35.9134428694655],[-86.4663149661264,35.8916133834335],[-86.4805441400897,35.8986134019444],[-86.5071514662541,35.9134428694655],[-86.5487687290262,35.9214710807591],[-86.5651296473795,35.9495349962737],[-86.7051229611195,35.9425394833609],[-86.722080416517,35.9134428694655],[-86.7769881838491,35.9204409573275],[-86.7881688754884,35.9490289969843],[-86.8208380754109,35.9500765013717],[-86.8308871008963,35.9425394833609],[-86.8478445562938,35.9134428694655],[-87.001567004879,35.9204409573275],[-87.0185244602765,35.9495349962737],[-87.2351289787501,35.9425394833609],[-87.2478229453675,35.920760652794],[-87.3608931185268,35.9134428694655],[-87.4299730374628,35.8938307153017],[-87.4454786258167,35.9204409573275],[-87.4597077997799,35.9134428694655],[-87.4765994607694,35.8986755826489],[-87.5585224810331,35.8916133834335],[-87.5761466543564,35.8695006294005],[-87.6393708566038,35.8624980374441],[-87.6480118770859,35.8476590279269],[-87.7112360793334,35.8406545064527],[-87.7737760168627,35.8185275327564],[-87.8908991361573,35.8115204393495],[-87.8995401566394,35.7966718934453],[-87.9627643588869,35.7896628716587],[-87.9898103162349,35.7659823928114],[-88.0885284986636,35.7532202302907],[-88.1061526719869,35.7456520178399],[-88.1424274157108,35.7386384984075],[-88.1780178947164,35.7164831105947],[-88.1963263327579,35.7094670222825],[-88.20496735324,35.6945994205672],[-88.2951410140111,35.6875814061719],[-88.3037820344932,35.6727097240311],[-88.3220904725347,35.6656897840483],[-88.3409910611469,35.6575644119045],[-88.392990707918,35.6592394466392],[-88.4108034924167,35.6436139292183],[-88.4665972932663,35.6363917976261],[-88.4834450913171,35.6216104155011],[-88.519719835041,35.6145859844155],[-88.5318742860752,35.593649876573],[-88.573276619729,35.57047843304],[-88.6185345162941,35.5634495135733],[-88.6541249952998,35.5412454950563],[-88.7442986560709,35.5342140120285],[-88.761168385591,35.519397694478],[-88.8251470316416,35.5122803913936],[-88.8343407271275,35.496420835755],[-88.8520964901652,35.4830262409087],[-88.8607375106473,35.4681165258652],[-88.9239617128948,35.4610786378652],[-88.9505690390592,35.4461648533916],[-88.9958269356243,35.4391250450002],[-89.0050206311102,35.4232510547171],[-89.0227763941479,35.409844273094],[-89.03141741463,35.3949209974853],[-89.0497258526715,35.3878767101659],[-89.0589195481574,35.3719926232369],[-89.0766753111951,35.3585773173028],[-89.0853163316772,35.343644556469],[-89.1036247697187,35.3365957930144],[-89.1156739498797,35.3157697244703],[-89.1485405339246,35.3072777908317],[-89.1653181501955,35.2925002387128],[-89.2024394509718,35.2852823139361],[-89.2139622740719,35.265352703587],[-89.2743046737014,35.2559457141381],[-89.2830334209592,35.1963553085172],[-89.301254132225,35.1825577521476],[-89.3098951527071,35.1675925158794],[-89.3551530492721,35.1605284270997],[-89.3674347035472,35.1392535658667],[-89.4098985224734,35.130981695176],[-89.4266761396426,35.1161720158961],[-89.470113718862,35.1049212467634],[-89.4809171890489,35.079703190273],[-89.4931944568504,35.0479654198886],[-89.5309561576096,35.0145933564433],[-89.5527824117784,35.0061561468177],[-89.5793897379429,34.9911585063692],[-89.6216123107063,34.9802067686301],[-89.6362011620245,34.8926750630594],[-89.6515970930316,34.8809743238709],[-89.6684668225517,34.866038349737],[-89.7349017994573,34.8585882410402],[-89.7593949271259,34.8293733478393],[-89.7692816584805,34.7868491514131],[-89.8043106913319,34.7777400171722],[-89.8172722229533,34.766249941491],[-89.8312601498555,34.7556015477722],[-89.8399011703376,34.7405581260751],[-89.8582096083791,34.7334571413757],[-89.8668506288612,34.711025555582],[-89.903125372585,34.7039220338198],[-89.9160869042065,34.6924216890374],[-89.9300748311086,34.6817637811137],[-89.9392685265945,34.6657418776215],[-89.9570242896322,34.6522102180682],[-89.9656653101143,34.6371479885644],[-89.9839737481558,34.6300381284494],[-89.9929218101071,34.6144376088075],[-90.0288895123618,34.6004661224773],[-90.0418510439832,34.5889514176834],[-90.0558389708854,34.5782802053935],[-90.0659406313582,34.5520080194502],[-90.1289060406504,34.4882625649623],[-90.1453283669382,34.4595732251504],[-90.1546536521385,34.452448178323],[-90.1676151837599,34.4409129934709],[-90.1816031106621,34.4302228067111],[-90.1921126970037,34.366768056205],[-90.2171935896678,34.3558131045441],[-90.2624514862328,34.3486792155215],[-90.2710925067149,34.326143726036],[-90.2804177919152,34.311587697569],[-90.2890588123973,34.2816199826889],[-90.3073672504388,34.2596320320956],[-90.3160082709209,34.2296457913114],[-90.361266167486,34.1779225490572],[-90.3699071879681,34.1479072229226],[-90.3882156260096,34.1258843622583],[-90.3968566464917,34.0809713223435],[-90.4331313902156,34.0738141250992],[-90.4417724106977,34.028873457772],[-90.4593000860948,34.0014161740927],[-90.4687218692212,33.9767435863202],[-90.4827097961234,33.9548181087451],[-90.4956713277448,33.93203538232],[-90.5139797657863,33.9248656231972],[-90.5226207862684,33.857469531687],[-90.5319460714687,33.8502935015655],[-90.5435346889768,33.8098815636488],[-90.5588955299923,33.7980542451479],[-90.5683787210533,33.7321704372478],[-90.6127944470395,33.7233714018126],[-90.6214354675216,33.6558164509205],[-90.6397439055631,33.6486235226626],[-90.6483849260451,33.6333812902655],[-90.6577102112454,33.6187061767931],[-90.6685487705256,33.5338461746669],[-90.684659669769,33.5214030712637],[-90.6933006902511,33.4312020253865],[-90.7115477194598,33.4170911659276],[-90.7203115576075,33.333088819733],[-90.7385585868162,33.3189620314776],[-90.7471996072983,33.168415393622],[-90.7741490658219,33.135627143623],[-90.7655080453398,33.1232868335101],[-90.7472259252412,33.109098569352],[-90.7385585868162,32.91992139558],[-90.7203378755504,32.9057482420804],[-90.7116091282926,32.8444819160943],[-90.6933884170268,32.8302966954344],[-90.684659669769,32.768978259896],[-90.6746939845858,32.7612159631452],[-90.6577102112454,32.7160875564295],[-90.6450908110848,32.7062500999963],[-90.6224179998636,32.6517950916512],[-90.6127944470395,32.6177787244039],[-90.5988065201373,32.6068607536077],[-90.5858449885159,32.5950767177632],[-90.5588955299923,32.57403601609],[-90.5675365504744,32.542082999909],[-90.5769144706621,32.5119107361554],[-90.5588955299923,32.4685493862082],[-90.5675365504744,32.4132537353543],[-90.5855028561568,32.3699689988317],[-90.5768618356747,32.3449754147066],[-90.5459383848444,32.320766314261],[-90.5226207862684,32.2921236178043],[-90.5114488675762,32.262284958443],[-90.4671647313044,32.238100140859],[-90.4777050220624,32.2006630247156],[-90.4956713277448,32.1719267276641],[-90.4870303072627,32.1626479520166],[-90.4687218692212,32.1553326856615],[-90.4600808487391,32.1398312915153],[-90.4171959436252,32.1311807102341],[-90.4004139399825,32.0769296732806],[-90.4165511562705,32.0195113544749],[-90.4605633419631,32.0106224990889],[-90.4417724106977,32.0031016310206],[-90.4331313902156,31.9875744057104],[-90.4149106789498,31.9732538472747],[-90.406181931692,31.9113510004394],[-90.3968566464917,31.9040156311026],[-90.3882156260096,31.8884716513855],[-90.3699071879681,31.8811344587747],[-90.361266167486,31.8121661042103],[-90.3343167089624,31.8013578827596],[-90.3429577294445,31.689946035115],[-90.361266167486,31.6825930709932],[-90.3708897203101,31.6482130370833],[-90.3882156260096,31.6061176110609],[-90.3968566464917,31.5522558278513],[-90.4062345666794,31.5063549852478],[-90.3935625315313,31.4963451811739],[-90.3708897203101,31.4411645154598],[-90.361266167486,31.4066954184237],[-90.3278030454985,31.3976521552421],[-90.3073672504388,31.3606819643149],[-90.2980419652385,31.3533030371366],[-90.2804177919152,31.3299938091423],[-90.2710925067149,31.3226124745514],[-90.2624514862328,31.3069711241704],[-90.2441430481913,31.2995879848951],[-90.2355020277093,31.2839428115772],[-90.2171935896678,31.2765578683691],[-90.2085525691857,31.1994463005274],[-90.1642333420239,31.2009489284669],[-90.0897714266762,31.1761440670055],[-90.0734631442086,31.1228801340994],[-90.0641115419638,31.0559678811554],[-90.0170245569026,31.0837192617912],[-89.9838026819762,31.0686639267311],[-89.9496772285365,31.0841287181397],[-89.9131743971721,31.0650814763451],[-89.8671927612203,31.0225626925233],[-89.8073065377701,31.0143867183291],[-89.7770191004492,30.9766553818533],[-89.7675885443757,30.9174621553303],[-89.7141370305608,30.8996048277257],[-89.7054960100787,30.8838936458751],[-89.6586327261846,30.8762159107278],[-89.6336307873492,30.8530509844829],[-89.6063391964665,30.8456325075166],[-89.579731870302,30.8299124772801],[-89.5344739737369,30.8224922114356],[-89.5168498004136,30.7990524574148],[-89.4977079647403,30.7751528672857],[-89.4800311555313,30.7271737425159],[-89.444642445325,30.6989831604141],[-89.4352206621985,30.6733931385379],[-89.4176929868014,30.6448981574612],[-89.4049727022411,30.6217096040767],[-89.3817603754366,30.6291453407356],[-89.3529379645799,30.6422678346991],[-89.3321819695288,30.625721953748],[-89.3114084285835,30.6064286925569],[-89.2816078709601,30.5943226723033],[-89.2569042006468,30.4828737125546],[-89.2364245426484,30.4572246966181],[-89.2160852455148,30.4200671121311],[-89.1987768857095,30.3918533701457],[-89.1844731452894,30.3272125230263],[-89.1567867870602,30.2960425733398],[-89.1669016069536,30.1957556211469],[-89.1841310129303,30.1487115529463],[-89.2024394509718,30.1412391658228],[-89.2110804714539,30.1254049373978],[-89.2204057566542,30.1179307856441],[-89.2290467771363,30.0710014397707],[-89.2383720623366,30.0557482144058],[-89.2531539104054,30.0286373810572],[-89.3102372850662,30.0168642613643],[-89.3278614583894,30.0087893715234],[-89.3560873322019,30.0010500028928],[-89.3770977337348,29.9814111385143],[-89.3910856606369,29.9701833863011],[-89.399726681119,29.9621046986955],[-89.4090519663193,29.9546182175857],[-89.4257418567128,29.9390107009449],[-89.4539677305253,29.9312658949345],[-89.4626087510074,29.9231840452605],[-89.4809171890489,29.9156946345684],[-89.4975632165037,29.9001209388871],[-89.5108274031208,29.909763533264],[-89.5334958278684,29.9309693941744],[-89.5437992589372,29.9156946345684],[-89.5587784902301,29.8881823722165],[-89.5973560436253,29.8764591677976],[-89.6519392244924,29.8614727579412],[-89.6886438255544,29.8446274766235],[-89.7593949271259,29.8300091919595],[-89.7949854061316,29.8063307949434],[-89.8132938441731,29.7988326094042],[-89.8176143544141,29.7713966399594],[-89.8380282180045,29.7682726431901],[-89.822610355528,29.7612609033635],[-89.8176143544141,29.7713966399594],[-89.7739706190235,29.7663289002363],[-89.7415119608474,29.7259815395635],[-89.763224171196,29.7094391722503],[-89.8313434892593,29.7204810522145],[-89.8417916676665,29.7594807610166],[-89.9116830536633,29.7496694208181],[-89.8942255591477,29.7360827556267],[-89.8582929477829,29.7162373959999],[-89.8667672894573,29.6970739493167],[-89.929737085223,29.6760432892754],[-89.9386325121869,29.6346283465703],[-90.0104977349164,29.6248944110635],[-90.002023393242,29.6112012549443],[-89.9571076290361,29.5932764643685],[-89.9655819707104,29.5721440028871],[-89.9840570875596,29.5647694880266],[-90.0147787686923,29.5461037977746],[-90.0909206387242,29.5500512762083],[-90.1568818944547,29.4858097763971],[-90.1969288607876,29.487886845272],[-90.2181234870223,29.4714046670939],[-90.2426517046825,29.4474985522855],[-90.2535516727955,29.4548816149179],[-90.2622804200533,29.4633888499793],[-90.2770491095998,29.4489977433944],[-90.3225438658542,29.4705244470295],[-90.3822941140147,29.4591572822008],[-90.4020237137851,29.443806819533],[-90.4383686383906,29.4083780756577],[-90.4871136466666,29.4157639828688],[-90.5153921554665,29.4291493337915],[-90.5456664333668,29.4055867273021],[-90.5320294108726,29.3922861721174],[-90.460164188143,29.3839105734646],[-90.4717045571372,29.3633403256483],[-90.4960967995078,29.3535841075796],[-90.5135542940234,29.3453142922455],[-90.5320294108726,29.3379232707182],[-90.5405037525469,29.3139876710844],[-90.5499957165549,29.3065943789808],[-90.5605930296723,29.2864580418835],[-90.6204178451879,29.2532668860138],[-90.6398272449669,29.2125500174313],[-90.6483015866413,29.1885850488337],[-90.7521692913676,29.132925984398],[-90.7839700027684,29.0852005128114],[-90.8437158653537,29.0883110931192],[-90.8601645086861,29.0754676027889],[-90.8739068029519,29.0365632032994],[-90.8913555245204,29.0084910875724],[-90.8998298661948,28.992336286737],[-90.9227307650565,28.9831433053706],[-90.9364642863753,28.9610265399708],[-90.8913555245204,28.9323772794994],[-90.8999000470763,28.8818667515954],[-90.9690545333675,28.8303440978324],[-91.0233833077528,28.8156450056941],[-91.0435603116539,28.7878417161466],[-91.0889848870267,28.780410619456],[-91.1062055209546,28.7635166475275],[-91.1962739099542,28.7012037112608],[-91.2413651259149,28.6889894705799],[-91.2686479438506,28.6780052485587],[-91.2934568859354,28.5844089603043],[-91.3130548968897,28.575056683666],[-91.3613042525212,28.5556079898188],[-91.39407433864,28.5354986880883],[-91.4248223368173,28.5451897010147],[-91.5067409706074,28.517522679278],[-91.5971558775413,28.4618467982529],[-91.6334964156732,28.4260845745374],[-91.6860180330318,28.3902813237],[-91.7729370544094,28.3739440009341],[-91.8137472374926,28.3934551067543],[-91.7986539614811,28.3539352163823],[-91.7698754135631,28.3461144001743],[-91.7458647800168,28.3224612271975],[-91.6903473162199,28.3148446842576],[-91.6776314172348,28.3023152986496],[-91.6633978576963,28.2911169613337],[-91.6242764022444,28.2525519939344],[-91.5902123567392,28.2432862870765],[-91.5740751404512,28.2273727414028],[-91.5598415809127,28.2161665283376],[-91.5471256819276,28.2036255366657],[-91.5183471340096,28.1957936765293],[-91.494547043108,28.1723139860338],[-91.46576849519,28.1644798320786],[-91.449631278902,28.148554546962],[-91.4208527309841,28.1407186540015],[-91.4166155601469,28.1365355373921]],[[-75.0582942363304,34.9360849172211],[-75.0505480214146,34.9651989824182],[-75.063119172163,34.9836658432576],[-75.079155503153,35.0131006962216],[-75.1971997459569,35.005119622655],[-75.1860980081462,34.9568124018704],[-75.1381469210369,34.9712430426352],[-75.1170180892102,34.9615827564373],[-75.0983850647037,34.9547668522138],[-75.082563662832,34.9397130548961],[-75.0582942363304,34.9360849172211]],[[-75.0043953192832,34.5522482577961],[-75.0173743959005,34.5800516127403],[-75.0003993955072,34.6007351044194],[-74.9724586316945,34.6073095564271],[-74.94650047846,34.6155223764068],[-74.8859606956064,34.624190984662],[-74.8746352557304,34.6672570837098],[-74.8287281862354,34.6738262649689],[-74.8117531858421,34.6820324994889],[-74.6859890460653,34.6890477350647],[-74.6939808936175,34.7853865698627],[-74.7419670716168,34.7922435474008],[-74.7632581966759,34.8140750875836],[-74.7758205744773,34.8075170485759],[-74.785290607016,34.7715754248822],[-74.8529844533164,34.7556754248618],[-74.8651564502447,34.7319395421055],[-74.8807936283129,34.762432172718],[-74.9105678670952,34.7337256918796],[-74.9208405937476,34.7041906802641],[-75.0363320068719,34.7107569313334],[-75.0899282689235,34.7190658624971],[-75.1778868450023,34.7280571006808],[-75.1890456051723,34.7041906802641],[-75.1990376082983,34.6754603624577],[-75.2159599728059,34.6737288673629],[-75.2246492435985,34.6987129973051],[-75.2507916215349,34.7159219435849],[-75.2632838184547,34.7402895977754],[-75.2788771335842,34.7337256918796],[-75.2886892975837,34.6964590722922],[-75.397570549318,34.6892929868424],[-75.4126331209131,34.6738262649689],[-75.4657249582713,34.6643799719382],[-75.4697077226268,34.6380285588772],[-75.3946668152307,34.6303070145817],[-75.3866749676786,34.6220956575376],[-75.3587342038659,34.6155223764068],[-75.3281704303905,34.6007351044194],[-75.2826712876626,34.6099918989609],[-75.2589062858543,34.6563956890916],[-75.2241185009624,34.6599549779029],[-75.1799747264537,34.6309115548594],[-75.1166847297982,34.650927472987],[-75.0722646182367,34.6368791246063],[-75.0396436668281,34.6292043939896],[-75.031976405741,34.578475224701],[-75.0664878544785,34.5557180899448],[-75.0043953192832,34.5522482577961]],[[-75.9206769090851,34.7370077100037],[-75.9063775542403,34.7547852944529],[-75.8990436525652,34.777059088004],[-75.942770728258,34.7843022259037],[-75.9512933184463,34.7409726321535],[-75.9206769090851,34.7370077100037]],[[-75.6332160181669,34.7517706727483],[-75.6266848097072,34.7645455696208],[-75.6542922141078,34.7843022259037],[-75.663832427528,34.7582268377663],[-75.6332160181669,34.7517706727483]],[[-82.49634478884,35.887835958516],[-82.4925944977003,35.9139046908725],[-82.4821287742974,35.9199791740798],[-82.4746281920179,35.9635490166096],[-82.5180394541928,35.9708870115238],[-82.5297421155212,35.9236271915261],[-82.5464934147475,35.9139046908725],[-82.5539939970269,35.8981514912888],[-82.6078885276006,35.8910927989444],[-82.49634478884,35.887835958516]],[[-83.7629693394486,35.8150240633517],[-83.7661845014786,35.8452235159906],[-83.8107405883296,35.8413460971578],[-83.7927742826472,35.834559713318],[-83.787063313297,35.8173395718179],[-83.7629693394486,35.8150240633517]],[[-78.2562966477959,34.5670441590362],[-78.261766370085,34.5911685467879],[-78.2969752411647,34.6001177073832],[-78.3069628578172,34.6615640938493],[-78.3239246996883,34.6740282739883],[-78.3593484998862,34.7113735047617],[-78.404773075259,34.7552537847552],[-78.440196875457,34.7925623371126],[-78.449688839465,34.7995249713969],[-78.4739144030279,34.8217866876937],[-78.4875601975709,34.8580537505312],[-78.672877202284,34.848990282611],[-78.6917251550105,34.866301070486],[-78.7070465186625,34.8732574722711],[-78.7456240720576,34.8511446562168],[-78.8459827327054,34.8441143866243],[-78.8722698588784,34.8199646330742],[-78.9163039760403,34.866301070486],[-78.9257959400483,34.8732574722711],[-78.987976201121,34.9386397322645],[-79.044941145488,34.9469239058768],[-79.0690175743407,34.9248309165847],[-79.1068889324466,34.915242491714],[-79.1678322555938,34.8511446562168],[-79.2233497193907,34.8440441887707],[-79.247627917941,34.8217416770614],[-79.3300378179021,34.8146908898266],[-79.3385121595765,34.7478729444566],[-79.3545221726236,34.7361191811487],[-79.3924110766237,34.6961885971357],[-79.4019030406317,34.6892172473895],[-79.4437703225137,34.645065562954],[-79.4761324818653,34.6374962482425],[-79.500208910718,34.6596663438852],[-79.509700874726,34.6666401815969],[-79.5271583692416,34.6892172473895],[-79.5366503332496,34.6961885971357],[-79.5527875495376,34.7110381756255],[-79.5841671765473,34.7190027691236],[-79.6259730504947,34.7630483606835],[-79.6354650145028,34.770013486299],[-79.651918045207,34.7851398021991],[-79.8071493822968,34.7921931175645],[-79.823602413001,34.8073153656778],[-79.8983406654015,34.8142767539382],[-79.9224170942542,34.7921480900295],[-79.9327249108982,34.7845850215699],[-79.913433941413,34.7704278445448],[-79.9049595997386,34.7626339653905],[-79.8595350243658,34.7556682170918],[-79.8510606826914,34.7404914445581],[-79.8325855658422,34.7335238285693],[-79.8233655524134,34.7170089888515],[-79.8056361073187,34.7039887448375],[-79.796946836526,34.6656949783531],[-79.7786866487951,34.6522769707559],[-79.7702123071207,34.6370812236958],[-79.7607203431127,34.6301048989869],[-79.7363149413215,34.6076236442875],[-79.6080067448124,34.6005329168065],[-79.5952908458273,34.5888178103454],[-79.5810572862888,34.5783470175604],[-79.5725829446144,34.563137733103],[-79.5541078277652,34.5561551951574],[-79.5448878143364,34.5396049975078],[-79.5271583692416,34.5265568878436],[-79.5186840275672,34.5113381351227],[-79.5044504680287,34.5008575901154],[-79.48407169443,34.4820601536611],[-79.455293146512,34.4747345320853],[-79.4388401158078,34.4595533340799],[-79.2885038954322,34.4525150914702],[-79.2761389008549,34.4747345320853],[-79.2382894742184,34.4817238975235],[-79.2179984264971,34.4630017119866],[-79.2037648669586,34.4525150914702],[-79.1952905252842,34.4372828240433],[-79.0100261573551,34.4302897376607],[-78.9976611627779,34.4525150914702],[-78.9867611946649,34.4595063176588],[-78.9628689905141,34.4374528510259],[-78.9148959719354,34.4302897376607],[-78.8909599048458,34.4523866903587],[-78.8303631005312,34.4595063176588],[-78.817998105954,34.4372828240433],[-78.7725735305812,34.4302897376607],[-78.7607787560036,34.4090844101318],[-78.7263374881476,34.4003101533839],[-78.7102002718597,34.3854050176381],[-78.7007083078517,34.3784075929741],[-78.6922339661773,34.363161824327],[-78.6780004066388,34.3526626806289],[-78.6575075892198,34.33372685875],[-78.6198599322809,34.3264932864719],[-78.6113855906065,34.3112380750494],[-78.6018936265985,34.3042344581405],[-78.5844361320829,34.2815529329151],[-78.4671463339806,34.2745468408633],[-78.4586719923062,34.2592821933589],[-78.3234158885215,34.2522742456108],[-78.2811582248681,34.2074792055403],[-78.1976517487447,34.2002819266247],[-78.1812250359834,34.1850727520589],[-78.0757782618708,34.1779896813905],[-78.0634132672936,34.2002819266247],[-78.0491797077551,34.2108001218566],[-78.03646380877,34.2225682789776],[-77.9936403124889,34.2335007276362],[-77.9810516167447,34.3222966593476],[-77.9371403163501,34.3334950463642],[-77.9210031000621,34.3484094191149],[-77.8922245521441,34.3557461140127],[-77.8691876779927,34.3660819428011],[-77.8478175991049,34.3858212975483],[-77.8188635994322,34.4010158921199],[-77.7988576617107,34.4000314760048],[-77.7669692235342,34.3705768784134],[-77.7574772595261,34.3635782148005],[-77.7405241906022,34.3479114716216],[-77.6888096529325,34.3097544299407],[-77.6488372548529,34.3117217491254],[-77.6304717953505,34.3608372440226],[-77.5975306439504,34.3733175313179],[-77.5873061667102,34.4006467373412],[-77.5598478970198,34.4076423031147],[-77.5400042525308,34.4259662484865],[-77.5537772503147,34.4576238443866],[-77.596135799266,34.473653351769],[-77.6047636612258,34.5117537878797],[-77.6142556252338,34.5187400508338],[-77.6265372795089,34.5300657331452],[-77.6045882085727,34.5559474798389],[-77.623238778075,34.5779316972545],[-77.6406962725906,34.6744431135681],[-77.6591713894398,34.6814157074179],[-77.6676457311142,34.7261410466914],[-78.1251592845545,34.7331092851235],[-78.1347696788563,34.6740282739883],[-78.1696539634711,34.6651700602714],[-78.1796854430623,34.6296898374577],[-78.2401989079731,34.5711382141314],[-78.2562966477959,34.5670441590362]],[[-75.5793171011197,34.4708237750674],[-75.57556680998,34.4751377106687],[-75.5684960868354,34.5046241592037],[-75.4752695581651,34.5109351315307],[-75.4677689758857,34.5488288599205],[-75.6153769157253,34.555336975265],[-75.6351021290223,34.4742626474592],[-75.5793171011197,34.4708237750674]],[[-76.190171494321,34.478229287993],[-76.1762669068227,34.5042663065897],[-76.1882985419879,34.5335419093735],[-76.213353116709,34.5104381505729],[-76.2114143699679,34.4836365605092],[-76.190171494321,34.478229287993]],[[-75.9027106034028,34.4560107777313],[-75.9075530842312,34.4886855630436],[-75.9616800889189,34.4962630121672],[-75.9791024925445,34.5049241765557],[-76.0054378690281,34.4901570015878],[-75.9779445084477,34.4595822674199],[-75.9027106034028,34.4560107777313]],[[-76.145255730115,34.4411951521849],[-76.1420756589749,34.4459808576697],[-76.1242672600515,34.4540305696735],[-76.1425800836682,34.4739950642662],[-76.1674855245775,34.4808507109364],[-76.1753852597787,34.4539112137756],[-76.145255730115,34.4411951521849]],[[-76.0284747431795,34.32999423946],[-76.0328742072492,34.3764092552429],[-76.1001250367908,34.3851353402121],[-76.1132357031225,34.3507053738468],[-76.0862862445989,34.3415990444154],[-76.0694779230133,34.3332252018462],[-76.0284747431795,34.32999423946]],[[-77.4028971278823,34.2557782924526],[-77.3992301770448,34.2601703817048],[-77.3635739027328,34.2769897974226],[-77.3453312599976,34.3086656819609],[-77.3936244785678,34.3189022542985],[-77.4065640787199,34.3343824503812],[-77.4332196551949,34.3495773219505],[-77.4495805726499,34.3465479841845],[-77.4604629957671,34.3092091513437],[-77.4335135372435,34.2750180400153],[-77.4261796355684,34.2588109067719],[-77.4028971278823,34.2557782924526]],[[-77.3849308222,34.0773927993219],[-77.3562092966413,34.1092563142433],[-77.3631133409782,34.1479090383979],[-77.4521334023294,34.1550037078129],[-77.4607086293017,34.0810076524045],[-77.3849308222,34.0773927993219]],[[-76.0464410488619,34.1220245061011],[-76.0498667535366,34.1340610103802],[-76.0958790939048,34.1470396323975],[-76.112748823425,34.1251872047073],[-76.0464410488619,34.1220245061011]],[[-76.8728911102518,34.0252927348673],[-76.8655308906338,34.0501183970774],[-76.8900327903512,34.0729911902752],[-76.9304569781365,34.0503164640688],[-76.8728911102518,34.0252927348673]],[[-79.8283483950051,33.9955068982462],[-79.8249226903303,34.0224534961459],[-79.8048246411562,34.0281318793454],[-79.7979732318067,34.0513613058801],[-79.8495386347662,34.0579062686982],[-79.8612983184539,34.0293096780491],[-79.8525783441432,34.0061014833295],[-79.8283483950051,33.9955068982462]],[[-76.9627226386638,33.8762591326248],[-76.9500856935073,33.9206490134321],[-76.9678721609614,33.9316295977621],[-76.9845225748897,33.9550818876593],[-76.994821619485,33.9614378193342],[-77.0063181246422,33.9742555640724],[-77.0217710780086,33.9837871336584],[-77.0338114852225,34.0205993958097],[-77.0577036893734,34.0284681352092],[-77.0653709504605,34.0444505710058],[-77.1012596988866,34.0507998187347],[-77.1102867146665,34.0086558408096],[-77.0833372561429,33.9997779821463],[-77.0752050468276,33.9037276989853],[-77.0355396893189,33.8948024774906],[-77.0217710780086,33.8794400989382],[-76.9627226386638,33.8762591326248]],[[-76.7740764289987,33.8165726602105],[-76.7679180564162,33.8295870927177],[-76.7725192910818,33.8554533835138],[-76.7502807236723,33.880361409429],[-76.8174701452794,33.8898361331672],[-76.8531044881221,33.885464854914],[-76.8393314903382,33.8462389601278],[-76.8229047775769,33.8357100956637],[-76.8083597891974,33.8200528438803],[-76.7740764289987,33.8165726602105]],[[-76.7201775119515,33.7717804521329],[-76.7201775119515,33.8016445283744],[-76.6752617477455,33.8016445283744],[-76.6752617477455,33.8240357493127],[-76.7291606647927,33.8240357493127],[-76.7291606647927,33.8091089198744],[-76.7561101233163,33.8091089198744],[-76.7561101233163,33.7941794857803],[-76.7291606647927,33.7941794857803],[-76.7291606647927,33.7717804521329],[-76.7201775119515,33.7717804521329]],[[-76.603396525016,33.8016445283744],[-76.603396525016,33.8240357493127],[-76.6303459835396,33.8240357493127],[-76.6303459835396,33.8016445283744],[-76.603396525016,33.8016445283744]],[[-76.6662785949043,33.7194932650751],[-76.6724281945398,33.7373775667095],[-76.6882408243628,33.7247157569452],[-76.6662785949043,33.7194932650751]],[[-91.1830535862758,31.0265583275216],[-91.1700745096585,31.0539237309168],[-91.1511168986871,31.0607662013249],[-91.143125051135,31.1067832032133],[-91.2140779224041,31.0992266745766],[-91.2229821214166,31.0325120010172],[-91.1830535862758,31.0265583275216]],[[-90.6350812629629,29.349449283811],[-90.6314143121254,29.3540811165118],[-90.5961835095763,29.3655708970795],[-90.6049561197728,29.3917893504657],[-90.6477313666416,29.3761343887113],[-90.6763300763313,29.3697394698916],[-90.6836639780064,29.3621189384958],[-90.6477313666416,29.3540811165118],[-90.6350812629629,29.349449283811]]]}},{"id":"4","type":"Feature","properties":{"category":1,"label":"0.10 to 0.25 inches"},"geometry":{"type":"Polygon","coordinates":[[[-82.49634478884,35.887835958516],[-82.6078885276006,35.8910927989444],[-82.5539939970269,35.8981514912888],[-82.5464934147475,35.9139046908725],[-82.5297421155212,35.9236271915261],[-82.5180394541928,35.9708870115238],[-82.4746281920179,35.9635490166096],[-82.4821287742974,35.9199791740798],[-82.4925944977003,35.9139046908725],[-82.49634478884,35.887835958516]]]}},{"id":"5","type":"Feature","properties":{"category":1,"label":"0.10 to 0.25 inches"},"geometry":{"type":"Polygon","coordinates":[[[-83.7629693394486,35.8150240633517],[-83.787063313297,35.8173395718179],[-83.7927742826472,35.834559713318],[-83.8107405883296,35.8413460971578],[-83.7661845014786,35.8452235159906],[-83.7629693394486,35.8150240633517]]]}},{"id":"6","type":"Feature","properties":{"category":2,"label":"0.25 to 0.50 inches"},"geometry":{"type":"Polygon","coordinates":[[[-77.205267765376,33.1422364576424],[-77.2091803497483,33.1229451962789],[-77.2706544155317,33.1141999220922],[-77.2861161409468,33.0820419369162],[-77.295099293788,33.0820419369162],[-77.295099293788,33.0745147223683],[-77.3040824466292,33.0745147223683],[-77.3040824466292,33.0594583611231],[-77.3220487523116,33.0594583611231],[-77.3220487523116,33.0443994241777],[-77.3339795021788,33.0393399846763],[-77.340015057994,33.0293379121322],[-77.3489982108352,33.0293379121322],[-77.3489982108352,33.0142738255869],[-77.3579813636764,33.0142738255869],[-77.3579813636764,33.0067408170648],[-77.4208634335647,33.0067408170648],[-77.4208634335647,32.9992071651434],[-77.4298465864059,32.9992071651434],[-77.4298465864059,32.984137931404],[-77.4478128920883,32.984137931404],[-77.4478128920883,32.9690661249717],[-77.453129094092,32.9659877901058],[-77.4958911824386,32.9579446035302],[-77.5017118091355,32.9389147964445],[-77.5153576045768,32.9425407135731],[-77.5397630054697,32.9646445494584],[-77.5466275733415,32.9464535928451],[-77.5556107261827,32.9464535928451],[-77.5556107261827,32.9313753573242],[-77.618492796071,32.9313753573242],[-77.618492796071,32.9238352755599],[-77.618492796071,32.9162945512275],[-77.6304235459382,32.9112277662091],[-77.6364591017534,32.9012111751618],[-77.6813748659594,32.9012111751618],[-77.7442569358478,32.9012111751618],[-77.7398530853045,32.9050577540516],[-77.6320552512102,32.9161159670221],[-77.6408629522966,32.9427597368016],[-77.6861427794328,32.9653143322091],[-77.6854102662006,32.9954400979315],[-77.6862787547224,33.031294288978],[-77.6734707442847,33.0753435559472],[-77.6372398643978,33.0952460843137],[-77.6498461051378,33.138550802877],[-77.6590047097338,33.1534430569314],[-77.6681326108117,33.1691864321852],[-77.6864542073754,33.1839229741099],[-77.728716256604,33.2567945714475],[-77.7547928410306,33.2794850511407],[-77.8099243095296,33.3107238605236],[-77.8642092209763,33.326250193745],[-77.8980144744246,33.3174812342904],[-77.9103575375325,33.2962213225165],[-77.9370964534114,33.2632425383245],[-77.9173054448081,33.1661701655882],[-77.9808191426306,33.1387766845667],[-78.0877309432074,33.1235054079349],[-78.1291288903877,33.133880615148],[-78.1486786519299,33.1496073035247],[-78.1703426128662,33.1684833194238],[-78.1887870261973,33.1544510848332],[-78.2068015812919,33.0857299638947],[-78.2218904708299,33.0611824744336],[-78.1287253500941,32.973710105611],[-78.1081623517936,32.9063853281616],[-78.1196676298978,32.8748846045727],[-78.1800275745231,32.9124484612702],[-78.2746270164084,32.9726871261009],[-78.3132484327423,32.9733476484558],[-78.3415488739099,32.9652223296333],[-78.3691869818286,32.9576961748819],[-78.3864646381158,32.942608813867],[-78.4207655433103,32.9237321838633],[-78.4573297826093,32.8604500151591],[-78.485279319369,32.837890806178],[-78.4724406045149,32.781546988086],[-78.4005446773689,32.7186136394754],[-78.3505320267511,32.6936301418784],[-78.3237580199822,32.6783575702214],[-78.2786668040215,32.6558223432713],[-78.2427692826483,32.632886188252],[-78.2339264915703,32.6558223432713],[-78.2113808835899,32.6595281405718],[-78.2113808835899,32.6519649745146],[-78.2203640364311,32.6519649745146],[-78.2203640364311,32.6444011686527],[-78.2256802384348,32.6413115693126],[-78.2330141401098,32.6172300870339],[-78.2473134949547,32.5990049019352],[-78.2562966477959,32.5990049019352],[-78.2562966477959,32.5838676981196],[-78.2652798006371,32.5838676981196],[-78.2652798006371,32.5762981375174],[-78.3131124574527,32.5829196903225],[-78.3191787176843,32.5762981375174],[-78.3281618705254,32.5762981375174],[-78.3281618705254,32.5687279378897],[-78.3281618705254,32.5611570993149],[-78.3371450233666,32.5611570993149],[-78.3371450233666,32.553585621871],[-78.3461281762079,32.553585621871],[-78.3461281762079,32.5460135056366],[-78.355111329049,32.5460135056366],[-78.355111329049,32.5384407506899],[-78.3671122597978,32.5334116152448],[-78.3970093153474,32.5283230269103],[-78.400027093255,32.5157186543607],[-78.4119578431222,32.5106290639844],[-78.4179933989374,32.500567398019],[-78.4539260103022,32.500567398019],[-78.4539260103022,32.4929908124474],[-78.4539260103022,32.4854135887136],[-78.4629091631434,32.4854135887136],[-78.4629091631434,32.4778357268963],[-78.4988417745082,32.4778357268963],[-78.4988417745082,32.4702572270744],[-78.516737899309,32.462618874802],[-78.5257912330317,32.4475179003702],[-78.5347743858729,32.4475179003702],[-78.5347743858729,32.4323551606586],[-78.600547030428,32.4266925410688],[-78.6066396086025,32.4096062698101],[-78.6156227614437,32.4096062698101],[-78.6112189109005,32.4286399747862],[-78.6015251771948,32.4445233135674],[-78.6033016307035,32.5178435472083],[-78.5920112808192,32.5363163449423],[-78.5946430643272,32.6448462248191],[-78.5840940006221,32.6707959976093],[-78.5752862995357,32.6936301418784],[-78.5556619706385,32.7179918127547],[-78.5721983407466,32.775032345358],[-78.6127585038215,32.7926003223101],[-78.6996775260974,32.7911088013783],[-78.735035530989,32.8064210490196],[-78.7996414193986,32.7633590075945],[-78.8002423429163,32.7385393186835],[-78.7646518630123,32.7097711151745],[-78.7459662035184,32.6792473414808],[-78.7589759845521,32.6444104021805],[-78.7774993508135,32.6294230933232],[-78.7995449205741,32.6100956413725],[-78.8266391273344,32.625564586722],[-78.8519831976306,32.6359206729386],[-78.8741735156279,32.6934787951416],[-78.8986798018187,32.6860698623112],[-78.9078077028966,32.6702402996151],[-78.9256292603423,32.6558223432713],[-78.9507847203614,32.633778259576],[-78.9974857110231,32.6329748420956],[-79.0242684898407,32.6406947443746],[-79.0873260114838,32.6481074400948],[-79.1574323257006,32.663233784999],[-79.2542512387516,32.650341838718],[-79.3081238378559,32.6167091547079],[-79.3318405893536,32.534729941847],[-79.3478374438785,32.5421514069601],[-79.4527447033061,32.6199122847377],[-79.5005510421788,32.6329785361299],[-79.5273250489476,32.6406947443746],[-79.5724162649084,32.6481074400948],[-79.5812239659948,32.6633851829919],[-79.599365723432,32.6707959976093],[-79.6081734245184,32.6860698623112],[-79.6259949819641,32.7004829374698],[-79.635122883042,32.7163071388784],[-79.6802140990027,32.7237135615975],[-79.7069881057715,32.7314219346873],[-79.7341130160499,32.7388271018965],[-79.7788533285011,32.7540893235702],[-79.8281203073645,32.7675342915161],[-79.913600621119,32.822056876041],[-79.9564328903472,32.8456537820044],[-80.0305570598093,32.8898214507951],[-80.0437642249654,32.901362168717],[-80.064941305306,32.9184449017643],[-80.0844559768565,32.942608813867],[-80.0932636779429,32.9729097538072],[-80.1024222825389,32.9953646818642],[-80.1221869731993,33.0464326778661],[-80.1638788033265,33.0997199044372],[-80.2190278177197,33.1310284277236],[-80.2639435819256,33.1492749490246],[-80.2551358808392,33.1686338556503],[-80.2290549108374,33.2008390401779],[-80.2278662223242,33.2495024404024],[-80.2438893947919,33.3317878358664],[-80.2673429677592,33.3521780584483],[-80.325808028582,33.3190683249487],[-80.3808122947386,33.3181300019634],[-80.4788856907108,33.3198013831278],[-80.4961808910956,33.2917446975143],[-80.4527652433455,33.2741384476271],[-80.4672444364187,33.2363416847633],[-80.5213056466983,33.2354189813749],[-80.5938068838356,33.2509587140103],[-80.6225503408636,33.251450246964],[-80.655022157562,33.2382732759612],[-80.7032232646796,33.176760604683],[-80.7315938858304,33.1606624108387],[-80.765622841344,33.1612444134162],[-80.8041126679635,33.1533879724933],[-80.8477564042524,33.1345638039334],[-80.8749734268817,33.1235054079349],[-80.9184943464033,33.0958450569403],[-80.9996409904961,33.1308594602528],[-81.0358806433301,33.1314783922068],[-81.063444184792,33.1158311170065],[-81.0959905679472,33.1026043409918],[-81.1141279398092,33.0557692335541],[-81.1354848592763,33.0631473348447],[-81.2017487709007,33.1007818291218],[-81.2248733709295,33.0890889281967],[-81.2254128865127,33.0669868637457],[-81.2244742171094,33.0285454200484],[-81.2427738822039,32.9655940203555],[-81.2676705501661,32.9548327557225],[-81.2970061586631,32.9804456505955],[-81.3420973746238,32.9878300585463],[-81.4083612862483,33.0254967415268],[-81.440912055877,33.0181154859851],[-81.4587029098046,33.0104319985678],[-81.4848321292187,32.9997994336821],[-81.4947188605732,32.95732077035],[-81.5127772786065,32.9427597368016],[-81.5287390431398,32.9288185024043],[-81.6059906487545,32.9727588823554],[-81.6646662513238,32.9623260317277],[-81.74931755392,32.9026842743209],[-81.7732887110012,32.9124484612702],[-81.7987424395424,32.9346831444611],[-81.8188668075577,32.9428775303164],[-81.844452124915,32.9652223296333],[-81.8994739360674,32.9577789842577],[-81.9252566375471,32.9352574389994],[-81.9709180735075,32.9201404748203],[-81.9800679060547,32.8729597597268],[-82.0246415387999,32.844550091811],[-82.0427832962371,32.8371537216129],[-82.0515909973235,32.8219057474181],[-82.0785404558471,32.810918727656],[-82.0697327547606,32.7917043070412],[-82.0427832962371,32.7582761087419],[-82.0515909973235,32.7463829110436],[-82.0785404558471,32.7353865612177],[-82.0697327547606,32.6934787951416],[-82.0605741501647,32.6860698623112],[-82.0517664490782,32.6707959976093],[-81.998652681149,32.6048118688212],[-81.9975122411497,32.5576025034693],[-82.0327035672336,32.5423214978343],[-82.0606618760421,32.5418408043155],[-82.1045731764367,32.542596970472],[-82.1282153605793,32.5234449595731],[-82.1414225257354,32.5118552530474],[-82.1663148072241,32.4916829731266],[-82.1865137416962,32.4665436035575],[-82.1953214427826,32.4360701942242],[-82.2113139108339,32.4231011566581],[-82.2404126587434,32.3907204087237],[-82.2492203598298,32.3450439715191],[-82.2941361240358,32.3357921369116],[-82.2849555870721,32.313780718811],[-82.2409521743266,32.2780454882513],[-82.2303855656257,32.2519322194245],[-82.2317979553058,32.1932060459891],[-82.2297846421079,32.10962125941],[-82.2959345090137,32.1172652593535],[-82.3390518882417,32.155263986234],[-82.3555049180476,32.1686482603701],[-82.3573647118584,32.2457222350178],[-82.3482104928377,32.2616748069277],[-82.3390518882417,32.2767141367936],[-82.3302441871553,32.3603732876859],[-82.3196381019892,32.3953278938267],[-82.3300687354005,32.4134740602816],[-82.3570181939241,32.4576262102163],[-82.3392273399965,32.4892781268081],[-82.3128700329419,32.5220728402376],[-82.3302441871553,32.5648668166109],[-82.3390518882417,32.625564586722],[-82.3537328510125,32.6738015037047],[-82.3361437676809,32.7345065730845],[-82.3016674098333,32.7623667951403],[-82.303843017162,32.8520250690456],[-82.2673621172669,32.8668920818352],[-82.2761698183534,32.8824325389458],[-82.3115541411879,32.8818247496364],[-82.3467673987411,32.9207885028925],[-82.3302441871553,32.9352206254652],[-82.3028955748116,32.9426695509651],[-82.3300687354005,32.9537304244979],[-82.321129445498,32.9808485527701],[-82.2904516273041,33.00557108351],[-82.2739459616124,33.0459951466929],[-82.3022200839388,33.0706571426384],[-82.3209145163798,33.0709769295963],[-82.3561409324553,33.0557692335541],[-82.3728220508001,33.080535075509],[-82.3569216950997,33.0933315509342],[-82.3661767985201,33.1007818291218],[-82.3749844996065,33.2212543623906],[-82.4019339581301,33.2545075924662],[-82.3931262570437,33.2738432384212],[-82.3600140403624,33.3004392577244],[-82.3931262570437,33.3412607503395],[-82.4019339581301,33.3714242896118],[-82.4288834166537,33.4046203012482],[-82.4200757155673,33.4464122411152],[-82.4020962513626,33.4755294967693],[-82.3930429176398,33.5142080708279],[-82.3667557905685,33.5352647866243],[-82.365654828831,33.5801766795855],[-82.3749844996065,33.5961937570877],[-82.4012321493144,33.6171994439632],[-82.4387438300654,33.672275772517],[-82.4908575215551,33.7139366083402],[-82.5007486393832,33.7979868120105],[-82.5188903968204,33.8202295828545],[-82.5456644035892,33.8576862607765],[-82.60895878582,33.9227746327797],[-82.6081867961227,33.9541686617424],[-82.6266882309147,33.9768108790451],[-82.6464836259915,34.0018452625324],[-82.6985534536443,34.0587148146406],[-82.7163443075719,34.0811874825916],[-82.7484125839767,34.1067031711156],[-82.7874901755916,34.1403726814381],[-82.8242298675437,34.1409934761628],[-82.8331252945075,34.1107943377179],[-82.8511837125408,34.096426262701],[-82.8600747530311,34.0587148146406],[-82.8782165104682,34.051421270791],[-82.8935817370589,34.0251764042719],[-82.9753161470455,34.0956544004576],[-83.0039806502449,34.1033563671613],[-83.0277939005671,34.1238763879368],[-83.0995933288887,34.170985855884],[-83.1267752615263,34.2279848144016],[-83.2744753128186,34.3020078885713],[-83.3094078468456,34.311372127906],[-83.3271987007732,34.3189402930244],[-83.3469063690743,34.3268374113307],[-83.4120473865936,34.3632957942226],[-83.4621214451459,34.3411952217041],[-83.5213760406619,34.3115206717106],[-83.6144402760997,34.3195307910258],[-83.686590608829,34.3709063407325],[-83.721580164317,34.3560285607756],[-83.7509420907569,34.3636470091558],[-83.7961692829056,34.3828783377927],[-83.8392384127213,34.3707108364527],[-83.8960279044352,34.3592820562237],[-83.9188279188973,34.320478115945],[-83.9465098897547,34.2966794618506],[-83.9651780042528,34.3039518376984],[-83.9919520110217,34.3189402930244],[-84.0137256293047,34.3276651169849],[-84.0548384673835,34.3734551039779],[-84.1177819452064,34.4153827057439],[-84.1356824564808,34.4077762018543],[-84.1784971807131,34.3963126671261],[-84.1897568252827,34.3782736479854],[-84.2243647728447,34.3193858842168],[-84.2893522691802,34.2976107380658],[-84.3514535764242,34.2892578734375],[-84.3692444303519,34.2816870331515],[-84.387386187789,34.2744127299782],[-84.4141601945578,34.2594163291175],[-84.4412851048362,34.2521400992072],[-84.4587206678824,34.2224340852329],[-84.4862315734586,34.2520222672487],[-84.4747131359337,34.298487649605],[-84.4862008690422,34.3262107409599],[-84.5098123496667,34.4149792386595],[-84.5666193872747,34.4159363401369],[-84.6200533551955,34.3416425052725],[-84.6754743201679,34.3138900944325],[-84.7269125207848,34.3284294238044],[-84.7467123014368,34.2966794618506],[-84.7950757017869,34.2025057482154],[-84.8201171170874,34.1918359485136],[-84.8768802917568,34.1927955964704],[-84.8988776121052,34.1924237117431],[-84.9167693504324,34.2066412472858],[-84.9351830593472,34.2298615713414],[-84.9597025049586,34.2493374772158],[-84.9389859854743,34.2825695471373],[-84.9531493650295,34.3782736479854],[-84.9669355213357,34.4338243405804],[-84.948565676258,34.478081039774],[-84.9268359209136,34.5332690964348],[-84.9002943882589,34.5655180924402],[-84.8986319785705,34.6325194303055],[-84.9117075540122,34.7095436027554],[-84.9528598685562,34.8324499405902],[-84.9535090414861,34.8585774428769],[-84.9314546996768,34.8852723440064],[-84.8992504479824,34.9765049483125],[-84.8730817512048,35.0862592353372],[-84.84552698269,35.1195141156617],[-84.8682129524335,35.1717338670413],[-84.8907454018916,35.1525617650388],[-84.9263753582607,35.1384267755469],[-84.9441662121883,35.1309332674591],[-84.9964685139552,35.1101781381277],[-85.0701058037198,35.0355164666918],[-85.0789135048063,35.013300079032],[-85.1333475509631,34.9916669764284],[-85.2222053190818,34.9158683275237],[-85.271959178541,34.9583222651625],[-85.2857014719085,34.9691439372786],[-85.3033124867095,34.9841599850572],[-85.337367760166,35.010964941712],[-85.3575666946381,35.0353692156762],[-85.3706729744962,35.0903132028764],[-85.4184486098508,35.1036921978154],[-85.4426390825238,35.0830916527549],[-85.4741239804066,35.0583318156375],[-85.4831553826601,35.0280134987546],[-85.5292993118444,34.999996092863],[-85.5739562839934,34.9383484771561],[-85.6168324161603,34.9045737827848],[-85.6513833422613,34.8613434202487],[-85.6878598547845,34.8301834625971],[-85.7178446371098,34.8140444773436],[-85.7587732495885,34.7790640289572],[-85.7887580310155,34.7629150339089],[-85.8155320377843,34.7480062962587],[-85.8516401009038,34.7407725884449],[-85.8961567112897,34.7130122693579],[-85.9704431748827,34.6759725892079],[-86.0043536992041,34.6669215765536],[-86.0302504445042,34.6447534215233],[-86.0646039864827,34.6536372708147],[-86.0850266230201,34.7026959836748],[-86.0754250007671,34.7522716157222],[-86.0427601864198,34.7652914622298],[-86.0091523170939,34.8333212312675],[-86.0417557226084,34.9157478360306],[-86.0926544076421,35.0279883557789],[-86.1447330073436,35.0288575714714],[-86.1919296506499,34.9698861780085],[-86.2197739156381,34.9544199308169],[-86.2468988259164,34.9472043454849],[-86.2873405586976,34.9220490942903],[-86.3688074036802,34.9057626610242],[-86.3894581278582,34.8894891876664],[-86.4297507268275,34.8477933840128],[-86.472504042227,34.836406677035],[-86.5067084494954,34.8071821104375],[-86.5657481158931,34.8188285286706],[-86.5844030718689,34.8635640524656],[-86.632998946333,34.9952225850019],[-86.6241912452466,35.0281607630233],[-86.6149054374098,35.0354661853488],[-86.6418812138762,35.0461807021449],[-86.6423373900556,35.0646472388373],[-86.6241912452466,35.0934733268484],[-86.6600931530933,35.1607382067268],[-86.7051317331683,35.1785997977],[-86.7318136275862,35.1898332172293],[-86.7589385378645,35.1970273826555],[-86.8114294508068,35.2117076681216],[-86.8637229805248,35.1984431989415],[-86.8845272258865,35.1896862448133],[-86.9145120073135,35.1817331941064],[-86.9819119715653,35.1533489623907],[-87.010466817418,35.1457725421206],[-87.0406709144368,35.1373201900178],[-87.0843409677703,35.1460253995167],[-87.13605550544,35.1678058638255],[-87.1674658359677,35.1761385266885],[-87.2519592309067,35.2117076681216],[-87.2979277083363,35.2045148029665],[-87.3247017151051,35.1970273826555],[-87.3678190943331,35.185592412014],[-87.4147086952718,35.1604620863208],[-87.4578304609733,35.1237637484983],[-87.5788091413826,35.1217438997981],[-87.6121626060233,35.1310803460719],[-87.6392875163017,35.1382797102044],[-87.6917784292439,35.1529706069341],[-87.792001114602,35.1457725421206],[-87.8187751213708,35.1382797102044],[-87.8899955567456,35.1240794570136],[-87.9419557270517,35.1021832228194],[-87.9895427512309,35.1013901472847],[-88.0336251178051,35.1021258058685],[-88.0518896920096,35.0877667100191],[-88.0703034009243,35.0647854623266],[-88.0974283112026,35.0575796051913],[-88.1152191651303,35.0500786633317],[-88.1523316920612,35.0426704023342],[-88.2384304752275,35.0063501568238],[-88.2877764070213,34.9984582524178],[-88.3397979861601,34.9765049483125],[-88.4281206251691,34.947953975891],[-88.4523549607808,34.9288677183376],[-88.5137456871603,34.8764619699699],[-88.5475377820863,34.8582841036598],[-88.5728467623909,34.8366694924146],[-88.6265088188504,34.8223754261211],[-88.6455804736422,34.8073297714574],[-88.7061290285445,34.7555709158248],[-88.7261612842089,34.755235765975],[-88.7566197868111,34.7557456972656],[-88.7981142328159,34.7333904541282],[-88.8069219339023,34.7258598537632],[-88.8528333889726,34.7034550551892],[-88.8817786165965,34.6786833720482],[-88.9513585746507,34.6293216952052],[-88.9894009980378,34.6141325722236],[-89.0319788616826,34.5776536127584],[-89.0727934312393,34.5613479043833],[-89.1509003659552,34.4835606333767],[-89.1897235519867,34.4731742286881],[-89.2293055691932,34.430155875708],[-89.256079575962,34.3929520251074],[-89.286064357389,34.3849217691954],[-89.3999854731759,34.2818356294578],[-89.4571127107754,34.1948073751877],[-89.4883081130833,34.1822878551069],[-89.507936828454,34.1247024585643],[-89.5349126049205,34.0813364324608],[-89.5569230837912,34.0437545603593],[-89.579407283837,34.0075832016663],[-89.5884562310863,33.9768108790451],[-89.60677782765,33.9473064139281],[-89.6330517944025,33.9023697712947],[-89.6604969055706,33.8949772409449],[-89.6803142321167,33.8033904086052],[-89.7048775406669,33.7837791006234],[-89.7143958226178,33.7606534948205],[-89.7289978324582,33.6860621587288],[-89.7502319351581,33.6344202876941],[-89.759136135069,33.5586228361903],[-89.7707686155158,33.5398001675262],[-89.7675753858534,33.4092156168513],[-89.7875023697463,33.3769187681026],[-89.7858048700663,33.3075585094164],[-89.7893226861936,33.1634383621946],[-89.7687333699502,33.0961610775336],[-89.7661454502791,32.989859098695],[-89.7771024407514,32.9802947920182],[-89.7887173762023,32.9709300024836],[-89.8050826810292,32.9173476406679],[-89.7950687464338,32.8597941770797],[-89.7844802053652,32.7597571136953],[-89.7534120062982,32.6694335171681],[-89.7499643710524,32.5270804208559],[-89.751797846022,32.4513081867674],[-89.7496924195749,32.364091283352],[-89.7506749519169,32.3233387460406],[-89.7378537820586,32.3010017454879],[-89.7011930448335,32.2909463523769],[-89.7187338787529,32.2621514302753],[-89.7054126697766,32.2159332631976],[-89.6962277472377,32.1855925419754],[-89.7055661909603,32.1624938552815],[-89.6872709123394,32.1172299663224],[-89.6767481665772,32.0169805359155],[-89.6182129248727,31.9146182167949],[-89.5573266231865,31.897845276188],[-89.5084500260944,31.8777133394874],[-89.493488338899,31.77825174412],[-89.5169594577604,31.7590801731118],[-89.5162313310018,31.7288137515775],[-89.5283243741015,31.7088501839322],[-89.5139723842692,31.5714645204749],[-89.4731095653003,31.5478618840248],[-89.4359180845407,31.537013508293],[-89.4023716231494,31.5277341927594],[-89.3674303170737,31.4475467762295],[-89.3281202504464,31.4220974732991],[-89.282458814486,31.4067272396609],[-89.2409029596484,31.3698018186649],[-89.2032070541956,31.3532225020906],[-89.1453385313152,31.3435747030665],[-89.0950977921585,31.2989039847632],[-89.0492872214879,31.2612856950537],[-89.0316762066869,31.2456191683529],[-89.0035994675847,31.2298769026603],[-88.9790054555164,31.2079871396433],[-88.9214088832153,31.1714641670655],[-88.8907573829642,31.1205407755344],[-88.8789626083866,31.0688104532615],[-88.8675494426333,31.0402391942618],[-88.8706768778876,30.9087917003936],[-88.8609963027042,30.8916723962646],[-88.8518376981083,30.8764079090985],[-88.8430299970218,30.8531206484158],[-88.8062508286047,30.8139958670859],[-88.7718446516387,30.753071793087],[-88.7442328607645,30.7302692830276],[-88.7438819563566,30.7155410111917],[-88.7531326742018,30.68291286035],[-88.7799724753787,30.660735189638],[-88.7709235281295,30.588634415802],[-88.7445004257685,30.4775096969693],[-88.7352321629275,30.4202846041592],[-88.7189896757663,30.3381309258404],[-88.7164719360785,30.2315165998412],[-88.7260735583315,30.172082816968],[-88.7613877002845,30.1270286887587],[-88.7791610083179,30.0821134039436],[-88.782284057997,29.9496547876394],[-88.770984936064,29.89224571414],[-88.7715332236959,29.868817901668],[-88.7701910148973,29.811750453535],[-88.7886792911671,29.7131726336881],[-88.8140935423449,29.6806049425831],[-88.8182956231905,29.5016348984166],[-88.800052979557,29.4396756624901],[-88.8227301772518,29.2375791728461],[-88.8434028328991,29.2202448801915],[-88.8405605076445,29.0985774502028],[-88.8439511214293,28.9532623903861],[-88.8411394996929,28.8326112246272],[-88.8604743330151,28.780402930219],[-88.8880159421094,28.7572047359649],[-88.8782169366322,28.6562392723078],[-88.8877703094731,28.6304071195296],[-88.9052541210332,28.5855548268264],[-88.9148952197514,28.5359052278204],[-88.9238038052375,28.4798534973246],[-88.9509111714184,28.4335889909875],[-88.9329624107318,28.3255269969694],[-88.9610040589441,28.2646564759166],[-88.977601837885,28.2196005975035],[-89.0050820390447,28.163615564926],[-89.004314435821,28.1303543603401],[-89.0315007549322,28.0453192970625],[-89.0497126932509,28.0056801009205],[-88.995147058278,27.9978376514048],[-88.9695134906101,27.9742778269217],[-88.932686073679,27.9736134681729],[-88.9148952197514,27.9899655827229],[-88.847433847565,27.993852306825],[-88.847433847565,27.9859199093342],[-88.9013327646122,27.9859199093342],[-88.9103159174534,27.9859199093342],[-88.9103159174534,27.9779869282166],[-88.9103159174534,27.9700533635816],[-88.9192990702946,27.9700533635816],[-88.9192990702946,27.9621192155383],[-88.982181140183,27.9621192155383],[-88.982181140183,27.9700533635816],[-88.9911642930242,27.9700533635816],[-88.9911642930242,27.9779869282166],[-88.9911642930242,27.9859199093342],[-89.0001474458654,27.9859199093342],[-89.0001474458654,27.993852306825],[-89.027096904389,27.993852306825],[-89.027096904389,27.9859199093342],[-89.0360800572302,27.9859199093342],[-89.0360800572302,27.9779869282166],[-89.0480809879789,27.972718610531],[-89.1049275020521,27.9673880507923],[-89.1079452799597,27.9621192155383],[-89.1423207534076,27.9437053287995],[-89.2470964231209,27.9549303277544],[-89.2201469645973,28.0136013630537],[-89.2103172547037,28.0757217107917],[-89.1842143532325,28.1324953781854],[-89.1736082671681,28.1899290702035],[-89.1560016388406,28.204837375131],[-89.1586378079239,28.3185767615808],[-89.1568745129376,28.3945470977999],[-89.125547522712,28.4210196123924],[-89.1394784272548,28.4568086149313],[-89.1389301387245,28.4805686895732],[-89.1394915857771,28.5047744081605],[-89.1213322833441,28.5357472365954],[-89.1125245822577,28.5595781497601],[-89.1033659776617,28.5751992088611],[-89.0945582765753,28.6072180154786],[-89.1304908879401,28.6225220513403],[-89.155497213249,28.6559929335624],[-89.1784814524129,28.6350000524899],[-89.2031500318363,28.6796214962786],[-89.1920965434379,28.7649816173194],[-89.1528610441657,28.764279895519],[-89.1387590734433,28.7645336698024],[-89.1127044213843,28.788299174806],[-89.0866892457905,28.810202932558],[-89.0765919708929,28.8825734430247],[-89.0584502134558,28.8902814402903],[-89.0496425123693,28.9151086675813],[-89.0677886571783,28.9614947497411],[-89.0670298260033,28.9940493294791],[-89.0231404570781,29.0309256119901],[-89.0043758437555,29.055945344477],[-89.005261877273,29.0938286443181],[-88.9955681435674,29.1102722231291],[-88.98067225078,29.1636396835777],[-89.0172540359731,29.225634768234],[-89.0014589511459,29.3064184330415],[-89.0142494165878,29.3389977358258],[-89.045431659475,29.3651083492367],[-89.0200217938725,29.3863795647102],[-88.9957435953222,29.4326983432747],[-89.0945582765753,29.4706657416467],[-89.1033659776617,29.4800193404378],[-89.0538665246842,29.521409960651],[-89.0379223051468,29.5358499374695],[-88.9860542471917,29.5967110242852],[-88.9869885301215,29.6365365149977],[-89.0864523852029,29.6503844246548],[-89.1471851657054,29.623191924012],[-89.238468561161,29.6038448487036],[-89.28893738706,29.5812364625809],[-89.4093765527843,29.5698569307594],[-89.456858305192,29.5557213322685],[-89.4961595988722,29.5381053415804],[-89.5076078555155,29.517579691239],[-89.5257496129527,29.5099187167079],[-89.5345573140391,29.4941254324413],[-89.5526990714763,29.4864626831992],[-89.5615067725627,29.4706657416467],[-89.5796485299998,29.4630012185673],[-89.5984789377304,29.4459382241372],[-89.6872709123394,29.4475176503508],[-89.709206823855,29.4276364781371],[-89.7232035237042,29.4592833153521],[-89.6826740641473,29.4764013430515],[-89.5723935812551,29.4951409798917],[-89.5529534770597,29.5645214994765],[-89.5345573140391,29.5722851556696],[-89.4988001544291,29.5958776634803],[-89.4626920913095,29.6035321232859],[-89.4359180845407,29.6114987038133],[-89.4087931742624,29.6191519778689],[-89.3820191674936,29.6271173239996],[-89.3548942572152,29.6347694119202],[-89.3416870920591,29.6467153423196],[-89.3170974655661,29.6672452317694],[-89.2823667021351,29.68188536937],[-89.265238180558,29.6973711444828],[-89.2194276098874,29.7289183100065],[-89.1292451770676,29.7442045084938],[-89.1664278857784,29.7752210717947],[-89.1661515487257,29.7869904206594],[-89.1671340810676,29.8287458767084],[-89.1572122588231,29.8454568733861],[-89.1754066521461,29.8687399270565],[-89.1892278993422,29.9178863908076],[-89.1516153332932,29.9608392573251],[-89.008345450487,29.97095854113],[-88.9957435953222,29.9934562882391],[-88.977601837885,30.0010803921688],[-88.9687941367986,30.0479024034594],[-88.9322035795568,30.0896396031058],[-88.9341379407227,30.1716163939633],[-88.923259904079,30.3095849129303],[-88.873431478163,30.3235437577572],[-88.8574433956869,30.4082764391092],[-88.8756948113691,30.5159244929613],[-88.8886651150393,30.5376139836577],[-88.9104957556817,30.5556763615274],[-88.9322649883896,30.5751874316385],[-89.0306322664104,30.588974247908],[-89.0674333662969,30.6448283435235],[-89.1044406223546,30.6842651994498],[-89.1031642070658,30.7381453073329],[-89.0853996719793,30.7528135826014],[-89.0765919708929,30.7987077127572],[-89.2023561106696,30.8068380893083],[-89.2111638117561,30.8301365835073],[-89.2293055691932,30.8531206484158],[-89.2481579083932,30.8777989413166],[-89.2469955378229,30.9265833486559],[-89.2755416116268,30.9384633006457],[-89.3020699848609,30.9621435506622],[-89.3233611099201,30.9997659517408],[-89.3662416285605,31.0481949918676],[-89.4112714365867,31.1070179268678],[-89.4718506959055,31.1687863501245],[-89.526297901483,31.2316115871602],[-89.5829952808459,31.2781773572985],[-89.6155811413646,31.2916888842719],[-89.6603214538158,31.3225431547264],[-89.678463211253,31.3300631242485],[-89.6872709123394,31.3532337399177],[-89.7284758618708,31.3646521127243],[-89.7677596105552,31.3995578456462],[-89.8125744894632,31.4363012815483],[-89.8220182049573,31.4529089607879],[-89.8403529600434,31.4832670557783],[-89.8397037871135,31.5102890519795],[-89.8409714294553,31.5631977368075],[-89.8757636008208,31.6497626335481],[-89.8849002748457,31.7054544015044],[-89.9205126853207,31.8532664243342],[-89.9298160390517,31.942069419446],[-89.9440978480024,31.9893508325883],[-89.9625203298642,32.0196805691123],[-89.9477779582605,32.0561994361726],[-89.9480674547339,32.0683103014478],[-89.9783329596872,32.1061380579987],[-90.0198230192184,32.1399000033336],[-90.0286307203048,32.1704731525133],[-90.0823673441195,32.2825511722576],[-90.0915127901932,32.330015978218],[-90.1094922543979,32.3446122523917],[-90.1228617127865,32.3794173707898],[-90.1366040061539,32.390568550553],[-90.1454117072404,32.4058901469898],[-90.1545703118363,32.413322240381],[-90.1636982129142,32.4291971696933],[-90.1815197703599,32.4436515704722],[-90.1903274714464,32.5877280021202],[-90.208473615357,32.6405525418821],[-90.2079253268267,32.6633094836494],[-90.2088771556507,32.7025886872761],[-90.2349581256525,32.7451820668089],[-90.2442263884935,32.7691977120393],[-90.2624120088694,32.791755929301],[-90.2470292372829,32.8295300614007],[-90.2623681459307,32.86718866029],[-90.2711758470171,32.8975154300605],[-90.2803344516131,32.9124484612702],[-90.2891421526995,32.9585721120856],[-90.2711758470171,32.9878300585463],[-90.2620347865186,33.0974177990685],[-90.2352432356523,33.1083067952692],[-90.2240362260702,33.1180739602713],[-90.2354186874071,33.1459219583627],[-90.2448229255377,33.178201569303],[-90.2623681459307,33.2211039165893],[-90.2711758470171,33.3605771705503],[-90.2442263884935,33.3937773235974],[-90.2354186874071,33.4763892896987],[-90.2172769299699,33.4987153056833],[-90.2084692288835,33.618638602691],[-90.1653650090761,33.6273899243056],[-90.1545703118363,33.7008863540824],[-90.1454117072404,33.7231543332064],[-90.1366040061539,33.7457156124872],[-90.097741342759,33.7989855458958],[-90.0827050891068,33.8502261096116],[-90.0730069689276,33.8816596036294],[-90.0555801788284,33.909739818989],[-90.0405219928086,33.9482379073184],[-89.9939701368571,33.9735517024666],[-89.9838904078536,33.9993052465357],[-89.9662092121711,34.027757451967],[-89.9550899284663,34.0561583297494],[-89.9118497333693,34.1033563671613],[-89.9030420322829,34.1332531839],[-89.8938834276869,34.1479743798708],[-89.8850757266005,34.1778554166704],[-89.8572095301429,34.2082355368198],[-89.8398222174072,34.2378649696708],[-89.7860855935926,34.2594163291175],[-89.7772778925061,34.2818356294578],[-89.7545963092361,34.309480885087],[-89.7323621283002,34.3560285607756],[-89.714220370863,34.3781252223875],[-89.7054126697766,34.4079245748815],[-89.6581853229522,34.4561843827641],[-89.6166777175269,34.4786179874337],[-89.6049224203128,34.5084773065381],[-89.4544940866879,34.659236998693],[-89.4079729351528,34.6819495399334],[-89.3825323651339,34.7037182942927],[-89.3548942572152,34.7110922616099],[-89.3451303417296,34.7276353203374],[-89.3026445904358,34.7611727567637],[-89.2329856794514,34.8283273880881],[-89.2021806589149,34.8365326850387],[-89.1351140540751,34.8938065502408],[-89.1116867981523,34.9031276816376],[-89.0867462672515,34.9244155379146],[-89.0765919708929,34.9840126415607],[-89.0449710977204,35.0181497646082],[-88.9955681435674,35.0280134987546],[-88.9508234446427,35.0428750996221],[-88.9241503240701,35.0424279974718],[-88.8789626083866,35.072285053154],[-88.8601585185989,35.079751649173],[-88.8006758354424,35.1304005525906],[-88.7709893225375,35.1382797102044],[-88.7262490100863,35.1604620863208],[-88.678104925328,35.1838232532138],[-88.6007173444236,35.2602473134522],[-88.5464105015076,35.2777361021547],[-88.4738039925989,35.303376034402],[-88.4298049663269,35.3218719118712],[-88.4096805983116,35.3298380627204],[-88.3678747252624,35.3653272779196],[-88.3295559639242,35.3858133681281],[-88.2948822219542,35.3949871472195],[-88.2620200234844,35.4131421082162],[-88.2231924509794,35.4023096875363],[-88.196067540701,35.3951337473389],[-88.1692935339322,35.3803400716363],[-88.1409360713036,35.3731621765415],[-88.0884451583614,35.3878105553315],[-88.0420512091689,35.3951945329082],[-87.9904682612136,35.4389481486331],[-87.9355561083064,35.4462309610626],[-87.8908157958551,35.4610125431234],[-87.861572299709,35.4687416898134],[-87.7921721807815,35.4675878126759],[-87.7740348089196,35.482960164205],[-87.7191226560123,35.4902389927244],[-87.6931864333489,35.5122143387482],[-87.5402973832938,35.5193798440392],[-87.5135014450556,35.5341622550096],[-87.365095198474,35.5204437258911],[-87.3158940140187,35.5341479774323],[-87.1180891997576,35.5413115245407],[-87.0913151929888,35.5487670727156],[-87.0453467155592,35.5559293140833],[-87.010466817418,35.5413115245407],[-86.9285657286237,35.5341479774323],[-86.8936858304825,35.5487670727156],[-86.7938184360057,35.5559293140833],[-86.7589385378645,35.5413115245407],[-86.632998946333,35.5341479774323],[-86.6062249395642,35.5193798440392],[-86.5341842650799,35.5122143387482],[-86.5163934111523,35.5047553935936],[-86.4571432021098,35.4953387798035],[-86.4265618827403,35.5122143387482],[-86.3814706667796,35.5193798440392],[-86.3546966600108,35.5341479774323],[-86.3365549025736,35.5413115245407],[-86.2918145901224,35.5706907187163],[-86.2504605058808,35.5924621267748],[-86.184016756028,35.5705444384492],[-86.1568918457497,35.5633835030502],[-86.1458032664614,35.4987491712346],[-86.1299423872261,35.4610125431234],[-86.1211346861397,35.4315931975904],[-86.0876584056299,35.3956361195667],[-86.0580771644966,35.3878105553315],[-86.0451682687609,35.36611956542],[-85.958639627358,35.3585111384464],[-85.9240053627515,35.4167079089644],[-85.9058416729466,35.4309302181017],[-85.7257005093723,35.4389124120052],[-85.6792758557634,35.4618467624566],[-85.6545239360379,35.4828244387753],[-85.6263726304788,35.4902639919682],[-85.6046955101219,35.5086313459029],[-85.5896460979474,35.520399099637],[-85.508486294434,35.5190513942334],[-85.4587806852853,35.4769326668442],[-85.44739822305,35.4389124120052],[-85.4202733127717,35.4097781362818],[-85.4036974653001,35.3819297082575],[-85.3548822761425,35.4089040522202],[-85.3217261956242,35.4501097359553],[-85.2810125122638,35.4990205680728],[-85.2155030453409,35.5163273525859],[-85.1355889526999,35.5839993420943],[-85.0604208420629,35.5924621267748],[-85.0387568811266,35.5741246657886],[-85.0249180889347,35.5633103559143],[-85.0430642328454,35.5491275196262],[-85.0519640462827,35.5153276807406],[-85.0165928819705,35.4728426403538],[-84.9928191081135,35.4610125431234],[-84.9263753582607,35.482960164205],[-84.8992504479824,35.4901282796044],[-84.8719632435732,35.4977314252909],[-84.8454392568126,35.497292183677],[-84.8264641008453,35.4976064384173],[-84.7916280656428,35.5122143387482],[-84.7618538268605,35.5200795798761],[-84.6721670466852,35.5185890635704],[-84.6209481616601,35.468182615501],[-84.5938232513817,35.4610125431234],[-84.5850155502953,35.4169527729242],[-84.5668737928581,35.4097781362818],[-84.5580660917717,35.3949871472195],[-84.5489074871758,35.3878105553315],[-84.5311166332481,35.3656903365154],[-84.5036364320884,35.3585111384464],[-84.4862008690422,35.3878105553315],[-84.469098665408,35.4012084880595],[-84.4592514105186,35.3437107482403],[-84.4341617458058,35.3337814828046],[-84.4159673515846,35.2273760152295],[-84.3961938888754,35.2118546006939],[-84.3870659877976,35.1964879314466],[-84.3639150698259,35.1783058112347],[-84.3175430521027,35.1660058389962],[-84.2509720990092,35.1329959341409],[-84.2346725894887,35.1604620863208],[-84.2209302961212,35.1712569950194],[-84.2077231309651,35.1824914293405],[-84.1716150678456,35.1896862448133],[-84.1628073667591,35.2118546006939],[-84.1532890848082,35.2345811854451],[-84.1229095360347,35.2584171016441],[-84.0976312592482,35.3523956181909],[-84.0723310518907,35.403249984601],[-84.0499740541874,35.4207561074526],[-84.0100937684588,35.4096315627909],[-83.9579055105122,35.4013264745157],[-83.9271969888002,35.3631381634752],[-83.8972999332506,35.3128669973267],[-83.9202622400469,35.2852160750623],[-83.929605070243,35.207206377961],[-83.9566115502275,35.1746506139146],[-84.0100937684588,35.1604620863208],[-84.0189014695452,35.1529706069341],[-84.0309155588163,35.1435326552855],[-84.1089084497119,35.1310803460719],[-84.1180363507898,35.1156984063269],[-84.1358579082355,35.1016880003797],[-84.144665609322,35.0868406935046],[-84.1615177929479,35.0735899616175],[-84.1716457713637,35.005710640645],[-84.2252113298971,34.9844223278789],[-84.2344971377339,34.9765049483125],[-84.2503887204873,34.9639911952235],[-84.2975546593771,34.954567327549],[-84.3380446415705,34.9374711074831],[-84.2973792076223,34.8882766874017],[-84.2844439939437,34.8664108373831],[-84.1895813735279,34.8587969971417],[-84.1658646220302,34.8487707029115],[-84.0817835394336,34.8293067380835],[-84.0533909859151,34.8172998956973],[-83.933267634607,34.8071821104375],[-83.8819873416473,34.863961744652],[-83.8194166997017,34.8888667488612],[-83.7254839757421,34.9076475639515],[-83.707184311546,34.9232646925307],[-83.695683419017,34.9619296482507],[-83.6776513189265,35.0050962694898],[-83.6687339604934,35.072285053154],[-83.6549302582931,35.0831401096422],[-83.6727123392736,35.1541522905905],[-83.6506930874559,35.1890947661568],[-83.6383631837686,35.2612304528766],[-83.5966932860091,35.2777361021547],[-83.5698315533629,35.2890309893501],[-83.5293064802795,35.2719886925008],[-83.4890709036695,35.2036510427665],[-83.5070372093519,35.1751489781857],[-83.5158449104383,35.1560260948573],[-83.4868777513449,35.0976220375588],[-83.4663454574608,35.0650062588455],[-83.4531382923047,35.0427242705557],[-83.4256010687857,35.0130072918989],[-83.3985244079195,35.0134599435281],[-83.3732417455579,35.0350046775241],[-83.3451650064556,35.0500786633317],[-83.3183909996868,35.0649326603173],[-83.2751815081079,35.0820902042183],[-83.2644920826396,35.1090370808495],[-83.2249583148453,35.1567361567386],[-83.1565187967905,35.1676588515766],[-83.0708849618523,35.2301528226609],[-83.0575505943536,35.2414901670562],[-82.9973617159079,35.2574393012288],[-82.9504019340875,35.3364455081961],[-82.9224436252791,35.3438467074471],[-82.8952923961595,35.3668921727225],[-82.8586667489261,35.3803400716363],[-82.8022807966075,35.3566545302578],[-82.7861216488501,35.3160310003613],[-82.8057284327516,35.3006572225047],[-82.8272608039735,35.2738508264146],[-82.8916166723749,35.2233539550284],[-82.904990517237,35.1896862448133],[-82.9383702989223,35.1764504473766],[-82.949906281443,35.108889962433],[-82.9636485748105,35.0760345897782],[-82.9900585177508,35.0094003634621],[-83.0134638422042,34.990978834683],[-83.0375534295792,34.9502927080786],[-83.0488876424022,34.8647301302381],[-83.1113881034663,34.8154435308443],[-83.0119900436912,34.7142850391192],[-82.9858388928078,34.7038553227482],[-82.959064886039,34.6889359289204],[-82.9319399757606,34.6816970521801],[-82.8378230270992,34.6384219247177],[-82.8061758359839,34.629971357858],[-82.7553122418401,34.608408857631],[-82.7253274604131,34.6003993280943],[-82.6805871479619,34.5706686816784],[-82.6394962422508,34.5560215351051],[-82.5997387723912,34.5782133931729],[-82.581597014954,34.5854613058647],[-82.5727893138676,34.6003993280943],[-82.5447871421204,34.6076453055518],[-82.4942612938622,34.5862196453644],[-82.3749844996065,34.5782133931729],[-82.3482104928377,34.5632713824608],[-82.3274281798437,34.5549666967074],[-82.2698140616484,34.5055657752525],[-82.2187969472192,34.4743946310453],[-82.1928168625154,34.4083733121016],[-82.1097577887259,34.4005128279323],[-82.0965944874068,34.4228980636537],[-82.087699060443,34.4077762018543],[-82.0246415387999,34.4005128279323],[-82.0158338377135,34.3855389519611],[-81.9976920802763,34.3782736479854],[-81.9885641791984,34.3627508635786],[-81.9707426217527,34.3486122192889],[-81.9619349206663,34.3336290636733],[-81.9527763160703,34.3263592585056],[-81.9395691509142,34.3150077580124],[-81.9258268575468,34.3041003946304],[-81.9166989564689,34.2885638776169],[-81.8988773990232,34.2744127299782],[-81.8900696979367,34.2594163291175],[-81.8719279404996,34.2521400992072],[-81.8601507109178,34.2320791728667],[-81.8356400382534,34.2224340852329],[-81.8182044752072,34.2521400992072],[-81.7547390267969,34.2594634571847],[-81.7373560996364,34.2744127299782],[-81.7281974950405,34.2816870331515],[-81.7193020680766,34.3043286647432],[-81.7104066411128,34.2816870331515],[-81.6653154251521,34.2744127299782],[-81.6459630468341,34.2338579258335],[-81.6480597003342,34.1488292555817],[-81.6263387179368,34.1139265875409],[-81.5925115330192,34.0726006108478],[-81.5601800780839,34.017383709411],[-81.5439902259102,33.9075046630791],[-81.521584979693,33.8800628042865],[-81.5127772786065,33.8575369186719],[-81.4676860626458,33.8502261096116],[-81.4588783615594,33.827692352833],[-81.4491933999024,33.8203789901669],[-81.4147784499894,33.8501313965661],[-81.3509050757103,33.8575369186719],[-81.3420973746238,33.8726046081834],[-81.2998616433382,33.8799135013233],[-81.2881984575767,33.8500767544627],[-81.2603892834784,33.8196319495024],[-81.0916261947675,33.8224925321733],[-81.0815859422292,33.8053020891633],[-81.0570445651484,33.7954079092625],[-81.0363499780318,33.7599551627508],[-81.018528420586,33.7457156124872],[-81.0097207194996,33.7306255642093],[-80.9239816136882,33.7233039098953],[-80.9109060382465,33.7457156124872],[-80.8645822699355,33.7530353543752],[-80.809556073208,33.7373739197002],[-80.7512445326705,33.7383642413722],[-80.7312429814226,33.7645717051126],[-80.7583810511215,33.7755140312174],[-80.740050682509,33.7829059653387],[-80.7312429814226,33.7979868120105],[-80.7173690983407,33.8053020891633],[-80.704293522899,33.7829059653387],[-80.6681854597794,33.7755887743159],[-80.6590575587015,33.7599551627508],[-80.6373979842387,33.7426518576379],[-80.5441626826214,33.6811603423757],[-80.5064887086379,33.6709871779462],[-80.4892110523506,33.6560227367791],[-80.4605465491512,33.6482784658846],[-80.4347989376631,33.6259691734263],[-80.4159948478754,33.6183719585612],[-80.3943791363513,33.5996335603788],[-80.3539505620924,33.6111576367618],[-80.292217704252,33.6236900793018],[-80.2819976134854,33.6412309753939],[-80.2731021865216,33.6259691734263],[-80.2364809257617,33.6160725728782],[-80.201236963792,33.6261189192534],[-80.0596908986087,33.633448853553],[-80.0395402126505,33.5709180490703],[-80.094478684399,33.5560623309309],[-80.0930750667676,33.4987902886635],[-80.0938031935261,33.4690368702231],[-80.08232861894,33.4598395226088],[-80.0303816080546,33.4314198302324],[-80.0036076012857,33.4162747197558],[-79.958516385325,33.4089263572974],[-79.9317423785562,33.4012771029551],[-79.9017575971292,33.3931529227818],[-79.8360024975699,33.3648652594418],[-79.7373062466106,33.3559096726669],[-79.6867847839276,33.3273020429421],[-79.6342456215732,33.31889422326],[-79.5836759103763,33.3628632006784],[-79.5665868652644,33.4213947727883],[-79.4860718491057,33.4859360758073],[-79.4145443722617,33.4987153056833],[-79.3747825159286,33.4762356253076],[-79.3653256428105,33.47639660658],[-79.3478374438785,33.5213354209599],[-79.3207125336001,33.5286742589997],[-79.3067860146325,33.5407543769183],[-79.2939385268313,33.5737430691068],[-79.2833806910775,33.599447233184],[-79.2406142162573,33.5810975550031],[-79.009350665584,33.5732350839089],[-78.977734178885,33.5737741329201],[-78.9185541507241,33.6250798224386],[-78.8895211972228,33.6409278841721],[-78.862747190454,33.6560336904136],[-78.8356222801756,33.663361078274],[-78.8026899008243,33.6774792341868],[-78.7908819677244,33.6519608237771],[-78.817831426248,33.6410776039935],[-78.8266391273344,33.6184888438632],[-78.8404735330528,33.5961188578354],[-78.8237924147081,33.5691436841366],[-78.7546817922539,33.555104635085],[-78.7102134312803,33.5360124734886],[-78.6678768137983,33.5188890029748],[-78.643208234375,33.4764899029442],[-78.6651178279477,33.4314198302324],[-78.6739255290341,33.4009310578801],[-78.6153288793951,33.3688527540713],[-78.5661276949398,33.3489152845223],[-78.5483368410121,33.3412607503395],[-78.520334669265,33.3339060471444],[-78.4854547711238,33.3489152845223],[-78.4673130136866,33.3562687201411],[-78.4344552016904,33.3748675368044],[-78.3426103591822,33.3873536575503],[-78.3327411728234,33.3787758233301],[-78.2966331097039,33.3714242896118],[-78.287663115385,33.3483381948986],[-78.2630076944839,33.3285499517634],[-78.1786195704181,33.31889422326],[-78.1261286574759,33.3339060471444],[-78.0990037471976,33.3412607503395],[-78.0632465875876,33.3639219348095],[-78.0451048301504,33.3712741025661],[-78.0273139762228,33.3939274717792],[-77.9916445433885,33.4378530484709],[-77.8395757315446,33.4467233354375],[-77.7754084743186,33.4283943137426],[-77.7097674185796,33.3841617910256],[-77.6949373210986,33.3712741025661],[-77.6668956728862,33.3639219348095],[-77.6690625072679,33.4526119581514],[-77.6468327137038,33.4886084024628],[-77.5554528194237,33.4992456745777],[-77.5219107445059,33.4986750705761],[-77.4335968775456,33.4835910917139],[-77.4118802807235,33.483960586332],[-77.3973967011769,33.4837136468859],[-77.3536696254841,33.4649240732307],[-77.2995031443312,33.4539074750172],[-77.2467315078627,33.438837663546],[-77.1461491451497,33.4313722424452],[-77.0948776251371,33.4093272929688],[-77.0144722663251,33.3514196256066],[-77.0471546256682,33.3381734627663],[-77.0569580176189,33.2962213225165],[-77.0751173200519,33.2667524094456],[-77.0747400985995,33.2513823862721],[-77.0968733933392,33.2240724256947],[-77.1455350622113,33.2137390831253],[-77.1557726988721,33.2663324793783],[-77.1652997528717,33.2817970437063],[-77.2215277984314,33.3046001677878],[-77.2736502619699,33.3037111794432],[-77.3130041915359,33.286767345548],[-77.3264526028548,33.2275893736083],[-77.29051999149,33.1987065883155],[-77.2792252560305,33.179229504431],[-77.2276379216017,33.1535936189803],[-77.205267765376,33.1422364576424]],[[-82.172951286557,33.1347143983812],[-82.1689553627809,33.1388923793826],[-82.1666481657378,33.1544419043267],[-82.1439446509985,33.2038687945314],[-82.1647138054702,33.2646930824575],[-82.2182486595872,33.2733518314617],[-82.2466148942646,33.2437302940364],[-82.2038966688567,33.199047930502],[-82.1959048213045,33.1784787462472],[-82.2261571677355,33.167809573119],[-82.2218366565962,33.1387105726376],[-82.172951286557,33.1347143983812]],[[-78.4629091631434,33.0293379121322],[-78.4586719923062,33.0333149753213],[-78.4491800282982,33.0404228613288],[-78.4364641293131,33.0523520112866],[-78.4029001229259,33.0774863584502],[-78.359857311053,33.1291073271727],[-78.3749286555952,33.1595112462133],[-78.4040142449823,33.1727404641958],[-78.4641153966524,33.1844442518144],[-78.5196153154534,33.2011106395245],[-78.5702113445932,33.1880362081276],[-78.6737588493281,33.1105755484646],[-78.6607666132902,33.0722799565585],[-78.6241014895916,33.0448222570406],[-78.6038104418703,33.0257835936973],[-78.5479947095513,33.032892087224],[-78.5064256961914,33.0453958346273],[-78.4629091631434,33.0293379121322]],[[-80.8344615132189,33.1572786418522],[-80.8261889421405,33.1748900688396],[-80.8473572504323,33.1656120618369],[-80.8344615132189,33.1572786418522]],[[-82.3256648848573,33.0895685073145],[-82.330546842151,33.099124632882],[-82.3463243819823,33.0926186433977],[-82.3256648848573,33.0895685073145]],[[-78.9479994165679,32.9162945512275],[-78.9026318626561,32.9643335769542],[-78.8899422825122,32.9881850976562],[-78.8713092580057,32.9951605043125],[-78.8472591470959,33.0403511608516],[-78.7919653853644,33.0543042005303],[-78.7704988085505,33.0970172666634],[-78.7921539965398,33.1259721327078],[-78.8090939069414,33.1381963690505],[-78.8174103409585,33.1462763602339],[-78.8318851475582,33.1567186457521],[-78.8485180164907,33.1728781429546],[-78.8687652012733,33.1874800794747],[-78.8720286118172,33.2214231549145],[-78.8275997282071,33.2534383588476],[-78.8256960714575,33.2732253121057],[-78.8515577267659,33.3037166789547],[-78.8425394830348,33.3974925049483],[-78.8546456855551,33.4250154214762],[-78.852079696455,33.4516823950591],[-78.9113211334487,33.5090368090756],[-78.9684746889911,33.5265333716911],[-79.0218735669202,33.4986476368908],[-79.0567622380085,33.4334203101796],[-79.0779217733532,33.4235693764475],[-79.1145211035421,33.4166280256361],[-79.1228375375592,33.4010738697171],[-79.1497869960828,33.381687693215],[-79.1367816015226,33.3416143611107],[-79.1079197142008,33.350358907691],[-79.0928439831851,33.3785725374777],[-79.0779217733532,33.3716275914221],[-79.0696053393361,33.3260467851947],[-79.0592273409122,33.3185753403195],[-79.0618284200039,33.2915650417411],[-79.0386073211507,33.2605724484889],[-78.9977401166065,33.220900262935],[-78.9791070921001,33.2139427526963],[-78.970790658083,33.1983523976259],[-78.9457799463005,33.1688284511339],[-78.9701239392589,33.1231509133592],[-78.9825240238277,33.1142017587345],[-78.9765542624206,33.0519292145754],[-78.9798132873893,33.0178966496054],[-78.9702511424997,32.9219188583535],[-78.9479994165679,32.9162945512275]],[[-84.7780656105036,34.8550375046426],[-84.7726090467368,34.8795889783011],[-84.7462912161474,34.9100324070062],[-84.7374703565387,34.9340532339798],[-84.6957390499463,34.9635238915537],[-84.7082487918619,35.0910561390462],[-84.7189206723344,35.1086908129329],[-84.7316277983724,35.029214953232],[-84.797172355287,35.0130521977658],[-84.8170774077105,34.9765085417966],[-84.805848466659,34.8619012833558],[-84.7780656105036,34.8550375046426]],[[-84.5624699423149,34.8845185426738],[-84.5663167322791,34.9087950311267],[-84.5745542124676,34.8897392407595],[-84.5624699423149,34.8845185426738]],[[-84.4816215667442,34.6853165692978],[-84.4786037888366,34.6902216915706],[-84.448706733287,34.7025697711646],[-84.4426711774718,34.7266854054085],[-84.5137644105041,34.7321053616374],[-84.5205719560166,34.6882524646274],[-84.4816215667442,34.6853165692978]],[[-84.5355204837913,34.5670441590362],[-84.5313622667828,34.5710172195263],[-84.5217123951175,34.5778648847538],[-84.5133959611004,34.6762918277586],[-84.5568510853157,34.6734204413473],[-84.5666281593235,34.5818121487065],[-84.5355204837913,34.5670441590362]],[[-84.1851775229847,34.5522482577961],[-84.1676673925834,34.5889279463395],[-84.1736503134111,34.622250868796],[-84.2133770788543,34.6474832673596],[-84.2609421706659,34.6184697689476],[-84.2699384829277,34.5963283784983],[-84.2336812850979,34.5560612719599],[-84.1851775229847,34.5522482577961]],[[-84.337891121285,34.4930383420322],[-84.3236751067424,34.5109351315307],[-84.316174524463,34.5464371847622],[-84.3827147731401,34.5574249549438],[-84.4037997420281,34.5539931266033],[-84.3939217827223,34.512803752579],[-84.3685908709484,34.5047542869788],[-84.3521071358277,34.4961292559615],[-84.337891121285,34.4930383420322]],[[-82.8287214439643,34.1740650701989],[-82.8348096356652,34.1836249802669],[-82.8587720197993,34.1772947678935],[-82.8287214439643,34.1740650701989]],[[-82.0561702996215,33.3751001337684],[-82.0502487876266,33.3977616619708],[-82.0543719146435,33.4405799299475],[-82.0739874705937,33.4851403978303],[-82.0924889053857,33.5127927707129],[-82.1395144825124,33.5284713242434],[-82.1591431978832,33.5034482811072],[-82.1329087075959,33.464230659796],[-82.1098937640156,33.3796768647452],[-82.0561702996215,33.3751001337684]],[[-89.0540463629125,30.8107730492712],[-89.0501337785403,30.8151278772797],[-89.0326061031432,30.8267448096102],[-89.0679728818802,30.8449885415029],[-89.0849084058083,30.8181546680734],[-89.0540463629125,30.8107730492712]],[[-89.0540463629125,27.9779869282166],[-89.0571211631794,27.9876590446293],[-89.0649989669113,27.980702335933],[-89.0540463629125,27.9779869282166]]]}}],"meta":{"source":"NWS NDFD precipitation forecast","issued":"2026-10-09T11:13:55.578648+00:00","window_end":"2026-10-10T11:13:55.578648+00:00","window_hours":24,"generated_at":"2026-10-09T11:13:55.877008+00:00","n_polygons":7}}