{"type":"FeatureCollection","features":[{"id":"0","type":"Feature","properties":{"category":1,"label":"0.10 to 0.25 inches"},"geometry":{"type":"Polygon","coordinates":[[[-97.3454964353357,25.8959429374304],[-97.3410947784784,25.9000643275066],[-97.3222884950048,25.9082711661236],[-97.2968391529371,25.9320953816958],[-97.2779495300596,25.9403374619601],[-97.3051621671137,25.9806835785531],[-97.3348530655937,26.0256354112359],[-97.349898092193,26.0535006479926],[-97.3706014522567,26.0896007190577],[-97.465268882236,26.1061961207299],[-97.4756622319697,26.1825546090909],[-97.4938083767788,26.254923470001],[-97.5065834900124,26.3135988265665],[-97.5402045187589,26.3533071454281],[-97.5705248523855,26.4092966417499],[-97.5847606056099,26.4875915472965],[-97.5834578732765,26.5446714219562],[-97.5841925792962,26.5768764616979],[-97.555074092705,26.627418752931],[-97.5205779961757,26.6570426904306],[-97.5064190039923,26.6702114254333],[-97.4938083767788,26.7860518368226],[-97.5117746824611,26.8014607726331],[-97.5406321833095,26.8621188480028],[-97.5289624182868,26.9333327019806],[-97.5115948433345,26.9937324117716],[-97.50279152962,27.0259060291606],[-97.4844940573131,27.0735145095499],[-97.4984819842153,27.1098977119056],[-97.4752915897785,27.1297303042892],[-97.475885934035,27.1556264529103],[-97.530484466212,27.2022922714702],[-97.5656692130348,27.2016524777316],[-97.5834600660641,27.2167022665554],[-97.5066339322123,27.2262389893138],[-97.4938083767788,27.249743814599],[-97.3940440603876,27.2576302925575],[-97.3633728214548,27.2860033389977],[-97.347384739877,27.2422058072298],[-97.2492499359702,27.2327250539904],[-97.2123567237328,27.1985782940755],[-97.150327790158,27.2269956516395],[-97.0144905006389,27.2167120181973],[-96.9513825358976,27.2178568583855],[-96.9278697477834,27.249743814599],[-96.8827741444509,27.3054733294404],[-96.8732712147082,27.3228784403414],[-96.8741660211728,27.361893608358],[-96.9112237194303,27.3778584539238],[-96.9549793058536,27.4182929376406],[-96.9544310182216,27.4421482995679],[-96.9187067558156,27.4889116377783],[-96.8951808082809,27.5207381137685],[-96.8829539835775,27.5777852255877],[-96.9241808645782,27.6844943083292],[-96.9096249113624,27.7600363860178],[-96.8719860273705,27.7761956783226],[-96.7577052342287,27.774131024583],[-96.7233648516707,27.8057504721398],[-96.7122740795948,27.8898443793504],[-96.7750925478627,27.981362777324],[-96.784573546136,28.0583955755783],[-96.7838344536428,28.0903247389996],[-96.7210773933093,28.1562583807613],[-96.7024224382318,28.1979488483493],[-96.7042098574751,28.2750734208256],[-96.7030738039494,28.3240327343455],[-96.6422554912554,28.3754587871725],[-96.5219830052371,28.3537808133427],[-96.4762097182441,28.3546030089985],[-96.4316711763888,28.4206087732057],[-96.3880713039369,28.4771623271551],[-96.3617512796615,28.4883853653322],[-96.352947965947,28.5018217538112],[-96.3893915812662,28.5122154227389],[-96.4384129274932,28.557039267451],[-96.4515828080735,28.611804262068],[-96.3878234776146,28.6225220513403],[-96.3551148003286,28.5926358111201],[-96.3349816602646,28.5120689594083],[-96.3182676447158,28.5043330572151],[-96.308032201741,28.5595781497601],[-96.2846553880181,28.6101850431975],[-96.2179769712637,28.6244548711846],[-96.1707013750272,28.6559371221875],[-96.1822680619643,28.6855860053652],[-96.1910713756788,28.7404493077728],[-96.0127790392823,28.749450349056],[-95.8790098925329,28.8525694105424],[-95.8407284148722,28.8745499130158],[-95.8109278581471,28.8922381120395],[-95.7818883253845,28.9186966137491],[-95.7685298336289,28.9547266084426],[-95.769352265526,28.9900342815352],[-95.7971789846201,29.0500231433557],[-95.8588745596812,29.063170775029],[-95.8946273319194,29.0711796937886],[-96.0078510253641,29.0867241915851],[-96.0383577773785,29.0317578476889],[-96.0475207693463,29.0162050633969],[-96.0649212415026,28.9848353969716],[-96.0933137941228,28.9690606509797],[-96.1281893057905,28.9847778434293],[-96.1884571380649,28.9976287870107],[-96.20005452852,29.0414603702518],[-96.1695390044569,29.1193753279279],[-96.1401068971354,29.1573004084926],[-96.1239674871615,29.2007252171803],[-96.0820453766061,29.2852701649307],[-96.0837955121719,29.360106197194],[-96.0740513353681,29.3932415931757],[-96.0390464276719,29.4225399759108],[-95.9754757074901,29.4315541931549],[-95.9427078159556,29.4462552569002],[-95.9307397824108,29.4794064851422],[-95.9487060880932,29.5097622086933],[-95.9575094018078,29.5398760467257],[-95.9036104847606,29.5957212885407],[-95.8858240182048,29.6193083164739],[-95.8496457733054,29.6399257592648],[-95.8507335774189,29.6862124048104],[-95.8790098925329,29.6981293681925],[-95.9917269684967,29.6961309219933],[-96.0312015211441,29.7137935934718],[-96.0203914716961,29.7596216511618],[-96.0115881579815,29.822906642069],[-96.0385376165051,29.8453674664147],[-96.0489200005042,29.8639300749904],[-96.0457399293641,29.9990025301503],[-96.0806483382358,30.0576692327341],[-96.1283691449171,30.0710716652215],[-96.1374093192193,30.095176668345],[-96.1912512148054,30.1565493662597],[-96.2071515705059,30.1848839380608],[-96.2187752789039,30.2875719802286],[-96.2177686223049,30.3301675026881],[-96.20005452852,30.4047904097953],[-96.1868495570498,30.4631134715028],[-96.1724909879564,30.4992663378873],[-96.1217918798328,30.5636893677109],[-96.1102361595287,30.6146413493191],[-96.0922566944257,30.644673620751],[-96.0816571885207,30.6727725412888],[-96.0634606015119,30.7369520689021],[-96.0655813801672,30.82620241604],[-96.0647128916455,30.8627317994458],[-96.0438165339329,30.8975422706975],[-95.9747037177928,30.907196010631],[-95.9346019236848,30.9249202257721],[-95.9033670449118,30.9657806482194],[-95.8400112538483,30.9921332393394],[-95.7978128062402,30.9913943751003],[-95.7339569760586,31.0054224133385],[-95.723778555443,31.0234009258082],[-95.724228151463,31.0422610895586],[-95.7514254363088,31.0535648732618],[-95.7776423824986,31.0998501485834],[-95.8279511088509,31.0851035188189],[-95.8953532658904,31.0998970966342],[-95.893622868108,31.1725056247475],[-95.8720795311514,31.2263399234458],[-95.8588745596812,31.2611319674719],[-95.8497115677134,31.2763348118448],[-95.8319251011576,31.3148689445438],[-95.8161760720567,31.340982308915],[-95.7352750614985,31.43199919567],[-95.7197256093077,31.4181877731555],[-95.7059811222543,31.406918166857],[-95.6927761507841,31.3721799513676],[-95.6447044405933,31.3588597603543],[-95.6342957386513,31.3223895270107],[-95.627751370771,31.3148689445438],[-95.5736484912386,31.3499355062295],[-95.5529714482195,31.3768667564208],[-95.4470246349889,31.3750205236397],[-95.398979242741,31.4081273603447],[-95.3567566699776,31.4823767861075],[-95.3341891296296,31.5107621012768],[-95.2892623996889,31.4976523321484],[-95.2208952553033,31.4369580857716],[-95.1785498657726,31.43769534731],[-95.158188638068,31.4912173825209],[-95.140042493259,31.52935683121],[-95.129600894113,31.5567822521556],[-95.1595505855483,31.6563117275226],[-95.1577324618886,31.7321228746511],[-95.1582105695373,31.7520627802901],[-95.191868881063,31.7795568033975],[-95.2524459475942,31.7921105277399],[-95.3099087382916,31.7589962586732],[-95.3393781283924,31.7512981642165],[-95.3556381614477,31.7676204224123],[-95.3373121793087,31.8131277681153],[-95.3197055500829,31.8275012097303],[-95.3028577529304,31.8570032633186],[-95.2792374993588,31.8865964396905],[-95.25611289933,31.9363594697477],[-95.236760521012,31.9682379610505],[-95.1936255967883,31.9801111776506],[-95.1717532859948,32.0183435785043],[-95.1310593404178,32.040961928386],[-95.1042897210208,32.0563425602121],[-95.050210964847,32.0638032991347],[-95.0219061381042,32.0720123820411],[-94.9405621098889,32.1770892385229],[-94.8705479080231,32.2159332631976],[-94.8428374255369,32.2475530004204],[-94.7699984434124,32.2462953961327],[-94.6486228019707,32.2199837411289],[-94.6371657732787,32.1703209251406],[-94.6275531852909,32.130588251407],[-94.5821571206486,32.0936438835338],[-94.5365548998351,32.0944335290559],[-94.4891959632964,32.1361821018071],[-94.4537919017802,32.2424111827511],[-94.3728579931197,32.2830388111879],[-94.3405418903926,32.2919029978386],[-94.2951611779585,32.3228642972778],[-94.2778396596309,32.3679610233098],[-94.2658255694615,32.3976037710837],[-94.2301846473577,32.4472143749217],[-94.1878282920923,32.4588124099438],[-94.1529440083759,32.4688861461687],[-94.1430923670129,32.5877280021202],[-94.0976348935378,32.6333405363804],[-94.0984156561822,32.6655324250294],[-94.1612407037112,32.7390392482916],[-94.1607713690096,32.7584107468484],[-94.1332144077071,32.7925911041122],[-94.1341750085798,32.8321708665166],[-94.1886112475242,32.8165128589004],[-94.1869181343178,32.7468219246594],[-94.2233003417025,32.7174179565185],[-94.2362377481686,32.694977487342],[-94.2688565067897,32.6860698623112],[-94.2906367043339,32.6581045565583],[-94.2773396205128,32.5704837784561],[-94.278004145651,32.5430665674755],[-94.4385275604875,32.534729941847],[-94.448339724487,32.6068348885758],[-94.4213902659634,32.6178470737264],[-94.4125869522488,32.625564586722],[-94.3478494750232,32.634439458389],[-94.331738576678,32.6645686648814],[-94.361947059272,32.7139212322592],[-94.4371612265336,32.7262744826813],[-94.448339724487,32.7853379114353],[-94.4256098918048,32.8411504912158],[-94.3618527541335,32.8585322271122],[-94.3497048823604,32.8899724637663],[-94.3402545876052,32.9131517797667],[-94.262658657742,32.96142805001],[-94.2419070482661,32.9879809042476],[-94.2327440562983,32.9953646818642],[-94.2209251574637,33.0259067926969],[-94.1865365254935,33.0253183772247],[-94.1520755198541,33.0104319985678],[-94.1249462222039,33.0030494818412],[-94.1161429084894,32.9953646818642],[-94.0800304579979,32.9879809042476],[-94.0712271442834,32.9501472953135],[-94.0440978466332,32.9427597368016],[-94.0352945329186,32.9199895132894],[-93.990198929586,32.9125994356635],[-93.9673901430751,32.8731236953612],[-93.8635136663001,32.8749030238882],[-93.8256664324511,32.8912763227177],[-93.8090774264573,32.9484007655288],[-93.7559285676381,33.0036343672766],[-93.7187239274579,33.0187701509707],[-93.6680094680244,33.0630186732835],[-93.6393230333556,33.0708207124896],[-93.6130863493824,33.138550802877],[-93.5913105374134,33.1654449972831],[-93.5553625738404,33.2363049970552],[-93.5227964520035,33.2891653101297],[-93.4876577618053,33.2885658251619],[-93.4603727510821,33.2963716390134],[-93.4323661928614,33.3037295098956],[-93.3974906811937,33.2887124888782],[-93.3414315081277,33.2810838344087],[-93.2716366218537,33.2822737359146],[-93.2086799846102,33.2811993420173],[-93.1646151639302,33.2906392549002],[-93.127993902272,33.3113873415606],[-93.0906269697576,33.3318592989588],[-93.0559532277876,33.3412607503395],[-93.03816237386,33.3489152845223],[-93.0096075280073,33.3566552432407],[-92.9752803039716,33.3714242896118],[-92.9391722408521,33.3787758233301],[-92.9303645397657,33.3939274717792],[-92.9122227823285,33.4012771029551],[-92.9034150812421,33.4239226533965],[-92.8625829675879,33.4462621836666],[-92.8827687435377,33.4789484947804],[-92.821470129509,33.4914105065635],[-92.7956172471477,33.5138460197577],[-92.7534867867353,33.5398805994734],[-92.7314894663869,33.5678444094145],[-92.6907406921365,33.6004592384176],[-92.6517113499338,33.6110078649347],[-92.624937343165,33.6410776039935],[-92.5362418682788,33.7325060370857],[-92.5045990627387,33.772631824785],[-92.4604859926464,33.7966709437187],[-92.4273079806587,33.7679719614135],[-92.4073020429372,33.7519904965859],[-92.3696105239579,33.736784827058],[-92.2825028905067,33.7382639332794],[-92.2499301894086,33.766449610863],[-92.2386617709936,33.9098890697442],[-92.2295031663977,33.9321027104111],[-92.2206954653112,33.9993052465357],[-92.2025537078741,34.0066032712691],[-92.1937460067876,34.051421270791],[-92.1752533449426,34.0588547193227],[-92.1548789578174,34.0936366267304],[-92.1306884851445,34.1033563671613],[-92.1218807840581,34.1258171884969],[-92.0938786123109,34.1331043254067],[-92.0586521962354,34.1180827686347],[-92.0395980873378,34.118404142478],[-92.0050997971225,34.1481232121697],[-91.9786898541822,34.1554084257013],[-91.9691671857578,34.0587148146406],[-91.9510254283206,34.0216446044514],[-91.9401649366728,33.9571520747629],[-91.9041753029487,33.9173440060235],[-91.8035753961382,33.9344409386956],[-91.7159063156344,33.9659052420063],[-91.7179898106122,34.0505744961073],[-91.7064713739857,34.0784572895046],[-91.6768638140111,34.0903528752926],[-91.6547568363159,34.1119619088015],[-91.6727231419983,34.1554084257013],[-91.6815308430848,34.1852868315604],[-91.6996726005219,34.2074284207214],[-91.716318628875,34.2357925724932],[-91.6186487731964,34.244565916492],[-91.5739084607452,34.2669891750654],[-91.5448404172522,34.2786443699901],[-91.4928846334197,34.2891092902546],[-91.4519297020998,34.3120423852683],[-91.4087991643495,34.3113141594302],[-91.3942454039213,34.2742641205498],[-91.3761036464841,34.2521400992072],[-91.3506367585223,34.2200312550252],[-91.3403464868741,34.1337306193797],[-91.4362969114034,34.0458135006884],[-91.4479688692137,34.008028621513],[-91.3940699521665,33.9993052465357],[-91.3706865591825,33.9893189914538],[-91.3208756791606,34.022651627743],[-91.3324072752077,34.0786625566293],[-91.3222047294369,34.1033563671613],[-91.3133970283505,34.1258171884969],[-91.2920401088833,34.14053967975],[-91.2774644169857,34.1033563671613],[-91.2168325217812,34.0411376529343],[-91.1961774111297,34.0058487708421],[-91.1404362461659,34.0067905310791],[-91.0978013601618,34.0663056837815],[-91.0706764498835,34.0735979467763],[-91.0349192902735,34.0960666666767],[-90.9718617686303,34.1182316543229],[-90.9540709147027,34.1258171884969],[-90.9201603903812,34.1349269184241],[-90.9084708866768,34.1647418000046],[-90.9093656931415,34.2010727866249],[-90.970988893635,34.2850702571741],[-90.9808449214715,34.3228889446988],[-90.9269460044244,34.3558800957635],[-90.8931714544942,34.3848946203737],[-90.8598443086946,34.3982363344512],[-90.7474583993552,34.482005919083],[-90.6737553151825,34.5180642202933],[-90.6125356549825,34.5262750177206],[-90.5546408141593,34.5360441611217],[-90.4586596852136,34.5563033045144],[-90.4319734052205,34.5558553623289],[-90.4049274478724,34.5326710726815],[-90.4169415380418,34.4552078500376],[-90.405923139635,34.4375649957572],[-90.3900227830363,34.4105337300538],[-90.3791491328662,34.357846333507],[-90.4557120881876,34.3163971173276],[-90.5074485573266,34.2956648298783],[-90.5729360918819,34.2967682416022],[-90.6393491382165,34.3339514268514],[-90.6673337640695,34.3182882043421],[-90.6664301855562,34.2817613309664],[-90.667329377596,34.2452838427517],[-90.640059719081,34.2015135611431],[-90.5855861964589,34.1927175918217],[-90.5626809111236,34.1829573273254],[-90.5498290368489,34.095917742721],[-90.5395212202049,34.0709710600536],[-90.4976758697923,34.0588638040247],[-90.4420312027546,34.0960666666767],[-90.4117569248542,34.1042026143181],[-90.3527391899259,34.2192387589742],[-90.3432165215014,34.2595649647862],[-90.328882076665,34.2941736618085],[-90.2932082573571,34.3187917623486],[-90.2242467687149,34.2728015698844],[-90.1513463777576,34.1485370373648],[-90.1063472741478,34.1241178557306],[-90.0679495589809,34.1086970263848],[-90.0055806867329,34.1192720269919],[-89.9928735606948,34.1642990189399],[-90.0198449506878,34.251327964781],[-90.0194326383454,34.2680567136998],[-89.997544976242,34.3031601319353],[-89.9445715691776,34.313826693474],[-89.9045816252039,34.3482011871967],[-89.8680568632685,34.3579857425205],[-89.8392212929912,34.3942858015324],[-89.8217330949575,34.4387425074603],[-89.7952310396662,34.4811562372006],[-89.7844407289,34.5267140841289],[-89.7874321888647,34.6473407330637],[-89.8163686435417,34.6935378944129],[-89.8744740270096,34.7051823225235],[-89.9138323430491,34.7271144001227],[-89.9118321874752,34.8077205321552],[-89.9299914908065,34.8512778410734],[-89.9387991918929,34.9090881901053],[-89.8669339691633,34.9323289610716],[-89.8311768095533,34.954567327549],[-89.7875155291669,34.9617822647594],[-89.7745803154883,34.896627104586],[-89.7411698293866,34.851425423045],[-89.6980524501586,34.788996145746],[-89.6438552645893,34.777673365678],[-89.57874933796,34.8225536670043],[-89.5530499758841,34.8660293524514],[-89.5345573140391,34.8733906213246],[-89.5024364017485,34.9008127867628],[-89.3847518354013,34.8810408918066],[-89.2921876390816,34.9030125679776],[-89.1914342110873,34.914546514202],[-89.1613046814236,34.9272745996014],[-89.1394740407813,34.954567327549],[-89.1123491305029,34.9838652977991],[-89.1035414294165,35.0060896803753],[-89.089799136049,35.027939866153],[-89.0759559564852,35.0513067243064],[-89.0317244560992,35.0860887450561],[-89.0226930538457,35.1163854986622],[-89.0014940411375,35.1500405297925],[-88.9403577212397,35.1980560924922],[-88.8865377571229,35.2117076681216],[-88.8340468441806,35.1970273826555],[-88.8014302792455,35.1883778177597],[-88.7891310799747,35.1676588515766],[-88.7799724753787,35.1604620863208],[-88.7660459564111,35.1486131096605],[-88.7527379068553,35.1150705105025],[-88.7350567111727,35.0869878517137],[-88.7262490100863,35.0717088759285],[-88.7442460201851,35.0575544713132],[-88.7348768720461,35.0200859664448],[-88.7170904054903,35.0060896803753],[-88.7028261406371,34.970080273991],[-88.6721746412844,34.9619296482507],[-88.6633669401979,34.9544199308169],[-88.6330751173018,34.9305614978438],[-88.5823431128724,34.9103795169079],[-88.5734476859086,34.8581221363611],[-88.5645522589448,34.9103795169079],[-88.5508099655773,34.9322552423806],[-88.5376028004212,34.954567327549],[-88.5135307580421,34.9836676405785],[-88.4398101288735,35.0315423857898],[-88.3833364506776,35.0539728476787],[-88.3851085177127,35.1249081872382],[-88.4278486745899,35.1584897674051],[-88.5203295315058,35.1677287715592],[-88.5577183954894,35.183470133855],[-88.5733599600312,35.2144778441884],[-88.5374273486664,35.2337231198675],[-88.4721503558576,35.298147744629],[-88.4567544248504,35.2850692753814],[-88.4296295145721,35.2778829151302],[-88.4015878654615,35.2700477310936],[-88.4029520066277,35.2154507874467],[-88.4024782854525,35.1965183989251],[-88.3119493346984,35.1378456853647],[-88.2763764006885,35.1384393300274],[-88.237118969947,35.171845017134],[-88.1916505316355,35.2075468503451],[-88.1768906141378,35.2447053205968],[-88.1375849348823,35.3069914298059],[-88.0953360441761,35.3997336446188],[-88.0703034009243,35.4096315627909],[-88.0061624616412,35.445058894074],[-87.9691727505793,35.4856996238705],[-87.9725502049434,35.6204248632149],[-87.9596588542036,35.6407657924879],[-87.9086066497828,35.6508799616924],[-87.8458035328247,35.6656470209156],[-87.8189505731256,35.6581791899546],[-87.7596301832016,35.6510260951361],[-87.6931864333489,35.6729217384873],[-87.6660615230705,35.6800728718896],[-87.6248258682243,35.7054850276944],[-87.6120003127908,35.7694275235921],[-87.5582636889762,35.8113087944033],[-87.530586103694,35.8415807746624],[-87.4999477628635,35.8654395568349],[-87.4794330130768,35.9166506997186],[-87.4675856035118,36.024467052465],[-87.4336443747739,36.0777394834744],[-87.423691848113,36.1007597256135],[-87.480823472186,36.1579240243751],[-87.4953816190878,36.2004155215799],[-87.4677698282136,36.2112228077222],[-87.4330346783091,36.2403863574528],[-87.3775172145122,36.2621068760913],[-87.3312241506177,36.2613446998101],[-87.2799614026539,36.2471962248684],[-87.2528364923755,36.2400962620953],[-87.2260624856067,36.2327055316104],[-87.1899544224871,36.2256042526831],[-87.1721635685595,36.2182121523793],[-87.143806105931,36.211109557508],[-87.0913151929888,36.2256042526831],[-87.0636639256495,36.2327055316104],[-87.0427587958881,36.2151528423214],[-87.0194499702592,36.1674641792416],[-87.0102913656632,36.1531039277929],[-86.9978561902044,36.1324053120837],[-86.9384261429337,36.116828603177],[-86.9116433641161,36.109422692446],[-86.8649423734544,36.110193435297],[-86.7635090681138,36.1954369785349],[-86.668054296229,36.2037160876045],[-86.6331700116143,36.1892137975192],[-86.5950310894027,36.1898421558016],[-86.5413821914654,36.212144728674],[-86.4984271054699,36.2483335030718],[-86.5248019584186,36.3104447750143],[-86.5341842650799,36.3417495097992],[-86.4975893213646,36.3560486388331],[-86.46285417146,36.3851581023649],[-86.4304788535861,36.410197225961],[-86.3410903419329,36.3954614143478],[-86.2729885688653,36.4142213745068],[-86.2272481790763,36.4134712746239],[-86.1214592726047,36.4610467738853],[-86.0941852276161,36.4909738225371],[-86.1429872582514,36.503704744059],[-86.2018076099557,36.537294732017],[-86.1787005540244,36.573321917503],[-86.1299467736996,36.5725222790057],[-86.079771828951,36.5998321239096],[-85.9421032572499,36.6106420950151],[-85.8203789050863,36.6440782690239],[-85.7514437334886,36.6815629575369],[-85.7167173565311,36.6950731642098],[-85.6629938912387,36.7312235330853],[-85.617902675278,36.7454771713729],[-85.6001118213504,36.7672128258582],[-85.5909488302809,36.7742681211076],[-85.5912383267542,36.7857192970022],[-85.6180781270327,36.817425501076],[-85.6448521338016,36.8535182324755],[-85.6629938912387,36.8749355180336],[-85.6807847451663,36.914769446009],[-85.6380665197585,36.9313363824301],[-85.5485946678031,36.9746959818602],[-85.4942483484219,36.9957569600409],[-85.4280239132627,37.0041748150044],[-85.3755330003205,36.9898257193166],[-85.3484080900421,36.9827938139764],[-85.3205813700497,36.9677257602558],[-85.2662657541866,36.9686106527137],[-85.2318025548614,36.9827938139764],[-85.1705434181962,36.9923464653038],[-85.1162892102676,37.0146669273201],[-85.051262237467,37.0040311968426],[-85.0325590320789,36.9884821042829],[-84.9957842501353,36.9279107284025],[-85.0182640637076,36.9013943976778],[-85.0504990198184,36.8766249924863],[-85.1509541792906,36.8678930061691],[-85.1955716749745,36.8436936815242],[-85.2576729822185,36.8275641494363],[-85.3216340832733,36.8175694702817],[-85.3663743957245,36.8102337078581],[-85.4964327277994,36.8000488600515],[-85.5139604031966,36.7854365070495],[-85.528071146866,36.7560962555014],[-85.5011216883425,36.7456212757972],[-85.4319233391126,36.7170533916478],[-85.382406340241,36.7096218560174],[-85.3036677775909,36.7312235330853],[-85.2568922204725,36.7385422539781],[-85.2400707403646,36.7382663211723],[-85.2227755390815,36.7238425884948],[-85.1958699434966,36.7312235330853],[-85.1507787275358,36.7382786240676],[-85.0521394980375,36.7744086586093],[-85.0104915317473,36.7825418067883],[-84.9442539380657,36.7814580221696],[-84.925182283274,36.7817706874045],[-84.8724764412135,36.8103776905902],[-84.838947524818,36.8279766890345],[-84.7800175166653,36.8394742475398],[-84.7287459957544,36.8535182324755],[-84.6926379326349,36.860562069287],[-84.6354756041455,36.8841175285499],[-84.4989957209576,36.8818896678433],[-84.4592514105186,36.838996826429],[-84.423143347399,36.8031852352639],[-84.3874037327848,36.7549681689115],[-84.3141129609545,36.7456212757972],[-84.2616220480123,36.7600163177724],[-84.2009068134039,36.7695125442361],[-84.1694570055126,36.8214231856882],[-84.1538242139179,36.9110011008991],[-84.1353096206036,36.9252247954363],[-84.1365772620471,36.9747905959073],[-84.1807736724415,37.0185212028414],[-84.1895813735279,37.0445783951329],[-84.1334235088499,37.0622546563373],[-84.0827353673592,37.0830901683031],[-84.0200813851114,37.0912254348571],[-83.9609846963543,37.1269875007986],[-83.8711575544159,37.125525657607],[-83.786664159477,37.1341371879597],[-83.7675486417465,37.1987457094743],[-83.7860544630122,37.2417972579266],[-83.8275883863804,37.2735562661977],[-83.929245392888,37.2834404747259],[-83.9380530939745,37.2917094744297],[-83.9024099781847,37.3744976231223],[-83.8933127815233,37.4302990768389],[-83.9477336691579,37.4838139836511],[-84.0064180446742,37.4989236709789],[-84.0909202125602,37.4975560422728],[-84.1876250808927,37.507362049018],[-84.2075476792103,37.5408660401252],[-84.1894541702871,37.5546462791688],[-84.2077231309651,37.5616736555966],[-84.2165308320515,37.5760566717446],[-84.2322294180543,37.6002046422032],[-84.2616220480123,37.611503444286],[-84.2794129019399,37.618761710356],[-84.3321713789878,37.6269190310452],[-84.4178929398034,37.618240556307],[-84.5017196168166,37.6195955490939],[-84.5572239211929,37.6493904577572],[-84.5668737928581,37.7040982333781],[-84.6119650088189,37.7110629107332],[-84.6207727099053,37.7516441999147],[-84.5839628370717,37.760792558106],[-84.545380897203,37.7450787411896],[-84.4951840218833,37.7181691910532],[-84.468059111605,37.7112051815977],[-84.4502682576774,37.7039559488698],[-84.4141601945578,37.6969906036583],[-84.3617613939665,37.6827993349793],[-84.3054850989947,37.6756636259385],[-84.2692103561691,37.6904515376345],[-84.2422214211803,37.7126781918598],[-84.2212899725778,37.7468007995134],[-84.2068283245005,37.7689966805731],[-84.1888313153,37.7826635738347],[-84.1356824564808,37.7962932801795],[-84.1175450846188,37.8036755651245],[-84.0888761949459,37.8032128945947],[-84.0370432269824,37.7891944997261],[-83.8765965731869,37.7809215489856],[-83.8653413141925,37.7901789411216],[-83.8483970173173,37.8472177605534],[-83.8863955786641,37.9054393956691],[-83.9588792699072,37.9393813374734],[-84.0549744426732,37.9378350094364],[-84.0638172337512,38.008128893899],[-84.031884932636,38.037245703761],[-83.9921230763029,38.016013499286],[-83.9191218009459,38.0171884279291],[-83.7857079450778,38.035114122737],[-83.7136409526506,38.0515398544447],[-83.6267263168483,38.0501426877559],[-83.605851890605,38.0586099020099],[-83.5824641120458,38.0655411325144],[-83.5160203621931,38.0443205863297],[-83.4427471353585,38.0373873460777],[-83.4082225280987,38.0656827200896],[-83.389900931535,38.0795431837718],[-83.3587362345418,38.105071466528],[-83.3726188896725,38.1369873915658],[-83.4468527173797,38.165308029766],[-83.5065240117115,38.1643510234763],[-83.5338199881694,38.171696374311],[-83.5563568241011,38.1713342964236],[-83.5833062826247,38.1717670649399],[-83.6761029530584,38.1702773649795],[-83.9076077498946,38.180601187832],[-83.9200867882921,38.2218008702124],[-83.9017520323077,38.2497526994563],[-83.8655255388943,38.2635541070568],[-83.8395937036027,38.2847419304131],[-83.8208992711617,38.2988396149845],[-83.7703778084788,38.2980306643725],[-83.7316160303818,38.2774079865339],[-83.6945035034509,38.2703040275167],[-83.6597508076522,38.2562490220368],[-83.5156826172058,38.2378297833149],[-83.4384441701133,38.2502556170821],[-83.3484503484689,38.248812303414],[-83.3033196551446,38.2247850242624],[-83.2552852286314,38.2377005879163],[-83.1149322375365,38.2496769169983],[-83.0802497235177,38.2491206032459],[-83.0111698045817,38.2502280597038],[-82.9861941836892,38.2706380635626],[-82.9678682006518,38.2844630473583],[-82.9683463074023,38.3029530751746],[-82.9974143517936,38.3365972383149],[-83.0217715041726,38.3267549298295],[-83.1344995449728,38.3188901004724],[-83.1834682553141,38.3480343821271],[-83.2105931655924,38.3549381097347],[-83.2277216871695,38.3689155399234],[-83.2631103964775,38.3823745193149],[-83.2912660894084,38.3973332615418],[-83.4179645121149,38.4042735341591],[-83.4495283638264,38.4300127225748],[-83.4165389630142,38.4681243706777],[-83.3800843810619,38.467542258228],[-83.327374152528,38.4887991859548],[-83.277322025445,38.5078050989354],[-83.1834682553141,38.5167785138459],[-83.1566942485453,38.5239475176893],[-83.1290561406266,38.5309648310578],[-83.1117784843393,38.5450282814684],[-83.093720066306,38.55859849849],[-83.080429561746,38.6118135344205],[-83.062103579607,38.6255698913359],[-83.0488964144509,38.6363068575023],[-83.0307546570138,38.6431830165978],[-83.0219469559273,38.6713830956964],[-83.0127883513314,38.6852684015425],[-83.0039806502449,38.7134519067874],[-82.9505773858423,38.7269731696073],[-82.9231322746742,38.7414840348148],[-82.8823747274768,38.7483500920766],[-82.8606756765488,38.6788996433442],[-82.8510916001899,38.6643692221081],[-82.8422838991034,38.6424978282157],[-82.8602502047858,38.615252871345],[-82.8690579058723,38.5819236106617],[-82.7873322688327,38.5731263565367],[-82.7400873770126,38.6115581913308],[-82.7614355235327,38.6361663812323],[-82.7702432246191,38.6668762130337],[-82.7248142627728,38.6783860090695],[-82.6976586471797,38.7004467001335],[-82.6805871479619,38.7414840348148],[-82.652641998574,38.7837851376861],[-82.62651277916,38.7833679951565],[-82.6003528553295,38.8045895927572],[-82.4612850524705,38.8257433626864],[-82.4088818654057,38.8249112746681],[-82.3727606428656,38.810412248085],[-82.278169973029,38.8119161149655],[-82.2404126587434,38.8043759558641],[-82.1980716556862,38.7963307576675],[-82.1234649921018,38.7975187082844],[-82.0966822132842,38.7903736160359],[-82.0156583859587,38.7765087263509],[-81.9978675320311,38.7693649483671],[-81.8761958148549,38.7625009124638],[-81.8631202394131,38.7835116018191],[-81.844978481976,38.7903736160359],[-81.8361707808896,38.7975152896199],[-81.8082344035504,38.8117896547283],[-81.7680953257649,38.8111505141537],[-81.6326155208131,38.8188522883919],[-81.5915597050936,38.8181995412055],[-81.5397267371301,38.8043759558641],[-81.46485250944,38.7929838796904],[-81.440912055877,38.7833714144995],[-81.4188357825983,38.7750212102508],[-81.3849822797378,38.7840535438886],[-81.3415797905099,38.7833628657916],[-81.3155558428674,38.8044716649914],[-81.2520903944571,38.8113760940819],[-81.2432826933707,38.8194742725031],[-81.2929619854748,38.8566501596394],[-81.3193719284152,38.8780530972332],[-81.3384435823086,38.892318142926],[-81.3780299859886,38.9023152834868],[-81.4139099614676,38.911872441795],[-81.5960863715058,38.9089781239659],[-81.6473578915184,38.8953206761712],[-81.702862196793,38.8962031474877],[-81.7192143421993,38.9094491411881],[-81.7463392524776,38.9090173752875],[-81.7729334201198,38.9305563813727],[-81.7910839514024,38.923281320827],[-81.852079909537,38.92425046152],[-81.884064846538,38.9114304510554],[-81.9073999892115,38.9303260612751],[-81.9530000172373,38.938973636952],[-81.9976964667498,38.9653482844807],[-82.0244704726203,38.9649219743778],[-82.0336246916411,38.9723291685908],[-82.0697327547606,38.9791729730711],[-82.1100692166686,38.9899045127232],[-82.1514233009103,38.9789018929722],[-82.1960364101206,38.9796094264422],[-82.213287748465,39.0072403111621],[-82.222446353061,39.0210602275964],[-82.2314163473799,39.0425311191181],[-82.2598571494123,39.0637502764551],[-82.3256648848573,39.0627081163977],[-82.3972932469993,39.0638422310361],[-82.4523545346168,39.0784733964674],[-82.4739176111535,39.0698496677575],[-82.4827823337009,39.0770109271697],[-82.5124688466058,39.0921210805845],[-82.5000292846734,39.1203290421654],[-82.4648160280185,39.1465731511011],[-82.456008326932,39.1745739933718],[-82.4364936553815,39.1968887986681],[-82.4149700562083,39.2129146393335],[-82.3931262570437,39.265047228022],[-82.3480350410829,39.2718626556755],[-82.3386965973603,39.2793870409253],[-82.3392448849923,39.3002395576956],[-82.384862458014,39.2995182676169],[-82.4027980601783,39.2850705400087],[-82.4604297224711,39.2859820976578],[-82.4737991808597,39.3667766698247],[-82.4082897139367,39.4371581987605],[-82.3749844996065,39.4455048409149],[-82.3571936456789,39.4525804108825],[-82.320081118748,39.4595672117227],[-82.2692087516572,39.479797207052],[-82.256527943562,39.4396311311792],[-82.2235429292232,39.4661368063246],[-82.1987515330326,39.4732475248927],[-82.177530588855,39.4312244958972],[-82.1954968945374,39.4178900321573],[-82.2066951320708,39.3912270098768],[-82.2566200559129,39.3818211778086],[-82.2671866655122,39.3483183924424],[-82.2853284229493,39.341510406651],[-82.2941361240358,39.3194333191573],[-82.2668883960917,39.2998135732788],[-82.2493958115845,39.341510406651],[-82.1953214427826,39.3483183924424],[-82.1685474360138,39.3623495017422],[-82.1502170674013,39.3692249710952],[-82.1685474360138,39.3760997642444],[-82.1773551371002,39.404281878061],[-82.1414225257354,39.4177511006306],[-82.1298909296883,39.4724433729651],[-82.0776719673253,39.4803118112859],[-82.0517664490782,39.5011179159712],[-82.0380241557108,39.5113062858131],[-82.0247599690937,39.5219567042148],[-81.9947137788339,39.5100169580346],[-81.9713260002746,39.5287944440872],[-81.9078605518644,39.535628128377],[-81.8714279013815,39.5428281408102],[-81.8194019366674,39.5420095720852],[-81.8002381695248,39.5496215482841],[-81.7812191506188,39.5564092180706],[-81.7465103186572,39.528552546485],[-81.6814833458565,39.5295759540845],[-81.6484764000484,39.5560659608706],[-81.6100085039999,39.5755105576049],[-81.5936256541773,39.5494828796691],[-81.5839406925204,39.5426945322189],[-81.5666761956537,39.5565478728416],[-81.4407366041222,39.5633348649327],[-81.4139625973534,39.5703984473046],[-81.2880230058219,39.5771840839106],[-81.2642053690262,39.5866395900003],[-81.2143330801715,39.5767885262777],[-81.17930404732,39.5773396011631],[-81.1383403439514,39.5936027778226],[-81.1095617960334,39.5705167871584],[-81.0731730093876,39.5614124585042],[-81.027687025182,39.5703984473046],[-80.9693096911348,39.5791821191741],[-80.9468386496112,39.5702598202234],[-80.8575027738438,39.5568150364183],[-80.8383521661218,39.5492089232284],[-80.8119378367079,39.5496232390843],[-80.7353397904966,39.5420738405961],[-80.6402315374445,39.552790562649],[-80.6120626859913,39.5416019754441],[-80.5288807963329,39.5429110119377],[-80.4077485947399,39.5565597093384],[-80.3604773840785,39.5490939286393],[-80.2730144606442,39.5504704661074],[-80.1677036618213,39.5488132066908],[-80.1563211995861,39.5217706113144],[-80.1425789062186,39.5115837753034],[-80.1293717410625,39.5009791504666],[-80.1112299836253,39.4941860602561],[-80.0934391296977,39.4871147201108],[-80.0752973722605,39.4803202751121],[-80.0575065183329,39.4732475248927],[-80.0010152951411,39.4661486582342],[-79.9317292200339,39.4524381614945],[-79.760084328705,39.4551442384482],[-79.7071635575263,39.4385674422904],[-79.5632576603124,39.4178900321573],[-79.524430086909,39.4076218914736],[-79.4826461453293,39.4295017136012],[-79.4225581512832,39.4445597962876],[-79.4107195137668,39.5023380270959],[-79.4331686238211,39.5698878915253],[-79.4941031740213,39.6280518041581],[-79.5173900672825,39.645282554036],[-79.5821757939204,39.6534015767758],[-79.618551422044,39.6678287252211],[-79.6402417009232,39.6852048389088],[-79.6534181616629,39.7164502456335],[-79.6809597707571,39.7368009972744],[-79.717883687411,39.7362208350681],[-79.7898366360179,39.7220390770797],[-79.8322522064302,39.7227053885106],[-79.8707858968867,39.7151090609677],[-79.9046174682778,39.701702529751],[-79.9586918370798,39.6949290981233],[-79.9984361475188,39.6870917424165],[-80.0574933598106,39.6880199859574],[-80.0932636779429,39.6809650251045],[-80.2381959704375,39.6673340817699],[-80.2729267347668,39.6811034305751],[-80.3090347978864,39.6878782188062],[-80.3459631010138,39.6976037886666],[-80.408503038543,39.6877482647525],[-80.4302196353651,39.6880891813117],[-80.4931017052535,39.6871001810252],[-80.5525010490062,39.6880334874111],[-80.5873984921432,39.7018662040659],[-80.650219154097,39.6878782188062],[-80.6863272172166,39.6811034305751],[-80.7543105599903,39.6598785485328],[-80.7851287399474,39.6603614265921],[-80.8298822109209,39.6533053295013],[-80.8839565797229,39.6465271502999],[-80.9107305864917,39.6394713296622],[-81.0016148281272,39.6326917942891],[-81.0364947262684,39.6465271502999],[-81.0568077045608,39.6541158295883],[-81.1575918369715,39.6525319678269],[-81.1728386332684,39.676728326385],[-81.255612597058,39.7379090257927],[-81.3104238655656,39.7583546026195],[-81.3419219228691,39.7500658119643],[-81.4124054594365,39.7432971294116],[-81.4227702984398,39.7882995757787],[-81.3688713813927,39.7983951654771],[-81.3600636803062,39.8192354848282],[-81.3494795266095,39.8350207261303],[-81.3147487622802,39.8258922727096],[-81.2886327022867,39.846762983559],[-81.2252067303416,39.8562691541926],[-81.1714174706411,39.8813045226539],[-81.0992408208672,39.9018824636338],[-81.1085354007528,39.9087347970185],[-81.1173431018392,39.9226526974229],[-81.1624343177999,39.9294037276535],[-81.1892083245687,39.9433174272387],[-81.2342995405295,39.9500664193769],[-81.2700567001395,39.9708606943724],[-81.2881984575767,39.9776069686467],[-81.2970061586631,39.9921829650389],[-81.2608937081717,40.0187592625927],[-81.2432826933707,40.0327924791729],[-81.1970554238842,40.0467522944571],[-81.1714174706411,40.0671747497141],[-81.1263262546804,40.0807852007184],[-81.1089257825241,40.0946395565859],[-81.0182871735249,40.1014205688818],[-81.0525266707849,40.1185881705769],[-81.063444184792,40.1362879831946],[-81.0453813802852,40.1495526932431],[-81.0546364837056,40.1563500214801],[-81.063444184792,40.1708878159168],[-81.0357446680405,40.1912194156084],[-80.9690289676085,40.2077546619411],[-80.9558218024524,40.2182506329761],[-80.9283372148192,40.2384140104283],[-80.8778332980303,40.2785295044971],[-80.8386153437539,40.298141341395],[-80.8393215390432,40.3244201059299],[-80.8385056864072,40.3548962437487],[-80.8570071211993,40.3756972287936],[-80.8658148222857,40.4032025511213],[-80.8755304874607,40.4103134198094],[-80.9108183123691,40.4097648508608],[-80.9448999028701,40.4102950503918],[-81.0005621149036,40.4030656037972],[-81.0686024791384,40.3963615139713],[-81.1208170550278,40.4233116082204],[-81.2219082289077,40.4308377040815],[-81.2431072416159,40.4535135732949],[-81.1355725851537,40.4800604273312],[-81.0905690950704,40.5262223202049],[-81.063444184792,40.5329134618023],[-81.0366701780232,40.539877273342],[-81.0090189106839,40.5465670514263],[-80.9916228250011,40.5328076151335],[-80.9826528306822,40.5538085571723],[-80.9199505999205,40.5528362364873],[-80.9109060382465,40.5740024810314],[-80.8927642808093,40.5806888498877],[-80.8654639178779,40.5947423699811],[-80.813442338739,40.593936346427],[-80.7696582415852,40.6053138740379],[-80.727150558822,40.6388972940005],[-80.7132766757402,40.7035195945384],[-80.6681854597794,40.7238103986675],[-80.6588996519426,40.7311332508267],[-80.5681162947067,40.7644996966213],[-80.5263718295921,40.7482098511218],[-80.4886978547103,40.7579779245979],[-80.4615729444319,40.764645872835],[-80.4332242547504,40.7719932960222],[-80.4078494791395,40.7919917451745],[-80.342638281637,40.8212947609719],[-80.3250667433012,40.9029244337426],[-80.2815370517308,40.9345262009633],[-80.2839275872795,41.0229933024075],[-80.257912412584,41.0225928844055],[-80.246152727998,41.0499274176672],[-80.2096762145765,41.0566337974932],[-80.246152727998,41.0633394943379],[-80.2549604290844,41.077019970665],[-80.2778174650075,41.0836558118323],[-80.2908930404492,41.0633394943379],[-80.3001174394532,41.0566569504839],[-80.2871164313666,41.0376234431985],[-80.3090347978864,41.0296006787651],[-80.3521477906408,40.9957444204659],[-80.4168326319807,40.9889283701106],[-80.4436066387495,40.9820114487054],[-80.5075414218615,40.9685828016077],[-80.5424213200027,40.9821472112351],[-80.6054788416458,40.9887926215407],[-80.6533114993597,41.0106834661564],[-80.6681854597794,41.05670160227],[-80.6773440643754,41.0633394943379],[-80.6861517654618,41.0754022382229],[-80.6366216080679,41.0845038416012],[-80.5875125359634,41.1311715893543],[-80.5603876256851,41.1378019604775],[-80.5052693157083,41.1520077588181],[-80.4782803807196,41.1731583971454],[-80.4532652824636,41.2119539593476],[-80.4430495781705,41.2193399623341],[-80.4122533296828,41.2188673292494],[-80.3961906807499,41.2191139565158],[-80.3629337149335,41.2528494283369],[-80.3358088046552,41.2797230839749],[-80.3268388103363,41.3004922237457],[-80.3088593461316,41.3134684466816],[-80.3000516450452,41.3322309240888],[-80.3698114413276,41.344999132828],[-80.4030903386132,41.3709979298623],[-80.4305793127201,41.3908141400574],[-80.4536600498101,41.4088355235603],[-80.452379248946,41.4559509417037],[-80.4164773410993,41.4817985815142],[-80.3821545044355,41.5085564638905],[-80.3615257108286,41.5155738755154],[-80.287340133432,41.4965579333751],[-80.2425296400991,41.5138462796499],[-80.2102201166332,41.4886628216188],[-80.1638963483223,41.4820680390642],[-80.1114054353801,41.4955263338544],[-80.0734551234455,41.5024556406687],[-80.0025680474828,41.5576869850649],[-79.8642810063698,41.5555748416635],[-79.8224751324224,41.556213251207],[-79.7421794309571,41.5871603436704],[-79.6263151819555,41.5760828526416],[-79.54529135463,41.5694969758307],[-79.5268118513073,41.5623746462741],[-79.4365022152466,41.5637538846307],[-79.4197026666081,41.5896561057892],[-79.4071841517454,41.6078337901044],[-79.3835946034885,41.6163907080341],[-79.3735148744851,41.6396059877264],[-79.3068035596283,41.6722848404211],[-79.2732176217718,41.6552781098602],[-79.191970092381,41.6708333815031],[-79.1241095663745,41.6969407144858],[-79.0764830657301,41.7038836333137],[-79.0033063377201,41.7027685597667],[-78.9351563152403,41.7372474887175],[-78.8625717386992,41.7438661446001],[-78.817831426248,41.7708050243951],[-78.7727402102872,41.7773703371722],[-78.7323116360283,41.7876880015998],[-78.7190167449948,41.7773703371722],[-78.6726929766839,41.7708050243951],[-78.6202020637417,41.7842031747368],[-78.5930771534633,41.7907671159862],[-78.5406608069779,41.8108962671175],[-78.4493467080042,41.8175522758623],[-78.4405390069178,41.8669243894072],[-78.4854547711238,41.8777779412041],[-78.4942624722102,41.937290253697],[-78.4125368351706,41.9446288431538],[-78.3776569370294,41.9312642639061],[-78.3415488739099,41.9247147279977],[-78.3241615602759,41.9112521299295],[-78.182834809786,41.897385925476],[-78.1262997236555,41.8982445915511],[-78.1170183022922,41.8910549485601],[-78.0971746578032,41.928503554637],[-78.0451048301504,41.9379469036278],[-78.0183308233816,41.9514438303877],[-77.9026815034983,41.9598555346779],[-77.8207014608753,41.9981928000118],[-77.7750400249149,42.0115759361596],[-77.7567491327676,42.0257211573014],[-77.7583413615744,42.0837208594009],[-77.8117183080341,42.0914543282282],[-77.8634767086425,42.1112365829696],[-77.9024270979149,42.1181134456385],[-77.9373113825296,42.1047828468672],[-77.9608702263701,42.1051391903047],[-78.0135804549041,42.1316437338827],[-78.1120837091128,42.1301530712244],[-78.1439195114036,42.13823378216],[-78.1890107273643,42.1447613525815],[-78.1978184284507,42.1715313331423],[-78.2160128217737,42.1914258953986],[-78.2032311283805,42.2098099802226],[-78.1330019973965,42.2179852841857],[-78.0632465875876,42.1913682113994],[-78.0091722187856,42.1848454481542],[-77.9917234972171,42.1713899202006],[-77.9814814740829,42.1715451493208],[-77.9106558060546,42.207118217228],[-77.8654417733265,42.2179852841857],[-77.8351236324875,42.2256706960922],[-77.7666314785469,42.2246353634924],[-77.7398530853045,42.2380738742408],[-77.7028677607162,42.2445911426281],[-77.667987862575,42.2312896152632],[-77.6408629522966,42.2247709730683],[-77.6320552512102,42.2179852841857],[-77.6167689784481,42.211465268245],[-77.6051057926866,42.2380738742408],[-77.5869640352495,42.2445911426281],[-77.578156334163,42.2646712651293],[-77.5150988125199,42.2711857857168],[-77.4201484662267,42.3339026602453],[-77.3704165382369,42.3580019782323],[-77.3535775131332,42.3709486577193],[-77.316315851492,42.3889953387987],[-77.3179563297111,42.4483137754585],[-77.2815368386488,42.4570341747308],[-77.2637459847212,42.4637941157483],[-77.2366210744429,42.4702880202304],[-77.1573079053196,42.503971409929],[-77.0859383352346,42.5028978068543],[-77.0571334693737,42.5101652902079],[-77.0210254062542,42.516654382402],[-76.9808687825745,42.5267843598371],[-76.7478594837072,42.5379873313293],[-76.7142472270095,42.5295109463127],[-76.6131297360851,42.5310317702133],[-76.5989926744728,42.5631188245024],[-76.5805000126277,42.5697267831625],[-76.5624240487003,42.5971630770242],[-76.5359351528296,42.6158951075617],[-76.5271274517432,42.6424649235863],[-76.499125279996,42.6753637536881],[-76.4642453818548,42.6621534119343],[-76.4461036244177,42.6556794484244],[-76.4283127704901,42.6489402626969],[-76.405455734567,42.6424649235863],[-76.3840681115817,42.6748864752807],[-76.342437689389,42.7127928483051],[-76.2913810984947,42.7219371399083],[-76.2396665608249,42.7415054240273],[-76.2035584977054,42.7479704448788],[-76.1757668686029,42.7549557421376],[-76.1362725772738,42.7543639346295],[-76.0936771686332,42.7550016371157],[-76.0061045869539,42.7810773989384],[-75.9520302181519,42.7875382916917],[-75.9148431229676,42.7945311983034],[-75.8623741414947,42.8206240981404],[-75.8344377641556,42.8340572373866],[-75.7924871428698,42.8334291948969],[-75.781525765924,42.8681477145729],[-75.8045494815531,42.9504691905804],[-75.7800300359416,42.9591755190262],[-75.7441588334097,42.9864927749751],[-75.7198323845488,43.0231574554269],[-75.7649104419873,43.0447606077717],[-75.821862227832,43.0439111167739],[-75.8546849489383,43.0443999760396],[-75.9233788725765,43.070256676507],[-75.9701719755891,43.0769300065003],[-75.998494348226,43.084009461346],[-76.050279065879,43.1696684990706],[-76.1272894244326,43.1685224219646],[-76.1896977731458,43.1694509622294],[-76.2484742619114,43.221246867521],[-76.2935654778721,43.2276616350362],[-76.3023731789585,43.2474258676798],[-76.3480170699231,43.2539161483798],[-76.3472056028624,43.282878361388],[-76.2918065693593,43.3192292874142],[-76.2061902803152,43.3032630939671],[-76.1503438435798,43.3171717107549],[-76.0502220435197,43.3290295417533],[-76.0240708926363,43.3192292874142],[-75.9879628295167,43.3128241639189],[-75.959364119827,43.3021051625919],[-75.9017543890036,43.3339103328078],[-75.8474080687241,43.3467361915472],[-75.8173180155256,43.391818918483],[-75.7857497782389,43.4138566366437],[-75.7667702357981,43.4282058024411],[-75.7184682442809,43.4367566579995],[-75.6737279318296,43.4499317506659],[-75.5847736648865,43.4589467712758],[-75.5469461697193,43.4495472388602],[-75.4865993836163,43.4504412446077],[-75.4401659579586,43.476012324795],[-75.4121637862114,43.4824002223824],[-75.3758890433858,43.4688414475955],[-75.3505142686732,43.4496706331127],[-75.3213584984045,43.4293286791056],[-75.2424488695749,43.4304985189005],[-75.2154994110513,43.4300987531855],[-75.1369626180989,43.4312630037125],[-75.1139959248291,43.4226691604689],[-75.0718566914696,43.4434098491523],[-75.03574862835,43.4498011923563],[-74.9976316367095,43.4685549450657],[-74.9123092297139,43.480642583018],[-74.8923734737723,43.495695831112],[-74.8680294799156,43.512662733367],[-74.7932035016377,43.5214958518458],[-74.722829622417,43.5626718957662],[-74.6764225147022,43.573583973995],[-74.6194356388659,43.6049029031141],[-74.5865909862903,43.6126205254842],[-74.5547683425218,43.6282353580903],[-74.5149012153155,43.6582612723335],[-74.4931275970324,43.665903826477],[-74.4610022982683,43.6972428729255],[-74.4428605408311,43.7036073350307],[-74.3933084519679,43.7253260859986],[-74.360406777033,43.7985483741743],[-74.3350627067368,43.8074234207862],[-74.3249785912598,43.8595090289609],[-74.3262769371197,43.9052123624497],[-74.2748124194582,43.940825962602],[-74.263372935762,44.0081838356864],[-74.2521132911924,44.0239029518709],[-74.2092985669601,44.0338931064918],[-74.1920209106728,44.0468176505547],[-74.1643828027541,44.0532646798857],[-74.1376087959853,44.0663047632878],[-74.1050580263565,44.0816390245005],[-74.0837098789381,44.1050203757748],[-74.0565849686597,44.1113413926928],[-74.0141123758882,44.1320067440652],[-73.9828774971152,44.1168075659359],[-73.9669288920026,44.1048912400392],[-73.9258379862914,44.0985695333416],[-73.8800888235553,44.1208358195192],[-73.8681142107494,44.1823755816616],[-73.8465949980497,44.205138525529],[-73.8591310579082,44.2401966255698],[-73.8679387589946,44.3050232420463],[-73.8417437442742,44.323028796947],[-73.8319403532218,44.4161569479667],[-73.790928400441,44.4353600484108],[-73.7782168879294,44.4910807186219],[-73.7512674294058,44.5095483553216],[-73.7423500709727,44.5356231830613],[-73.7264716467416,44.5797707525452],[-73.7513332238139,44.605889087006],[-73.7601409249003,44.6541209344371],[-73.7331914663767,44.6634208828108],[-73.7243837652903,44.6827133403818],[-73.7049217296256,44.6894275424792],[-73.6794680010843,44.7082562127241],[-73.6520228899162,44.7145856230721],[-73.6292448078217,44.7479419072155],[-73.573376439617,44.7608163763638],[-73.5537038613076,44.810315032694],[-73.5380052753048,44.8319304702059],[-73.5086126453468,44.8420439289346],[-73.4998049442604,44.858249287136],[-73.5358296679761,44.8706359838482],[-73.5714026028843,44.9090762851201],[-73.5986196255135,44.9184276556009],[-73.6074273266,44.9376350458557],[-73.6254681996375,44.9624228008714],[-73.6343767851236,45.0070727051673],[-73.5073055265399,45.013834479799],[-73.6496630578856,45.0201148810875],[-73.6613262436472,44.9947099758534],[-73.7388805042576,44.9884841795368],[-73.7467539215159,45.0170034473821],[-73.7377707686747,45.0170034473821],[-73.7377707686747,45.010652932337],[-73.7377707686747,45.0043017130775],[-73.6748886987863,45.0043017130775],[-73.6748886987863,45.010652932337],[-73.6695724967827,45.0132468681363],[-73.6561153125167,45.027027021595],[-73.4719431342764,45.0322954377254],[-73.4646092326013,45.046153132553],[-73.4503098777565,45.0614373347045],[-73.4448313825203,45.0639135642667],[-73.4278519956535,45.082645626719],[-73.4108726087866,45.0639135642667],[-73.4053941135505,45.0614373347045],[-73.4053941135505,45.0550917491563],[-73.3245457379797,45.0550917491563],[-73.3245457379797,45.0614373347045],[-73.3192295359761,45.06402896943],[-73.3107946716652,45.1018181592595],[-73.2743137717701,45.1084263368967],[-73.2706468209325,45.1121766674607],[-73.2706468209325,45.1185159151088],[-73.2616636680914,45.1185159151088],[-73.2672298892049,45.0979332339093],[-73.3022589220563,45.0901045268488],[-73.312220220766,45.0459361959953],[-73.4163028546105,45.0393455834417],[-73.4278519956535,45.0651125255297],[-73.4366640823151,45.0454511845004],[-73.4459893675154,45.0393455834417],[-73.4546303879975,45.0193668809899],[-73.4366640823151,45.0075983568748],[-73.428023061833,44.9946525905693],[-73.383107297627,44.984595427809],[-73.3741241447858,44.9212579266236],[-73.4010736033094,44.9122510450611],[-73.4097146237915,44.8929201936512],[-73.4459893675154,44.8867983351726],[-73.4554286956377,44.8169716459669],[-73.4313171767934,44.7921102464802],[-73.4097146237915,44.7848748226743],[-73.3741241447858,44.765501182694],[-73.3534690341344,44.7585801168662],[-73.3292083805799,44.7399835790585],[-73.3108999425384,44.7338454634937],[-73.3022589220563,44.6889145709827],[-73.2749673311736,44.6827710365436],[-73.2620057995521,44.6632414965872],[-73.24801787265,44.644435641094],[-73.2393768521679,44.6122265584261],[-73.2210684141264,44.5932823476025],[-73.2034442408031,44.573844527837],[-73.1941189556028,44.5676888013444],[-73.1764947822795,44.5482424246834],[-73.1585591801152,44.536399361668],[-73.149545323756,44.5191318254476],[-73.1764947822795,44.5100621306495],[-73.1851358027616,44.452134201144],[-73.194750583537,44.432544312346],[-73.1761526499205,44.3946376923041],[-73.1675116294384,44.3622902630321],[-73.1581863442381,44.3561121864934],[-73.149545323756,44.2594425077416],[-73.1402200385557,44.233947546583],[-73.1315790180736,44.1435233665065],[-73.1222537328733,44.1179782048494],[-73.1136127123912,44.0914524738666],[-73.152492920782,44.0782721931428],[-73.1671694970793,43.9393209706408],[-73.1132705800321,43.8659289761345],[-73.10462955955,43.8527278024936],[-73.0875229694423,43.8294090818585],[-73.059713795344,43.7749416482226],[-73.0503885101437,43.762214533029],[-73.0417474896616,43.7295196033797],[-72.9990292642537,43.7149487988724],[-72.9707770724984,43.6716696061711],[-72.9508500886055,43.6583112525592],[-72.9525914521225,43.626491492628],[-72.9379280343475,43.6064290385694],[-72.9237032468578,43.5846028960908],[-72.8836080320109,43.5423806968204],[-72.8151904445271,43.5347113053505],[-72.77989384757,43.5482505239188],[-72.7589492404452,43.5804048061992],[-72.7383643106753,43.608581601237],[-72.7777138537678,43.7113003914364],[-72.8296345476086,43.7725590840134],[-72.8437759947962,43.7953498997912],[-72.8258096891138,43.8073648589864],[-72.8171686686317,43.8414670183035],[-72.8531012799965,43.904528947394],[-72.8617423004786,43.9253683770334],[-72.8431005039234,43.9507361608535],[-72.8499694582687,44.0753762816887],[-72.834792841955,44.0854782704275],[-72.825134198241,44.1290205860839],[-72.8351349743141,44.1564145339725],[-72.8437759947962,44.1960169490528],[-72.8258096891138,44.207951047102],[-72.8080451540274,44.2795504034549],[-72.7791569487627,44.2987096326396],[-72.7468561973455,44.3815870690245],[-72.6988831787668,44.3881323354806],[-72.6462782220043,44.4139935510184],[-72.6365406244616,44.4064837022524],[-72.5970551060796,44.4076023680979],[-72.5652368487847,44.4659383781543],[-72.5384891599587,44.4836245868839],[-72.5207246248723,44.5548878034004],[-72.5000695142208,44.5618332255438],[-72.4758088606663,44.5804869827514],[-72.4485172697836,44.586641354604],[-72.4398762493015,44.631651542642],[-72.4036015055777,44.6378004958496],[-72.3949604850956,44.644435641094],[-72.3753142238307,44.6505832396203],[-72.3201432788665,44.6235679549019],[-72.2532565122549,44.6254551104703],[-72.2420407297257,44.683845422571],[-72.1975811416991,44.7131276286778],[-72.1883479697481,44.7338454634937],[-72.1773865928023,44.7399835790585],[-72.1441866493453,44.7145279586033],[-72.060004682349,44.7063514870582],[-71.9907186072418,44.7402265980502],[-71.9066199796494,44.7473741588387],[-71.8498392599842,44.7751179776906],[-71.8380050089415,44.8103726016347],[-71.8107134180588,44.816502588727],[-71.7930892447355,44.8231172659249],[-71.759626122748,44.8306309727745],[-71.7352558118468,44.8672436449368],[-71.6334584426777,44.8253805804832],[-71.5856477173314,44.861969384427],[-71.5429338783971,44.876256801168],[-71.5325778123408,44.8630311152316],[-71.5788006953538,44.852657029733],[-71.5762303206785,44.8066359458106],[-71.5562682458957,44.7662096712715],[-71.4142835495288,44.7593657766007],[-71.3874832257154,44.7996746797628],[-71.2899142553348,44.8161634342173],[-71.272408511407,44.8424715690635],[-71.2537579419047,44.8547240668848],[-71.2427395434979,44.863153142779],[-71.2456564370058,44.9153107009696],[-71.2445642464188,44.9348769988203],[-71.2178253305399,44.9438089269243],[-71.1900600193803,45.0058469412636],[-71.1549432606515,45.0137073449007],[-71.1463022401694,45.0647306888463],[-71.1185939504708,45.0966861932965],[-71.0798804217861,45.0956032351894],[-71.0385044060751,45.1408184007641],[-71.0201959680336,45.1469131635855],[-70.9868468907647,45.1630959287142],[-70.9622353328023,45.1899647677579],[-70.9365886066122,45.1984937584766],[-70.8901113180158,45.1971955983985],[-70.8547182222343,45.1981839026528],[-70.8007271928362,45.2115169936406],[-70.7789272566102,45.2600103347755],[-70.7443631719869,45.2997322855835],[-70.7306077191988,45.3604273146164],[-70.6608698543858,45.3682327465399],[-70.6342625282213,45.3810938355407],[-70.6159540901798,45.3871628585682],[-70.5820654973277,45.4035382684503],[-70.5456021433267,45.4311607233981],[-70.5261225617679,45.4376121748626],[-70.5084983884446,45.5026909893607],[-70.5374129116522,45.5409777986349],[-70.5261225617679,45.5635383114399],[-70.5162138989439,45.6214760595173],[-70.4571391416563,45.6409721308171],[-70.429922119027,45.6812731661231],[-70.3786330531203,45.6898086472781],[-70.3526047190042,45.7179576144288],[-70.3195100464204,45.7393617686979],[-70.3046492454213,45.750552778985],[-70.2057643832865,45.8072263482623],[-70.1318814599872,45.8154300017864],[-70.1042565105908,45.8648502832948],[-70.0728812700547,45.8717673449728],[-70.0526165402762,45.9456144779715],[-70.0230660026609,45.9521196974748],[-69.9901643286243,45.9768031537516],[-69.950029636414,45.9899647411354],[-69.925440009921,46.0083992635145],[-69.888318710043,46.0145407088261],[-69.8706945367197,46.0210165144487],[-69.8451662408234,46.0293812423277],[-69.8262568792641,46.070833662945],[-69.7805208759487,46.0768913429122],[-69.7710990928222,46.0975287140758],[-69.7535714174251,46.1204949152817],[-69.744930396943,46.1456328006473],[-69.7266219589015,46.1516192137238],[-69.7176738969502,46.177632795017],[-69.6817061946955,46.2138150379746],[-69.6730651742134,46.2451231758994],[-69.6547567361719,46.2510987601626],[-69.6461157156898,46.2699676266956],[-69.6278072776483,46.2759405040063],[-69.6191662571662,46.3010073609834],[-69.6013446988222,46.3242703191121],[-69.5922167986427,46.3489797368817],[-69.648778202716,46.3741848991723],[-69.6190215089296,46.3932042300612],[-69.610183104325,46.4193392277627],[-69.6840440952567,46.4522094619075],[-69.6815965373488,46.494711452862],[-69.6457735833307,46.5175576778011],[-69.6313163217269,46.5282951805406],[-69.6128850678164,46.6341447046655],[-69.655098868531,46.6410489887709],[-69.6906893475367,46.6474510410573],[-69.7961580540169,46.6537605061416],[-69.8096283968051,46.6829572239328],[-69.8437450781961,46.690366766708],[-69.9122942535977,46.7068446546197],[-69.9534421816681,46.6763833184307],[-70.02340813502,46.6782853038707],[-70.0320491555021,46.6348811028533],[-70.0495110364912,46.6237708108726],[-70.0589986140257,46.6126574842371],[-70.0320491555021,46.5857478415499],[-70.02340813502,46.5590057972512],[-70.0503575935436,46.5239743284778],[-70.0602399384247,46.4388272196734],[-70.0816275623083,46.4341599267265],[-70.0726444094671,46.4465406763812],[-70.0726444094671,46.4527299962294],[-70.0636612566258,46.4527299962294],[-70.0636612566258,46.5393066301936],[-70.0456949509435,46.5393066301936],[-70.0456949509435,46.5516634690748],[-70.0456949509435,46.5763687087221],[-70.049361901781,46.586195503278],[-70.0599943057883,46.591238599278],[-70.0673282074634,46.6279383790898],[-70.0456949509435,46.6504169275611],[-70.0410323083433,46.6533826514366],[-70.0317157969884,46.7134404166987],[-69.9961165441373,46.7211675304919],[-69.9784923708141,46.7398740211839],[-69.9691670856137,46.7457954884754],[-69.9578416457378,46.7944951567566],[-69.9335766066081,46.7765646206114],[-69.9289139640079,46.7736056585548],[-69.9244223875873,46.7657253144677],[-69.9199308111667,46.7736056585548],[-69.9151058753341,46.7764527241991],[-69.90613149544,46.8366819225883],[-69.8701901111281,46.8440831054301],[-69.8528905242698,46.8629703637126],[-69.8432406526045,46.8686548879796],[-69.8319810080349,46.9108433913388],[-69.7966449337143,46.9181100173379],[-69.7737221033832,46.9362805076899],[-69.7370482067376,46.9438195618645],[-69.7271263844931,47.0101802011419],[-69.6864434046508,47.0185319627508],[-69.6635775957806,47.0464644749827],[-69.654274242948,47.0812041458783],[-69.6178459789387,47.0922724596109],[-69.5734127079566,47.1349200192002],[-69.5474633276692,47.1630939058781],[-69.5378134560039,47.1687473180019],[-69.5294970219868,47.1814140542821],[-69.4839145389567,47.2236829552536],[-69.4755981049396,47.2363365833459],[-69.4330465592377,47.2429001191593],[-69.4216991878924,47.2851088681752],[-69.4120493162272,47.2907492824273],[-69.3947497293689,47.3094781628018],[-69.35815039918,47.3151159780032],[-69.3498339651629,47.3520974046613],[-69.3312009406564,47.3698999821375],[-69.3228845066393,47.3825186647653],[-69.3044707977246,47.3932610635371],[-69.2959350481157,47.4311561889966],[-69.2538002012297,47.4376317668882],[-69.238325316394,47.4610803351002],[-69.0976389667853,47.4554581103853],[-69.0893225327682,47.4367810116626],[-69.0706895082617,47.4311561889966],[-69.0623730742446,47.4185491516103],[-69.0446392426763,47.4082104341324],[-69.0345244227829,47.3928624252303],[-69.0084741571975,47.3776681103128],[-69.0167905912146,47.3333836295229],[-69.0437400497381,47.3076174703972],[-69.035423615721,47.2724668901622],[-69.0167905912146,47.2546314553577],[-69.0075749642593,47.240610493785],[-68.989841132691,47.2302368885511],[-68.9815246986739,47.2175818040895],[-68.9637908671055,47.2072036917041],[-68.9468553431774,47.1814140542821],[-68.8596775288446,47.1873658474379],[-68.8281443815495,47.2175818040895],[-68.8195998589935,47.2305838873024],[-68.7882026878864,47.2058310884401],[-68.7616436102358,47.2123704691417],[-68.7389795719616,47.2302368885511],[-68.6484813247256,47.2358831513114],[-68.6401648907085,47.2546314553577],[-68.621531866202,47.2602751186717],[-68.6132154321849,47.2790147896101],[-68.486784573584,47.2846558536525],[-68.4629669367883,47.2936689255022],[-68.4443558446495,47.2790147896101],[-68.4239025036957,47.2846558536525],[-68.4155860696786,47.3033868920663],[-68.3705738066482,47.3125763218795],[-68.3590509826498,47.3638156779558],[-68.3430541281249,47.3581830603174],[-68.3270177971349,47.3338362265906],[-68.2981383639189,47.3394714429203],[-68.2821020329289,47.3638156779558],[-68.1903405298246,47.3581830603174],[-68.1785764596634,47.3403237702709],[-68.1364416127774,47.3338362265906],[-68.1281251787603,47.3151159780032],[-68.110391347192,47.3047569689707],[-68.1011757202368,47.2907492824273],[-68.0810250342786,47.2789723845522],[-68.0555932372067,47.2546314553577],[-68.0472768031896,47.2419821962283],[-68.0106774730007,47.2363365833459],[-68.0014618460455,47.2223107790879],[-67.9837280144771,47.2119335916309],[-67.97541158046,47.1992741379165],[-67.9298290974299,47.1569857853426],[-67.9215126634128,47.1443132225844],[-67.884913333224,47.1386572103751],[-67.8676137463657,47.1198678912846],[-67.8353217678956,47.1132510682404],[-67.7771154991296,47.0591603473509],[-67.7687990651125,46.8993538051115],[-67.7469596515231,46.8783049047709],[-67.7639741292799,46.8596704840484],[-67.7729572821211,46.8596704840484],[-67.7729572821211,46.7982096648652],[-67.7639741292799,46.7982096648652],[-67.7461920482993,46.7797847480652],[-67.7603071784423,46.7649396205939],[-67.7639741292799,46.7551452737693],[-67.7729572821211,46.7551452737693],[-67.7729572821211,46.724363907806],[-67.7639741292799,46.724363907806],[-67.7423408727599,46.7019161050034],[-67.749674774435,46.6714309196114],[-67.7639741292799,46.6565830424585],[-67.7729572821211,46.6565830424585],[-67.7729572821211,46.601062697992],[-67.7639741292799,46.601062697992],[-67.7612019840086,46.5906229322761],[-67.7434725389138,46.5763687087221],[-67.7612019840086,46.5621107372675],[-67.7639741292799,46.5516634690748],[-67.7754794073841,46.5485745230502],[-67.7639741292799,46.5454854012292],[-67.7423408727599,46.5229632886522],[-67.749674774435,46.473820682853],[-67.7603071784423,46.4625791751347],[-67.7639741292799,46.4527299962294],[-67.7754794073841,46.4496354242194],[-67.7639741292799,46.4465406763812],[-67.7423408727599,46.4239775544592],[-67.749674774435,46.3437476052516],[-67.7639741292799,46.3288099604695],[-67.7754794073841,46.3257083545989],[-67.7639741292799,46.3226065728633],[-67.7616888646044,46.3117762195733],[-67.743722558922,46.2992194158836],[-67.7482930882729,46.143985662653],[-67.7752425467965,46.1251791223069],[-67.7706720174456,46.0941714362873],[-67.7639741292799,46.0925866393111],[-67.7423408727599,46.069877367143],[-67.749674774435,46.0452727182598],[-67.7603071784423,46.0339430115995],[-67.7639741292799,46.0240165714467],[-67.7729572821211,46.0240165714467],[-67.7729572821211,45.9928202086438],[-67.7639741292799,45.9928202086438],[-67.7423408727599,45.9700698985998],[-67.749674774435,45.9141801312652],[-67.7639741292799,45.899125548905],[-67.7729572821211,45.899125548905],[-67.7729572821211,45.8678588031032],[-67.7639741292799,45.8678588031032],[-67.7595702787367,45.8584127255518],[-67.741915400997,45.8345399104705],[-67.7639741292799,45.7990100191014],[-67.7692903312835,45.79645191604],[-67.7766242329586,45.7389071634416],[-67.7909235878035,45.723805110787],[-67.8024288659077,45.7206693730205],[-67.7909235878035,45.7175334592561],[-67.7870110034312,45.7077211083218],[-67.7050046437637,45.7022548471004],[-67.6702300164957,45.6700698073293],[-67.6651594480267,45.667334902921],[-67.6567158107688,45.6491473432185],[-67.6343193366003,45.6328509335175],[-67.6011895740248,45.6253328706052],[-67.5846225003987,45.601443831028],[-67.480531093607,45.6076257048057],[-67.4541825594995,45.6268083433126],[-67.4361767764536,45.6076026909617],[-67.4270181718577,45.601443831028],[-67.4182104707713,45.5887465296231],[-67.3912610122477,45.5609172113316],[-67.4000687133341,45.5384324535992],[-67.4182104707713,45.5196790640437],[-67.4270181718577,45.4628768483239],[-67.4719339360636,45.4526529502459],[-67.4630385090998,45.4311476418239],[-67.4270181718577,45.4188821532901],[-67.4182104707713,45.4061436050532],[-67.3912610122477,45.3879622576036],[-67.400941587431,45.3385754707346],[-67.4539676303813,45.3264787699762],[-67.4451599292948,45.2545761115645],[-67.4360013246989,45.2420538051698],[-67.4213642239685,45.1997671632338],[-67.4090518661753,45.1914300182441],[-67.3950200763344,45.1407611626096],[-67.2898057754377,45.1471196627189],[-67.2723351223998,45.197633730997],[-67.2293888093514,45.1914300182441],[-67.220581108265,45.1723076972106],[-67.1844730451454,45.1661012240476],[-67.1666821912178,45.1469703961971],[-67.1575235866218,45.1407611626096],[-67.1487158855354,45.121621827901],[-67.1217664270118,45.1123956742196],[-67.1305741280982,45.0899202728443],[-67.1487158855354,45.08370482826],[-67.1575235866218,45.0645463530047],[-67.2026148025826,45.058328147964],[-67.211422503669,45.0391611657629],[-67.2475305667885,45.0329402002604],[-67.2581498113752,45.0174693207458],[-67.3014294838357,45.0075409851333],[-67.3102371849221,44.9947099758534],[-67.3967438939573,44.9872339751566],[-67.4090518661753,44.9692938031886],[-67.494962037268,44.9626897116134],[-67.5078665474284,44.9438663630994],[-67.5256881048741,44.9317430813703],[-67.534816005952,44.9184276556009],[-67.6248229861187,44.9121935779001],[-67.6336306872052,44.8929776807171],[-67.7284933076209,44.8864044315125],[-67.7414285212995,44.8675164384811],[-67.8542179700342,44.8609985757999],[-67.8671926610762,44.8420439289346],[-67.957199641243,44.835801569915],[-68.0092212194835,44.8167958477643],[-68.0560143224961,44.810315032694],[-68.0648220235825,44.7910651081224],[-68.1087640274952,44.7834621866726],[-68.1187209406297,44.7400412187943],[-68.1548290037493,44.7337878182198],[-68.1636367048357,44.7145123736364],[-68.1817784622728,44.7082562127241],[-68.1934416480344,44.6827133403818],[-68.3883909776203,44.688972261607],[-68.4000541633819,44.7145123736364],[-68.4602562003499,44.7082562127241],[-68.4690639014363,44.688972261607],[-68.5051719645559,44.6827133403818],[-68.5229628184835,44.6634208828108],[-68.559070881603,44.6571592012996],[-68.5678785826895,44.6378582373614],[-68.6129697986502,44.6315937955934],[-68.6246329844117,44.606017123388],[-68.6578855628562,44.6122843253813],[-68.6753211259024,44.6378582373614],[-68.7387339384269,44.6315937955934],[-68.7475416395134,44.6122843253813],[-68.7926328554741,44.606017123388],[-68.8014405565606,44.5930964978143],[-68.8106649555645,44.5867850533737],[-68.8014405565606,44.5740304398213],[-68.7925889925354,44.5352972319364],[-68.7833295026415,44.5488988695373],[-68.7655079451958,44.5611027023647],[-68.7538447594342,44.5866991470021],[-68.7117844799034,44.5758340632695],[-68.7206360439285,44.5224038883739],[-68.7387339384269,44.5100042627497],[-68.7478618395048,44.4965914314317],[-68.7656833969505,44.4843740766553],[-68.7745744374408,44.4518829301675],[-68.8011510600872,44.4336515172652],[-68.7656833969505,44.407287452135],[-68.747734636264,44.3949644297731],[-68.747186348632,44.3757182772077],[-68.7565247923546,44.3687702722018],[-68.7656833969505,44.3624768500589],[-68.7782282297561,44.3439924824027],[-68.8195823139977,44.3367818894267],[-68.8423428510963,44.2866008286454],[-68.9448332561341,44.2851030469081],[-68.9978373667166,44.2980896148209],[-69.0441611350276,44.2917886034732],[-69.0729660008884,44.2847317360118],[-69.1587840596302,44.28598539283],[-69.2273858718158,44.2660626662886],[-69.2507736503751,44.2723664372354],[-69.2827542009025,44.2841610269124],[-69.3495883316282,44.2724952065699],[-69.3941531914263,44.2560559660498],[-69.4383671468166,44.2723664372354],[-69.4573861657226,44.2660626662886],[-69.50970162691,44.2467608215609],[-69.5566350916857,44.253124784585],[-69.574684736772,44.2665801535268],[-69.6366851596163,44.2656739587744],[-69.6548400764741,44.3036389359431],[-69.6370492225465,44.3110756643829],[-69.5974628188664,44.3202664938999],[-69.5738118617767,44.3365246317104],[-69.5468711762002,44.3565763487549],[-69.4933670264996,44.355795424932],[-69.4413805382507,44.3857931450523],[-69.3496014910488,44.4070735900118],[-69.3488952957596,44.4317557879218],[-69.4034872486754,44.4393657403583],[-69.4482275611266,44.4459076745604],[-69.567324517154,44.4528394777848],[-69.6453305665719,44.5217792003907],[-69.6907726878389,44.5804291848171],[-69.6999312924348,44.5866991470021],[-69.7087389935213,44.5932245623895],[-69.744671604886,44.6178038673736],[-69.7358639037996,44.6315937955934],[-69.7267052992037,44.6442499549659],[-69.7092171002717,44.6825784556114],[-69.6752627130115,44.6830712118866],[-69.6215129297762,44.6752435386209],[-69.6011166111817,44.6827133403818],[-69.573478503263,44.6890907592578],[-69.5473975332611,44.7083863612008],[-69.5121623442385,44.6954861849023],[-69.4906036541754,44.7025784812786],[-69.4403190529783,44.7397654851382],[-69.3760509104543,44.7406970544176],[-69.2777231088987,44.7331085342925],[-69.2907723663975,44.6866131610498],[-69.3220291766398,44.6634809379247],[-69.3675546373106,44.6571592012996],[-69.376362338397,44.6378582373614],[-69.4033117969206,44.6194312945915],[-69.3902713114705,44.5804291848171],[-69.3530535127681,44.5877495411605],[-69.340605178787,44.606017123388],[-69.2955139628263,44.6122843253813],[-69.2686522301801,44.6221334260265],[-69.2294956847365,44.6077752554305],[-69.1706972645016,44.6352130210201],[-69.2146655872555,44.6503889917542],[-69.2058578861691,44.6699376791762],[-69.1878915804867,44.6822120049944],[-69.2236487400967,44.7146401703689],[-69.2646519199305,44.7217433659495],[-69.2775476571439,44.759308156771],[-69.2874036840821,44.7797557005897],[-69.286513264091,44.8106705587959],[-69.3073569859178,44.8393660488844],[-69.2834253053018,44.8643967234039],[-69.3046725674222,44.8866134264709],[-69.3134802685087,44.9439936523135],[-69.3226388731046,44.9565814915713],[-69.3316088674235,44.9890860046041],[-69.349640967514,45.0138368053573],[-69.3226388731046,45.041990907224],[-69.3404297270323,45.0519822173583],[-69.373046291069,45.0594590622785],[-69.393973353198,45.0899202728443],[-69.4501970122841,45.0835004222517],[-69.5094077439631,45.0329402002604],[-69.5921334583405,45.0391611657629],[-69.6099243122681,45.058328147964],[-69.6190829168641,45.0645463530047],[-69.6301320196873,45.1045000662392],[-69.6460323753877,45.1152829253084],[-69.6549058708821,45.153727234938],[-69.6730783327357,45.1660378258734],[-69.6460323753877,45.1843538074572],[-69.662616994908,45.2096041802853],[-69.6729818339113,45.2166208622573],[-69.6817895349977,45.2547027099831],[-69.7087389935213,45.2729268773968],[-69.6999312924348,45.2926325239894],[-69.6747231974283,45.3187924917069],[-69.6907726878389,45.3305369876008],[-69.6999312924348,45.3367255184518],[-69.7087389935213,45.3684161011821],[-69.7358639037996,45.3935284721374],[-69.744671604886,45.4188821532901],[-69.7707569613614,45.4458885596016],[-69.7535889633192,45.4692616134184],[-69.7673970510947,45.4785629113174],[-69.7806042162508,45.4881993926574],[-69.8256954322116,45.4943706724073],[-69.8511052978141,45.5215314813463],[-69.9155269606235,45.557305512702],[-69.9327914574902,45.5698840316927],[-69.9521043593431,45.563508370124],[-69.9777203811168,45.5448409111513],[-70.0053584890355,45.5385584176703],[-70.0564896481832,45.4952523380763],[-70.0785439899926,45.487750433892],[-70.1107087652219,45.4642766053798],[-70.174191758628,45.4795147925771],[-70.2029001256644,45.469144722184],[-70.237867749683,45.4817752551212],[-70.2568867685889,45.4756025953362],[-70.2750241404509,45.4623646202359],[-70.3286072430818,45.463132191017],[-70.3645091509285,45.4313654211783],[-70.4128813233273,45.4112091922531],[-70.4626614998311,45.3748254216498],[-70.4831762487194,45.3678336795388],[-70.5172227492288,45.3114614530301],[-70.5443476595072,45.286312648775],[-70.5696829577546,45.2495636599188],[-70.5801048191172,45.2419271785562],[-70.5892634237132,45.2357282964799],[-70.5980711247996,45.1406343104328],[-70.6251960350779,45.1344243867372],[-70.6340037361644,45.1152829253084],[-70.6521454936015,45.1090702411732],[-70.6609531946879,45.0899202728443],[-70.7599433276959,45.08370482826],[-70.7853970562371,45.0649986719633],[-70.8136667929883,45.0553109748638],[-70.7995560493188,45.0294303410031],[-70.7784359904392,45.0138918452366],[-70.7328184174175,45.0201148810875],[-70.7197428419758,45.0391611657629],[-70.7060444106487,45.021742618523],[-70.7148521117351,44.9947099758534],[-70.7240107163311,44.9884841795368],[-70.7328184174175,44.9692938031886],[-70.7570088900904,44.9609889103124],[-70.7827257962638,44.9234731283416],[-70.8318085504254,44.9121935779001],[-70.843471736187,44.8867408425666],[-70.903673773155,44.9057040765803],[-70.9209382700217,44.9184276556009],[-70.9306232316786,44.9121935779001],[-70.939430932765,44.8929776807171],[-70.9755389958846,44.8867408425666],[-70.984346696971,44.8675164384811],[-71.0563873714553,44.8612768398902],[-71.0651950725417,44.8420439289346],[-71.1248137309879,44.8337906214108],[-71.1418194357976,44.8103788249043],[-71.1550266009537,44.7910651081224],[-71.1909592123185,44.782789712722],[-71.1808663238944,44.7337878182198],[-71.1280771424301,44.7528014162662],[-71.0923199828201,44.7720641009144],[-71.0741782253829,44.7783133609406],[-71.0563873714553,44.784817228289],[-71.0104276669728,44.7911849535324],[-70.9760653529455,44.8165601521285],[-70.9540285561319,44.8091885366852],[-70.9124814742414,44.7656864809382],[-70.903673773155,44.7336600637794],[-70.8857074674726,44.6963600050809],[-70.894515168559,44.6825854731631],[-70.9216400788374,44.6571592012996],[-70.9388958036553,44.6318544374121],[-70.9662882789377,44.6218118616667],[-70.9935053015669,44.6124123476665],[-71.0294072094136,44.5801698740093],[-71.1094221864543,44.5813328567387],[-71.1451442551743,44.5548456079344],[-71.1730806325135,44.5544392796123],[-71.2264005575122,44.5552144264325],[-71.2459722505237,44.5346359438287],[-71.2672238991177,44.503405379076],[-71.2828742357082,44.4817359560101],[-71.2612234332942,44.4425600741394],[-71.2186236381801,44.3834930457977],[-71.2042804203965,44.3334186294589],[-71.2248258737012,44.3192975783378],[-71.2382874444408,44.2699503854656],[-71.2811460316118,44.2404543048895],[-71.3336720345456,44.2012763944331],[-71.3873560224746,44.2144481048107],[-71.4015369470256,44.2058389170833],[-71.441794455105,44.1757947672668],[-71.4965618606739,44.163046282901],[-71.5648259269739,44.1219245111902],[-71.6133033711443,44.1308418926527],[-71.6580831600606,44.1048912400392],[-71.7297290671984,44.0667420620665],[-71.7485375434596,44.0461240406674],[-71.7780793081279,44.0257172468025],[-71.7928304526786,43.9822046100214],[-71.8379216686393,43.9758697984764],[-71.8736788282493,43.956343471127],[-71.8918205856865,43.9500059009138],[-71.9185989789288,43.9369378580678],[-71.9536718738206,43.9374534971131],[-71.9878631225667,43.9247681236896],[-72.0175847254632,43.956343471127],[-72.0263924265496,44.0404802780862],[-72.0525260324372,44.0681910348629],[-72.0655226540503,44.1411925220922],[-72.053517336828,44.1501565641498],[-72.0442622334076,44.1565372636914],[-72.0623074920203,44.1689748909015],[-72.0627812131955,44.1855320354404],[-72.0608951023401,44.2516874153279],[-72.089274496438,44.281665384153],[-72.0757339727682,44.2972309961364],[-72.044358732232,44.3045186492193],[-72.0194927686862,44.3230374266588],[-71.9547026555748,44.3534165221334],[-71.9635103566613,44.3688988301255],[-71.9903062940011,44.38730089466],[-72.0022984527011,44.4137045179201],[-72.0355510311456,44.4074159254899],[-72.044358732232,44.3880320304104],[-72.0625004896692,44.3817406781246],[-72.0713081907556,44.3623482780406],[-72.0894499481928,44.3560541659522],[-72.0982576492792,44.3366532610309],[-72.1163994067163,44.3303563891952],[-72.1252071078028,44.2337605513197],[-72.1433488652399,44.2274526410938],[-72.1521565663264,44.2080092147359],[-72.1613151709223,44.2016985450733],[-72.1701228720088,44.1886883208565],[-72.2049325892684,44.1765773000382],[-72.2326452645422,44.1574789684578],[-72.2421635464931,44.1308167067501],[-72.2510809049262,44.104561311935],[-72.2848466819094,44.0812609157257],[-72.3050456163814,44.0598496977351],[-72.3224855659012,44.0340145136585],[-72.3584006313719,44.0214869600239],[-72.3767353873562,43.9958914276375],[-72.3669539268749,43.9591394284665],[-72.3353549851717,43.9481040243086],[-72.3140287692226,43.9182921150213],[-72.3307756819754,43.8922253540318],[-72.3497859288327,43.8851672811596],[-72.4128434504758,43.8788221250852],[-72.4216511515622,43.8592639193978],[-72.466742367523,43.8529160050084],[-72.4755500686094,43.8333492991365],[-72.516904152851,43.8260761880658],[-72.5294489856566,43.8074234207862],[-72.5386075902525,43.8010699900684],[-72.5489592707335,43.7475431574242],[-72.5655570487761,43.7228218800028],[-72.6008010107458,43.7233417489189],[-72.6103543826883,43.6315792785412],[-72.6420059602772,43.6095637662772],[-72.6682492235115,43.5509766003001],[-72.691237849149,43.5349664906568],[-72.7056380883935,43.4814764534444],[-72.7210296329271,43.4584524722908],[-72.7539269213884,43.4468667356266],[-72.7544839819675,43.4270367149153],[-72.753497063152,43.3920101622004],[-72.7719941123688,43.3780214476827],[-72.7991190226472,43.3716225248782],[-72.8151114915968,43.3357926703051],[-72.8409643730598,43.297023888624],[-72.870282436561,43.3192292874142],[-72.952227388294,43.3127930458234],[-72.9867125190887,43.2866732808106],[-73.0326809965183,43.2930811599295],[-73.0504718504459,43.3065572124036],[-73.1389962600509,43.3052421403753],[-73.2457852438603,43.3160898399823],[-73.2642515877624,43.3421650670622],[-73.2392935118658,43.3773838171981],[-73.2481012129522,43.4564529489956],[-73.2662429703893,43.4758818227963],[-73.2797747220104,43.546179259626],[-73.3021755817541,43.5540562030307],[-73.3109832828405,43.5737142648037],[-73.3201418874365,43.5800918243103],[-73.331805073198,43.6061161919959],[-73.374922452426,43.5996079785453],[-73.4054818394279,43.5765702684818],[-73.4274791597763,43.6256580390874],[-73.4459060272132,43.6321293055852],[-73.4547137282997,43.6517618768104],[-73.526754402784,43.6581311645852],[-73.5355621038704,43.6777552382197],[-73.6435353897195,43.6846990681049],[-73.7130583254143,43.7090865098499],[-73.7261426738031,43.755244830304],[-73.6710550682428,43.7745465407666],[-73.6701339438353,43.8070657218007],[-73.6860913218949,43.8519836871494],[-73.6255690840371,43.8605029010347],[-73.6344996009926,43.9315806386931],[-73.6525229290342,43.982214078308],[-73.6516105775738,44.0144734015309],[-73.6972588550119,44.0251258923483],[-73.6642957721425,44.0584265257509],[-73.6343767851236,44.0790835907673],[-73.6255690840371,44.1050203757748],[-73.5804778680764,44.1113413926928],[-73.57167016699,44.2016985450733],[-73.526754402784,44.2095474754848],[-73.5355621038704,44.2531954737801],[-73.5537038613076,44.2595006245027],[-73.5653670470691,44.2852294340187],[-73.57167016699,44.2789270428637],[-73.5804778680764,44.2595006245027],[-73.5986196255135,44.2531954737801],[-73.6074273266,44.2337605513197],[-73.6394561265396,44.2263124622992],[-73.6525185425607,44.208138125001],[-73.6613262436472,44.1629172739896],[-73.6794680010843,44.15660177548],[-73.6882757021707,44.1371349645014],[-73.6974343067667,44.1308167067501],[-73.7062420078531,44.059720463364],[-73.7243837652903,44.0533939283472],[-73.7331914663767,44.0338931064918],[-73.7513332238139,44.0275638125473],[-73.8050566891063,43.9951309568709],[-73.837673253143,43.9875162399384],[-73.858657336733,43.956385308671],[-73.9040468221142,43.9500059009138],[-73.9134686052406,43.8736873335847],[-73.9654068440773,43.8645588654081],[-73.9847197459302,43.8074234207862],[-73.9938783505261,43.8010699900684],[-74.0039624660031,43.7712129598719],[-74.039254677385,43.7588470007162],[-74.0382677585695,43.7238782554072],[-74.0653882823743,43.7034773249325],[-74.1101987757071,43.6723422045715],[-74.1370824398226,43.6322515328446],[-74.18964792012,43.6137915800694],[-74.2096538578414,43.5998716238152],[-74.244353916856,43.5737142648037],[-74.2543897829208,43.5800918243103],[-74.2660529686823,43.6061161919959],[-74.3621876170152,43.5997413896118],[-74.3879352285033,43.5803325186337],[-74.4181349390485,43.5732328222822],[-74.485793694459,43.5221923943009],[-74.516111835298,43.5115254990369],[-74.5328675209979,43.476012324795],[-74.5416752220843,43.4563224047634],[-74.5939819103246,43.4489087690854],[-74.6047327437274,43.4107897941316],[-74.6135404448139,43.3518986291375],[-74.6404899033374,43.3423907604756],[-74.6279099796419,43.2812650099853],[-74.5416752220843,43.2735936214856],[-74.5238843681567,43.2669217850083],[-74.4879649162125,43.2542308207557],[-74.4872280165068,43.2278557929143],[-74.5059180624743,43.221246867521],[-74.5233141490554,43.1821715755192],[-74.5416752220843,43.1752754082218],[-74.5598169795214,43.168855130691],[-74.5731118705549,43.1587627029649],[-74.6392573509872,43.1752754082218],[-74.6586316607746,43.168855130691],[-74.667439361861,43.1556189769106],[-74.7843958005513,43.1491966332891],[-74.7932035016377,43.0966117353089],[-74.8203284119161,43.0836226317618],[-74.8560855715261,43.0638053408011],[-74.8742273289633,43.0573733566495],[-74.9099844885733,43.0375475782099],[-74.9301088556903,43.0304106528331],[-74.9789065007504,42.9932722693675],[-75.0584740745587,42.9819098560387],[-75.0716812397148,42.9521322203049],[-75.089822997152,42.9456885326234],[-75.0986306982384,42.9389808591441],[-75.1347387613579,42.9325357947885],[-75.1435464624444,42.9258266884122],[-75.2155871369287,42.919380247428],[-75.2243948380151,42.8995099186081],[-75.2605029011347,42.8930607245051],[-75.2693106022211,42.8468426682901],[-75.2784692068171,42.8403879685099],[-75.3013394021607,42.8148069640613],[-75.3593175823878,42.7810773989384],[-75.3920131011515,42.7487000124741],[-75.4221996522762,42.7415054240273],[-75.4570795504174,42.7283091493705],[-75.4671154164822,42.7347755461551],[-75.4759231175686,42.7415054240273],[-75.4940648750057,42.7479704448788],[-75.540011420966,42.7830757765096],[-75.5747377988217,42.7743518177484],[-75.6093808363754,42.7660983794315],[-75.6648544372335,42.7147104411486],[-75.7184682442809,42.7155137177951],[-75.7279119588766,42.6941246426282],[-75.7455931545592,42.668891165831],[-75.7544008556456,42.6489402626969],[-75.772367161328,42.6362430271545],[-75.7635594602416,42.6225055421971],[-75.7544008556456,42.6160274520419],[-75.7452729545678,42.6021862251079],[-75.7274513971221,42.5895787520575],[-75.7186436960356,42.5497521657014],[-75.7005019385985,42.5432665112715],[-75.6888387528369,42.5167869375899],[-75.6286367158689,42.5232753422586],[-75.6198290147825,42.569734858928],[-75.6016872573453,42.5762177629008],[-75.5904890198119,42.6016220192365],[-75.5319406195852,42.612127200829],[-75.5028725760922,42.6225055421971],[-75.4940648750057,42.6424649235863],[-75.448973659045,42.6489402626969],[-75.4401659579586,42.668891165831],[-75.3232095192683,42.6753637536881],[-75.3117700355721,42.7012739566123],[-75.2559235988367,42.7021112537008],[-75.2002701597502,42.7012771802294],[-75.170495920968,42.7083773246408],[-75.1180050080257,42.7215778393749],[-75.0692819303208,42.7104650680136],[-75.026638272268,42.6952618503985],[-75.0359240801048,42.6887034777752],[-75.0481530984941,42.6610043084283],[-75.0896475453972,42.6225055421971],[-75.139326836603,42.6135927485429],[-75.196125101264,42.5700740407955],[-75.2243948380151,42.5599728928505],[-75.2115429637404,42.5064055443041],[-75.170618736837,42.4835075204043],[-75.1437219141991,42.4902961387799],[-75.1075524422468,42.4989508615393],[-75.05395179462,42.5257337762927],[-74.992240868249,42.5101652902079],[-74.9818497113028,42.516654382402],[-74.9644580111953,42.5299917632189],[-74.8920181828909,42.5365151572048],[-74.865112587306,42.5433004435998],[-74.8396149958261,42.5237473170757],[-74.8110776949692,42.513542482263],[-74.7369140481436,42.4445503114476],[-74.6422049480133,42.4431244893018],[-74.5999516717318,42.4591861737242],[-74.5357624821381,42.4494862212266],[-74.4879517567919,42.4637941157483],[-74.43387738799,42.4702880202304],[-74.4006730580594,42.4829026142892],[-74.3619200529095,42.4635279705765],[-74.2207029597663,42.4656538611348],[-74.201929574395,42.4512395895569],[-74.1375210701079,42.4502694579667],[-74.0970968823225,42.4508787247349],[-74.0388818406095,42.4500016373236],[-74.0255430875356,42.4702880202304],[-73.9938783505261,42.461292796082],[-74.005629262165,42.4290668336393],[-74.0296355101362,42.4106236208249],[-74.0572736180549,42.4040004525813],[-74.0830080701224,42.384220710542],[-74.1016761846205,42.3907228630467],[-74.1751555676262,42.4219704453294],[-74.195600135633,42.3908556850394],[-74.2903223942856,42.397357150288],[-74.3138373760857,42.4063016372069],[-74.3583276685287,42.3747311222031],[-74.4123143114532,42.3332079510998],[-74.4969349096331,42.3244743842181],[-74.5318148077743,42.3111897098238],[-74.5957495908862,42.317699421176],[-74.6405469247984,42.3290362895489],[-74.7159124195578,42.2912574399084],[-74.7761539338893,42.2978503212567],[-74.8172974754862,42.3135242985714],[-74.8376060682034,42.2978924975279],[-74.8652441761221,42.2912574399084],[-74.9015233054212,42.277431075106],[-74.9625324229765,42.2783519541566],[-74.9912320179641,42.2710843564431],[-75.0091456877608,42.2848804744724],[-75.0532017363921,42.2842152402309],[-75.0762605420128,42.2930030631841],[-75.1116711827902,42.2795072925483],[-75.2128544690209,42.2673191886905],[-75.2504451036006,42.238361271766],[-75.2918562102015,42.2377361396237],[-75.3154150549402,42.2380917348265],[-75.383687893289,42.2120476138212],[-75.4580445377636,42.2109235276237],[-75.5472707561843,42.2122717788824],[-75.5797908222949,42.187197717584],[-75.691694237512,42.1781887410488],[-75.7412507128488,42.1656185579821],[-75.8254107483757,42.1643449021485],[-75.8612775653325,42.1780392167033],[-75.8713485222872,42.1781911788632],[-75.8981313011048,42.1713980480096],[-76.1408518795718,42.1648732244509],[-76.1644107243106,42.13823378216],[-76.2217002551426,42.1447613525815],[-76.230507956229,42.1648732244509],[-76.2486497136661,42.1713980480096],[-76.2617252891079,42.1913682113994],[-76.3474643949193,42.1848454481542],[-76.3562720960057,42.1713980480096],[-76.3743480590348,42.158524123766],[-76.3832215545293,42.1181134456385],[-76.4193296176489,42.1115831286099],[-76.4281373187353,42.0914543282282],[-76.4462790761724,42.0849212648507],[-76.4550867772589,42.0714526339373],[-76.508985694306,42.061698544891],[-76.4979322050093,42.0069535964952],[-76.4462790761724,41.991382812893],[-76.3562720960057,41.9848394530496],[-76.3474643949193,41.9713495989521],[-76.3205149363957,41.9616282520303],[-76.3293226374821,41.9446288431538],[-76.3748480981529,41.9380178701723],[-76.4006746625713,41.9180209100109],[-76.4283127704901,41.9113459757674],[-76.4542489931535,41.8912549443706],[-76.5369747066326,41.88122910194],[-76.5808509170356,41.8643993598097],[-76.6272448662281,41.8576534809934],[-76.6789769479953,41.8175391994014],[-76.7195941334296,41.8181570358348],[-76.7837262997656,41.8103756242663],[-76.8245233243265,41.7904359914028],[-76.8413623494303,41.7773703371722],[-76.886453565391,41.7708050243951],[-76.904064580192,41.7571357655199],[-76.9286410481627,41.739517332925],[-76.9044198710734,41.7044272454222],[-76.9626392992599,41.7018442288909],[-77.0006159282391,41.7164493929516],[-77.0695510989384,41.6515148871044],[-77.1275906879983,41.6366696017127],[-77.1828976091504,41.6432486257249],[-77.2006884630781,41.6500957351089],[-77.2366210744429,41.6631201139815],[-77.2016402910037,41.7034865644077],[-77.1781428541994,41.7038443363838],[-77.1618608896747,41.6787816015743],[-77.1299198165108,41.7036044577934],[-77.0750997750561,41.7135811784265],[-77.0841224052608,41.731011958476],[-77.1020492335797,41.7438661446001],[-77.1159450481309,41.7758059427671],[-77.1378063931897,41.7842031747368],[-77.1559481506269,41.7907671159862],[-77.1737390045545,41.797598525949],[-77.1918807619916,41.8041610955986],[-77.2292564683513,41.8230431251827],[-77.2727291375624,41.8309406566313],[-77.2995908702086,41.8412496973073],[-77.3357866601039,41.8273568588321],[-77.3806980378363,41.8445941818155],[-77.5640017275549,41.8418076680664],[-77.6791510092184,41.8543415332501],[-77.7590607153859,41.8168878500817],[-77.8208637541078,41.8178276869882],[-77.9068528799274,41.7848057966065],[-77.9733273332982,41.7837943367511],[-78.025787541824,41.7845923860073],[-78.0540879829916,41.7773703371722],[-78.0901960461112,41.7708050243951],[-78.11697005288,41.7639707593042],[-78.1440949631583,41.7574040750719],[-78.1708689699272,41.7505683825303],[-78.255678178384,41.7428360384118],[-78.2879613839071,41.6631856516589],[-78.2608759500939,41.6238964449885],[-78.2696836511803,41.6163907080341],[-78.2878254086175,41.6098089426732],[-78.2992078708527,41.5749007580319],[-78.341031289796,41.5423260100824],[-78.393640633032,41.5431295191771],[-78.4149098266218,41.5354050749146],[-78.440363555163,41.5155738755154],[-78.4680016630817,41.5088570143122],[-78.4938940219082,41.4886751427121],[-78.6920672864712,41.4820680390642],[-78.7278244460813,41.4617405848213],[-78.7459662035184,41.4551430627084],[-78.7727402102872,41.441541569226],[-78.8241564785365,41.4340162882057],[-78.8628393028049,41.391218891931],[-78.8945742206959,41.3548971352289],[-78.9256292603423,41.3473313576498],[-78.9925774348883,41.313255120829],[-79.0502836654345,41.314139716536],[-79.0832862247691,41.290321469164],[-79.1347244244877,41.2500801637646],[-79.176982088141,41.2392056055678],[-79.2225075488118,41.2325219950624],[-79.2484613155728,41.212205562092],[-79.3603384137454,41.2047205765901],[-79.3794846349939,41.1603086714052],[-79.4061402114689,41.1885910819847],[-79.3945822974789,41.1931717409569],[-79.4022364000437,41.2111999690965],[-79.4061402114689,41.1885910819847],[-79.4738472171899,41.1854625828681],[-79.482163651207,41.1657630544892],[-79.3743658171126,41.1516510624066],[-79.3480830774132,41.1376177924195],[-79.2855650704549,41.1290282204927],[-79.2313020904776,41.0970122532888],[-79.2036859131299,41.0839756840251],[-79.1953694791128,41.0381271603472],[-79.230148491956,41.0011197885087],[-79.221147794119,40.9165255359566],[-79.1318206904004,40.9076932596281],[-79.1186793205506,40.9040458098072],[-79.1333997606849,40.8896314026801],[-79.1714992064313,40.9070037322312],[-79.2159719538785,40.9007520756229],[-79.2303897390172,40.8866329109783],[-79.2571637448877,40.8783480104864],[-79.2983204459052,40.833585989023],[-79.3752781685731,40.8458724509891],[-79.4084561805607,40.8557389620051],[-79.4280191015235,40.8180898548],[-79.4178560322179,40.8011997177664],[-79.3689969801216,40.8066647906741],[-79.3561538787939,40.7991618210153],[-79.3483287100495,40.7846847270473],[-79.2842886560644,40.7787578217101],[-79.2764634873199,40.7574720702916],[-79.266322350382,40.7379310160124],[-79.2584971816375,40.7166321904621],[-79.2405308759552,40.6940528150592],[-79.2492333052701,40.673718845158],[-79.3022549617467,40.6854428389191],[-79.2944297930023,40.6757672417642],[-79.2764634873199,40.6652484774252],[-79.2892276357173,40.6490632917469],[-79.320861667412,40.6345851391467],[-79.3471707259527,40.6493869344333],[-79.3932444742555,40.6553253682789],[-79.4377040631804,40.6825798072118],[-79.512806378511,40.67641592881],[-79.5087007973882,40.6553461656175],[-79.5768639783903,40.6465614586138],[-79.5908738367618,40.6289369761959],[-79.6037695739752,40.6050183240048],[-79.6530014619486,40.6105419752353],[-79.6650945059467,40.5775581327652],[-79.7059178466538,40.5821396397727],[-79.7115674080695,40.5568737341071],[-79.7348499157556,40.5596613487143],[-79.7454340694523,40.5909902791928],[-79.7777392064447,40.5854899962303],[-79.788503199268,40.5636376222337],[-79.8079038269983,40.5534611228727],[-79.7907709189477,40.5444721926063],[-79.7760943426504,40.5283177490341],[-79.760150123113,40.5199506442153],[-79.7528162214379,40.5050409714554],[-79.7343586495845,40.4994610806189],[-79.7258667629144,40.5404339472231],[-79.7115674080695,40.5568737341071],[-79.6776612693232,40.547844432427],[-79.6543261266498,40.5669805745038],[-79.6404873335595,40.548995138237],[-79.6619890012634,40.5338544015021],[-79.6484572505406,40.5215928063611],[-79.6170732370574,40.532851787004],[-79.605695162194,40.5601562085004],[-79.5541911671691,40.5535910987704],[-79.5455501466869,40.532851787004],[-79.5272417086455,40.5262840004219],[-79.5096175353222,40.51919540213],[-79.4553764859159,40.5126262772723],[-79.4387304584611,40.498965771751],[-79.4284270273923,40.5055362347837],[-79.3985519033121,40.5300480543461],[-79.3835112631863,40.5194554866566],[-79.3672556166046,40.5061190408557],[-79.32417771474,40.5048208527913],[-79.3390604472085,40.526198147788],[-79.3296123461392,40.532851787004],[-79.3176772097984,40.5614933128844],[-79.2858150895648,40.5876160486984],[-79.230797664886,40.5942710802584],[-79.2220689176282,40.6152003009982],[-79.210888225989,40.6060390058097],[-79.1527126616395,40.621517990956],[-79.0960503722681,40.6283685544391],[-79.087409351786,40.6354455952816],[-79.0691009137445,40.6420026720727],[-79.0303610671168,40.6575556801318],[-78.9253704682854,40.6490782677547],[-78.912650183725,40.6286282149461],[-78.8714715512382,40.6351859612842],[-78.8628305307561,40.6422622795596],[-78.8445220927146,40.6488186867793],[-78.8180595138885,40.6799037626127],[-78.6533142813213,40.6848549420192],[-78.6069817400633,40.6725395124549],[-78.5445514598808,40.6575465292523],[-78.4855381114259,40.5924550021283],[-78.494179131908,40.5806272190845],[-78.5278966594789,40.5725190295873],[-78.5726896069175,40.5230548802295],[-78.5760889936494,40.4578374017225],[-78.5727334698562,40.3933766932764],[-78.619008988755,40.3553265989919],[-78.6516869616245,40.3474427219058],[-78.6652011682498,40.3279747765047],[-78.6763818598891,40.2567219507993],[-78.6918084944143,40.2317688962988],[-78.719100085297,40.2183125957242],[-78.7277411057791,40.2043310189509],[-78.764015849503,40.197731142203],[-78.7726568699851,40.1768820316771],[-78.7990317229338,40.1673701365592],[-78.8010231055607,40.1289503727357],[-78.7955797003162,40.0238650272019],[-78.9749488750915,40.0184199844766],[-79.006446932395,40.0193773495046],[-79.0154958796442,39.9974772106348],[-79.0421514552209,39.9785565024712],[-79.0335104347388,39.9500042113114],[-79.0241851495385,39.9433796406963],[-79.0114648649782,39.9227149296666],[-78.9253704682854,39.9293415008008],[-78.912650183725,39.9500042113114],[-78.8984210097618,39.9433796406963],[-78.8857007252015,39.9227149296666],[-78.7996063285087,39.9293415008008],[-78.7909653080266,39.9433796406963],[-78.7546905643027,39.9500042113114],[-78.7460495438206,39.970922882778],[-78.6661003602897,39.9880007081982],[-78.6379095773671,39.9981929355727],[-78.5874363649947,40.0247954444198],[-78.5378316402457,40.0381070833199],[-78.4765549585847,40.0188348439376],[-78.4402802148608,40.0122169435703],[-78.3626338418995,39.9712825661267],[-78.2246845466722,39.9640381122706],[-78.2070603733489,39.9568903949184],[-78.1747990992952,39.9452174349566],[-78.1528193239426,39.9296038598997],[-78.1361732964878,39.9158253062501],[-78.1079035597366,39.9224525441665],[-78.0315204426436,39.9429811373555],[-77.9657346395662,39.9449803574171],[-77.9174589650935,39.9361641815803],[-77.8689508174051,39.9164813302235],[-77.7704914270333,39.913487117124],[-77.6958979219712,39.9254564569818],[-77.6332878035604,39.9086271300077],[-77.5392673537235,39.9114852951517],[-77.5153576045768,39.9017815152895],[-77.4674152895162,39.8930203526141],[-77.4017830067243,39.8692517215926],[-77.3508887081641,39.8385252587516],[-77.3356945477529,39.8259343807985],[-77.2824623486315,39.818128764893],[-77.281150843351,39.7927434352893],[-77.2904366511878,39.7776243760639],[-77.3081924142255,39.764980196353],[-77.3173861097114,39.7500034223919],[-77.3267113949117,39.7433595243663],[-77.3373174800778,39.7175923407803],[-77.4422071945096,39.7143954387781],[-77.4601384093021,39.7292804365953],[-77.5063744517356,39.7226345405947],[-77.5396665075436,39.6949915368528],[-77.6620619650049,39.703011915474],[-77.6937003831732,39.7292804365953],[-77.7668858841303,39.7226345405947],[-77.7793342181114,39.7023454137928],[-77.8907288221617,39.6989486886528],[-77.9272623570442,39.7292804365953],[-77.9832535420163,39.7225417636327],[-78.0164359395792,39.6949915368528],[-78.1186631660864,39.7017345892571],[-78.1518411780741,39.7292804365953],[-78.2429929847137,39.7226345405947],[-78.2516340051957,39.7016400964014],[-78.260959290396,39.6949915368528],[-78.2696003108781,39.6255720600209],[-78.2876148659727,39.6127158338339],[-78.3017914040503,39.5782101545548],[-78.3612302242681,39.5662056939195],[-78.4402802148608,39.5912316543735],[-78.4675718057435,39.5978901979196],[-78.4762128262256,39.6189161782045],[-78.4855381114259,39.6255720600209],[-78.4980259218722,39.645947917385],[-78.5570612017964,39.6949915368528],[-78.5843527926791,39.7016400964014],[-78.6019769660024,39.7226345405947],[-78.6685654640917,39.7307933853268],[-78.7460056808819,39.7496459498347],[-78.7555195763593,39.8259343807985],[-78.7909653080266,39.8192978109663],[-78.7996063285087,39.7983328196955],[-78.8628305307561,39.7916935846523],[-78.8755508153164,39.7709831424219],[-78.8897799892797,39.7776243760639],[-78.8984210097618,39.7916935846523],[-78.9436789063269,39.7983328196955],[-78.952319926809,39.8261971357943],[-78.9706283648505,39.8466282777522],[-78.9820064397139,39.8742104402984],[-79.0514767404212,39.8675785357128],[-79.0682061081782,39.8403675501341],[-79.0962521428641,39.8204095653126],[-79.1059502630433,39.7426478806256],[-79.200422502586,39.7287777998597],[-79.2133840342075,39.7076485613682],[-79.2397808177272,39.6888317662766],[-79.219173956488,39.6699220578817],[-79.1797673919345,39.6538676147516],[-79.1456287790742,39.6528257787095],[-79.0218165454592,39.6566046803121],[-78.9796115176917,39.6394088400481],[-78.9433367739678,39.63275428928],[-78.9257126006445,39.6255720600209],[-78.7370663909794,39.6185968823322],[-78.7464092202772,39.5662665585367],[-78.8206430479844,39.5427571084354],[-78.8448642250737,39.5494203088249],[-78.8788186123339,39.5632723065823],[-78.9526620591681,39.5566104365651],[-79.015838011105,39.5438462637579],[-79.0687938722753,39.5422277456138],[-79.101055146329,39.5553912787636],[-79.200913768757,39.5584433599004],[-79.23940798185,39.5309393458894],[-79.1952071858803,39.4336044744307],[-79.2038482063624,39.42462788888],[-79.2257007784741,39.4166616623059],[-79.266646936847,39.3568571174677],[-79.2679716006497,39.3310189760414],[-79.2649011868564,39.271137677464],[-79.2910084748011,39.1985986220109],[-79.3280069588101,39.1676436918845],[-79.3832042217172,39.1594747166938],[-79.3854631693481,39.1152345753215],[-79.3672556166046,39.0749167679935],[-79.3479207841807,39.0031330091851],[-79.3565618046627,38.9930750768969],[-79.4018197012278,38.9863587668715],[-79.4244530350856,38.9591102637214],[-79.5058365397661,38.9566015988675],[-79.5272636401148,38.9654181985842],[-79.549870656928,38.9647207552186],[-79.5983744190412,38.9662162427535],[-79.6150160600225,38.9417575600851],[-79.6276924816441,38.9136318420654],[-79.6242843228635,38.8467405377426],[-79.6673315212099,38.8361239955311],[-79.7069047654694,38.7778474638955],[-79.6964829050051,38.7083692213827],[-79.6533479807813,38.6852050584835],[-79.6196348396839,38.6727837330391],[-79.5925230879279,38.6531688882424],[-79.5725873310879,38.6237416881908],[-79.5635164523693,38.5939887215196],[-79.5541911671691,38.5872347038664],[-79.5455501466869,38.5658988052406],[-79.5272417086455,38.5591421458391],[-79.4981824372012,38.5346121915479],[-79.4455029130836,38.5215659362882],[-79.3737648935949,38.4809348018357],[-79.2998293344098,38.4626087112754],[-79.2075195436735,38.4284905188944],[-79.1592745745156,38.3820341208168],[-79.1701964740979,38.3477041424997],[-79.2201784202993,38.3269596687247],[-79.2491061029275,38.3337380997001],[-79.2667302762508,38.3410525894111],[-79.3030050199747,38.3478297020731],[-79.3405868816073,38.3581592793487],[-79.4609997293887,38.3694571791217],[-79.5973260913929,38.4032887364394],[-79.6366449309672,38.4195920256023],[-79.7297179384537,38.4167017978367],[-79.7979600732845,38.460202776431],[-79.9477260745587,38.4704201480035],[-80.0259865304584,38.4864748099104],[-80.0575898586351,38.4747985785088],[-80.0841971847996,38.46046380913],[-80.1262925552204,38.4500268965429],[-80.1380961018467,38.4112079850998],[-80.147421387047,38.3903562235289],[-80.1611724533616,38.356308800855],[-80.2009386952699,38.3415892774989],[-80.2015747096776,38.328931328233],[-80.192337151253,38.2984971028625],[-80.1743708455706,38.2718450569699],[-80.1853760845568,38.2249383636208],[-80.2189444774175,38.2067903746627],[-80.2857435181516,38.1942864455534],[-80.340730238414,38.1542335746778],[-80.3683727337045,38.1307702463262],[-80.3989496666005,38.1152371449591],[-80.4510677436655,38.0870161782127],[-80.4616606703093,38.0866864777252],[-80.5014444572135,38.0879275926657],[-80.5336969592184,38.0798901798639],[-80.5603042853829,38.0725493988213],[-80.6235284876304,38.0657466071541],[-80.6411526609537,38.0584044066212],[-80.6594610989952,38.0516002997024],[-80.6681021194773,38.0371817911092],[-80.6864105575188,38.0303757116142],[-80.704034730842,38.023029963114],[-80.7223431688835,38.0162225687695],[-80.7399673422068,38.0088754013868],[-80.7672589330895,38.0020666923543],[-80.8004501035995,37.9738331822007],[-80.8164952075365,37.9733318155194],[-80.8386153437539,37.9740216257844],[-80.8657314819836,37.9593129120581],[-80.9020062257074,37.9524996028945],[-80.9685552464333,37.9069725618658],[-81.0726861296902,37.9168041387113],[-81.0903103030134,37.9383314295839],[-81.1355681995785,37.9451460527045],[-81.1668381683431,37.9537879550567],[-81.2027707797079,37.943857549699],[-81.2371374802088,37.9533556244071],[-81.3310000232867,37.9404658235898],[-81.3781133262908,37.9522298238869],[-81.4293716877811,37.9663953171757],[-81.4859111603851,37.9595826650517],[-81.5200848632371,37.9453241931279],[-81.5870549692524,37.9369096187611],[-81.6103067725221,37.9171173021468],[-81.6206365215337,37.9167937579011],[-81.6429452689265,37.9261067639946],[-81.6652320848499,37.9168041387113],[-81.7440320563328,37.9049341018486],[-81.7631124831733,37.8886849648741],[-81.8088133964971,37.8772656766539],[-81.8108003926505,37.8376886597201],[-81.7913383569858,37.7891303712043],[-81.7730299189443,37.7823013054212],[-81.7643888984622,37.7607284049437],[-81.7374394399386,37.750673117877],[-81.7460804604207,37.7323155290909],[-81.7913383569858,37.7254812164252],[-81.7999793774678,37.710998714465],[-81.8448951416738,37.7025348215589],[-81.8362541211917,37.661235628393],[-81.8190071693209,37.6485830003811],[-81.7926630207886,37.6162775103084],[-81.7460804604207,37.6045937085658],[-81.7374394399386,37.5829690568542],[-81.7191310018971,37.5761209840251],[-81.7064107173368,37.5547592931042],[-81.6742152376911,37.5616093301284],[-81.665574217209,37.5761209840251],[-81.6023500149616,37.5829690568542],[-81.5937089944795,37.6045937085658],[-81.575400556438,37.6114391618647],[-81.5626802718776,37.6327845910899],[-81.4859111603851,37.6250725948949],[-81.4951706502791,37.6104610307906],[-81.5128606189087,37.5974765486386],[-81.5215016393908,37.5829690568542],[-81.5398100774323,37.5761209840251],[-81.5484510979144,37.5544880599412],[-81.7913383569858,37.5476373682718],[-81.8027602947878,37.5284503414557],[-81.8981404993175,37.5254517590298],[-81.9257610631387,37.5405251966083],[-81.9483724655271,37.5398139422671],[-81.9709663229197,37.5405251966083],[-81.9976087399741,37.5331201661734],[-82.0735663853042,37.5163283023695],[-82.1460106009805,37.479214170824],[-82.1879656087399,37.4536777143255],[-82.2316839114856,37.4372963696138],[-82.2888988758608,37.4132524125177],[-82.3572769859811,37.4261888638578],[-82.3910690800087,37.4403872995515],[-82.4088730924586,37.4409480061147],[-82.4390596444816,37.4333589490511],[-82.5200790853336,37.3638915388091],[-82.5816847408314,37.3619514306425],[-82.6075288502456,37.3627654805863],[-82.6264294388578,37.3548163511324],[-82.6546553126703,37.3477119766004],[-82.6713452030638,37.3333913491272],[-82.6986367939465,37.3265203851518],[-82.7374512070309,37.3052792036546],[-82.7568562212347,37.3046686353151],[-82.8114350156282,37.3063886795396],[-82.8810281322046,37.2836481266629],[-82.9411819206587,37.2905230093921],[-83.0324082937551,37.3031596397351],[-83.1206739113031,37.3059420999119],[-83.1970965048613,37.3035329664325],[-83.2390032641067,37.3152168048992],[-83.3624031853794,37.3034719086181],[-83.3640612085942,37.2701949203598],[-83.3274574928301,37.2547807236502],[-83.3091490547886,37.2479025765285],[-83.2825417286242,37.2333272082234],[-83.1564354564883,37.226447103008],[-83.1477944360062,37.2047130223079],[-83.1294859979647,37.1978303069355],[-83.1028786718003,37.1832452605126],[-83.0306713167116,37.1763605879998],[-82.9820447387294,37.1558548745736],[-82.9498229411408,37.1477248026765],[-82.9248517067219,37.1262408452913],[-82.7701598843169,37.1331300828657],[-82.7148134866996,37.1512524280682],[-82.5996510465138,37.1548900097245],[-82.5593935384344,37.153619235974],[-82.5418439315679,37.1832452605126],[-82.5276147576047,37.1763605879998],[-82.5189737371226,37.1546120840707],[-82.492024278599,37.1444749766656],[-82.5020557581902,37.1229900963469],[-82.5459231956462,37.111914818039],[-82.5701838492007,37.091031248411],[-82.5920101033695,37.0828137282698],[-82.6413121722246,37.0403525653183],[-82.6614804031786,37.0397153443351],[-82.6982946615874,37.0474141554139],[-82.8064346280408,37.0543105621025],[-82.8402267220685,37.0685792342927],[-82.8689789520436,37.0694892018493],[-82.8779577184113,37.0543105621025],[-82.8962661564528,37.0474141554139],[-82.9097321127675,37.0134585957489],[-82.9318566354585,37.0041100112486],[-82.9771145320235,36.9972090453183],[-83.0272982479226,36.9539393827894],[-83.0759292132767,36.9254299258105],[-83.0888907448981,36.9142469039617],[-83.1441581886868,36.9002561744989],[-83.1673661290177,36.873279340144],[-83.1833849150119,36.8461209784307],[-83.2103343735355,36.8147743078753],[-83.2016933530534,36.7957831136605],[-83.1747438945298,36.7644158256162],[-83.185692112055,36.740333160476],[-83.228642811577,36.7240886900926],[-83.2462669849003,36.7166138835477],[-83.2825417286242,36.7096869092255],[-83.3091490547886,36.702210701354],[-83.3544069513537,36.695282428628],[-83.3810142775182,36.6878048196397],[-83.4279784467104,36.6788331922151],[-83.450480191752,36.6405816764305],[-83.5006463626553,36.5971258723973],[-83.5247447229773,36.5868880951725],[-83.6328846894308,36.5799494422542],[-83.6594920155953,36.5724606319343],[-83.7545476336599,36.5542745256176],[-83.7672898496896,36.5219432834935],[-83.8007529716771,36.5134282698091],[-83.8453222179487,36.4374902785868],[-83.8922469097774,36.4085345560617],[-83.969682740094,36.4233790656405],[-84.0112298219846,36.4719467073415],[-83.9828855178783,36.4930614068807],[-83.9606644963629,36.5389264488833],[-83.9320350831551,36.5637450819426],[-83.8844129689842,36.587162811195],[-83.8326896592658,36.6033340866936],[-83.8119468218386,36.6460807753482],[-83.7571750306945,36.6818373355003],[-83.7047499121603,36.7016761566749],[-83.7143690785109,36.7426600463064],[-83.7406825235251,36.752610025979],[-83.7833963624595,36.7707177161193],[-83.9081165610614,36.7856139092737],[-83.9509312852937,36.7485999633022],[-83.9829337672905,36.7248375369276],[-83.9918686707195,36.702210701354],[-84.0096244337572,36.6890200686454],[-84.0228973933213,36.6664653698606],[-84.0371265672846,36.6733962388098],[-84.065466484019,36.6979236864841],[-84.1358666811826,36.7097326218684],[-84.1715317275434,36.6878048196397],[-84.2058019292198,36.6748333486271],[-84.2703464087965,36.6373629807682],[-84.3253068120143,36.6289416480057],[-84.3895793401135,36.604596444357],[-84.4050937014145,36.5652458893461],[-84.4230600070969,36.5240635192612],[-84.4136908598562,36.4513007954961],[-84.3691610900497,36.4427674282323],[-84.3605200695676,36.4280377960451],[-84.3111390468839,36.4204513338277],[-84.2972958673201,36.3993962979963],[-84.288654846838,36.3701932708355],[-84.2732150528922,36.3347146825356],[-84.267885691468,36.2263296242131],[-84.2898259903554,36.2179768244146],[-84.3225346667431,36.1894934617627],[-84.3558574269674,36.1884278994128],[-84.4439300468666,36.1912457663343],[-84.476958924144,36.1819014580583],[-84.5186858451612,36.1738785184942],[-84.5761157377563,36.1168941547491],[-84.6056750474203,36.0799108230736],[-84.6386556752855,36.0658040185047],[-84.6659472661682,36.0588188139104],[-84.7191838508649,36.0437329102388],[-84.7374703565387,36.0515563798619],[-84.7827282531038,36.0585422291233],[-84.8003524264271,36.0660805777658],[-84.8468033979789,36.0750238941546],[-84.871533386235,36.0935419240765],[-84.882990414927,36.1199502158024],[-84.8555014408202,36.1669843655673],[-84.8096777116274,36.1821776086213],[-84.7400012547488,36.1955714901664],[-84.7019632169369,36.2240119489557],[-84.7001604454854,36.2606638627097],[-84.7284872036975,36.2763799507777],[-84.746795641739,36.2833457910566],[-84.7644198150623,36.2908625445062],[-84.791711405945,36.2978270921748],[-84.8183187321094,36.3125813955462],[-84.8366271701509,36.319544003915],[-84.8535846255484,36.3484904761212],[-84.9749668462513,36.3413184638808],[-85.0231153174831,36.3162695352047],[-85.0836375553409,36.2569023542678],[-85.1532789213295,36.2435242764775],[-85.2300129428304,36.199882816892],[-85.2486152629205,36.1680679246418],[-85.2588353536871,36.160422495445],[-85.2678053471077,36.152604547129],[-85.3091506593006,36.1539291377652],[-85.34832474974,36.1456394534533],[-85.4482053036373,36.1370548731628],[-85.4688955042804,36.1215712079967],[-85.4648908075572,36.039868766083],[-85.4752688059811,35.9871616474811],[-85.5263824192348,35.9425092982637],[-85.5732457031289,35.9352663337129],[-85.581886723611,35.9204409573275],[-85.6720603843821,35.9134428694655],[-85.6807014048642,35.8913362121287],[-85.7331221369248,35.8778904842829],[-85.7688266606491,35.8510792856817],[-85.7795160861173,35.7966718934453],[-85.7975306412119,35.7831336069639],[-85.8107860557803,35.7491585465791],[-85.8538858891141,35.7380830864935],[-85.9342912479261,35.6586246774812],[-85.9548586327002,35.6579635722848],[-85.9797026647766,35.658763669437],[-86.030110082741,35.6145485425567],[-86.0592702394833,35.6070420562533],[-86.124038420227,35.5501910070516],[-86.1794374537301,35.5484048393477],[-86.2097731395649,35.549382686473],[-86.245003942114,35.5342140120285],[-86.3008810832658,35.5412454950563],[-86.3095221037479,35.5561416375728],[-86.3364715622714,35.5764543139878],[-86.3278305417893,35.5926743534548],[-86.3095221037479,35.614307846561],[-86.2732122700323,35.6600038927875],[-86.2297790772864,35.6926953554494],[-86.2134488633495,35.7207975208653],[-86.176581969055,35.7530938618959],[-86.0314829968544,35.7656247025982],[-85.9601529032345,35.8029919363248],[-85.9411382699037,35.8405193876748],[-85.9753295186498,35.904001574192],[-85.9870497258723,35.993155972684],[-86.0313864980299,35.9788951908415],[-86.0653408852901,35.9643549162232],[-86.1216698152494,35.9727560145091],[-86.1739326405511,36.0119363077151],[-86.1864950183524,36.0440166398422],[-86.2290158605362,36.0370295014047],[-86.2483594659071,36.0128020289748],[-86.2843271672636,36.0229966030192],[-86.3314667882105,35.9818377082183],[-86.3763781659429,35.9481572488916],[-86.408336785001,35.9105493163589],[-86.3929496269409,35.8633636199301],[-86.3547800003129,35.8346983984023],[-86.363421020795,35.8185275327564],[-86.386962320538,35.8095177903786],[-86.465244707907,35.7322243248422],[-86.5189594002523,35.7218373599989],[-86.5758322313701,35.692014939554],[-86.6115718459843,35.6470554413893],[-86.6595580230853,35.6049575885464],[-86.7481570000454,35.6078123508489],[-86.7965642633341,35.5823940763082],[-86.8153157172361,35.5342140120285],[-86.8933436990217,35.542111003789],[-86.9297017821494,35.5850909038051],[-86.9383428026315,35.6072827741112],[-86.956651240673,35.614307846561],[-86.9680293155364,35.6435141212],[-87.0845427383663,35.6363614960251],[-87.1341035992783,35.592875879416],[-87.1632637560205,35.5853691432186],[-87.1939591192103,35.5467025012789],[-87.2412303289733,35.5051820967334],[-87.280044742956,35.4976546478093],[-87.3216488463075,35.4887800653992],[-87.3568401723914,35.5072798721703],[-87.3937772475676,35.5397250336927],[-87.4413993617384,35.5634495135733],[-87.5405561753507,35.57047843304],[-87.5547283269547,35.6068815770357],[-87.6478715153228,35.609884262833],[-87.6488935250283,35.5888827184169],[-87.6460073359368,35.5296360779847],[-87.7018055232599,35.4190081687342],[-87.7022660850145,35.4095940252328],[-87.6754789197234,35.3472849845227],[-87.6736103538638,35.308770431404],[-87.6917564977745,35.2927866510235],[-87.7173374295566,35.2829316946294],[-87.7366941934499,35.2494499021728],[-87.7653016760866,35.2333720085442],[-87.8192663875418,35.2351185917785],[-87.9067249245026,35.197310547887],[-87.9447980532045,35.1898995340447],[-87.971405379369,35.1749356495066],[-88.0525958872988,35.1678721986144],[-88.0971695191457,35.1529042592572],[-88.1424274157108,35.1384931342926],[-88.1600515890341,35.1308669018169],[-88.2049103317791,35.1135491885888],[-88.2489444480427,35.054703547379],[-88.2514753462528,35.002421365996],[-88.2322589441227,34.942330679456],[-88.2616208705626,34.8764565724304],[-88.3174278299345,34.8522281214669],[-88.3623435941405,34.850766700209],[-88.4273486354718,34.8528814327788],[-88.4388714594702,34.8441197862865],[-88.4897262806669,34.779460328265],[-88.5193777026819,34.7627006290317],[-88.5466692935646,34.7556015477722],[-88.5834309160876,34.7450148542761],[-88.6731747186222,34.7771905908269],[-88.6992118256853,34.7780390473178],[-88.7665854719943,34.7758449309544],[-88.825133872221,34.7777508251984],[-88.8418369220351,34.7629438609789],[-88.8740631060972,34.754561858999],[-88.9097413118786,34.7091541797226],[-88.9764482393634,34.6499496148257],[-89.1370264828733,34.6341417113124],[-89.1585106046831,34.5910945228227],[-89.1529575429901,34.4756981805601],[-89.2438066937357,34.4727294555559],[-89.2877794029632,34.4993122347478],[-89.3102372850662,34.5262081629866],[-89.3244576860824,34.5510289959044],[-89.3536134554528,34.5882057411307],[-89.3980905893735,34.6075785162037],[-89.4587926654596,34.5983720022101],[-89.4806364655226,34.5705205971619],[-89.5075245152133,34.5782802053935],[-89.534816106096,34.585394498677],[-89.5921802042831,34.6363504156794],[-89.6243055021489,34.6223645694096],[-89.6471932424884,34.6134755654062],[-89.6780333539148,34.5741594146823],[-89.7228175284064,34.5567548568328],[-89.7324454686023,34.526490034076],[-89.7410864890844,34.4743855903804],[-89.7504117742847,34.4376319208268],[-89.7605485247492,34.3416225861485],[-89.8219348646552,34.275501921916],[-89.8026965310557,34.2497616833952],[-89.7251027939802,34.2247824456447],[-89.6965128572376,34.1800961589995],[-89.7073601894648,34.1396792739423],[-89.7354895644528,34.1145493926904],[-89.7773612328083,34.1035724695115],[-89.8232156664176,34.090263877964],[-89.9563663437552,34.0806534394111],[-90.0011022688345,34.0267922945548],[-90.0105810743203,33.9692938503902],[-90.0202484909814,33.9541377355],[-90.0172921210083,33.8921882642758],[-90.0526808312146,33.8299223118089],[-90.114413689055,33.7905888894304],[-90.1804846021322,33.8391403161055],[-90.1966218193185,33.9160681951002],[-90.1440431796006,33.9729478679959],[-90.1187210407737,34.0126263047179],[-90.1370426364392,34.0530221247931],[-90.1817741759433,34.1068666039726],[-90.2103334091679,34.1434747938803],[-90.2535341277997,34.1765962204427],[-90.250283875778,34.2443936853392],[-90.2707284437848,34.2450644769618],[-90.2850804336171,34.222642629755],[-90.2980419652385,34.1999318412505],[-90.3174820694339,34.1765617462988],[-90.361266167486,34.0961338640672],[-90.3854390942648,34.0447140724774],[-90.4160598900995,34.0327375612713],[-90.4507555635388,33.9783840414792],[-90.4418075015876,33.9612522775647],[-90.406905671977,33.9623982618354],[-90.3796447855107,33.9414461410558],[-90.361266167486,33.8538451655224],[-90.3709730606123,33.790860467339],[-90.4012648835084,33.789863461044],[-90.4538829996915,33.7982109815249],[-90.4929342733635,33.8424465325748],[-90.5138086996068,33.8431350833558],[-90.5231734612722,33.8266502273261],[-90.5491140695109,33.8066834283148],[-90.5609570935008,33.769113250124],[-90.5499123771511,33.7305580772495],[-90.5402361875429,33.6998408612239],[-90.575800349504,33.6724217872914],[-90.5989688133698,33.642558357485],[-90.6497052042727,33.627753325354],[-90.6675881696529,33.6415504983919],[-90.6990335910707,33.6970017279635],[-90.7438265385093,33.7100635184057],[-90.7814961269176,33.6934800505027],[-90.8161918003569,33.7021015176646],[-90.895947986239,33.7529678850446],[-90.9631374078461,33.7457830867771],[-90.9758576924064,33.7233714018126],[-91.0230148583491,33.7316013725165],[-91.0077110396929,33.767904503839],[-90.9972584748123,33.8043817903718],[-90.9353063013801,33.8142093343022],[-90.9020361779399,33.8398197861599],[-90.8822890322753,33.865213140505],[-90.8463564209105,33.9085621830073],[-90.8664588565582,33.9464877100083],[-90.9412585177915,33.9549672805185],[-90.9619311734388,33.9912901512638],[-91.0061626738248,34.0041433941024],[-91.0346604982165,33.9916410999457],[-91.0719572507476,33.9818485342882],[-91.1099777435637,33.9360239825648],[-91.1180266134751,33.7673429691655],[-91.1048896292006,33.7256551514073],[-91.1205136478482,33.7010961811364],[-91.1407476732103,33.665423732984],[-91.1514414851521,33.6558164509205],[-91.1697499231936,33.6486235226626],[-91.2035420172213,33.6337373632203],[-91.2284957066444,33.6329138289187],[-91.2819691528269,33.6435187343888],[-91.3214108082703,33.6912228161827],[-91.3387103951286,33.7461423409875],[-91.3224635214939,33.7607209573558],[-91.2865309101291,33.7800094238498],[-91.3134584371833,33.7897121773039],[-91.3483471073733,33.790860467339],[-91.3663177995292,33.7770216364426],[-91.401917051482,33.7311855149902],[-91.4212606568529,33.7305471338573],[-91.4478855289115,33.7457830867771],[-91.4866604664291,33.7559911562403],[-91.5021265783178,33.767904503839],[-91.5253301321752,33.7977699315355],[-91.5650086482061,33.7905888894304],[-91.5776280474685,33.768365761951],[-91.6240965640161,33.7668343032589],[-91.6458570237769,33.7753718371048],[-91.6572350986403,33.8052346609901],[-91.6728064823005,33.7980542451479],[-91.6841845571639,33.768188916615],[-91.74253996064,33.7763270838536],[-91.7244201337739,33.8337808779211],[-91.7732353238298,33.8616783392619],[-91.8326302811089,33.8460622749223],[-91.8434863862832,33.768188916615],[-91.8521274067653,33.7006692278836],[-91.8803532805778,33.6932337100297],[-91.8970431709713,33.6782457640973],[-91.924334761854,33.6710547109715],[-91.9410246522475,33.6560628986033],[-91.9692505260599,33.6486235226626],[-91.977891546542,33.6408603267521],[-92.0412604961279,33.6324554959376],[-92.0608146450419,33.6173711213915],[-92.0587267635905,33.5735347592446],[-92.0767062277952,33.5596554232477],[-92.0632929073662,33.4998181041056],[-91.968175881367,33.4913775844266],[-91.9469637092382,33.4722823297434],[-91.9063684561716,33.4409001955951],[-91.9150094766537,33.3712063343232],[-91.9333179146952,33.3489830693755],[-91.9564249697281,33.3190903168664],[-92.02382493398,33.3168562859136],[-92.0807504009835,33.3293214109662],[-92.1756919752279,33.3261768931035],[-92.2116245865927,33.3273661795219],[-92.2638347760086,33.3256381359615],[-92.3208391968407,33.3423307398878],[-92.3806727853034,33.3403483166843],[-92.3914587095961,33.3486972728527],[-92.4000997300782,33.3564867120991],[-92.4363744738021,33.3637039607251],[-92.4876328352924,33.378708060932],[-92.5082396965317,33.3714920569347],[-92.5258638698549,33.3637039607251],[-92.613646994179,33.3477885821053],[-92.6246785511081,33.3186761364452],[-92.6429869891496,33.2964394647475],[-92.655716046657,33.2738909116519],[-92.7753919947328,33.250054506628],[-92.7863753022496,33.2210360315895],[-92.8136668931323,33.213806973035],[-92.8296462026613,33.1993764258389],[-92.8593063976233,33.1833484643865],[-92.8790886332795,33.1482650257094],[-92.9102489446974,33.1359503673775],[-92.947940464575,33.0690508400729],[-92.984346797115,33.0407776894999],[-93.0009445751576,33.0257615280629],[-93.011125189459,33.0254231889005],[-93.0290914951414,33.0260207975991],[-93.0684498111809,33.0247115697019],[-93.0838018783511,33.0490320864576],[-93.1047640304717,33.1410207778299],[-93.1434029926997,33.1759345632242],[-93.2089256181449,33.168701780531],[-93.2265497914682,33.1608955790151],[-93.2448582295097,33.1536615555126],[-93.2624824028329,33.1458540150843],[-93.307740299398,33.1386187510581],[-93.3163813198801,33.1157631504355],[-93.3346897579216,33.0934748670297],[-93.3492259724557,33.0423367079898],[-93.3875359617452,33.0125763800479],[-93.352656063604,32.9726908052919],[-93.3167234522392,32.9333707211137],[-93.3388194641997,32.8881400301917],[-93.4136388632164,32.8448964933483],[-93.4470361898975,32.8360112277638],[-93.5547441053269,32.7851221868337],[-93.5995217005573,32.7836286969728],[-93.6527824104092,32.7854042875497],[-93.6938864755409,32.7744625453619],[-93.7119821772518,32.716375412125],[-93.7287312827922,32.6571942634347],[-93.7655389619399,32.6177787244039],[-93.7912887662156,32.6075424723367],[-93.8269735512581,32.5638465205867],[-93.8424440496203,32.5090958422172],[-93.8887480792495,32.4594267840453],[-93.9185946925993,32.4514525404635],[-93.9362188659226,32.4435830884801],[-93.9873785358008,32.4299135581952],[-94.0174093738524,32.4135425643827],[-94.0676369535885,32.3810213289674],[-94.1191190162458,32.3672552572157],[-94.1832248655374,32.3275326905934],[-94.2185609389596,32.2953012308549],[-94.2506292153644,32.2766455282537],[-94.2779208062471,32.2617434260281],[-94.3152197515658,32.2375528991729],[-94.3746805032529,32.213814251028],[-94.4211577918493,32.1566509620665],[-94.4368783093214,32.114607114284],[-94.4525790890101,32.0864252807298],[-94.4734447423063,32.0530097511912],[-94.4396175573886,32.0332780792764],[-94.39970218077,32.0252179907486],[-94.3717438719616,31.9804125454863],[-94.4430366819039,31.9780164530833],[-94.5142110615524,32.0028114956807],[-94.6172914243732,31.9949496074643],[-94.6279216346946,31.95709263271],[-94.6462300727361,31.9345150138051],[-94.6570116105553,31.9056112167661],[-94.735719468789,31.8740723236635],[-94.7270477438905,31.7889489542343],[-94.6821626841009,31.790460781876],[-94.7008483435948,31.7548358607473],[-94.8488247319399,31.7402590089051],[-94.9303332470736,31.7687279862494],[-94.9519994007975,31.7516580939248],[-94.9986433690999,31.7088427212874],[-95.0445614043297,31.6836139360103],[-95.0680961239132,31.6457560330808],[-95.0594551034311,31.6287755407903],[-95.0334618593066,31.5966060614237],[-95.0235224920663,31.5522558278513],[-95.0188598494662,31.5485739750692],[-95.0236036386826,31.5373051073194],[-95.0320823659321,31.4756041038882],[-95.0644050488187,31.4400249803594],[-95.0943810572986,31.35361955659],[-95.0963592814032,31.3252784396754],[-95.0864857085709,31.3069017928318],[-95.0418879515688,31.2577198947875],[-95.0381223082209,31.2036971200408],[-95.0775025557297,31.1460171524329],[-95.0937033736381,31.115801801079],[-95.128918823979,31.1049842632957],[-95.2032666955065,31.1225177808916],[-95.2207285755972,31.1306394077972],[-95.2723553864913,31.1442846527544],[-95.319422633769,31.2019375367315],[-95.3298861643843,31.2877756319469],[-95.3621978806379,31.3027792963587],[-95.38048438721,31.2740236124915],[-95.3611692925696,31.212363246329],[-95.3553223479298,31.1284410424077],[-95.3989880147897,31.0073191044106],[-95.4458118222187,30.9998279889856],[-95.458856693244,30.9636142036253],[-95.4927365140474,30.9478251303101],[-95.4886704093898,31.0063115505659],[-95.5086938921071,31.0378884044191],[-95.5251863992765,31.0686714404243],[-95.5536096563131,31.0614087144727],[-95.5800546892451,31.0532811672183],[-95.6098662117049,31.0453934391817],[-95.6409366044578,30.9761194779446],[-95.683534205886,30.917023759765],[-95.6609030648158,30.8996744570514],[-95.6524243375662,30.8761142645572],[-95.6339536062922,30.8534143626238],[-95.6254748790426,30.8298427972675],[-95.5617484448895,30.8129429537434],[-95.5441220778803,30.7994160399764],[-95.5338625106485,30.7615339452574],[-95.5005068532202,30.7204902786242],[-95.4907275864247,30.6754435319839],[-95.4812400079919,30.6526962484078],[-95.4637781279011,30.5981511541387],[-95.4542905494683,30.5753856949975],[-95.4458118222187,30.5517461014605],[-95.4093747852623,30.5444441976539],[-95.4008960580128,30.5053188535086],[-95.3824253267388,30.4980134600175],[-95.3739465994892,30.4743550339823],[-95.3554758682152,30.4670473157752],[-95.3469971409656,30.4511257050678],[-95.3116983503226,30.4371585984497],[-95.2986534792973,30.4058080478722],[-95.3285264096916,30.3939816014993],[-95.320047682442,30.3193883076369],[-95.301576951168,30.2965576409793],[-95.2797506969992,30.2669217268554],[-95.2436908832918,30.2526270782171],[-95.2297117284384,30.2189641178194],[-95.2051528063618,30.1418953926499],[-95.1463500005517,30.1388645726068],[-95.0898083342618,30.1564090375624],[-95.0336373110614,30.1479605473576],[-94.9580897852861,30.1245171743984],[-94.8848845465455,30.1282920097367],[-94.8193948183043,30.0818078656649],[-94.7694369963598,30.1301774763828],[-94.6992868192044,30.1431395576042],[-94.6325842772948,30.1397028942267],[-94.59665166593,30.1415540033854],[-94.5685025531585,30.1401030860291],[-94.5423733337445,30.1504733613302],[-94.5065832769304,30.199123988297],[-94.4241602175487,30.226504515821],[-94.3942785142073,30.249573141177],[-94.3640831901356,30.2905773920235],[-94.3105110532393,30.342336683985],[-94.2912244693294,30.343328474829],[-94.2630753565579,30.3418805332793],[-94.2406306329772,30.3507703707314],[-94.2160541659048,30.3969686146732],[-94.1881704244514,30.4080059594953],[-94.1983795494833,30.4511257050678],[-94.2869851057045,30.4438162442397],[-94.2954638329541,30.4356364089548],[-94.3285804370073,30.4268185881043],[-94.344270250063,30.3973374919466],[-94.4083234634687,30.4066100452783],[-94.4300181288215,30.4410367658279],[-94.4339745752341,30.4982515646515],[-94.4144138479573,30.5349675245152],[-94.3608022336975,30.5672169194747],[-94.3199942443003,30.5594572681371],[-94.272541002623,30.5372494145774],[-94.2181859102948,30.5626847087189],[-94.1718182790452,30.5503560244067],[-94.1579926453755,30.5117904530224],[-94.1432546602454,30.4975788223713],[-94.1163052017218,30.4869201546304],[-94.1247839289714,30.4820969125158],[-94.1438051415633,30.4745724049122],[-94.1247839289714,30.4670473157752],[-94.1113223591302,30.4417647318421],[-93.9429759692352,30.4504148250468],[-93.8879782823399,30.3973374919466],[-93.873255649418,30.4046504356557],[-93.8608862692655,30.427890838125],[-93.7839285465976,30.4196756257238],[-93.7924072738472,30.3736546258757],[-93.8108780051212,30.3663393619993],[-93.8193567323708,30.3504013169298],[-93.8827432278508,30.3430843138505],[-93.8929172619928,30.3239526674129],[-93.939363847071,30.2948533637134],[-93.9541040249887,30.2806082372319],[-93.9635916034215,30.2732860213036],[-93.9720703306711,30.2650919154038],[-93.9995242147863,30.2500088828396],[-94.012242306559,30.2377145549827],[-94.0360862603993,30.2193052389536],[-94.0037482262029,30.1792931309027],[-94.0103693542259,30.0831970146037],[-93.9905410619451,30.035366419501],[-94.0031516891587,29.9725829261792],[-94.0169860948771,29.9464679519702],[-94.0438719517802,29.9357741102807],[-94.06409281862,29.860430472591],[-94.0949767929851,29.8620281323725],[-94.1337670818126,29.8530181362695],[-94.1740070448962,29.844897602035],[-94.1964561549504,29.8090577883387],[-94.1977040586105,29.7908884863443],[-94.1957587317099,29.7625574365128],[-94.2056323045422,29.7438826974845],[-94.2295903031011,29.7140983577723],[-94.1432546602454,29.622667636706],[-94.1555363145205,29.5607882466534],[-94.2010946723953,29.5300738122102],[-94.2651917487397,29.5100599556118],[-94.3405747875966,29.5196942774816],[-94.3773232524957,29.5482616702151],[-94.4009500844302,29.5712646595411],[-94.4538379584048,29.5877687180223],[-94.4801952654594,29.5694029441643],[-94.5023154025751,29.5070805355193],[-94.5290258068252,29.4705244470295],[-94.554459797583,29.4388199973418],[-94.5992330063399,29.3070610174233],[-94.5654452978875,29.2249131982275],[-94.5560322877081,29.1373588243949],[-94.5063157128248,29.0244228251824],[-94.493597621052,28.9766202427285],[-94.4481774312545,28.9298992686917],[-94.4217323983225,28.8901393441367],[-94.3947829397989,28.8563535231457],[-94.4042858695416,28.8060327908091],[-94.4510000187255,28.7306763101058],[-94.4352334455271,28.7005477302361],[-94.3618834585499,28.6430458632121],[-94.3229177170693,28.5800969251002],[-94.3345173003121,28.4868085826876],[-94.3498671755929,28.4492017170124],[-94.3603109675265,28.4097315523054],[-94.3930174520249,28.3470312334934],[-94.4448548055636,28.3306602258214],[-94.4666481625284,28.3381231390022],[-94.4930931954604,28.3543791254516],[-94.5277340402264,28.3637934114692],[-94.5411846452313,28.4303739800201],[-94.4981725368765,28.4791710730266],[-94.5157067915348,28.5780207680031],[-94.5545299784646,28.5936679729001],[-94.5575258240045,28.6377718847346],[-94.5295302324168,28.6597225939223],[-94.5450774909218,28.6932489381698],[-94.5744459966228,28.7012037112608],[-94.5852823631154,28.7118392711732],[-94.6836649933444,28.772094697419],[-94.6917577261945,28.7641414732805],[-94.688746527548,28.7198407154301],[-94.7066667775041,28.7022482717849],[-94.7501504124499,28.6999744645428],[-95.0133791614424,28.7144455776833],[-95.0150920133306,28.7396358876099],[-94.9921033885915,28.7621920044352],[-94.9602171432026,28.7799685039448],[-94.9217053851138,28.8035440781148],[-94.8090168207788,28.8128106276706],[-94.8074750341718,28.8354681176279],[-94.8529237346998,28.9058685098456],[-94.8793687676318,28.9692026382085],[-94.8888563460646,28.9844785632355],[-94.8973350733142,29.0006345919268],[-94.9512339903614,29.0580733427808],[-94.9427552631118,29.1027224152801],[-94.9162181169306,29.1359106056415],[-94.9110313109554,29.2119221525697],[-94.9506944747782,29.2905475998873],[-94.9602171432026,29.3614136234082],[-94.9731019146813,29.4458389124562],[-94.9427552631118,29.4553208391169],[-94.7926427439032,29.4689415608062],[-94.7485976610065,29.5031981864325],[-94.7034296840048,29.5924716805004],[-94.724795376419,29.6329412750951],[-94.7812646681415,29.6732059662329],[-94.7987726048569,29.674113004126],[-94.8311479227308,29.6724361214415],[-94.8978394989058,29.6814661833369],[-94.9243569064053,29.6897314380716],[-94.9469946267366,29.6885597108968],[-95.0228601597157,29.6924882770617],[-95.0326657444541,29.6558677839253],[-95.0634663794154,29.60660022709],[-95.0939797106909,29.5326346587845],[-95.1083689842007,29.4655408478592],[-95.1352285240593,29.45283251618],[-95.2646749668818,29.4377542255102],[-95.2665917821536,29.4097402870527],[-95.2486583736752,29.3365926002252],[-95.2465200500241,29.3053244991681],[-95.2733050216292,29.229654031257],[-95.303574913056,29.1869173632406],[-95.2984407429666,29.1117131382878],[-95.3285264096916,29.1022816729228],[-95.3593051131835,29.0939762099368],[-95.4067934448524,29.0714250505589],[-95.5343515831336,29.0922322455289],[-95.5608799563678,29.1181740169189],[-95.6070041477686,29.1275484670642],[-95.5985254205191,29.1419600405579],[-95.5719882743378,29.1751355648318],[-95.5705583387635,29.1961074900547],[-95.6042890248567,29.2066732032694],[-95.6339536062922,29.1885850488337],[-95.6878525233394,29.1798021075805],[-95.6793737960898,29.1572103910802],[-95.6614074904074,29.1283339427377],[-95.669886217657,29.110130429081],[-95.7058188290218,29.0696116971301],[-95.6924208599027,29.0095613356754],[-95.6522576578602,29.0001531319524],[-95.548664097399,29.0122004658134],[-95.491622391991,28.9535444892692],[-95.5224361854746,28.9233632542826],[-95.5531052307215,28.913732198784],[-95.6624360784757,28.9062390539576],[-95.6788693704982,28.8901393441367],[-95.7296057614011,28.8818475480167],[-95.7417514403866,28.8586738642768],[-95.7887726310397,28.8102509745752],[-95.8046335102749,28.7799685039448],[-95.8141210887077,28.7646624789183],[-95.8243982009353,28.7068322864793],[-95.8410705472313,28.6937664494752],[-95.8599206927453,28.6752594938141],[-95.9708503494659,28.681060705673],[-96.017702666727,28.6443277467621],[-96.030201442908,28.6137507571977],[-96.0261090203075,28.5534408086825],[-96.0760931601948,28.4843836078296],[-96.1163243512296,28.4651668940354],[-96.1327708017744,28.4643050671174],[-96.1707276929701,28.4662928490936],[-96.2233787063571,28.4249292601812],[-96.2542955779263,28.3859960834073],[-96.2627743051759,28.3302162176178],[-96.2791834729414,28.2899543828767],[-96.2813985567353,28.2572096581912],[-96.2542955779263,28.1798730524884],[-96.2183629665615,28.1345183773722],[-96.2340900632947,28.1011049770322],[-96.279286551027,28.112684980704],[-96.3076900693819,28.1407186540015],[-96.3620934120206,28.1481948661516],[-96.4091189891473,28.1654388310035],[-96.4968407046386,28.1798730524884],[-96.5482832908307,28.2115418583261],[-96.5951509603001,28.1809324394136],[-96.5866722330505,28.1561152917801],[-96.5688989241187,28.1272733088211],[-96.564052057715,28.0555311628233],[-96.5954821269246,28.0307449982991],[-96.6079830958931,27.9599089404698],[-96.6475387951567,27.9098799173047],[-96.6670161830297,27.8129880666316],[-96.6585374557801,27.7593784749841],[-96.6400667245061,27.7518752939373],[-96.6163039172821,27.6755059956646],[-96.6003991742098,27.6597435904642],[-96.5834439124982,27.646323844565],[-96.5597227745269,27.5877456927683],[-96.587091124654,27.5449835481501],[-96.6136216915741,27.5525009377683],[-96.6310835716649,27.5609121826621],[-96.6495543029389,27.5684284818397],[-96.7042975833525,27.6082372281785],[-96.7349841735952,27.5994059102861],[-96.72105546184,27.4939718861663],[-96.6893249313208,27.4497077479252],[-96.6490498773473,27.4413911584469],[-96.6118956802653,27.4325600567282],[-96.5864200202547,27.4339070545754],[-96.536714411106,27.4312772787276],[-96.4783699733646,27.440943488553],[-96.4502384055889,27.4545090129346],[-96.3597598970346,27.4108715168227],[-96.3032533216346,27.3953807115779],[-96.2554491755496,27.3683834393928],[-96.1748617857217,27.3044209843454],[-96.1578100242873,27.2191206540069],[-96.1687034131392,27.1737691107712],[-96.1914573709766,27.1597926173304],[-96.1956528716627,27.1178136020979],[-96.2249950594209,27.1026079601859],[-96.2397154995552,27.0740534903675],[-96.309271332454,27.081721970408],[-96.3355738108352,27.1079279248342],[-96.4482667616438,27.1019480719636],[-96.4644171373524,27.1180380892007],[-96.5234765424319,27.0749010128405],[-96.5679492898791,27.0533809352642],[-96.5956553858917,27.0420538451225],[-96.6283640631777,27.0262225222451],[-96.6405316727342,27.0255758593799],[-96.6670161830297,27.0420538451225],[-96.6883840682315,27.0507890292472],[-96.7034532199861,27.1135912125984],[-96.7130658070755,27.1775404932305],[-96.8466792398536,27.1694863978303],[-96.8337681513303,27.1452347563629],[-96.7843015955568,27.1172377422695],[-96.7927803228064,27.0736043393329],[-96.8112510540804,27.0660544349526],[-96.81972978133,27.0496053650562],[-96.838200512604,27.0420538451225],[-96.8605750544048,27.0107152733027],[-96.8996943170691,26.9999525287463],[-96.921160893883,26.9379920150878],[-96.9370151938571,26.9455505244132],[-96.9833828251068,26.9775776510782],[-96.9940174219017,26.9669075155998],[-97.0088804165867,26.9299832739171],[-97.0173591438363,26.8974927687277],[-97.0420474619414,26.8659672251034],[-97.0238026264186,26.7787352370299],[-96.9664494939662,26.6981980226242],[-96.8963782697411,26.6814307963256],[-96.8670185369871,26.6912069165113],[-96.8826118512184,26.7215567275502],[-96.9630676531285,26.8039233458257],[-96.9674320263082,26.8692500791044],[-96.9035235611392,26.9369088348728],[-96.8633910626147,26.9390399920664],[-96.8104790643831,26.9280650799706],[-96.7544330507377,26.8834094725364],[-96.7214195256685,26.8292095859599],[-96.7302710887952,26.7666031697068],[-96.7597229347985,26.6932897939576],[-96.7351464668277,26.6687141196892],[-96.6970031581426,26.6382541800993],[-96.6759006442588,26.5928941990037],[-96.6854869143037,26.5690030798697],[-96.6975339007788,26.5226874715264],[-96.7398134959014,26.5091112008658],[-96.8131634828787,26.5364092937096],[-96.8793045777358,26.5165334085688],[-96.9185444625831,26.4662543788671],[-96.9077453797682,26.432718233778],[-96.8860222036849,26.4315595412414],[-96.7431163838088,26.4451508579983],[-96.6989616435655,26.427005178607],[-96.6765037614625,26.3709417433352],[-96.6916233545185,26.321758993153],[-96.7460771393571,26.2817035951564],[-96.8256074303862,26.2705907015695],[-96.8466792398536,26.2179222448001],[-96.8335554149996,26.1751778645189],[-96.7867118697872,26.1149773776786],[-96.8202342069216,26.0132879373106],[-96.8317000085607,25.9580740257363],[-96.998809459632,25.9491193077671],[-97.0537961807927,25.9643858934319],[-97.098207519407,26.1101250223352],[-97.161594014887,26.1177382459888],[-97.1700727421366,26.1423862501427],[-97.1887211188513,26.1663499569376],[-97.161594014887,26.2011990786538],[-97.1847076491811,26.2386639744006],[-97.1975266262518,26.2310586444844],[-97.2071216683454,26.2214263482013],[-97.2424423904578,26.2068819583304],[-97.2688874233898,26.1903087402669],[-97.2943915950291,26.1798031458979],[-97.2973677027856,26.1349912137501],[-97.2599042705486,26.0939910683991],[-97.2410343863528,26.0673411449849],[-97.2074945042226,26.0404191372046],[-97.1975266262518,26.0209074573919],[-97.161594014887,25.9792325334785],[-97.1709083334543,25.9362963705099],[-97.294608716935,25.9214167001111],[-97.3005806711298,25.9040238035773],[-97.3125816018785,25.8986576651294],[-97.3454964353357,25.8959429374304]],[[-96.806507264864,26.7654537277058],[-96.7844507293687,26.8109603724796],[-96.8028249618182,26.8427888979396],[-96.8210018101454,26.8583720814804],[-96.8697621706296,26.8574837962774],[-96.8827741444509,26.808695652355],[-96.8608623571922,26.770726964428],[-96.806507264864,26.7654537277058]],[[-94.506820137518,28.7605039731967],[-94.4764625202138,28.7968194515031],[-94.4667293091447,28.8427819447396],[-94.5071337582483,28.9224744781069],[-94.5675419522859,28.9680187650813],[-94.6270443741241,28.9798434546015],[-94.6367424943033,28.9608308118248],[-94.6596214616957,28.9435822946933],[-94.6726751056681,28.9060797009321],[-94.6426069848373,28.8098608721251],[-94.582646194032,28.7645855780668],[-94.506820137518,28.7605039731967]],[[-94.5337695960416,29.6153254130881],[-94.5295302324168,29.6194494024953],[-94.520042653984,29.6268199212249],[-94.4768397425646,29.6688421637615],[-94.4656217672478,29.7004001939904],[-94.4457320661341,29.732188271119],[-94.3523827215948,29.7793708628962],[-94.2767386969951,29.8094992761363],[-94.2330861886574,29.869036612272],[-94.2056323045422,29.8997539994891],[-94.1832577627414,29.9302471465134],[-94.1264814295497,29.9454398581658],[-94.0930402390316,29.9656786304202],[-94.0713894375159,30.0272531619404],[-94.1089405956303,30.1053865972685],[-94.170204118769,30.1486413834351],[-94.1786828460186,30.1568451918439],[-94.2526863923993,30.2090654015127],[-94.3227861273549,30.2185282385325],[-94.4481774312545,30.1486413834351],[-94.4943564513287,30.1303121505279],[-94.6227304431442,30.0699594512622],[-94.6458067937607,30.0476062508264],[-94.6776930391496,30.0300500612544],[-94.7021861668182,30.0063128397104],[-94.6996772000774,29.9698604034672],[-94.713829613898,29.9472984016149],[-94.7625877806963,29.9702536824121],[-94.7985510964775,29.9845531620449],[-94.8594900331512,29.993159972947],[-94.8949423440796,29.9262385749325],[-94.8496954141475,29.8700845137594],[-94.7985203920611,29.8378722080046],[-94.7772029499574,29.8087932747884],[-94.7541090534467,29.7438826974845],[-94.7339495945415,29.7017908586209],[-94.6487894816767,29.6587151251582],[-94.617534864222,29.6503272445543],[-94.5864622795798,29.6200995393924],[-94.5337695960416,29.6153254130881]],[[-94.0127467312523,32.6292716378252],[-94.0047570764878,32.6376733496794],[-93.9514152200197,32.6505154176527],[-93.9368877775343,32.6780105193954],[-94.0190257269162,32.6866568403893],[-94.0410120815299,32.6427298806354],[-94.0127467312523,32.6292716378252]],[[-81.3644675308494,38.2739525118989],[-81.3590197400297,38.2864513564445],[-81.3600768397268,38.3271833327997],[-81.3961717443241,38.3266052457662],[-81.4137871455986,38.3550791354511],[-81.4238230116634,38.3619821914242],[-81.4497197569634,38.3408478903318],[-81.5226376929165,38.3339428195723],[-81.5578641089921,38.3481754212889],[-81.5853618551476,38.3477351023086],[-81.6031439361282,38.3332185575731],[-81.6024158093696,38.3051869826414],[-81.5844670495813,38.291651687531],[-81.5679789288855,38.278181012021],[-81.3644675308494,38.2739525118989]],[[-80.8883604302661,40.5568737341071],[-80.891435230533,40.565194577526],[-80.8993130342648,40.5592098064503],[-80.8883604302661,40.5568737341071]],[[-67.7819404349623,46.5516634690748],[-67.7859670631547,46.6608557057391],[-67.8070827355608,46.6590532054145],[-67.7971960042062,46.6044778842275],[-67.858792886757,46.5983178866099],[-67.8667847343091,46.5546964379048],[-67.7819404349623,46.5516634690748]],[[-68.9766997628412,46.477480242607],[-68.9843933418713,46.5198289451242],[-69.0166107529863,46.52969540385],[-69.0256114508233,46.4807680487861],[-68.9766997628412,46.477480242607]],[[-68.0604181730393,46.4527299962294],[-68.0604181730393,46.477480242607],[-68.0334687145157,46.477480242607],[-68.0334687145157,46.5269469785199],[-68.1143170900865,46.5269469785199],[-68.1143170900865,46.4527299962294],[-68.0604181730393,46.4527299962294]],[[-68.1592328542925,46.4279684969047],[-68.1549123440514,46.4497532873098],[-68.1366039060099,46.4557065424597],[-68.1279628855278,46.4964378970804],[-68.1549123440514,46.5051930768009],[-68.1635533645335,46.5116111875051],[-68.209982404616,46.5175576778011],[-68.2354185872631,46.4804554358249],[-68.2713204951098,46.4726274590095],[-68.2504065924013,46.4315162604719],[-68.1592328542925,46.4279684969047]],[[-69.0395818327296,46.3474159025742],[-69.0395818327296,46.3970007975471],[-69.1473796668239,46.3970007975471],[-69.1473796668239,46.3474159025742],[-69.0395818327296,46.3474159025742]],[[-69.1743291253475,46.1050447760223],[-69.1792110826411,46.1129520725882],[-69.1949886224725,46.1075689093784],[-69.1743291253475,46.1050447760223]],[[-68.9048345401117,45.8741135600275],[-68.900759662507,45.8775300156661],[-68.875455068676,45.8921622826565],[-68.8606030397256,45.9858267940691],[-68.890127259398,46.0404028424831],[-68.9015360386778,46.0760933772465],[-68.9995085493521,46.0691652694627],[-69.0207207205826,46.0868782548467],[-69.0578902698728,46.1016423358995],[-69.1163553306957,46.0959896388793],[-69.1245050859051,46.0767217100334],[-69.1963703086346,46.0703429643614],[-69.1873959278422,46.0155847781023],[-69.1518712432445,46.0130701450312],[-69.1148859186562,46.0156875847808],[-69.0902348842287,45.995074461567],[-69.0584561033989,45.9767330435152],[-69.0436567103343,45.9587728053623],[-69.0338884083752,45.9431119156391],[-68.9700018746755,45.8851836396908],[-68.9277091210306,45.8769513325164],[-68.9048345401117,45.8741135600275]],[[-71.7884266021353,44.6602901262674],[-71.7845140177631,44.683060296354],[-71.765389727984,44.6886253410428],[-71.7575645592395,44.729842873793],[-71.7919707362056,44.7487074625972],[-71.8103054921899,44.7269315135273],[-71.8204466291279,44.7213701502956],[-71.8282717978723,44.6651047447154],[-71.7884266021353,44.6602901262674]],[[-69.0395818327296,44.5963589376456],[-69.0166590023985,44.6153013652384],[-68.9613608541934,44.6271510008262],[-68.9455920873091,44.6629490179417],[-69.0605746892667,44.6736480884789],[-69.0928140309527,44.6470344073262],[-69.142541572469,44.6363811442123],[-69.1197634894763,44.6224151829208],[-69.094410646233,44.6014669671708],[-69.0395818327296,44.5963589376456]],[[-71.3931678771227,44.4746956894838],[-71.3890096601142,44.4781392514225],[-71.3782325078702,44.4847628995932],[-71.3530770487494,44.5315771932541],[-71.3710433544318,44.5545275784215],[-71.3820354348957,44.5889990564946],[-71.4389784477933,44.5993190262095],[-71.4512250111785,44.560928469084],[-71.4766173317852,44.52849013983],[-71.4377941448554,44.4788622087894],[-71.3931678771227,44.4746956894838]],[[-69.2372111952359,44.4362229082971],[-69.2269253100612,44.4457370112732],[-69.1790487894087,44.4552542605557],[-69.1713508239051,44.4838976278877],[-69.2328380491091,44.4774139372179],[-69.2770563909729,44.4581792627624],[-69.2372111952359,44.4362229082971]],[[-68.8150030116997,44.4041428951339],[-68.8185997816557,44.4187259756568],[-68.8266793559835,44.4077120404334],[-68.8150030116997,44.4041428951339]],[[-71.7075782265646,44.1726472300187],[-71.7033410557274,44.1760495831372],[-71.6910725608729,44.1839097936728],[-71.6011796236282,44.1800667176523],[-71.5596106102683,44.221131481133],[-71.5085101555369,44.2279665395772],[-71.4723889338951,44.2899785463948],[-71.4210340735803,44.3108308484243],[-71.3889307062855,44.2851132519568],[-71.3690475853314,44.2790432365167],[-71.3529980949208,44.2919047716889],[-71.3147933774028,44.3092936661419],[-71.3172190047397,44.338423447485],[-71.4156257592257,44.3342280879811],[-71.4919825583759,44.3374838513009],[-71.5341744267229,44.3356846154781],[-71.5501186462603,44.3108308484243],[-71.5787436729945,44.2843965328452],[-71.6295151547873,44.2865623637341],[-71.6691892843448,44.264547084993],[-71.6881863717814,44.2348966571184],[-71.7340320324436,44.2247526363927],[-71.7477480087665,44.18154358327],[-71.7075782265646,44.1726472300187]],[[-72.4711462180662,43.8819947872719],[-72.4711462180662,43.9078882693425],[-72.4441967595426,43.9078882693425],[-72.4441967595426,43.9531747701782],[-72.5699608993193,43.9531747701782],[-72.5699608993193,43.9078882693425],[-72.5430114407957,43.9078882693425],[-72.5430114407957,43.8819947872719],[-72.4711462180662,43.8819947872719]],[[-75.0043953192832,43.2571746062739],[-75.0090579618834,43.2540279614607],[-75.0176989823655,43.2276025078406],[-75.0602198245493,43.2213060002267],[-75.0715978994126,43.2474849749886],[-75.0899063374541,43.2537787781535],[-75.0985473579362,43.273652703396],[-75.1258389488189,43.279943801961],[-75.134479969301,43.2972082485686],[-75.1075305107774,43.3257055298544],[-75.0988894902953,43.3509226318396],[-75.1622496669341,43.33199443586],[-75.1958443777377,43.332963558423],[-75.224311497713,43.3257055298544],[-75.2516030885956,43.3194191646958],[-75.2617047490685,43.227375589603],[-75.302111391858,43.2285421340598],[-75.3433558187529,43.1513198891991],[-75.3781786945348,43.1393282048355],[-75.3949914016957,43.119292013936],[-75.3410924846485,43.1099199052702],[-75.324402594255,43.0967678760107],[-75.2815045297205,43.0868501441914],[-75.2426199357544,43.0968023068457],[-75.2153283448718,43.1031116584573],[-75.1852295196245,43.1268251626048],[-75.1197726885873,43.1100784136024],[-75.0809231846129,43.1295910327627],[-75.0478285120291,43.1451851258936],[-75.0176989823655,43.1555597798792],[-74.9924557964689,43.1653024153424],[-75.0043953192832,43.2571746062739],[-74.9984299443496,43.2593723694926],[-74.9923943885344,43.2745493041788],[-75.016396250032,43.2747552894373],[-75.0043953192832,43.2571746062739]],[[-75.4445698085018,42.8962854055373],[-75.4445698085018,42.9226035519066],[-75.4176203499782,42.9226035519066],[-75.4176203499782,42.9489104604564],[-75.3906708914546,42.9489104604564],[-75.3906708914546,42.9752061304418],[-75.4445698085018,42.9752061304418],[-75.4445698085018,42.9489104604564],[-75.498468725549,42.9489104604564],[-75.498468725549,42.9226035519066],[-75.5164350312314,42.9226035519066],[-75.5164350312314,42.8962854055373],[-75.4445698085018,42.8962854055373]],[[-76.9088237216166,42.214725360021],[-76.9088237216166,42.2413325922478],[-76.881874263093,42.2413325922478],[-76.881874263093,42.2679286092441],[-76.8549248045694,42.2679286092441],[-76.8549248045694,42.2945134100089],[-76.9357731801402,42.2945134100089],[-76.9357731801402,42.2679286092441],[-76.9806889443462,42.2679286092441],[-76.9806889443462,42.2413325922478],[-77.0076384028698,42.2413325922478],[-77.0076384028698,42.214725360021],[-76.9088237216166,42.214725360021]],[[-76.9537394858226,42.0881878803074],[-76.9503137811479,42.112307938798],[-76.9302157319737,42.1173887011755],[-76.9233643226243,42.1369994196254],[-76.9479802670602,42.1440369129582],[-76.9586521475326,42.1208146915553],[-76.9772632396714,42.112307938798],[-76.9871411989773,42.0907992612791],[-76.9537394858226,42.0881878803074]],[[-78.7863026654264,41.6399591973399],[-78.784017400751,41.6516771205726],[-78.768437245042,41.6634559917757],[-78.7973693132454,41.6852203817387],[-78.873164665343,41.6886426150788],[-78.8784194585138,41.6625007847707],[-78.8514699999902,41.6583889733925],[-78.8468994706393,41.6416670326965],[-78.7863026654264,41.6399591973399]],[[-80.1068261330821,40.8429117959013],[-80.0961937290748,40.8533328138554],[-80.0298903418836,40.8594620585372],[-80.0220651731391,40.8739228375648],[-80.0119240362012,40.8798412432599],[-80.0040988674567,40.9059578243418],[-80.036039941519,40.9137926119353],[-80.0633753944421,40.8870233774051],[-80.1029135487099,40.8807151125581],[-80.1146513009282,40.8692145989156],[-80.1374776333332,40.8558915728418],[-80.1068261330821,40.8429117959013]],[[-79.8283483950051,40.7000462980934],[-79.8208478136239,40.7215980935913],[-79.8051492276212,40.7301244539591],[-79.7976486453418,40.7505267729223],[-79.8740054444919,40.7621226292525],[-79.8859976031919,40.7341986044886],[-79.8604035128876,40.7202974363352],[-79.8515475623889,40.702889459922],[-79.8283483950051,40.7000462980934]],[[-79.5229211984044,40.6932355180665],[-79.5270706433642,40.7362974882834],[-79.5355713020832,40.6998584123147],[-79.5229211984044,40.6932355180665]],[[-79.5678369626104,40.6727990004561],[-79.5709117628773,40.6811054179388],[-79.5787895666091,40.6751310229717],[-79.5678369626104,40.6727990004561]],[[-79.3791907529453,39.8433110725776],[-79.3480830774132,39.8745975625424],[-79.3384332057479,39.8809797084288],[-79.3301167717308,39.8883844082753],[-79.2718271626627,39.8965421144623],[-79.2577208054667,40.0025728080412],[-79.2213188594003,40.0150136725589],[-79.1507870734206,40.0848023645869],[-79.1228375375592,40.0943442766215],[-79.0708949131473,40.1225108665135],[-79.0606221864949,40.190993244477],[-79.0382564167428,40.2216116124888],[-79.0643812496834,40.2573546139147],[-79.0820799903618,40.241675218195],[-79.0965547978597,40.2321539928803],[-79.113854384718,40.1973458499522],[-79.1324874092245,40.1772674401835],[-79.1423346641139,40.1441461948055],[-79.1790831281146,40.1356877236042],[-79.2031463975467,40.1143298014473],[-79.2270736916892,40.1158007219686],[-79.2723184288337,40.0675943476279],[-79.314808566601,40.0578036071901],[-79.3114354978121,40.0256418781529],[-79.3301167717308,40.0054606478527],[-79.3405123142521,39.9445869074941],[-79.3767124906209,39.9362297642228],[-79.4126758064021,39.9042143189966],[-79.406706044995,39.8471637309612],[-79.3791907529453,39.8433110725776]],[[-79.5858032682928,39.9260282954088],[-79.573802337544,39.9443784112926],[-79.5477827754766,39.9501353513814],[-79.573802337544,39.9558918069967],[-79.5888210462004,39.9650365812325],[-79.6179461120527,39.9696622952889],[-79.6247536575652,39.9287663270011],[-79.5858032682928,39.9260282954088]],[[-79.6486853381812,39.91913900538],[-79.6418865656158,39.9296307680798],[-79.6526110810756,39.9421185453975],[-79.6606862689299,39.9237947346904],[-79.6486853381812,39.91913900538]],[[-78.1934145779075,39.7950132822826],[-78.1974850690387,39.8378129150632],[-78.2350230677326,39.8806044039121],[-78.2705960026407,39.8749729006228],[-78.286913057157,39.8668159938827],[-78.331828821363,39.857967868937],[-78.3235036143988,39.8132266408027],[-78.2992034843792,39.8010708969713],[-78.2644244715359,39.8070589008069],[-78.2256802384348,39.7978323721941],[-78.1934145779075,39.7950132822826]],[[-77.5286612676591,39.7190481890661],[-77.523739833002,39.739317224834],[-77.4758326088313,39.7506930701448],[-77.5035101941135,39.7970404100344],[-77.5239152856551,39.8055594217448],[-77.5603567081867,39.8120726530112],[-77.5989342615818,39.8327707253896],[-77.6951040008046,39.8262594556182],[-77.7451780602553,39.8102616124887],[-77.8031650134294,39.8206251762111],[-77.8256097361118,39.8360261295276],[-77.8440980123816,39.8519102180716],[-77.9099145207737,39.8793623486179],[-78.0064439364531,39.883776759922],[-78.0696286613371,39.8688039717016],[-78.081379572976,39.8607456564391],[-78.0898539146504,39.8534625626561],[-78.1225932954545,39.8419252080747],[-78.1402701055618,39.7912301621169],[-78.1050612344821,39.7609425373606],[-78.029686967674,39.7160251177978],[-77.9794111385256,39.7430340576479],[-77.9091162131335,39.7364130990836],[-77.8851582145747,39.7157872479445],[-77.805266053403,39.7228487706952],[-77.7548323174958,39.7499410334536],[-77.6834671338843,39.7432195569844],[-77.6591713894398,39.7223089760079],[-77.5286612676591,39.7190481890661]],[[-79.2983423773745,39.7397742508973],[-79.3073957110973,39.7535342084126],[-79.3444994659795,39.7679640343044],[-79.3642422251705,39.7559081975921],[-79.4031224335613,39.7512680515051],[-79.4091579893765,39.7422279739808],[-79.2983423773745,39.7397742508973]],[[-81.849557784274,39.3101705385088],[-81.8291395342101,39.3389474878038],[-81.7858423167538,39.3518611993311],[-81.7919787569687,39.3758624213146],[-81.8484348901688,39.3825399235529],[-81.866252061141,39.3468208280018],[-81.9063428904127,39.3529465615193],[-81.8962543884621,39.313462452852],[-81.849557784274,39.3101705385088]],[[-79.6486853381812,39.1152856237819],[-79.640259245919,39.1228744362991],[-79.5906282041254,39.1469014166654],[-79.5194954937297,39.1553082424454],[-79.4863218682155,39.1774676508374],[-79.4335414596983,39.2249409641496],[-79.3929988416191,39.2224179516225],[-79.4021618326886,39.2695994092826],[-79.4528894515428,39.3151677398789],[-79.5061786721251,39.3381672290723],[-79.5858032682928,39.3431149390956],[-79.63970218534,39.3397667498557],[-79.7376878545365,39.345855789527],[-79.8276158817729,39.3249133755313],[-79.861149184642,39.2834901390995],[-79.8946517830946,39.2611417263245],[-79.9133549875844,39.2229769294815],[-79.9499543177732,39.2165339675009],[-79.9591699447285,39.2005293475439],[-79.9769037762968,39.188689224191],[-79.9852202103139,39.1742458562105],[-80.0391191273611,39.1666234719144],[-80.0305263562912,39.1457057049177],[-80.0183762908322,39.1668173152932],[-79.9091967705758,39.1600154905487],[-79.8796593923811,39.1618554486421],[-79.8152070251553,39.1324494659558],[-79.7786076949664,39.1259982032746],[-79.7523249552669,39.118511819538],[-79.6486853381812,39.1152856237819]],[[-80.0978429802409,39.3101705385088],[-80.1039925798763,39.326806694375],[-80.1198052096994,39.3150286031521],[-80.0978429802409,39.3101705385088]],[[-80.0798766745585,39.1640575537376],[-80.0798766745585,39.1919120563998],[-80.1337755916057,39.1919120563998],[-80.1337755916057,39.1640575537376],[-80.0798766745585,39.1640575537376]],[[-81.2117539325491,38.800945704958],[-81.2004767420854,38.8186250236653],[-81.2315931905646,38.8242961728068],[-81.2417211689803,38.8126560740672],[-81.2117539325491,38.800945704958]],[[-80.2056408143353,38.5273910623024],[-80.2013203040942,38.5310386039555],[-80.1111466433232,38.5377979045132],[-80.0598882818328,38.5518497277791],[-80.0213151149112,38.5450917477253],[-79.987360727651,38.5310386039555],[-79.9030734888833,38.5379162730809],[-79.8779268018112,38.5591421458391],[-79.8596183637697,38.5658988052406],[-79.8473410959681,38.5962102092574],[-79.8330110376052,38.6082969127521],[-79.8060615790816,38.6182345244559],[-79.8191897895108,38.6671022484312],[-79.8366297390305,38.6817964715753],[-79.8890855619811,38.7151152526028],[-79.9831981241689,38.7122043722003],[-80.0033488092288,38.7205242810142],[-80.0463828490529,38.736367418109],[-80.0857060742025,38.7781774423288],[-80.1025187813633,38.7903189140018],[-80.1012642984421,38.8149459676145],[-80.103580267534,38.860402201148],[-80.0486067057939,38.8685733505871],[-80.0589671583236,38.9511712549307],[-80.1001896537492,38.9431545981635],[-80.1167260238573,38.9025183862406],[-80.1653876927294,38.909242644264],[-80.1884552712972,38.9286114336059],[-80.2099613245763,38.9374639274164],[-80.237252915459,38.9441848743804],[-80.2828529425866,38.96294727424],[-80.4275483753919,38.9674064718495],[-80.4628318138267,38.9577902836606],[-80.5516632649008,38.9651419502698],[-80.5794855975214,38.9800254184701],[-80.6582460925391,38.9994072584874],[-80.6965209900403,39.019872604161],[-80.9769023848669,39.0289317707592],[-81.098174948223,39.0148816438345],[-81.1398887098196,39.0135967853869],[-81.1631405130892,39.014314196066],[-81.188405630455,38.9931228051778],[-81.2969228183609,38.9857740429236],[-81.2882817978788,38.9441848743804],[-81.1891249842666,38.9374639274164],[-81.1550828702307,38.9234519448041],[-81.090937544474,38.9139236496138],[-81.0098040598018,38.8620262596004],[-81.0184450802839,38.8393065617041],[-81.032433007186,38.8187121705808],[-81.0459472138113,38.7963974202525],[-81.072343997331,38.7773345404901],[-81.063702976849,38.769301679822],[-80.9375967047131,38.7625641863394],[-80.8930230728662,38.7412804715157],[-80.83878202346,38.7345403326465],[-80.8301410029779,38.7272657423613],[-80.8118325649364,38.7205242810142],[-80.7777904509005,38.7064695391941],[-80.7309841893656,38.6994950484252],[-80.6869237551591,38.6812982660858],[-80.6257479578978,38.6587555732235],[-80.5884424324197,38.6317617893508],[-80.5870695192047,38.6046532908724],[-80.5879818706651,38.5866655544483],[-80.5525975478306,38.5877627057501],[-80.5335258930389,38.5798748436465],[-80.4994004395992,38.5939887215196],[-80.4835439468374,38.5842209041358],[-80.4618317364889,38.5658988052406],[-80.3365939528748,38.5586739577403],[-80.2997928529882,38.5450917477253],[-80.2749225029689,38.5347974712297],[-80.2056408143353,38.5273910623024]],[[-82.6670246928227,38.3444412250032],[-82.6599101058411,38.3680437491044],[-82.7127475367176,38.3756212716146],[-82.706716367376,38.348156501718],[-82.6670246928227,38.3444412250032]],[[-82.2717659678101,37.8708602683344],[-82.2677700440341,37.8747987946986],[-82.2628793137934,37.9058235552916],[-82.2303811791521,37.9409207149431],[-82.2045809326765,37.9572136501499],[-82.1959048213045,37.9805667221953],[-82.3011015763072,37.9873808843664],[-82.311694502951,37.9329432782703],[-82.2857582811858,37.8797047794134],[-82.2717659678101,37.8708602683344]],[[-83.2239801689768,37.6080165139681],[-83.2198219519683,37.6118387505082],[-83.1320300555955,37.6382259307915],[-83.0338864787416,37.6483937243718],[-83.0042262837796,37.6397698577392],[-82.9443049694395,37.628987748606],[-82.9054116025265,37.6402978077927],[-82.8685885711706,37.6490761585915],[-82.7974295437303,37.6890145321368],[-82.7340649797197,37.6966556810204],[-82.7077822400202,37.7042908378162],[-82.6664106098844,37.7141459674572],[-82.6723496668751,37.7726320712298],[-82.7300646694701,37.781902634454],[-82.8974109820273,37.7712729376589],[-82.92958014373,37.7854593935367],[-83.0026252820257,37.7808210133939],[-83.0688102398215,37.7516303275763],[-83.1445266380905,37.7398186706762],[-83.210172080303,37.754025032081],[-83.2870113735754,37.7606000998724],[-83.3499592378718,37.7423212828834],[-83.3718688314445,37.6966556810204],[-83.3815187031098,37.690074933855],[-83.3898351371269,37.6809976807117],[-83.3670438956119,37.6654561644719],[-83.3532182619422,37.6527521645054],[-83.3013545904606,37.6344276298095],[-83.2916871746979,37.6255415900313],[-83.2735322578401,37.6131521644742],[-83.2239801689768,37.6080165139681]],[[-83.6821209638778,37.6791473816361],[-83.6783706727381,37.6832887937265],[-83.6574392250339,37.6951597924767],[-83.6386877711319,37.7158600714893],[-83.6122471237751,37.7308481134926],[-83.6341786488172,37.7581622605224],[-83.6819806021147,37.7681315801782],[-83.7409676326266,37.774480036219],[-83.8025732881244,37.7544654688026],[-83.7907785135468,37.7072613949023],[-83.7307870192235,37.690397736907],[-83.7143032841029,37.6821154753458],[-83.6821209638778,37.6791473816361]],[[-83.4216095314831,37.3370986188779],[-83.4176136077071,37.3410655083383],[-83.3764393616938,37.3481461035882],[-83.3457483849775,37.3624883208827],[-83.3058593263018,37.3715521235371],[-83.2649000094068,37.4016535162089],[-83.2891343450184,37.4343986156312],[-83.3277820792951,37.4473279309687],[-83.3537402325296,37.4623805849771],[-83.3847557957109,37.4727534185969],[-83.4529321361335,37.4660240353471],[-83.4994225841505,37.4390638745494],[-83.5334032893535,37.3867768463132],[-83.5014622161896,37.3664521261983],[-83.4868251154592,37.3519223804621],[-83.4216095314831,37.3370986188779]],[[-82.909569819535,37.3656625194623],[-82.9054116025265,37.3694971766331],[-82.8777954251788,37.3761062704571],[-82.8694789911617,37.3852207062217],[-82.8874452968441,37.3975190808855],[-82.8967705811461,37.4061187294805],[-82.9503273667324,37.4189257752507],[-82.9975898035484,37.4327076264467],[-83.0249691203085,37.4074688683209],[-82.9889575551151,37.3709368650226],[-82.909569819535,37.3656625194623]],[[-83.4036432258007,36.7203513777455],[-83.395905783832,36.7404298230141],[-83.362964632432,36.7525450091276],[-83.3544902907576,36.7673428346414],[-83.319189307327,36.7803197687783],[-83.3006089187062,36.8217830897545],[-83.3454413435083,36.8382526041248],[-83.4187979097467,36.8808493924656],[-83.4589501469529,36.9250915481888],[-83.4994050382564,36.9181097731793],[-83.5156782307323,36.9035445241774],[-83.5251701947403,36.8967642297975],[-83.5336445364147,36.8748056911812],[-83.5521196532639,36.8680228440517],[-83.5605939949383,36.8532444674249],[-83.5794682656075,36.8463122811156],[-83.6144929119854,36.7516031374217],[-83.6033604697584,36.724480692581],[-83.528854691472,36.7209209519092],[-83.4710168721097,36.7333362613264],[-83.4263555134872,36.7237494209521],[-83.4036432258007,36.7203513777455]],[[-84.9936612786923,36.4101036793347],[-84.9895030616837,36.4139866382461],[-84.9349461987595,36.4239614222283],[-84.860422874579,36.4664651846567],[-84.8362850377918,36.5309173163807],[-84.8178362388855,36.543687479839],[-84.8008568520187,36.6139376028709],[-84.8306749537396,36.6476873181615],[-84.9018690720699,36.6430963528913],[-84.9618868843361,36.6228147030408],[-85.014689225221,36.6150836033851],[-85.0468540004502,36.6245643026101],[-85.1052839703831,36.6117300505167],[-85.18713242419,36.6017178158763],[-85.320313805944,36.5716275187017],[-85.3391793036663,36.5800797678415],[-85.4010393647475,36.5891421427553],[-85.4546180818032,36.5856853228746],[-85.464943443443,36.5197613019512],[-85.4246815488901,36.474114164881],[-85.3212129979839,36.4645744284398],[-85.2278899704891,36.4529307962351],[-85.1056173297952,36.4428979850149],[-85.0849359012009,36.4336155531353],[-85.0199440183918,36.4178711676125],[-84.9936612786923,36.4101036793347]],[[-85.7751955758763,36.3739475512585],[-85.7791914996524,36.4358034906092],[-85.7881614939713,36.4494555365221],[-85.8430429433604,36.414140187376],[-85.8538507991225,36.4032797920527],[-85.8498636473952,36.3774862270106],[-85.7751955758763,36.3739475512585]],[[-84.472638413903,36.2798629486222],[-84.4576284781937,36.2988787911673],[-84.4606506416765,36.3184696114577],[-84.5061848752943,36.3289584414777],[-84.5348099020286,36.3260907634656],[-84.5285462585729,36.2854990648951],[-84.472638413903,36.2798629486222]],[[-86.1614711480477,36.2219082894894],[-86.1571506378066,36.225669713331],[-86.1298590469239,36.2326400761272],[-86.1122348736007,36.2401617106118],[-86.084943282718,36.2471307815177],[-86.054598823936,36.2639671915007],[-86.0686876361362,36.2854318867989],[-86.0889567523882,36.3005685502312],[-86.2766204297113,36.2945729232377],[-86.2732517473958,36.2260306307294],[-86.1614711480477,36.2219082894894]],[[-86.5028309560131,36.0695729352268],[-86.4992429581059,36.0739337331723],[-86.4723417489945,36.0883899968042],[-86.4633103467411,36.1169083278782],[-86.5423998146973,36.1232825152164],[-86.5773718251895,36.1044135617606],[-86.5872673294911,36.0727425149329],[-86.5028309560131,36.0695729352268]],[[-85.7482461173527,36.0187287720247],[-85.7406534236207,36.0266824317969],[-85.6829033301358,36.0457970198559],[-85.6724683102509,36.06641031928],[-85.6533440204718,36.0727354240219],[-85.6300615127857,36.0840867181913],[-85.6185693932038,36.1167772247032],[-85.7374514201129,36.1235446996234],[-85.7521587017249,36.0945148507324],[-85.7982324500277,36.0881914978202],[-85.8060576187721,36.0541770323928],[-85.7821127787355,36.0220760056362],[-85.7482461173527,36.0187287720247]],[[-87.2304663361499,35.6764973849235],[-87.1988542350262,35.7091892147374],[-87.1707380194588,35.740310050382],[-87.1450123403383,35.7596540679528],[-87.1363142974969,35.8479363520518],[-87.0779939849107,35.9826948872395],[-87.0371574838847,35.993155972684],[-87.0285164634026,36.0308469627445],[-87.065633376807,36.0744548851609],[-87.1304147169714,36.0723791183507],[-87.1767735752739,36.0319288527972],[-87.2620784372736,36.0224999428336],[-87.3129595764132,35.9941762760823],[-87.3385229623012,35.9844163147605],[-87.3617089711628,35.9553546495883],[-87.3825439200426,35.8669751466749],[-87.4437328767244,35.8082745577159],[-87.4408247561636,35.7487420432334],[-87.4144499032149,35.7386384984075],[-87.3460761795681,35.7092657902525],[-87.2617363049145,35.6875814061719],[-87.2441121315913,35.6800069568375],[-87.2304663361499,35.6764973849235]],[[-86.9340222923905,35.7129751436454],[-86.9151260902518,35.7366340130593],[-86.9032392033233,35.7609069595807],[-86.8839570058869,35.7671248545926],[-86.8669381425549,35.7856866666965],[-86.8583234391173,35.8156785306993],[-86.896896606039,35.8102932452961],[-86.9111652564674,35.7811693849918],[-86.9288727700929,35.7900595912744],[-86.9505235725069,35.7962752068404],[-86.9648053814576,35.7671248545926],[-86.991539910863,35.7585043804701],[-86.9826620297933,35.7166593957953],[-86.9340222923905,35.7129751436454]],[[-87.2663989475147,35.6107953874499],[-87.238559069,35.6411115668451],[-87.256205174691,35.6521773336625],[-87.2756145744699,35.6498463253755],[-87.2882778375693,35.6157484457278],[-87.2663989475147,35.6107953874499]],[[-87.9311522577631,35.2521381962841],[-87.9269940407546,35.2560782397068],[-87.8993778634069,35.2628689915901],[-87.8730951237074,35.2707478435977],[-87.8300259938917,35.2813347389681],[-87.8102130538191,35.3379572898834],[-87.8738934313476,35.3704868434483],[-87.9594965609711,35.3801415876958],[-88.0056273316331,35.3364705551967],[-88.0466656023569,35.3288647026825],[-88.0425687932828,35.2872945179167],[-87.9980916602604,35.2560083950386],[-87.9311522577631,35.2521381962841]],[[-88.9731979873418,34.8255458983258],[-88.9762727876087,34.834536341786],[-88.9841505913405,34.8280699467951],[-88.9731979873418,34.8255458983258]],[[-90.7698285555808,34.2037881372877],[-90.7771887751988,34.245430690753],[-90.7566608677882,34.2949908179188],[-90.8022345778712,34.3039518376984],[-90.8418165950777,34.287107012445],[-90.8550807816948,34.2493374772158],[-90.7991860955472,34.2343438581284],[-90.78339101072,34.2074284207214],[-90.7698285555808,34.2037881372877]],[[-90.7518622498984,33.7717804521329],[-90.7477873722937,33.7758585771092],[-90.6840719047736,33.805032378391],[-90.6489726910406,33.8281113852184],[-90.6014383027471,33.8452353128434],[-90.5860906211522,33.9027028840002],[-90.5609088440885,33.9774274162764],[-90.5684620613554,34.0388696011837],[-90.6106232252859,34.067886272011],[-90.6391561405676,34.0963354559186],[-90.6721894043186,34.1030875994744],[-90.7152497611873,34.0601538247947],[-90.7513358928375,34.0471873113119],[-90.7649597568095,33.983807137388],[-90.7742367925976,33.9067165199861],[-90.8182445909183,33.8763720251259],[-90.8278023502327,33.8019306512474],[-90.8097395457258,33.7757163835686],[-90.7518622498984,33.7717804521329]],[[-92.2789982329016,33.5474682767772],[-92.2750856485294,33.5516941285359],[-92.2469782059091,33.5657008380864],[-92.2391530371646,33.6074004709522],[-92.3004297197239,33.5998582480354],[-92.3098602757974,33.6190458725248],[-92.3314672143745,33.6255619355675],[-92.3457928871622,33.5782197871653],[-92.3033378402848,33.5509136778472],[-92.2789982329016,33.5474682767772]],[[-94.8930957096894,31.9153088786539],[-94.8889374926809,31.9194043400062],[-94.8703044681744,31.9264629973883],[-94.8619880341573,31.9346527443733],[-94.7997726821947,31.9801316406149],[-94.7776328072955,31.9885100573125],[-94.7817997972512,32.0324879063736],[-94.8507042644324,32.0690667124047],[-94.896762660527,32.0808172311261],[-94.9751240017246,32.043765358762],[-94.9684743629711,31.9735831448414],[-94.9152202323804,31.9346527443733],[-94.9027477741423,31.9223659891775],[-94.8930957096894,31.9153088786539]],[[-95.1356408364017,31.1803921804039],[-95.0964842909581,31.2252615494363],[-95.1143102348774,31.277525066011],[-95.1636693260917,31.2989470860377],[-95.2015231392018,31.2794350657509],[-95.2114186435035,31.2306251649247],[-95.1784577534217,31.1838877243706],[-95.1356408364017,31.1803921804039]],[[-95.7734446881266,31.1111977852986],[-95.7772914780907,31.136535881212],[-95.7855267654916,31.1166467227902],[-95.7734446881266,31.1111977852986]],[[-95.9081919807445,30.462958458788],[-95.9050119096044,30.4679603378486],[-95.8923442600315,30.4739448636986],[-95.9055843223917,30.4966660780768],[-95.9374815326169,30.4758766187526],[-95.9081919807445,30.462958458788]],[[-95.746495229603,30.222627318741],[-95.7423370125944,30.2345578341564],[-95.6928375596169,30.2862463128783],[-95.6676075322427,30.3350607214355],[-95.6706560145667,30.3678077567444],[-95.724370706912,30.3968324128379],[-95.7506534466115,30.4129028499796],[-95.7814825923033,30.4247667181114],[-95.8315018221823,30.3890837620913],[-95.8552580510435,30.3799382021082],[-95.8878877745009,30.3311026274836],[-95.884264686602,30.292177589135],[-95.8455226462884,30.2712233527462],[-95.8052190824828,30.2262202689689],[-95.746495229603,30.222627318741]],[[-95.4410680330023,29.9739261111165],[-95.4269331650759,30.0005865713109],[-95.419270289564,30.0416602399004],[-95.4422786529849,30.1085569442391],[-95.4289135819681,30.1756908841188],[-95.4462767704469,30.2261065703084],[-95.4736495070475,30.257531744929],[-95.534849429464,30.2724980834187],[-95.5722426799212,30.2481958075552],[-95.5915226845701,30.1672061230371],[-95.5778834683899,30.1378669236045],[-95.5437141520114,30.1261238679267],[-95.5230371098906,30.1150547935331],[-95.5091018179759,30.0705781930258],[-95.4808320821231,30.0172877376621],[-95.4715725922291,29.9783051108778],[-95.4410680330023,29.9739261111165]],[[-95.746495229603,29.9505783232887],[-95.7324415082928,29.9695336196203],[-95.7246163395484,29.9965067594094],[-95.7843424634519,30.008436128022],[-95.7953235781812,29.9577648888845],[-95.746495229603,29.9505783232887]],[[-95.5668321727791,29.8571323645946],[-95.5626739557705,29.8613167963979],[-95.5066761915373,29.8687171049605],[-95.4888787583486,29.8866307673219],[-95.4910346278939,29.9099099146038],[-95.5487342782806,29.9058910185536],[-95.5803069020409,29.9159417562534],[-95.6227400174489,29.9024347141003],[-95.633872459676,29.8630627937588],[-95.5668321727791,29.8571323645946]],[[-95.2614049761784,29.505931497675],[-95.2477591807371,29.5331422406243],[-95.239118160255,29.5694048513601],[-95.2752481548439,29.6150603894236],[-95.2739892854491,29.6426553717675],[-95.2760705876393,29.6882586797733],[-95.251057682171,29.7502349368116],[-95.2856700162065,29.7985357148577],[-95.3284364910266,29.77889688185],[-95.3828486057141,29.7676463087686],[-95.3914896261962,29.6962947617806],[-95.3468063361043,29.6603255340225],[-95.3363954413747,29.5752702839561],[-95.3039718740885,29.561961460672],[-95.3202428728785,29.5488493054464],[-95.2926749449431,29.5412555726739],[-95.2818736693405,29.5115715819873],[-95.2614049761784,29.505931497675]],[[-95.611747936985,29.6543659410908],[-95.595411143787,29.6886892686736],[-95.548196955485,29.7240198350119],[-95.5063823094888,29.7661613670665],[-95.5322922133111,29.7905991818025],[-95.601240543431,29.7742216700928],[-95.6248893068348,29.7282117404924],[-95.6614886370237,29.6897790688417],[-95.678788223882,29.6603083816122],[-95.611747936985,29.6543659410908]],[[-95.8632762165385,29.7089972434007],[-95.8663510168054,29.7185097174959],[-95.8742288205372,29.7116678370375],[-95.8632762165385,29.7089972434007]],[[-94.2463087051234,29.5606432630795],[-94.2423961207512,29.5650537197253],[-94.2153918335542,29.5831818790137],[-94.2064635093864,29.6180442522229],[-94.2665997528447,29.6583892291104],[-94.2964003095698,29.6655720461064],[-94.3721934679815,29.6463684411461],[-94.354163561577,29.592616618372],[-94.3122019736582,29.5644471027146],[-94.2463087051234,29.5606432630795]],[[-95.4680174915259,29.302457649571],[-95.4638592745174,29.3066651398558],[-95.4031900956353,29.3163149370712],[-95.3661762594181,29.3537695299987],[-95.356061440423,29.4378401750265],[-95.3954241420378,29.4992641506644],[-95.4725200336812,29.5095503488587],[-95.5537873017538,29.4700814705287],[-95.58895669547,29.411941184264],[-95.5704706128861,29.3680804709959],[-95.4911969211264,29.3085431544986],[-95.4680174915259,29.302457649571]],[[-94.7313989585479,28.9021572408795],[-94.7270784483069,28.9062390539576],[-94.6853734587591,28.9400623845981],[-94.6731795312597,28.984848826284],[-94.662393606967,28.993590858455],[-94.6197324030201,28.9921118438638],[-94.6102974613713,29.0889588791045],[-94.6282637670537,29.1337439857508],[-94.642749539388,29.213141508321],[-94.6760942310817,29.2893846364097],[-94.671585108767,29.3885924327622],[-94.6734668340471,29.4299496861691],[-94.8408723608529,29.4415989727088],[-94.8843976668481,29.4125296104155],[-94.8997365754959,29.3703147612612],[-94.8679468298298,29.2212057404317],[-94.8860447243282,29.099997449999],[-94.8211866240212,28.9428299577313],[-94.7937787965306,28.9079688800743],[-94.7313989585479,28.9021572408795]],[[-94.4169886091061,28.4608268408342],[-94.4129948781176,28.4731100201735],[-94.3951711278843,28.4856539317414],[-94.3801019761298,28.5170852359559],[-94.3873152547235,28.5680342262475],[-94.4210963839148,28.618492660094],[-94.4658981043005,28.5918039112892],[-94.4568359976307,28.5278126772545],[-94.4276056609052,28.4682998732185],[-94.4169886091061,28.4608268408342]],[[-96.8334567233876,27.4132603651847],[-96.8260789578755,27.4315108662785],[-96.8834978847359,27.440943488553],[-96.9095613097419,27.4181430347608],[-96.8334567233876,27.4132603651847]],[[-96.2315854830275,27.1417979651953],[-96.2136016323493,27.1667098635568],[-96.2007234401317,27.2342987356737],[-96.2190910933201,27.2903010630141],[-96.2699503009904,27.3436140817881],[-96.3338785039428,27.3668525586811],[-96.399269540572,27.3582706679343],[-96.4300811403696,27.341761416919],[-96.4421105827472,27.2852724173109],[-96.4060639275622,27.2420537165049],[-96.3612622071765,27.2182293671203],[-96.3396991306398,27.1713653491397],[-96.2882675110806,27.1457460696168],[-96.2315854830275,27.1417979651953]],[[-96.7346420421344,27.189751250687],[-96.7304838251259,27.1940429394747],[-96.6911123505641,27.2045861368249],[-96.6303993087433,27.2672434355993],[-96.6327766857697,27.2935383770823],[-96.6696062963867,27.3396924730441],[-96.7102870834414,27.3558144031548],[-96.7497879540317,27.3529957669416],[-96.7714826184861,27.3098034270187],[-96.783716023349,27.197714152459],[-96.7346420421344,27.189751250687]],[[-96.5998947495165,27.1737691107712],[-96.6047767068101,27.1839162401693],[-96.6205542466415,27.177007864605],[-96.5998947495165,27.1737691107712]],[[-96.4022653870102,27.1178136020979],[-96.4344433207617,27.1535735590731],[-96.4812934461336,27.1693303053691],[-96.5050737992518,27.1465891468797],[-96.4490957737004,27.1379219345993],[-96.4342042673865,27.1213682502788],[-96.4022653870102,27.1178136020979]],[[-97.264648059765,26.492424202528],[-97.2677228600318,26.5022262923092],[-97.2756006637637,26.4951760953832],[-97.264648059765,26.492424202528]],[[-97.264648059765,26.2670880802924],[-97.2606543287765,26.2715622121779],[-97.2335908264327,26.2817861856282],[-97.2010576017997,26.3182068062265],[-97.2077423305449,26.3663673037339],[-97.2476752521592,26.3950154836431],[-97.2932401892952,26.4459736298777],[-97.3614165297179,26.4383799471854],[-97.4275378858932,26.3644219321489],[-97.4201206439159,26.3109743187299],[-97.3642325379278,26.2708502959378],[-97.264648059765,26.2670880802924]]]}},{"id":"1","type":"Feature","properties":{"category":0,"label":"0.01 to 0.10 inches"},"geometry":{"type":"MultiPolygon","coordinates":[[[[-81.665273755001,37.5761535295833],[-81.665574217209,37.5761209840251],[-81.6742152376911,37.5616093301284],[-81.7064107173368,37.5547592931042],[-81.7191310018971,37.5761209840251],[-81.7374394399386,37.5829690568542],[-81.7460804604207,37.6045937085658],[-81.7926630207886,37.6162775103084],[-81.8190071693209,37.6485830003811],[-81.8362541211917,37.661235628393],[-81.8448951416738,37.7025348215589],[-81.7999793774678,37.710998714465],[-81.7913383569858,37.7254812164252],[-81.7460804604207,37.7323155290909],[-81.7374394399386,37.750673117877],[-81.7643888984622,37.7607284049437],[-81.7730299189443,37.7823013054212],[-81.7913383569858,37.7891303712043],[-81.8108003926505,37.8376886597201],[-81.8088133964971,37.8772656766539],[-81.7631124831733,37.8886849648741],[-81.7440320563328,37.9049341018486],[-81.665273755001,37.9167978626018],[-81.665273755001,37.5761535295833]]],[[[-81.665273755001,37.2979110308829],[-81.6687279704062,37.2973745843757],[-81.6875846960797,37.2051829112433],[-81.7732887110012,37.1977656693424],[-81.7910795649288,37.1904665039497],[-81.8724981596009,37.1834182435039],[-81.8977939813832,37.1624390509418],[-82.0275496584624,37.1546557836989],[-82.0517664490782,37.1261761464512],[-82.0625786913138,37.0908178173018],[-82.150975897678,37.0831549039559],[-82.1697843739392,37.0675380076155],[-82.3032947286317,37.0545188453231],[-82.3206995872615,37.0400637158731],[-82.4204617108651,37.03298043273],[-82.4466698832095,37.0112047428197],[-82.5014372887784,36.9970111148945],[-82.5442256950678,36.9614365937855],[-82.5771931644108,36.9608985995231],[-82.5997300003424,36.9612666093939],[-82.62651277916,36.9539411358056],[-82.7363546308686,36.9461346997152],[-82.7882095303015,36.9180396367607],[-82.8063512877387,36.9110011008991],[-82.8331252945075,36.8964906204259],[-82.8756680672623,36.8741793645115],[-82.8870242115546,36.846185916614],[-82.8961828161506,36.8247605742887],[-82.904990517237,36.8030412390065],[-82.9500817331978,36.7959921043527],[-82.9858388928078,36.7742646082604],[-83.0193897406727,36.7612233963464],[-83.0307546570138,36.7238795041087],[-83.0399132616097,36.7024199470631],[-83.0509185014942,36.675227361789],[-83.1086378896644,36.6602024233083],[-83.1473382598269,36.645141117026],[-83.1489918965682,36.5800234108383],[-83.1116030325845,36.5654555073249],[-83.0983958674284,36.5544154653846],[-83.0758458729745,36.5370110286657],[-83.0885793169554,36.5153143092317],[-83.1435528786955,36.5144118363975],[-83.2016100127512,36.5220084959616],[-83.2104177138377,36.5438072950317],[-83.282458388322,36.5508795706137],[-83.3349493012642,36.5653110652967],[-83.3812730695751,36.5582401104042],[-83.4260133820264,36.5364453806977],[-83.4820221119942,36.5291197737067],[-83.5624186978591,36.4778828220636],[-83.5858678843529,36.4582545218704],[-83.6266868403831,36.4359975791323],[-83.695683419017,36.4282477857537],[-83.7224574257858,36.4136460049271],[-83.7636097403298,36.3919288527109],[-83.8290402534241,36.3266544123827],[-83.8392384127213,36.2761695517496],[-83.8843296286821,36.2618292394697],[-83.8931373297685,36.2471962248684],[-83.9561948514116,36.2400962620953],[-83.9650025524981,36.2254591777147],[-84.0199147054053,36.2182475397858],[-84.0458509280688,36.1964670482729],[-84.0550095326648,36.1893624798812],[-84.0638172337512,36.1747159031471],[-84.0819589911884,36.1676093617107],[-84.1177161507984,36.1457049816911],[-84.1358579082355,36.1385958102704],[-84.1531224051022,36.124085009577],[-84.1897568252827,36.131195495671],[-84.2198600370035,36.1395168152759],[-84.2616220480123,36.0950553604173],[-84.2704297490987,36.0222888616337],[-84.2882513065444,36.0084360702734],[-84.2973792076223,35.993221628072],[-84.3334872707418,35.9860986632627],[-84.3422949718283,35.9714141708972],[-84.3836490560699,35.9632543468832],[-84.3961938888754,35.942328188166],[-84.4099361822429,35.9316366107988],[-84.423143347399,35.9205066731861],[-84.4411096530814,35.9065258763799],[-84.4224678565262,35.8590853823997],[-84.3602612775107,35.8260230162385],[-84.3321055845798,35.8105475783541],[-84.281452533979,35.7906164198273],[-84.2614465962575,35.7750219833664],[-84.2346725894887,35.7384266593842],[-84.2077231309651,35.7061493011671],[-84.2190529573146,35.6538043659084],[-84.2434802905751,35.6435800663841],[-84.2616220480123,35.6364256642365],[-84.308980984551,35.6072167997133],[-84.3747711741019,35.6264273215277],[-84.387386187789,35.6362795040873],[-84.4132390701503,35.6581435501736],[-84.4502726441509,35.6654777511132],[-84.4489918432868,35.7165489955018],[-84.4950085701286,35.7077093418595],[-84.4862008690422,35.6727756451106],[-84.4769457656217,35.6655508041484],[-84.4862008690422,35.6583253100438],[-84.4950085701286,35.6362795040873],[-84.5221334804069,35.6218225656085],[-84.5392181390453,35.5931933260252],[-84.6083726253364,35.5212255630735],[-84.6284311980454,35.4709065033709],[-84.6835845989121,35.4563303945679],[-84.6852996435879,35.3878105553315],[-84.6207727099053,35.3949871472195],[-84.6076971344636,35.4169527729242],[-84.5219580286522,35.4097781362818],[-84.5131503275657,35.3949871472195],[-84.4950085701286,35.3878105553315],[-84.4862008690422,35.3656903365154],[-84.4411096530814,35.3585111384464],[-84.4316396205427,35.2558794512725],[-84.3704111873957,35.3061466586909],[-84.3334872707418,35.3458467225251],[-84.3441152882756,35.3876639418998],[-84.387386187789,35.3804866983793],[-84.4004617632307,35.3585111384464],[-84.423143347399,35.3702454152127],[-84.4143356463126,35.3878105553315],[-84.2434802905751,35.3949871472195],[-84.2346725894887,35.4097781362818],[-84.2163509929249,35.4241267700208],[-84.163224065575,35.4901282796044],[-84.0189014695452,35.482960164205],[-84.0058258941035,35.4610125431234],[-83.8661878712449,35.468182615501],[-83.853879899027,35.4888407802955],[-83.7629693394486,35.4903514910888],[-83.6867309705922,35.4890836386908],[-83.685608076487,35.5339837825521],[-83.7225451516632,35.5345977253794],[-83.7673731899918,35.5338517129264],[-83.7585654889053,35.5633835030502],[-83.7404237314682,35.5705444384492],[-83.7316160303818,35.5853031507558],[-83.713794472936,35.599229926446],[-83.7046665718582,35.6145200160404],[-83.5427943689619,35.6216763787582],[-83.5297187935202,35.6435800663841],[-83.4531382923047,35.6354970063099],[-83.4619459933911,35.6143738158414],[-83.4800877508283,35.6072167997133],[-83.4888954519147,35.5924621267748],[-83.5067170093604,35.5785341729543],[-83.5158449104383,35.5632372094424],[-83.5250035150343,35.5560756210306],[-83.5338112161207,35.5413115245407],[-83.605851890605,35.5341479774323],[-83.6146595916914,35.5193798440392],[-83.641609050215,35.4983027928426],[-83.6327838041328,35.3727115246121],[-83.6146595916914,35.3585111384464],[-83.605851890605,35.3437107482403],[-83.5877101331679,35.3365295961472],[-83.5789024320814,35.3143953265984],[-83.5607606746443,35.3072115699575],[-83.5519529735578,35.292401784499],[-83.5158449104383,35.2852160750623],[-83.4984093473921,35.2558794512725],[-83.3942302147231,35.2634169552018],[-83.3770051952199,35.292401784499],[-83.363131312138,35.2852160750623],[-83.3543236110516,35.241060276487],[-83.2734752354808,35.2329904419197],[-83.2822829365672,35.1896862448133],[-83.327374152528,35.1824914293405],[-83.3361818536144,35.1603150607966],[-83.3543236110516,35.1531176457322],[-83.363131312138,35.1162383935124],[-83.3722899167339,35.1090370808495],[-83.3900807706616,35.0868406935046],[-83.3992393752575,35.0796367836399],[-83.408047076344,35.0647854623266],[-83.4261888337811,35.0575796051913],[-83.4349965348676,35.0353692156762],[-83.4531382923047,35.0281607630233],[-83.4619459933911,35.013300079032],[-83.4797675508368,34.9992720896848],[-83.4888954519147,34.9838652977991],[-83.5070372093519,34.9766523053187],[-83.5158449104383,34.9617822647594],[-83.5519529735578,34.954567327549],[-83.5607606746443,34.9396932789108],[-83.57858223209,34.9256526783325],[-83.5877101331679,34.9102320407574],[-83.605851890605,34.9030125679776],[-83.6146595916914,34.8586494283935],[-83.6328013491286,34.851425423045],[-83.641609050215,34.8365326850387],[-83.650767654811,34.8293067380835],[-83.6595753558974,34.8144099984439],[-83.7549687189494,34.8058999676675],[-83.7673731899918,34.7849038408863],[-83.7765317945877,34.777673365678],[-83.7853394956742,34.762767293357],[-83.8034812531113,34.7555348783988],[-83.8122889541978,34.7332426607567],[-83.8304307116349,34.7260076603365],[-83.8392384127213,34.7110922616099],[-83.929245392888,34.7038553227482],[-83.9380530939745,34.6815491664234],[-83.9831443099352,34.674309643849],[-83.9919520110217,34.659384925027],[-84.0056943043891,34.6485224978559],[-84.0239281750755,34.6329074095306],[-84.2121269815083,34.6297457808987],[-84.2569550198369,34.6305001074447],[-84.2704297490987,34.6076453055518],[-84.2882513065444,34.5935481028173],[-84.3054631675253,34.5643441758883],[-84.3153455133047,34.5558734252466],[-84.3681741712341,34.5417529878659],[-84.3872107360342,34.5336756062726],[-84.4158752392337,34.5260130218722],[-84.4667388333774,34.4823855611301],[-84.4862008690422,34.4746007413526],[-84.4992764444839,34.4523812651222],[-84.5400997860893,34.4596401333291],[-84.5489074871758,34.4746007413526],[-84.5929416034394,34.4834503579033],[-84.59400308961,34.5264141459704],[-84.5670492446129,34.5912642354847],[-84.5758569456993,34.674309643849],[-84.6389144673425,34.6815491664234],[-84.650577653104,34.7110922616099],[-84.710779690072,34.7038553227482],[-84.7195873911585,34.6815491664234],[-84.8185775241664,34.674309643849],[-84.8453515309352,34.659384925027],[-84.9712911224667,34.6521434653267],[-84.9980651292355,34.6372147541183],[-85.044024833718,34.6298324028311],[-85.0699303519651,34.6076453055518],[-85.0880721094022,34.6003993280943],[-85.0968798104887,34.5854613058647],[-85.1238292690122,34.5423816572142],[-85.1150215679258,34.5114718676655],[-85.0880721094022,34.5006985371831],[-85.0968798104887,34.4818576775747],[-85.1238292690122,34.4710805203867],[-85.1150215679258,34.2074284207214],[-85.0968798104887,34.2001476973868],[-85.0880721094022,34.1331043254067],[-85.0789135048063,34.1258171884969],[-85.0443888975465,34.0960666666767],[-84.9303668964616,34.1036777962135],[-84.9131243310642,34.1331043254067],[-84.8723009894588,34.1258171884969],[-84.8593964792983,34.1037958355136],[-84.7734863082056,34.0960666666767],[-84.7646786071192,34.0810385324605],[-84.6926379326349,34.0737469099932],[-84.6838302315485,34.0587148146406],[-84.6477221684289,34.051421270791],[-84.6351773356234,34.0300003546994],[-84.5938232513817,34.0216446044514],[-84.58074767594,33.9993052465357],[-84.5489074871758,34.0066032712691],[-84.535831911734,34.0289407092081],[-84.468059111605,34.0216446044514],[-84.4549835361633,33.9993052465357],[-84.423143347399,34.0066032712691],[-84.4143356463126,34.0216446044514],[-84.3692444303519,34.0289407092081],[-84.3245041179006,34.0588638040247],[-84.2704297490987,34.0661567074804],[-84.253165252232,34.0810385324605],[-84.2434802905751,34.0737469099932],[-84.2346725894887,34.0587148146406],[-84.2165308320515,34.051421270791],[-84.2077231309651,34.0289407092081],[-84.1807736724415,34.0181053861089],[-84.1895813735279,33.9768108790451],[-84.2077231309651,33.9546089034521],[-84.2165308320515,33.9246490654875],[-84.2803647298655,33.8946131501973],[-84.3058360034025,33.8726046081834],[-84.3155209650594,33.8799135013233],[-84.3243286661459,33.8949772409449],[-84.3334872707418,33.9022842175524],[-84.3509228337881,33.9321027104111],[-84.431652779065,33.923957531697],[-84.4411096530814,33.827692352833],[-84.468059111605,33.816831401481],[-84.4592514105186,33.7306255642093],[-84.4411096530814,33.7233039098953],[-84.432301951995,33.7007367383404],[-84.423143347399,33.6934125350913],[-84.397246602099,33.6709871779462],[-84.3508438799594,33.6783826441999],[-84.3334872707418,33.6934125350913],[-84.3063623604635,33.7007367383404],[-84.2884530762421,33.7084106065245],[-84.2795883536947,33.7007367383404],[-84.1895813735279,33.6934125350913],[-84.1807736724415,33.67831329217],[-84.1326909965161,33.6705016685682],[-84.1020526547873,33.6328754827648],[-84.0907666922748,33.5961937570877],[-84.0805290556141,33.5437997336539],[-84.036429144044,33.5512097749965],[-84.0023694850124,33.5807467465501],[-83.9246660905901,33.5820695792145],[-83.850932302001,33.5808143503499],[-83.8033058013566,33.5885610326691],[-83.7531089251385,33.6168999202975],[-83.6970914231219,33.6409278841721],[-83.659119179718,33.6335091117065],[-83.6275421694843,33.6061401310432],[-83.5762838079939,33.5737430691068],[-83.5427943689619,33.5810774569914],[-83.5339866678755,33.5961937570877],[-83.5110989284343,33.6054423697316],[-83.4978786047559,33.6484062652126],[-83.4844477384328,33.7056520338401],[-83.4531382923047,33.7233039098953],[-83.4349965348676,33.7306255642093],[-83.3952390650079,33.7530353543752],[-83.3176628729282,33.7446907260837],[-83.2918319229345,33.7240517901771],[-83.2911432726411,33.6959671363815],[-83.3002492422496,33.6184888438632],[-83.3262161684312,33.5865787520435],[-83.3362915109611,33.4749971528079],[-83.4207673609043,33.4464122411152],[-83.4351719866223,33.4537574305363],[-83.4619459933911,33.4688959993812],[-83.4972338174012,33.4831776946842],[-83.5257448012135,33.5145097791454],[-83.5470622433172,33.5511366649054],[-83.5895918575497,33.5434926439233],[-83.6505922030562,33.4804887377028],[-83.6276693727251,33.449909243336],[-83.6148350434462,33.4387662890813],[-83.5968862827596,33.4243729416181],[-83.5963292221806,33.4015682185898],[-83.6068519679428,33.393125456453],[-83.6326258973738,33.3487650586259],[-83.686524814421,33.2929711175971],[-83.6761687474665,33.243796326742],[-83.6146595916914,33.2511586293678],[-83.6015840162497,33.2736928831175],[-83.5250035150343,33.2653770847973],[-83.5338112161207,33.2511586293678],[-83.5607606746443,33.2402250015261],[-83.5519529735578,33.1684833194238],[-83.5382106801904,33.1461478203267],[-83.5250035150343,33.1233547942589],[-83.5158449104383,33.1159817435855],[-83.5026377452822,33.1044690693037],[-83.4802895214243,33.0864833529464],[-83.4799079126,33.0706755219229],[-83.5468034512602,33.0615500846659],[-83.5609229678768,33.0250682996478],[-83.5789024320814,33.010582805632],[-83.5877101331679,32.9953646818642],[-83.6073081441222,32.9873885563856],[-83.6055316906136,32.9142619808227],[-83.6146595916914,32.86718866029],[-83.641609050215,32.8562072439196],[-83.6328013491286,32.7992556291757],[-83.6146595916914,32.791855487025],[-83.6055316906136,32.7760447001478],[-83.5877101331679,32.761643838268],[-83.5789024320814,32.7463829110436],[-83.5607606746443,32.7389783717028],[-83.5476850992026,32.7163071388784],[-83.4255966832104,32.7243316581632],[-83.3900807706616,32.7388271018965],[-83.3812292066364,32.8376733667091],[-83.363131312138,32.86718866029],[-83.3466651229115,32.9097916333107],[-83.3005562837188,32.9223514829642],[-83.2995693649032,32.9630013522009],[-83.3092323950908,32.9879809042476],[-83.4082225280987,33.0254967415268],[-83.4170302291852,33.0407096656663],[-83.4349789889734,33.0551663122553],[-83.4355185045566,33.0772970734415],[-83.4261888337811,33.0934068839178],[-83.408047076344,33.1007818291218],[-83.3812730695751,33.1159817435855],[-83.363131312138,33.1233547942589],[-83.3535296898849,33.1399226114927],[-83.2375601691118,33.1379392668793],[-83.2367574758965,33.1708900355788],[-83.3015563610566,33.2064451955923],[-83.3271987007732,33.228768996131],[-83.3451650064556,33.2432075354227],[-83.334028177755,33.3294240275433],[-83.2798397642345,33.3637717348122],[-83.2283971780423,33.3483381948986],[-83.2012547218699,33.3265507229538],[-83.1836437070689,33.3112370509423],[-83.1744851024729,33.303879813454],[-83.1483427236382,33.2588339119105],[-83.113129466085,33.2582342186497],[-83.0848290258157,33.2663324793783],[-83.0420143015834,33.2779485775572],[-83.0307546570138,33.2962213225165],[-83.0219469559273,33.31889422326],[-83.0024849202626,33.3267852819822],[-82.9770311917214,33.3489152845223],[-82.9319399757606,33.3712741025661],[-82.9203206529378,33.4011690784778],[-82.9050782431144,33.4014290687934],[-82.8349675424241,33.4002334709285],[-82.8063512877387,33.4164248290606],[-82.7792263774603,33.4237725570535],[-82.7523646448141,33.4353200831025],[-82.7182611228437,33.4206589090473],[-82.6805871479619,33.4314198302324],[-82.6444790848424,33.4387662890813],[-82.6266882309147,33.4464122411152],[-82.588856349274,33.4566558089712],[-82.5362689375073,33.489939961503],[-82.3749844996065,33.4987153056833],[-82.3225462216518,33.544216496329],[-82.2943115757905,33.5361623762385],[-82.2404126587434,33.5252096883444],[-82.2492203598298,33.4762392841294],[-82.2673621172669,33.4688959993812],[-82.2764900183448,33.4532066538785],[-82.303119276877,33.4318572675075],[-82.2936360849177,33.3989188431013],[-82.2236789054112,33.3789259974226],[-82.168371984259,33.3862768970315],[-82.1397513431,33.3985856056024],[-82.0901992542367,33.3844236639411],[-82.0618286330859,33.4071797937904],[-82.0515909973235,33.4237725570535],[-82.0387435095223,33.456805848437],[-82.0082499160302,33.4832819593196],[-81.9750719049408,33.4927529968907],[-81.8981492722646,33.483797789489],[-81.830047499197,33.4545314382718],[-81.80006271777,33.4464122411152],[-81.7909348166921,33.4307188274087],[-81.76430555816,33.4093639079106],[-81.7812498550352,33.3793673620014],[-81.80006271777,33.3712741025661],[-81.8356137203105,33.3568695711263],[-81.837999870284,33.2590081334715],[-81.8010803401037,33.2583790989513],[-81.7732887110012,33.2663324793783],[-81.7461638007229,33.2736928831175],[-81.719389793954,33.2813533514236],[-81.6653154251521,33.2887124888782],[-81.665273755001,33.2887711631566],[-81.665273755001,32.8974114018374],[-81.6834571825893,32.8748846045727],[-81.6975723127323,32.8504497929307],[-81.7502693818456,32.8360830948577],[-81.7747318059961,32.8047288305554],[-81.8570320477122,32.746639309964],[-81.8736254401796,32.7463533970329],[-81.9608822074427,32.7841523436744],[-82.0697327547606,32.7767509448071],[-82.0785404558471,32.7690464935509],[-82.0966822132842,32.761643838268],[-82.1090515934367,32.7295917637322],[-82.1590861764222,32.7091695255465],[-82.1776534056223,32.6929066273898],[-82.2495756507112,32.6635365807282],[-82.2800560847827,32.6368256421945],[-82.3212610343141,32.625564586722],[-82.3300687354005,32.6178470737264],[-82.3931262570437,32.6104318709359],[-82.4190230023437,32.5877280021202],[-82.4470251740908,32.5951450844117],[-82.4762949881798,32.671100614323],[-82.5188903968204,32.7539380794197],[-82.5276980979068,32.791855487025],[-82.5456644035892,32.8359688449076],[-82.5368567025028,32.8899724637663],[-82.5188903968204,32.904466691352],[-82.5356504689938,32.9343002798665],[-82.5805179837875,32.9628707046422],[-82.6281181664891,32.9499098866747],[-82.671336431015,32.931224414961],[-82.6985534536443,32.9201404748203],[-82.7094534217573,32.8265648213246],[-82.7632470679313,32.7922574034957],[-82.8073908424399,32.8113740125251],[-82.8622459738862,32.7964128967095],[-82.8780410587134,32.7690464935509],[-82.914149121833,32.761643838268],[-82.9319399757606,32.7539380794197],[-82.9645565397974,32.745036341258],[-82.9774917543743,32.7226028216178],[-83.0217715041726,32.6868081986909],[-83.012766419862,32.6394906311096],[-82.9722720511951,32.606724038895],[-82.959064886039,32.5951450844117],[-82.8687377049825,32.5868761257599],[-82.8335112889069,32.5583548397493],[-82.8324015542224,32.5124415237331],[-82.8682771432279,32.4833711813355],[-82.8780410587134,32.4663918730093],[-82.9051659689918,32.4362219758404],[-82.9169081076837,32.4157994683276],[-82.954709284908,32.4003147497979],[-82.9858388928078,32.3602213785107],[-83.0030858437803,32.3462223864959],[-83.02182413916,32.3154859286752],[-83.0326846308078,32.2590857881114],[-83.0487209626962,32.231132294723],[-83.0834648855477,32.2118584808685],[-83.0854738131704,32.1285656885684],[-83.0837806990656,32.0581808506905],[-83.1052034129409,32.0207460555533],[-83.1297447900217,32.0106503942634],[-83.1659449663905,31.9638227867952],[-83.2298402721389,31.9117233392145],[-83.2677423346613,31.8359009866052],[-83.3361818536144,31.8264372082308],[-83.327374152528,31.8122350617829],[-83.2990386213688,31.8005508031301],[-83.2822829365672,31.7589365859845],[-83.265071074688,31.6988975766234],[-83.213053882921,31.6243105051105],[-83.1665765943246,31.5831122664932],[-83.1308676841268,31.58249198683],[-83.0643669128131,31.6054675984678],[-83.0000461344034,31.6065845705559],[-82.9858388928078,31.5830935834818],[-82.9770311917214,31.559979771968],[-82.9500817331978,31.5153933686315],[-82.9588894342842,31.460418497296],[-82.9770311917214,31.4529089607879],[-82.9858388928078,31.4297629316182],[-83.0127883513314,31.395832539973],[-83.0020945393896,31.3532337399177],[-82.9494851961536,31.3608111847736],[-82.9321154275154,31.3762451080719],[-82.904990517237,31.383760784605],[-82.8948581523478,31.4985873358289],[-82.8610616718466,31.4991763834312],[-82.8284582654338,31.4809478492256],[-82.7890034514681,31.4312955732644],[-82.7792263774603,31.406918166857],[-82.7704186763739,31.3607512568116],[-82.7593783464978,31.3054514443187],[-82.8001271207481,31.2826195627888],[-82.7792263774603,31.2304113765303],[-82.7677474164006,31.1701130706787],[-82.7255029121679,31.114966260734],[-82.6626208422795,31.0508142088822],[-82.6714855648269,30.9991831806699],[-82.7066549594415,30.9702149355011],[-82.7255029121679,30.9303628949025],[-82.7522769189367,30.8685432084276],[-82.7614355235327,30.8532750366765],[-82.7789412674605,30.806956761628],[-82.7973681348975,30.7992766356501],[-82.8104437103392,30.7761251701876],[-82.9497439882105,30.7847850132779],[-82.9509853126095,30.8370666534324],[-82.9231322746742,30.8532750366765],[-82.887502318305,30.8681140005282],[-82.8782165104682,30.8764079090985],[-82.8523460831111,30.89773987112],[-82.8348096356652,30.926950209957],[-82.8153344405798,31.0535742674465],[-82.7883849820563,31.087627811367],[-82.7971926831427,31.130500486191],[-82.8063512877387,31.1534122990177],[-82.8156546414696,31.1779397813901],[-82.8512670519446,31.207210561231],[-82.8673209288288,31.2215012113942],[-82.9107146451095,31.2406145557522],[-82.9319531342829,31.2231666559793],[-82.9548628060917,31.1627698977854],[-82.9844045707599,31.1505049861662],[-82.9949974974038,31.1151202258949],[-83.0074458313848,31.0714009254788],[-83.0307546570138,31.0611156391488],[-83.0858159446312,31.0519077198135],[-83.1661774405045,30.9913248125725],[-83.207658727987,30.9740698532792],[-83.2454511322643,30.9072618708416],[-83.2568906159605,30.9070624078879],[-83.3169917685289,30.9607180113975],[-83.3597801748184,30.9701227923606],[-83.3957171726567,30.9551717467965],[-83.4351719866223,30.9226569020093],[-83.4439796877087,30.9070887523226],[-83.4799122990735,30.8664498617194],[-83.4551252884581,30.7941241835681],[-83.4090603122041,30.7529304371521],[-83.3483406911221,30.7444354851762],[-83.331637641308,30.6268976953028],[-83.3004246940044,30.587265634781],[-83.3141055794374,30.5443044249079],[-83.3812730695751,30.5518858642665],[-83.4331060375386,30.5671621571294],[-83.5331927467088,30.5689221090741],[-83.5427943689619,30.5518858642665],[-83.5730335559723,30.5392498033591],[-83.5877101331679,30.5131980871413],[-83.6304108126816,30.5042304488485],[-83.6428810781321,30.4711076475118],[-83.686524814421,30.4464443860072],[-83.6777171133346,30.3970423903943],[-83.6685585087386,30.3739497988431],[-83.6597508076522,30.3505413687768],[-83.6328013491286,30.2825741197592],[-83.641609050215,30.1254751242087],[-83.6597508076522,30.1178605942481],[-83.6685585087386,30.1021630225976],[-83.6777171133346,30.0945466956999],[-83.686524814421,30.0477467340945],[-83.6999249763277,30.0138429018736],[-83.6388105870009,29.9470722619189],[-83.5225296391834,29.9381117642836],[-83.4531382923047,29.858834688938],[-83.4619459933911,29.8453674664147],[-83.4888954519147,29.8108770105187],[-83.4800877508283,29.7986061328733],[-83.4619459933911,29.79096652251],[-83.4480501788399,29.7537993257492],[-83.4261888337811,29.7440236095549],[-83.4047441884366,29.7349896490528],[-83.3376775835968,29.6743588171589],[-83.3004246940044,29.6586541387751],[-83.3120396303537,29.6065334888811],[-83.3361818536144,29.5957212885407],[-83.3563062207314,29.5872308961504],[-83.3985507258624,29.5489885816373],[-83.4418786477351,29.5367563031189],[-83.4585290616635,29.508636105306],[-83.4018009778841,29.442017244924],[-83.3824924625047,29.4245132773919],[-83.3179216649851,29.4052619248656],[-83.2553334780436,29.4159053537332],[-83.2204535799024,29.4315541931549],[-83.1839902250032,29.4168548202931],[-83.1570802438431,29.3924581487893],[-83.0577041155373,29.3847571460889],[-83.0329083328731,29.3181602659767],[-83.0058579890516,29.2695376194607],[-82.9827333881245,29.2397684786078],[-83.0039806502449,29.2124083653339],[-83.0127883513314,29.1965688893653],[-83.0219469559273,29.1810409941585],[-83.0392026807453,29.1499838999604],[-83.0577041155373,29.1416612170911],[-83.0758458729745,29.1339719527986],[-83.0846535740609,29.1181203698331],[-83.1842841079501,29.1103795254578],[-83.2194008666789,29.0945741339034],[-83.2555089297984,29.086881349375],[-83.2791730463087,29.0344443489148],[-83.3541481592968,28.9767622203709],[-83.408047076344,28.9581635057971],[-83.396287391758,28.920007747413],[-83.3678904526643,28.8941352239765],[-83.3541481592968,28.8825734430247],[-83.3368705030095,28.8668292240719],[-83.2935425811368,28.8545152684756],[-83.2734752354808,28.820396978094],[-83.2822829365672,28.8115999894666],[-83.3094078468456,28.8038861592864],[-83.3491653167052,28.780268373992],[-83.3812730695751,28.7879839520686],[-83.408047076344,28.8038861592864],[-83.4261888337811,28.8115999894666],[-83.4349965348676,28.835368214248],[-83.4529233631865,28.8812387910011],[-83.4619459933911,28.9297572275755],[-83.4800877508283,28.9374617202391],[-83.4917509365898,28.9689033137439],[-83.5519529735578,28.9612011594972],[-83.5636161593194,28.9297572275755],[-83.605851890605,28.9374617202391],[-83.6152561287357,28.9712019516522],[-83.6328013491286,29.0160477978842],[-83.641609050215,29.0397692058342],[-83.6597508076522,29.063170775029],[-83.6685585087386,29.1575091701055],[-83.6777171133346,29.1651966729376],[-83.686524814421,29.1810409941585],[-83.7046665718582,29.188726734637],[-83.7134742729446,29.2594414213359],[-83.7316160303818,29.2671212808702],[-83.7422177299726,29.3050376265362],[-83.7796460713198,29.3531807639511],[-83.7943226485154,29.3925842647263],[-83.8038409304663,29.4086818517663],[-83.8028452387037,29.4510526494196],[-83.8122889541978,29.5099187167079],[-83.8304307116349,29.5644719021622],[-83.8392384127213,29.6114987038133],[-83.8661878712449,29.6228640060041],[-83.8573056028034,29.6901582100592],[-83.8304307116349,29.7354619337522],[-83.8392384127213,29.7675758697526],[-83.8483970173173,29.7986061328733],[-83.8596873672016,29.8487629754927],[-83.9021204826097,29.8766854686665],[-83.9651780042528,29.8843185264056],[-83.9944171139254,29.9229768586868],[-84.0279723482638,29.9235699061661],[-84.0993112139324,29.9223096767308],[-84.117685446382,29.9688154512166],[-84.118992565189,30.0244163088852],[-84.0907666922748,29.9934562882391],[-84.081871265311,29.9775794065702],[-84.0687079639919,30.0010803921688],[-84.0638172337512,29.9934562882391],[-84.0521540479897,29.9623308049799],[-83.9919520110217,29.9699572986611],[-83.978183398813,30.0188733863074],[-83.9561948514116,30.0479024034594],[-83.9310086878744,30.0800619125393],[-83.9745164479754,30.1728336388494],[-83.9738014806374,30.2031423739695],[-84.0819589911884,30.1955338398299],[-84.0936221769499,30.1644718833884],[-84.1089084497119,30.172082816968],[-84.1177161507984,30.1955338398299],[-84.1358579082355,30.2031423739695],[-84.144665609322,30.2188238787964],[-84.1764180713105,30.2321362235616],[-84.2087933891845,30.2747899039844],[-84.2346725894887,30.2962622353831],[-84.2491079196232,30.34736745782],[-84.2614465962575,30.3584482539258],[-84.3062263851739,30.3837789115429],[-84.3096564754238,30.5286750468671],[-84.2883960547811,30.5210917954633],[-84.2590341283412,30.508060597082],[-84.226768467814,30.5347654004114],[-84.2077231309651,30.5666013069453],[-84.2165308320515,30.5984456470112],[-84.2346725894887,30.6060228551137],[-84.2522134234081,30.6987078324301],[-84.2616220480123,30.7064827239567],[-84.2704297490987,30.7220834169649],[-84.288488167132,30.7369991953868],[-84.2973792076223,30.7761251701876],[-84.3334872707418,30.7836884447328],[-84.3465628461836,30.8068380893083],[-84.387386187789,30.7992766356501],[-84.4271436576486,30.7761251701876],[-84.432301951995,30.7836884447328],[-84.4411096530814,30.7992766356501],[-84.4633876960578,30.8085597718309],[-84.486718453156,30.8777876478322],[-84.4855648546345,30.9264328405939],[-84.486753544046,30.9764184565046],[-84.4234986382804,30.9775259838985],[-84.4143356463126,30.9533229206206],[-84.3692444303519,30.9457730176628],[-84.3604367292654,30.9302086308689],[-84.3209029614711,30.9219400774804],[-84.3065378122183,30.883963287396],[-84.2973792076223,30.8686975718572],[-84.2843036321806,30.8455628389166],[-84.2077231309651,30.8541015755049],[-84.2165308320515,30.9226569020093],[-84.2346725894887,30.9302086308689],[-84.2434802905751,30.9765858085793],[-84.2885715065359,30.9841332757777],[-84.2973792076223,30.9996888761811],[-84.3065378122183,31.0072345156442],[-84.3153455133047,31.0227863477554],[-84.3334872707418,31.0303301586995],[-84.3426151718197,31.0464437960763],[-84.3604367292654,31.0611156391488],[-84.3692444303519,31.0766586723077],[-84.432301951995,31.0841982136681],[-84.4411096530814,31.0997374731669],[-84.4592514105186,31.1072751834065],[-84.4690679618899,31.1331643669634],[-84.5053602497113,31.2097203496571],[-84.5289761168094,31.2719504199036],[-84.5580660917717,31.2840121605741],[-84.5668737928581,31.3302167394417],[-84.5938232513817,31.3413831599668],[-84.5850155502953,31.3992508415717],[-84.5580660917717,31.4104090627343],[-84.5668737928581,31.4299163838629],[-84.5938232513817,31.4410709576024],[-84.5832303247379,31.4921842427648],[-84.5489074871758,31.5063830335802],[-84.5397795860979,31.5224155553618],[-84.5219580286522,31.537013508293],[-84.5088824532105,31.559979771968],[-84.4500928059226,31.5524782300509],[-84.4370172304809,31.5295101202153],[-84.3961938888754,31.537013508293],[-84.387386187789,31.5601330106877],[-84.3718367364965,31.5988346009791],[-84.4263935994207,31.7040792602647],[-84.4591285937512,31.758127271583],[-84.468059111605,31.8047538768664],[-84.5046277373774,31.8123301097575],[-84.5304148244324,31.8351333371354],[-84.6389144673425,31.8276540072956],[-84.6477221684289,31.8122350617829],[-84.6928133843896,31.8047538768664],[-84.7016210854761,31.7893311082689],[-84.710779690072,31.7818480690112],[-84.733829723644,31.7614521293703],[-84.7845924324898,31.7286999640001],[-84.8443251356545,31.7815646932101],[-84.8729896388539,31.7894727836137],[-84.8987240909214,31.8122350617829],[-84.9910163366619,31.8027203960183],[-85.0347127079383,31.7670330724231],[-85.0774747962849,31.7291868271518],[-85.204677644583,31.72697820127],[-85.1958699434966,31.7360194300445],[-85.1617093991669,31.7454477060673],[-85.1326281971516,31.7819226412051],[-85.134970483288,31.8794490562359],[-85.1150215679258,31.8957226075246],[-85.1312947604017,31.9109246713703],[-85.1688327590956,31.9115744037328],[-85.2131432133103,31.910805522275],[-85.2227316761428,31.9192777554698],[-85.2400838988868,31.9039467429026],[-85.2677351662261,31.9114198838593],[-85.2765428673126,31.9344461484436],[-85.3396003889557,31.9419168115745],[-85.3484080900421,31.9573140644137],[-85.4204487645265,31.9647828683261],[-85.4292564656129,31.9954146069386],[-85.4653645287324,32.0028803105399],[-85.4741722298189,32.0106503942634],[-85.492313987256,32.0181148571768],[-85.5011216883425,32.0563425602121],[-85.5192634457796,32.0638032991347],[-85.528071146866,32.0867913342757],[-85.5462129043032,32.0942495889362],[-85.5550206053896,32.10962125941],[-85.5687628987571,32.1208056165742],[-85.5819700639132,32.1324454774608],[-85.5911286685092,32.1399000033336],[-85.5999363695956,32.155263986234],[-85.6179947876289,32.1699533496783],[-85.6268858281192,32.2084849583293],[-85.6450275855563,32.2159332631976],[-85.6538352866428,32.2616748069277],[-85.6719770440799,32.2691187523869],[-85.6850526195216,32.2919029978386],[-85.8246906423802,32.2844609218789],[-85.837766217822,32.2616748069277],[-85.9356290711495,32.2724232670747],[-86.0029456950992,32.2919029978386],[-86.0852020747749,32.2844609218789],[-86.1192968246965,32.2696120265893],[-86.1569795716271,32.2689629803494],[-86.1996890240879,32.2696991837196],[-86.2352838904654,32.2599333470628],[-86.3396384748892,32.2051205885083],[-86.3737332239125,32.1611051112999],[-86.4133591049561,32.1288702833023],[-86.4686616396347,32.080112948725],[-86.4894439526287,32.0715682146699],[-86.5243238507699,32.0563425602121],[-86.6062249395642,32.0638032991347],[-86.6483948773402,32.0760339504517],[-86.7310021605254,32.0879731009886],[-86.7583288413997,32.0638757840001],[-86.8038543020705,32.0563425602121],[-86.8141665051881,32.0383275915864],[-86.9082659088536,32.0110204705081],[-86.9709023452073,32.0099362732947],[-87.010466817418,32.0181148571768],[-87.0373153915419,32.0259059619303],[-87.0731734355516,32.0181148571768],[-87.113172151574,32.0098470074015],[-87.2088243066829,31.9117475409311],[-87.2263651406023,31.9272466387708],[-87.2619950969715,31.9419168115745],[-87.2863171593588,31.9633948399413],[-87.3248771668598,31.9876432320038],[-87.3375448164327,32.0207441963848],[-87.3645162064256,32.0445405633351],[-87.4471541940273,32.0588871604191],[-87.4753581363705,32.0359162798431],[-87.5016057860783,32.003083032707],[-87.5219363102648,31.9499414205479],[-87.5573864275073,31.9344461484436],[-87.6123380577781,31.9495394629182],[-87.6648289707203,31.9647828683261],[-87.747085350396,31.9573140644137],[-87.7648762043236,31.9495394629182],[-87.8041073171223,31.9387361770131],[-87.882880969764,31.8810655534536],[-87.9177652543787,31.8885405519287],[-87.9755504378552,31.9281382324637],[-88.0210934435218,31.9480469914741],[-88.070478852679,31.9344461484436],[-88.0959325812203,31.9119634962465],[-88.1242023179715,31.9003216600858],[-88.115394616885,31.8580259320779],[-88.0884451583614,31.8242514010439],[-88.0990994938381,31.7912381233066],[-88.1551520867446,31.7589365859845],[-88.1962429924558,31.7664214788465],[-88.2231222700978,31.7819114556853],[-88.2490891962794,31.7589365859845],[-88.3501145757512,31.7665072508618],[-88.3930345708567,31.8044817548333],[-88.412500992995,31.8125071609777],[-88.4380863103523,31.8351333371354],[-88.4477712720092,31.8276540072956],[-88.460846847451,31.8047538768664],[-88.5196364947388,31.8122350617829],[-88.5669384089182,31.8259918512665],[-88.618451175992,31.8047538768664],[-88.6272588770784,31.7893311082689],[-88.6992995515627,31.7818480690112],[-88.7123751270044,31.7589365859845],[-88.7711647742923,31.7664214788465],[-88.7799724753787,31.7818480690112],[-88.8066324374289,31.792843117753],[-88.80755794831,31.8313937475964],[-88.8067377092005,31.8656499459047],[-88.8867658456617,31.8670357245204],[-88.9508278311162,31.8581786790947],[-88.9830320837089,31.8440876112268],[-89.0315007549322,31.8581786790947],[-89.0586256652105,31.8656555343573],[-89.1157572892835,31.8853338628282],[-89.2004436818714,31.9037605579699],[-89.2631810035231,31.904847870793],[-89.3175536417454,31.8810655534536],[-89.3446566205544,31.9002341499737],[-89.3566180748381,31.9936457371323],[-89.4082054092669,32.0048572989443],[-89.4538843902231,31.9954146069386],[-89.4806583969919,31.9876432320038],[-89.5278243358817,31.977889950038],[-89.6009440415325,31.9182799682042],[-89.6245642942058,31.8886932483705],[-89.6338325570468,31.8644429611463],[-89.6515137527294,31.8352861220661],[-89.6643612405306,31.8016486530579],[-89.6867445552785,31.7818480690112],[-89.7339806750498,31.7895958180129],[-89.8086312015729,31.8113125262244],[-89.8903787700818,31.7875321761167],[-89.9229163811883,31.8056615667126],[-89.9881714416295,31.8633663468946],[-90.0456759015797,31.88852192965],[-90.0983247221792,31.8894343825567],[-90.1534781221476,31.8667116328965],[-90.1725366175187,31.8352861220661],[-90.1897879558631,31.790119643727],[-90.2148425305843,31.7679485905462],[-90.2532095413347,31.7511452403968],[-90.2966120296642,31.7332364596678],[-90.3118675989082,31.6826005357494],[-90.3356325998181,31.5996098133439],[-90.3969399867938,31.559979771968],[-90.4389914933777,31.5364826451877],[-90.4598220566822,31.4846061843337],[-90.4070591922625,31.4376017859894],[-90.327539866968,31.4362170758013],[-90.2365810588757,31.4809010905613],[-90.1503638454156,31.4928705765077],[-90.127445401558,31.52169952634],[-90.0876791596496,31.5733853592736],[-90.0645633316696,31.5829403824942],[-90.0470751327376,31.6288371650845],[-89.9659855110041,31.630245165099],[-89.95694094933,31.5829403824942],[-89.9118497333693,31.5754406874882],[-89.9030420322829,31.559979771968],[-89.8760925737593,31.5379144718402],[-89.8856459466001,31.4621302275397],[-89.9299914908065,31.4529089607879],[-89.9387991918929,31.4374277632634],[-90.0121162816661,31.4252153836214],[-90.0384516572513,31.414311600844],[-90.0638615228539,31.3917364046558],[-90.1095843667488,31.3837420609753],[-90.1999159342788,31.4060571214139],[-90.2874578115418,31.3698018186649],[-90.3109640203948,31.3505142509413],[-90.1906608299601,31.3304565288847],[-90.2082937771287,31.268656838171],[-90.2174523817247,31.2457729211969],[-90.2266197592677,31.1736221287323],[-90.2623681459307,31.1535662017851],[-90.2797379145689,31.0925785357506],[-90.3060294272154,31.0691429536925],[-90.3781095790632,31.0678824493715],[-90.3879568339526,31.0766586723077],[-90.459997508437,31.0841982136681],[-90.4688052095234,31.0997374731669],[-90.5384114846221,31.1113724116763],[-90.5755240124513,31.1730272873772],[-90.5945693493001,31.2365866728711],[-90.5857616482137,31.2534527566769],[-90.567782184009,31.2832849382299],[-90.5588121896901,31.3225431547264],[-90.5404467301877,31.3301549181712],[-90.5855160155774,31.3426456447152],[-90.5858318290953,31.3558389064703],[-90.5408458840077,31.381019710553],[-90.5586367379354,31.3992508415717],[-90.5857616482137,31.4067646769829],[-90.6107942914655,31.4177685328571],[-90.6547801592152,31.4049209035208],[-90.6933840305533,31.4299163838629],[-90.721022138472,31.4375699752263],[-90.7553669075035,31.4680621145859],[-90.7654159329889,31.4682379522347],[-90.8179156179798,31.4529089607879],[-90.8730470873772,31.4618458764217],[-90.8583266472429,31.4853318488114],[-90.8103404692436,31.5392453413374],[-90.8227361673389,31.6332777088375],[-90.8680642447856,31.6594348931846],[-90.9407190022083,31.6485621653444],[-90.9810203732263,31.6060485008169],[-90.9988112271539,31.5829403824942],[-91.0256598003795,31.5718438335677],[-91.0261072036118,31.5530893648776],[-91.0007850638867,31.5086025098451],[-90.9766209091566,31.4871572083204],[-90.9099052087247,31.4686943786232],[-90.8911888448143,31.4533561074117],[-90.8999965459008,31.4374277632634],[-90.9091551504967,31.4299163838629],[-90.9269460044244,31.4067646769829],[-90.9449123101068,31.39203032907],[-90.934025500516,31.353357351324],[-90.7153243285424,31.3495459291212],[-90.6888705226633,31.3730544151497],[-90.6134523929165,31.3573559004642],[-90.7465153443767,31.2867748029257],[-90.7797810822417,31.2281571899789],[-90.9442982271684,31.2310283612073],[-90.9713222530471,31.1969362387218],[-90.9989866789087,31.1151202258949],[-91.0120140049382,31.0579800485819],[-91.0257606856775,31.0457241435468],[-91.0528855959559,31.0304842609707],[-91.0912350617105,30.9559804798055],[-91.1245753669306,30.9421107049775],[-91.1063897456565,30.9175242460561],[-91.0708519016382,30.9070887523226],[-90.9927054904572,30.8961722261855],[-90.9808449214715,30.8764079090985],[-90.9639927369472,30.8465965654442],[-90.9449123101068,30.8224225260377],[-90.9349553969723,30.7698935949327],[-90.8783589029073,30.7580379796751],[-90.8467862782487,30.7297942121326],[-90.8103404692436,30.7196267669473],[-90.81914817033,30.6292151667651],[-90.8372899277672,30.6216397734049],[-90.8503655032089,30.5984456470112],[-90.9630540675439,30.6060228551137],[-90.9719100180426,30.6683546813309],[-90.9900035260675,30.6833089454875],[-90.9988112271539,30.6989133855513],[-91.0169529845911,30.7064827239567],[-91.0266291741992,30.7236275109697],[-91.0886427555659,30.7452478814468],[-91.1435549084731,30.7529304371521],[-91.1694911311366,30.7761251701876],[-91.196616041415,30.7836884447328],[-91.2432951006073,30.8141126473245],[-91.3130417374691,30.8153350659843],[-91.4153303728092,30.7700688459934],[-91.5018677862608,30.7424355661692],[-91.4691064730891,30.6762112400769],[-91.4056848876175,30.6629122486798],[-91.3672959453977,30.6193862909809],[-91.3762966432347,30.5978283445078],[-91.411575695196,30.5686482987577],[-91.4212299533348,30.5515100170121],[-91.4780852394567,30.5194027697055],[-91.520009543698,30.4746499024454],[-91.5288172447844,30.3737946444297],[-91.5469590022216,30.3661993335437],[-91.555766703308,30.3505413687768],[-91.5739084607452,30.3429442521069],[-91.591839676436,30.334971756075],[-91.6091655812371,30.3657849236639],[-91.6189207237756,30.3738722212796],[-91.6008579192688,30.3888416068519],[-91.6096656203552,30.4126929073037],[-91.6188242249512,30.4202846041592],[-91.6308690186386,30.4628790618606],[-91.6734907452221,30.4907509844684],[-91.7262579961154,30.4898230564826],[-91.7356052118867,30.5054586831166],[-91.7444129129731,30.5288299549053],[-91.7713623714967,30.5511303907772],[-91.7625546704103,30.5829798104823],[-91.7356052118867,30.6052678033021],[-91.7462683194121,30.7373724377215],[-91.8127164557383,30.7257428221238],[-91.8342444413851,30.7064827239567],[-91.843403045981,30.6989133855513],[-91.8522107470675,30.6833089454875],[-91.8703525045046,30.6757377896583],[-91.8794804055825,30.6595617456302],[-91.8973019630282,30.6448283435235],[-91.9061096641146,30.6292151667651],[-91.9242514215518,30.6216397734049],[-91.9330591226382,30.6060228551137],[-91.9512008800754,30.5984456470112],[-91.9680925410649,30.5684783476182],[-91.9862957073348,30.5521616102425],[-92.0071174976923,30.5434620063834],[-92.1185910555713,30.4330911799935],[-92.1488302425817,30.4204396847379],[-92.1885877124413,30.3971975078987],[-92.2206954653112,30.4047904097953],[-92.233771040753,30.4280307789363],[-92.2476449238348,30.4204396847379],[-92.2607204992765,30.3971975078987],[-92.3909191940129,30.4053219285106],[-92.422908516589,30.4318261041486],[-92.4361156817452,30.4436763268535],[-92.4687015422638,30.4573059883524],[-92.5081563562295,30.4899780272049],[-92.5250743351618,30.5051487915188],[-92.5786135748541,30.5209368750888],[-92.6446186944215,30.5032837540511],[-92.6835997881103,30.4710112447384],[-92.7140670627613,30.4436763268535],[-92.7327351772594,30.4512656125356],[-92.7676150754006,30.4667524250654],[-92.8491477147912,30.4440053218253],[-92.8733513459864,30.3830145656274],[-92.8495161641949,30.2825741197592],[-92.8865585111425,30.2422467155921],[-92.9692886110952,30.2407878075446],[-93.1216074420489,30.2703842575631],[-93.154614387857,30.2429932144621],[-93.163751061882,30.2186684787532],[-93.1812962822749,30.1743637066348],[-93.1820331810823,30.1430181763859],[-93.127993902272,30.0851099098695],[-93.1368016033584,30.0477467340945],[-93.1479428176342,30.0100959837232],[-93.1359857507224,29.9087331587152],[-93.1771292923193,29.8716097517582],[-93.2268085835251,29.8611056770787],[-93.2535825902939,29.8531588947157],[-93.3100606540651,29.8412166082615],[-93.3435917641466,29.822145557117],[-93.3525069288938,29.7904107530343],[-93.3883276892259,29.7605393307833],[-93.3623958539343,29.7364598179896],[-93.3344287721788,29.7285793099697],[-93.3077490714468,29.7166431037601],[-93.263473708122,29.6979864869092],[-93.2445994374527,29.6661532811714],[-93.2357917363663,29.6425772210011],[-93.1818928193191,29.6147648581836],[-93.2130662901576,29.610779868846],[-93.2690136112926,29.61177327038],[-93.3281410044661,29.6017358371662],[-93.3883276892259,29.5674210185259],[-93.3723615391175,29.5195473260486],[-93.3549961569528,29.5038185323293],[-93.2843832243569,29.4571751059214],[-93.1946481947694,29.4419198390053],[-93.163751061882,29.4160620066472],[-93.1549433607955,29.3846004449388],[-93.1368016033584,29.3612721775817],[-93.1232610796885,29.2285114286352],[-93.0492728846177,29.1332133394231],[-93.034824395961,29.0839508876585],[-93.0649363806288,29.0396119762107],[-93.0918858391524,29.0281814898157],[-93.0757047590274,28.9481153946257],[-93.0371096606364,28.891205055437],[-92.9751048522169,28.8589735077718],[-92.9597747156178,28.8038861592864],[-92.9122227823285,28.8115999894666],[-92.9034150812421,28.8904388969004],[-92.8882998737612,29.0068914489933],[-92.9571385465345,29.114525930951],[-92.9424882872818,29.1729812623965],[-92.9203900825337,29.1733757427408],[-92.7951084359809,29.1359259306194],[-92.7272610684968,29.1808839802556],[-92.705610266981,29.1731976522267],[-92.6788362602122,29.1573521202035],[-92.6517113499338,29.1418182909825],[-92.6168489967884,29.0953656103769],[-92.5115732879572,29.032990847181],[-92.4554899915325,29.0162050633969],[-92.3965029601222,29.026006850171],[-92.3555831196923,29.0731540321444],[-92.3552629197008,29.0868027701175],[-92.3558024352841,29.1099656427489],[-92.3347613293348,29.1370868057631],[-92.4007138130165,29.2599446287009],[-92.3989680639243,29.3345506757241],[-92.4356112561535,29.4155022570804],[-92.4871240232273,29.4459133964216],[-92.60193117343,29.4598695579448],[-92.6462898761587,29.4860465030152],[-92.6832401107554,29.4867032265853],[-92.7356125934038,29.4857735034564],[-92.7951215945032,29.5197286293582],[-92.7959813109762,29.5564157588521],[-92.7776509414653,29.5646283255204],[-92.7595091840282,29.5722851556696],[-92.7326781557984,29.5881024722693],[-92.6845560025095,29.5737767768977],[-92.5890749126818,29.6007194528056],[-92.5885485565192,29.6231347292509],[-92.5897416315059,29.6738024020728],[-92.5528966686807,29.681607183038],[-92.5261226619119,29.6895675875818],[-92.4263605392067,29.6972739845613],[-92.3915552084206,29.7287354785368],[-92.3703825136552,29.7464019342611],[-92.3859889864087,29.7743263695413],[-92.4625519426284,29.7756817456677],[-92.551212327523,29.7360313379574],[-92.5859913403662,29.7366483482495],[-92.6035804236978,29.6895675875818],[-92.6427281970927,29.7195668146709],[-92.6339204960062,29.7519790661313],[-92.6247618914103,29.7596216511618],[-92.5902109662076,29.7908332900143],[-92.5349303629983,29.8064012074719],[-92.5081563562295,29.822145557117],[-92.4369183749605,29.8372120656579],[-92.404306196499,29.8643865362609],[-92.3511617241533,29.9251057299525],[-92.3644522287132,29.9700465938736],[-92.3552673061744,29.993300533374],[-92.3417969633861,30.0292392910888],[-92.278103426437,30.0710716652215],[-92.2298321393362,30.0617882872519],[-92.2206954653112,29.8921069134672],[-92.2048959949088,29.8655067582701],[-92.2315603434326,29.8178262881891],[-92.3283178476508,29.7371415724784],[-92.3088075625738,29.7104658878483],[-92.2744189306036,29.6817634246644],[-92.2422497689009,29.6526734818992],[-92.1486547908269,29.6427335232539],[-92.1308639368993,29.6347694119202],[-92.0860183535749,29.6221204675963],[-92.0855841097632,29.6036103043407],[-92.0868385926844,29.5502840366991],[-92.0250443269096,29.4943201431323],[-91.9708602998626,29.493358037717],[-91.8895513625372,29.517579691239],[-91.822511074742,29.5082925460188],[-91.7677656006424,29.4851778651472],[-91.7356052118867,29.443869845271],[-91.7464393855916,29.4287138168122],[-91.9399236896117,29.4321520561961],[-91.9724920051345,29.4229468653372],[-91.99616050722,29.3925307605876],[-91.983720946186,29.3608612183423],[-91.9959411925266,29.3062960354831],[-92.0068016832761,29.2693233458973],[-92.0043760568375,29.1654283997562],[-92.0399182873293,29.1503708068635],[-92.0417298308295,29.0727572506813],[-92.0320492556461,29.0553184399828],[-92.0154558640771,29.0413779221917],[-91.9959411925266,29.0162050633969],[-91.978150338599,28.9924782428077],[-91.9333047552746,28.9797494456148],[-91.9315897105987,28.9061680172201],[-91.9512008800754,28.9138742626387],[-91.968991734003,28.9218947536109],[-91.9871334914402,28.9295998306269],[-92.0218861872388,28.945265437158],[-92.0589987141697,28.9531837101857],[-92.0840313574215,28.9644651467228],[-92.1217053323033,28.9531837101857],[-92.2115368607153,28.944643618451],[-92.1944872929668,28.8850525843283],[-92.1825653151484,28.852876754731],[-92.1481415931866,28.843091238609],[-92.1022696145815,28.80126094387],[-92.0184210060989,28.7833477539176],[-91.9510254283206,28.733016759356],[-91.9205055168856,28.6921908206932],[-91.8643695845752,28.6762100296995],[-91.843403045981,28.6382915953752],[-91.8252612885439,28.6305649686047],[-91.720630366169,28.5832457490972],[-91.6152888629297,28.5929381426958],[-91.5918747664276,28.6529790862654],[-91.6042967824658,28.6991953563686],[-91.6215832108018,28.7304436086769],[-91.6542918880878,28.74435863542],[-91.6554937360216,28.7958411829059],[-91.6450938061284,28.7960256900304],[-91.5933047020019,28.7726425769001],[-91.5382741179025,28.7569893978967],[-91.5288172447844,28.7408935133291],[-91.5161495952116,28.6953266635417],[-91.4596276676033,28.5930844943712],[-91.4425166919204,28.5786467009027],[-91.4928977919419,28.5673061447578],[-91.5446123296116,28.5682345447943],[-91.582413506836,28.5521269928456],[-91.6001692698736,28.5358936670329],[-91.6278073777924,28.5280130715316],[-91.6537392139823,28.5042983660409],[-91.6906894476807,28.4885434275183],[-91.7264466072907,28.4646964572207],[-91.843403045981,28.4569570835651],[-91.8522107470675,28.4331029850685],[-91.8704270718597,28.4094634176792],[-91.8611938999087,28.4016582696933],[-91.8523861988222,28.3856950877652],[-91.8242348932632,28.3776566361177],[-91.7984872817751,28.3540780401009],[-91.7708491738564,28.3461838870608],[-91.7450226094379,28.3225268673903],[-91.6994971487672,28.3147018085852],[-91.6950932982239,28.3106683861073],[-91.7626380107125,28.3144720480569],[-91.7712790311946,28.3305887986362],[-91.8084003310725,28.3383721516084],[-91.8251779482417,28.3543077142142],[-91.860623679909,28.3690270683599],[-91.8781425823591,28.3856642159435],[-91.9073027391014,28.3937869498298],[-91.9239926294949,28.4096312429885],[-92.0777457824965,28.4172660612195],[-92.1029231739849,28.4411642280582],[-92.1848461942486,28.4488295526297],[-92.2017378552381,28.4648584110499],[-92.2843933878356,28.4725894942878],[-92.3012850488251,28.48861474827],[-92.3832080690887,28.4962766322363],[-92.4000997300782,28.5122982908698],[-92.4812902380081,28.5198910090231],[-92.5078975641726,28.535976516553],[-92.6070543777848,28.5435675292973],[-92.6336617039493,28.5596494224702],[-92.7879455995871,28.5677761240497],[-92.8126141799087,28.5911587996291],[-92.9311584609323,28.5988382607603],[-92.9562788300615,28.6226433344819],[-93.0112962556386,28.6303358939943],[-93.0289204289619,28.638520651831],[-93.0831614783682,28.6461042639404],[-93.1097688045326,28.6621704726071],[-93.1452145361999,28.6768469218659],[-93.16273343865,28.6934355501079],[-93.1909593124625,28.701274887861],[-93.215219966017,28.7242393254751],[-93.2358750766685,28.7327879087228],[-93.2527667376579,28.7487735192781],[-93.3346897579216,28.7564164408733],[-93.3684599204799,28.7720812413624],[-93.3792633897685,28.8118286665185],[-93.39757182781,28.8351395881032],[-93.4062128482921,28.851176746223],[-93.4347040934226,28.8874356537614],[-93.4627983775207,28.8990448951353],[-93.4870612238628,28.9219657795793],[-93.5007070193042,28.9257473633013],[-93.4963865090631,28.945551396337],[-93.4792141245474,28.9594741401924],[-93.4761130063376,29.027909182736],[-93.4790891149924,29.0935488453081],[-93.4474156059342,29.1234159969982],[-93.4151960011333,29.1415903413372],[-93.4065549806512,29.1654245694161],[-93.3796055221276,29.1996167519101],[-93.391251161995,29.2380805743252],[-93.4677285842265,29.2354357514049],[-93.5313607123429,29.2616379120379],[-93.5332161196801,29.302457649571],[-93.5305558254415,29.3609510566823],[-93.5592685789515,29.3688736587192],[-93.5932229662117,29.3845297373746],[-93.6273637718596,29.3716411687333],[-93.6447795962241,29.3575773125786],[-93.6657461348182,29.3378525315232],[-93.6949369950786,29.3456297274307],[-93.7116400448927,29.3613429005195],[-93.7577006346732,29.3690074493292],[-93.7745221147811,29.3848278527123],[-93.810796858505,29.3923568735081],[-93.819437878987,29.408307385406],[-93.8646957755521,29.4158346679343],[-93.8812913608071,29.4464615189684],[-93.9773514426831,29.4497769322221],[-94.0317372394278,29.438497210802],[-94.0461111607294,29.4119698413921],[-94.183426635235,29.4072279193095],[-94.231123316761,29.408874817046],[-94.2599545005647,29.3926549659098],[-94.2695692813401,29.2790397996766],[-94.2955449795704,29.2670504918148],[-94.3714631484353,29.2591257197351],[-94.4469975156883,29.187978099034],[-94.5107151759961,29.1901837817648],[-94.5125618112846,29.1494878135491],[-94.4841911892355,29.1026515134717],[-94.4665670159122,29.0630998452074],[-94.3706780002157,28.9942008737982],[-94.3401186123156,28.9694309684227],[-94.3228365704531,28.9531127048241],[-94.3135112852528,28.945551396337],[-94.2904459003709,28.923764448915],[-94.260125565846,28.9097217156214],[-94.2160673244271,28.8915180457523],[-94.1800250557155,28.8456520050665],[-94.1660459008621,28.8196994723609],[-94.1518145341113,28.8272699493976],[-94.1431735136292,28.8354392994005],[-94.1248650755877,28.8430086317584],[-94.1145748039395,28.8902103918446],[-94.0440167000169,28.8826444959089],[-94.0353756795348,28.7642914303692],[-94.0170672414933,28.7567163786049],[-94.0084262210112,28.7406646799461],[-93.999100935811,28.7330879143075],[-93.9903063941451,28.692691023101],[-93.9721514772874,28.6779340561374],[-93.9595978724331,28.6545957199903],[-93.8736789283933,28.6442911765158],[-93.8913184539248,28.6158011796596],[-93.909269407399,28.5987920468277],[-93.9232573343011,28.5874112966073],[-93.9428049030557,28.5688855752683],[-94.0060225251437,28.5666839960641],[-94.0353208508615,28.5788277391215],[-94.0907242699398,28.6074259605508],[-94.1647563279493,28.6775492314644],[-94.2689376534059,28.6855148173087],[-94.3311859016742,28.699822490957],[-94.3318328818166,28.685530209751],[-94.3045281324116,28.6542877916412],[-94.2958871119295,28.6382203751911],[-94.285664827477,28.6299085444978],[-94.2689376534059,28.5987920468277],[-94.2150387363587,28.5549356866633],[-94.2236797568408,28.5041037076473],[-94.2519955493183,28.4679374158706],[-94.2769404666927,28.4053525722181],[-94.2904568661056,28.3554232685938],[-94.3247139083614,28.3458789179481],[-94.3926380359883,28.2752839509862],[-94.4306344045474,28.2673124786147],[-94.4501644274078,28.2582103248534],[-94.502499627277,28.2670111459071],[-94.5154611588984,28.2793303034364],[-94.5294490858006,28.2907442420219],[-94.5507095064433,28.319729374015],[-94.5901906383518,28.3381192789867],[-94.6092315887272,28.3387833094854],[-94.6194977361184,28.3304111951417],[-94.5854424635602,28.3110526202132],[-94.560804587655,28.2582335055065],[-94.5743648500065,28.235660215915],[-94.583587056223,28.2015497246366],[-94.6294327168852,28.1464505924905],[-94.6462300727361,28.132725529926],[-94.6548710932182,28.1165788767954],[-94.6688590201203,28.1051463199971],[-94.6865884652151,28.0882680127473],[-94.7497183614258,28.0455496357703],[-94.7868681729325,28.0640332145254],[-94.8255509972009,28.1168806338746],[-94.8618257409248,28.1561868358986],[-94.8704667614069,28.172327519491],[-94.8879637323876,28.2014724126113],[-94.8894748145782,28.2350882870771],[-94.8618257409248,28.2576578339856],[-94.8746798079871,28.2955566569441],[-94.9063993727717,28.3147732464453],[-94.9725711720451,28.3240520401429],[-95.0309353475701,28.3910299209556],[-95.0039398324218,28.4587656873833],[-95.0486275089873,28.5543731831519],[-95.0325056449075,28.5990924362378],[-95.0026919287618,28.6332233464849],[-95.0878213381084,28.6568762858542],[-95.1302127842637,28.691338547718],[-95.1462732395107,28.7211851288255],[-95.310812316805,28.7154650008348],[-95.4125131871497,28.7261375753699],[-95.4337670285312,28.7793014832925],[-95.3952092129195,28.8316217647316],[-95.3828486057141,28.8433083203906],[-95.3226728857907,28.8558637089728],[-95.3109833829846,28.8669118120013],[-95.2877929876495,28.8857285290328],[-95.2657254864195,28.9138032303425],[-95.2498141649844,28.9433116844738],[-95.239118160255,28.9534120757318],[-95.2297928750547,28.9609728103428],[-95.2055300287126,28.9838800018218],[-95.1848771108487,28.9924072644039],[-95.1762360903666,29.0319860397582],[-95.0953877147959,29.0416463587909],[-95.104028735278,29.0633988976244],[-95.1251751121004,29.0902582727779],[-95.0873388448845,29.1259372640842],[-95.0324135325566,29.1411267796063],[-95.0235224920663,29.1575800340932],[-95.0053675752086,29.1722688965322],[-94.9965730335427,29.2124791914071],[-94.9705118013243,29.2232135644805],[-94.9875898807015,29.2513763737869],[-95.0043587249237,29.2823702327515],[-95.1367900484497,29.2869477263594],[-95.1579276523251,29.2670504918148],[-95.1672529375254,29.2595122148755],[-95.1758939580075,29.2435384140337],[-95.2038588460771,29.2320214951628],[-95.2211518545726,29.188954578864],[-95.2343392801487,29.0687337610599],[-95.2570844659374,29.0398401509159],[-95.2723115235525,29.0116289157812],[-95.2926749449431,28.9924072644039],[-95.3020002301434,28.984848826284],[-95.3106412506255,28.9766912311811],[-95.3301230249719,28.9686481187541],[-95.3465738619902,28.9531127048241],[-95.3776003918044,28.9445169509723],[-95.4192680967764,28.9051542977342],[-95.4547138284437,28.8905099444033],[-95.4676753600651,28.8782621688546],[-95.4863259286691,28.8631280844769],[-95.5050729969958,28.845408034212],[-95.5442032244965,28.8272699493976],[-95.6030082239926,28.8174339864038],[-95.6286878473867,28.7463488169437],[-95.6564904422239,28.7200368966545],[-95.6969168227968,28.701274887861],[-95.723846543537,28.6901264996947],[-95.7328494341616,28.583016571286],[-95.7592242871104,28.5720848128437],[-95.7621060897283,28.5082010788293],[-95.7574215156588,28.4043108493338],[-95.7768309154378,28.385884174415],[-95.8050567892503,28.3780213319805],[-95.8334230239276,28.3692740782631],[-95.9428964262326,28.4251317781634],[-95.9979248175444,28.3991580311799],[-96.0113271722387,28.3619117783348],[-96.0295742014474,28.3470331641298],[-96.0382766307623,28.2590989387956],[-96.0652260892859,28.2371016180116],[-96.0554709467474,28.1010333961352],[-96.0064912715697,28.1094912219598],[-95.921719345892,28.1901610319554],[-95.8769220119799,28.2039985605791],[-95.8453099108561,28.2078060308273],[-95.8584512807059,28.1762675801057],[-95.8501348466888,28.1560437476137],[-95.8225186693411,28.1170237744718],[-95.8073793376033,28.0870954872335],[-95.7651304468971,28.0606638267188],[-95.7237039880879,28.0377642919022],[-95.6987590716118,28.0122053578495],[-95.6525054841825,27.9770204433962],[-95.6643967566862,27.9042187085457],[-95.7313493177057,27.8532292905813],[-95.7476027714999,27.7739408569689],[-95.7333538597532,27.7593066673937],[-95.6608219181996,27.7519471064291],[-95.6255560256589,27.7275048258333],[-95.6006001425498,27.717646389257],[-95.5924876710179,27.6282449925513],[-95.6124870294783,27.6129791039874],[-95.6836065804535,27.5394803211169],[-95.720640154454,27.5211582295801],[-95.7334064947407,27.5285625041217],[-95.7313339663958,27.5514295570694],[-95.7556340964155,27.5634494286543],[-95.7853140300593,27.5407773962403],[-95.7513201654356,27.5148057544406],[-95.7673104406993,27.495242261775],[-95.8222291737661,27.4991564062036],[-95.8315018221823,27.4807264207922],[-95.8770843052123,27.4733481153081],[-95.8854007392295,27.4568151803886],[-95.9052399972449,27.4489584431919],[-95.9250331995341,27.409590433491],[-95.9620908977917,27.4052856530722],[-95.9398040818682,27.4375936957526],[-96.0182553417309,27.5283077285098],[-96.1238315118719,27.5446082480369],[-96.205136063622,27.5248750155717],[-96.253872298951,27.4717544762239],[-96.2430293531972,27.4431818182653],[-96.2003155142629,27.4170956538001],[-96.1478136346877,27.3869957673909],[-96.1265027718451,27.3594958586377],[-96.09368663,27.2977227722412],[-96.0550717929273,27.3138722399259],[-96.0386187631214,27.3296491717565],[-96.0246308362192,27.3411633362648],[-96.0116693045978,27.3535879401006],[-95.9890403563152,27.3654034619684],[-95.9927095008387,27.3527055236393],[-96.0033375174742,27.3461875013819],[-96.0143449501463,27.3320261356617],[-96.0302869759978,27.3222471343298],[-96.0412944086699,27.3080827104602],[-96.0653532925267,27.2933220394363],[-96.0744241712453,27.2618998708928],[-96.0931690458861,27.2503950310123],[-96.1005073349331,27.2409461735802],[-96.1166182332782,27.2310557960041],[-96.1524214486145,27.1837679710297],[-96.1687034131392,27.1737691107712],[-96.1578100242873,27.2191206540069],[-96.1748617857217,27.3044209843454],[-96.2554491755496,27.3683834393928],[-96.3032533216346,27.3953807115779],[-96.3597598970346,27.4108715168227],[-96.4502384055889,27.4545090129346],[-96.4783699733646,27.440943488553],[-96.536714411106,27.4312772787276],[-96.5864200202547,27.4339070545754],[-96.6118956802653,27.4325600567282],[-96.6490498773473,27.4413911584469],[-96.6893249313208,27.4497077479252],[-96.72105546184,27.4939718861663],[-96.7349841735952,27.5994059102861],[-96.7042975833525,27.6082372281785],[-96.6495543029389,27.5684284818397],[-96.6310835716649,27.5609121826621],[-96.6136216915741,27.5525009377683],[-96.587091124654,27.5449835481501],[-96.5597227745269,27.5877456927683],[-96.5834439124982,27.646323844565],[-96.6003991742098,27.6597435904642],[-96.6163039172821,27.6755059956646],[-96.6400667245061,27.7518752939373],[-96.6585374557801,27.7593784749841],[-96.6670161830297,27.8129880666316],[-96.6475387951567,27.9098799173047],[-96.6079830958931,27.9599089404698],[-96.5954821269246,28.0307449982991],[-96.564052057715,28.0555311628233],[-96.5688989241187,28.1272733088211],[-96.5866722330505,28.1561152917801],[-96.5951509603001,28.1809324394136],[-96.5482832908307,28.2115418583261],[-96.4968407046386,28.1798730524884],[-96.4091189891473,28.1654388310035],[-96.3620934120206,28.1481948661516],[-96.3076900693819,28.1407186540015],[-96.279286551027,28.112684980704],[-96.2340900632947,28.1011049770322],[-96.2183629665615,28.1345183773722],[-96.2542955779263,28.1798730524884],[-96.2813985567353,28.2572096581912],[-96.2791834729414,28.2899543828767],[-96.2627743051759,28.3302162176178],[-96.2542955779263,28.3859960834073],[-96.2233787063571,28.4249292601812],[-96.1707276929701,28.4662928490936],[-96.1327708017744,28.4643050671174],[-96.1163243512296,28.4651668940354],[-96.0760931601948,28.4843836078296],[-96.0261090203075,28.5534408086825],[-96.030201442908,28.6137507571977],[-96.017702666727,28.6443277467621],[-95.9708503494659,28.681060705673],[-95.8599206927453,28.6752594938141],[-95.8410705472313,28.6937664494752],[-95.8243982009353,28.7068322864793],[-95.8141210887077,28.7646624789183],[-95.8046335102749,28.7799685039448],[-95.7887726310397,28.8102509745752],[-95.7417514403866,28.8586738642768],[-95.7296057614011,28.8818475480167],[-95.6788693704982,28.8901393441367],[-95.6624360784757,28.9062390539576],[-95.5531052307215,28.913732198784],[-95.5224361854746,28.9233632542826],[-95.491622391991,28.9535444892692],[-95.548664097399,29.0122004658134],[-95.6522576578602,29.0001531319524],[-95.6924208599027,29.0095613356754],[-95.7058188290218,29.0696116971301],[-95.669886217657,29.110130429081],[-95.6614074904074,29.1283339427377],[-95.6793737960898,29.1572103910802],[-95.6878525233394,29.1798021075805],[-95.6339536062922,29.1885850488337],[-95.6042890248567,29.2066732032694],[-95.5705583387635,29.1961074900547],[-95.5719882743378,29.1751355648318],[-95.5985254205191,29.1419600405579],[-95.6070041477686,29.1275484670642],[-95.5608799563678,29.1181740169189],[-95.5343515831336,29.0922322455289],[-95.4067934448524,29.0714250505589],[-95.3593051131835,29.0939762099368],[-95.3285264096916,29.1022816729228],[-95.2984407429666,29.1117131382878],[-95.303574913056,29.1869173632406],[-95.2733050216292,29.229654031257],[-95.2465200500241,29.3053244991681],[-95.2486583736752,29.3365926002252],[-95.2665917821536,29.4097402870527],[-95.2646749668818,29.4377542255102],[-95.1352285240593,29.45283251618],[-95.1083689842007,29.4655408478592],[-95.0939797106909,29.5326346587845],[-95.0634663794154,29.60660022709],[-95.0326657444541,29.6558677839253],[-95.0228601597157,29.6924882770617],[-94.9469946267366,29.6885597108968],[-94.9243569064053,29.6897314380716],[-94.8978394989058,29.6814661833369],[-94.8311479227308,29.6724361214415],[-94.7987726048569,29.674113004126],[-94.7812646681415,29.6732059662329],[-94.724795376419,29.6329412750951],[-94.7034296840048,29.5924716805004],[-94.7485976610065,29.5031981864325],[-94.7926427439032,29.4689415608062],[-94.9427552631118,29.4553208391169],[-94.9731019146813,29.4458389124562],[-94.9602171432026,29.3614136234082],[-94.9506944747782,29.2905475998873],[-94.9110313109554,29.2119221525697],[-94.9162181169306,29.1359106056415],[-94.9427552631118,29.1027224152801],[-94.9512339903614,29.0580733427808],[-94.8973350733142,29.0006345919268],[-94.8888563460646,28.9844785632355],[-94.8793687676318,28.9692026382085],[-94.8529237346998,28.9058685098456],[-94.8074750341718,28.8354681176279],[-94.8090168207788,28.8128106276706],[-94.9217053851138,28.8035440781148],[-94.9602171432026,28.7799685039448],[-94.9921033885915,28.7621920044352],[-95.0150920133306,28.7396358876099],[-95.0133791614424,28.7144455776833],[-94.7501504124499,28.6999744645428],[-94.7066667775041,28.7022482717849],[-94.688746527548,28.7198407154301],[-94.6917577261945,28.7641414732805],[-94.6836649933444,28.772094697419],[-94.5852823631154,28.7118392711732],[-94.5744459966228,28.7012037112608],[-94.5450774909218,28.6932489381698],[-94.5295302324168,28.6597225939223],[-94.5575258240045,28.6377718847346],[-94.5545299784646,28.5936679729001],[-94.5157067915348,28.5780207680031],[-94.4981725368765,28.4791710730266],[-94.5411846452313,28.4303739800201],[-94.5277340402264,28.3637934114692],[-94.4930931954604,28.3543791254516],[-94.4666481625284,28.3381231390022],[-94.4448548055636,28.3306602258214],[-94.3930174520249,28.3470312334934],[-94.3603109675265,28.4097315523054],[-94.3498671755929,28.4492017170124],[-94.3345173003121,28.4868085826876],[-94.3229177170693,28.5800969251002],[-94.3618834585499,28.6430458632121],[-94.4352334455271,28.7005477302361],[-94.4510000187255,28.7306763101058],[-94.4042858695416,28.8060327908091],[-94.3947829397989,28.8563535231457],[-94.4217323983225,28.8901393441367],[-94.4481774312545,28.9298992686917],[-94.493597621052,28.9766202427285],[-94.5063157128248,29.0244228251824],[-94.5560322877081,29.1373588243949],[-94.5654452978875,29.2249131982275],[-94.5992330063399,29.3070610174233],[-94.554459797583,29.4388199973418],[-94.5290258068252,29.4705244470295],[-94.5023154025751,29.5070805355193],[-94.4801952654594,29.5694029441643],[-94.4538379584048,29.5877687180223],[-94.4009500844302,29.5712646595411],[-94.3773232524957,29.5482616702151],[-94.3405747875966,29.5196942774816],[-94.2651917487397,29.5100599556118],[-94.2010946723953,29.5300738122102],[-94.1555363145205,29.5607882466534],[-94.1432546602454,29.622667636706],[-94.2295903031011,29.7140983577723],[-94.2056323045422,29.7438826974845],[-94.1957587317099,29.7625574365128],[-94.1977040586105,29.7908884863443],[-94.1964561549504,29.8090577883387],[-94.1740070448962,29.844897602035],[-94.1337670818126,29.8530181362695],[-94.0949767929851,29.8620281323725],[-94.06409281862,29.860430472591],[-94.0438719517802,29.9357741102807],[-94.0169860948771,29.9464679519702],[-94.0031516891587,29.9725829261792],[-93.9905410619451,30.035366419501],[-94.0103693542259,30.0831970146037],[-94.0037482262029,30.1792931309027],[-94.0360862603993,30.2193052389536],[-94.012242306559,30.2377145549827],[-93.9995242147863,30.2500088828396],[-93.9720703306711,30.2650919154038],[-93.9635916034215,30.2732860213036],[-93.9541040249887,30.2806082372319],[-93.939363847071,30.2948533637134],[-93.8929172619928,30.3239526674129],[-93.8827432278508,30.3430843138505],[-93.8193567323708,30.3504013169298],[-93.8108780051212,30.3663393619993],[-93.7924072738472,30.3736546258757],[-93.7839285465976,30.4196756257238],[-93.8608862692655,30.427890838125],[-93.873255649418,30.4046504356557],[-93.8879782823399,30.3973374919466],[-93.9429759692352,30.4504148250468],[-94.1113223591302,30.4417647318421],[-94.1247839289714,30.4670473157752],[-94.1438051415633,30.4745724049122],[-94.1247839289714,30.4820969125158],[-94.1163052017218,30.4869201546304],[-94.1432546602454,30.4975788223713],[-94.1579926453755,30.5117904530224],[-94.1718182790452,30.5503560244067],[-94.2181859102948,30.5626847087189],[-94.272541002623,30.5372494145774],[-94.3199942443003,30.5594572681371],[-94.3608022336975,30.5672169194747],[-94.4144138479573,30.5349675245152],[-94.4339745752341,30.4982515646515],[-94.4300181288215,30.4410367658279],[-94.4083234634687,30.4066100452783],[-94.344270250063,30.3973374919466],[-94.3285804370073,30.4268185881043],[-94.2954638329541,30.4356364089548],[-94.2869851057045,30.4438162442397],[-94.1983795494833,30.4511257050678],[-94.1881704244514,30.4080059594953],[-94.2160541659048,30.3969686146732],[-94.2406306329772,30.3507703707314],[-94.2630753565579,30.3418805332793],[-94.2912244693294,30.343328474829],[-94.3105110532393,30.342336683985],[-94.3640831901356,30.2905773920235],[-94.3942785142073,30.249573141177],[-94.4241602175487,30.226504515821],[-94.5065832769304,30.199123988297],[-94.5423733337445,30.1504733613302],[-94.5685025531585,30.1401030860291],[-94.59665166593,30.1415540033854],[-94.6325842772948,30.1397028942267],[-94.6992868192044,30.1431395576042],[-94.7694369963598,30.1301774763828],[-94.8193948183043,30.0818078656649],[-94.8848845465455,30.1282920097367],[-94.9580897852861,30.1245171743984],[-95.0336373110614,30.1479605473576],[-95.0898083342618,30.1564090375624],[-95.1463500005517,30.1388645726068],[-95.2051528063618,30.1418953926499],[-95.2297117284384,30.2189641178194],[-95.2436908832918,30.2526270782171],[-95.2797506969992,30.2669217268554],[-95.301576951168,30.2965576409793],[-95.320047682442,30.3193883076369],[-95.3285264096916,30.3939816014993],[-95.2986534792973,30.4058080478722],[-95.3116983503226,30.4371585984497],[-95.3469971409656,30.4511257050678],[-95.3554758682152,30.4670473157752],[-95.3739465994892,30.4743550339823],[-95.3824253267388,30.4980134600175],[-95.4008960580128,30.5053188535086],[-95.4093747852623,30.5444441976539],[-95.4458118222187,30.5517461014605],[-95.4542905494683,30.5753856949975],[-95.4637781279011,30.5981511541387],[-95.4812400079919,30.6526962484078],[-95.4907275864247,30.6754435319839],[-95.5005068532202,30.7204902786242],[-95.5338625106485,30.7615339452574],[-95.5441220778803,30.7994160399764],[-95.5617484448895,30.8129429537434],[-95.6254748790426,30.8298427972675],[-95.6339536062922,30.8534143626238],[-95.6524243375662,30.8761142645572],[-95.6609030648158,30.8996744570514],[-95.683534205886,30.917023759765],[-95.6409366044578,30.9761194779446],[-95.6098662117049,31.0453934391817],[-95.5800546892451,31.0532811672183],[-95.5536096563131,31.0614087144727],[-95.5251863992765,31.0686714404243],[-95.5086938921071,31.0378884044191],[-95.4886704093898,31.0063115505659],[-95.4927365140474,30.9478251303101],[-95.458856693244,30.9636142036253],[-95.4458118222187,30.9998279889856],[-95.3989880147897,31.0073191044106],[-95.3553223479298,31.1284410424077],[-95.3611692925696,31.212363246329],[-95.38048438721,31.2740236124915],[-95.3621978806379,31.3027792963587],[-95.3298861643843,31.2877756319469],[-95.319422633769,31.2019375367315],[-95.2723553864913,31.1442846527544],[-95.2207285755972,31.1306394077972],[-95.2032666955065,31.1225177808916],[-95.128918823979,31.1049842632957],[-95.0937033736381,31.115801801079],[-95.0775025557297,31.1460171524329],[-95.0381223082209,31.2036971200408],[-95.0418879515688,31.2577198947875],[-95.0864857085709,31.3069017928318],[-95.0963592814032,31.3252784396754],[-95.0943810572986,31.35361955659],[-95.0644050488187,31.4400249803594],[-95.0320823659321,31.4756041038882],[-95.0236036386826,31.5373051073194],[-95.0188598494662,31.5485739750692],[-95.0079072454674,31.551194273525],[-95.0157850491993,31.5579072834035],[-95.0188598494662,31.5485739750692],[-95.0235224920663,31.5522558278513],[-95.0334618593066,31.5966060614237],[-95.0594551034311,31.6287755407903],[-95.0680961239132,31.6457560330808],[-95.0445614043297,31.6836139360103],[-94.9986433690999,31.7088427212874],[-94.9519994007975,31.7516580939248],[-94.9303332470736,31.7687279862494],[-94.8488247319399,31.7402590089051],[-94.7008483435948,31.7548358607473],[-94.6821626841009,31.790460781876],[-94.7270477438905,31.7889489542343],[-94.735719468789,31.8740723236635],[-94.6570116105553,31.9056112167661],[-94.6462300727361,31.9345150138051],[-94.6279216346946,31.95709263271],[-94.6172914243732,31.9949496074643],[-94.5142110615524,32.0028114956807],[-94.4430366819039,31.9780164530833],[-94.3717438719616,31.9804125454863],[-94.39970218077,32.0252179907486],[-94.4396175573886,32.0332780792764],[-94.4734447423063,32.0530097511912],[-94.4525790890101,32.0864252807298],[-94.4368783093214,32.114607114284],[-94.4211577918493,32.1566509620665],[-94.3746805032529,32.213814251028],[-94.3152197515658,32.2375528991729],[-94.2779208062471,32.2617434260281],[-94.2506292153644,32.2766455282537],[-94.2185609389596,32.2953012308549],[-94.1832248655374,32.3275326905934],[-94.1191190162458,32.3672552572157],[-94.0676369535885,32.3810213289674],[-94.0174093738524,32.4135425643827],[-93.9873785358008,32.4299135581952],[-93.9362188659226,32.4435830884801],[-93.9185946925993,32.4514525404635],[-93.8887480792495,32.4594267840453],[-93.8424440496203,32.5090958422172],[-93.8269735512581,32.5638465205867],[-93.7912887662156,32.6075424723367],[-93.7655389619399,32.6177787244039],[-93.7287312827922,32.6571942634347],[-93.7119821772518,32.716375412125],[-93.6938864755409,32.7744625453619],[-93.6527824104092,32.7854042875497],[-93.5995217005573,32.7836286969728],[-93.5547441053269,32.7851221868337],[-93.4470361898975,32.8360112277638],[-93.4136388632164,32.8448964933483],[-93.3388194641997,32.8881400301917],[-93.3167234522392,32.9333707211137],[-93.352656063604,32.9726908052919],[-93.3875359617452,33.0125763800479],[-93.3492259724557,33.0423367079898],[-93.3346897579216,33.0934748670297],[-93.3163813198801,33.1157631504355],[-93.307740299398,33.1386187510581],[-93.2624824028329,33.1458540150843],[-93.2448582295097,33.1536615555126],[-93.2265497914682,33.1608955790151],[-93.2089256181449,33.168701780531],[-93.1434029926997,33.1759345632242],[-93.1047640304717,33.1410207778299],[-93.0838018783511,33.0490320864576],[-93.0684498111809,33.0247115697019],[-93.0290914951414,33.0260207975991],[-93.011125189459,33.0254231889005],[-93.0009445751576,33.0257615280629],[-92.984346797115,33.0407776894999],[-92.947940464575,33.0690508400729],[-92.9102489446974,33.1359503673775],[-92.8790886332795,33.1482650257094],[-92.8593063976233,33.1833484643865],[-92.8296462026613,33.1993764258389],[-92.8136668931323,33.213806973035],[-92.7863753022496,33.2210360315895],[-92.7753919947328,33.250054506628],[-92.655716046657,33.2738909116519],[-92.6429869891496,33.2964394647475],[-92.6246785511081,33.3186761364452],[-92.613646994179,33.3477885821053],[-92.5258638698549,33.3637039607251],[-92.5082396965317,33.3714920569347],[-92.4876328352924,33.378708060932],[-92.4363744738021,33.3637039607251],[-92.4000997300782,33.3564867120991],[-92.3914587095961,33.3486972728527],[-92.3806727853034,33.3403483166843],[-92.3208391968407,33.3423307398878],[-92.2638347760086,33.3256381359615],[-92.2116245865927,33.3273661795219],[-92.1756919752279,33.3261768931035],[-92.0807504009835,33.3293214109662],[-92.02382493398,33.3168562859136],[-91.9564249697281,33.3190903168664],[-91.9333179146952,33.3489830693755],[-91.9150094766537,33.3712063343232],[-91.9063684561716,33.4409001955951],[-91.9469637092382,33.4722823297434],[-91.968175881367,33.4913775844266],[-92.0632929073662,33.4998181041056],[-92.0767062277952,33.5596554232477],[-92.0587267635905,33.5735347592446],[-92.0608146450419,33.6173711213915],[-92.0412604961279,33.6324554959376],[-91.977891546542,33.6408603267521],[-91.9692505260599,33.6486235226626],[-91.9410246522475,33.6560628986033],[-91.924334761854,33.6710547109715],[-91.8970431709713,33.6782457640973],[-91.8803532805778,33.6932337100297],[-91.8521274067653,33.7006692278836],[-91.8434863862832,33.768188916615],[-91.8326302811089,33.8460622749223],[-91.7732353238298,33.8616783392619],[-91.7244201337739,33.8337808779211],[-91.74253996064,33.7763270838536],[-91.6841845571639,33.768188916615],[-91.6728064823005,33.7980542451479],[-91.6572350986403,33.8052346609901],[-91.6458570237769,33.7753718371048],[-91.6240965640161,33.7668343032589],[-91.5776280474685,33.768365761951],[-91.5650086482061,33.7905888894304],[-91.5253301321752,33.7977699315355],[-91.5021265783178,33.767904503839],[-91.4866604664291,33.7559911562403],[-91.4478855289115,33.7457830867771],[-91.4212606568529,33.7305471338573],[-91.401917051482,33.7311855149902],[-91.3663177995292,33.7770216364426],[-91.3483471073733,33.790860467339],[-91.3134584371833,33.7897121773039],[-91.2865309101291,33.7800094238498],[-91.3224635214939,33.7607209573558],[-91.3387103951286,33.7461423409875],[-91.3214108082703,33.6912228161827],[-91.2819691528269,33.6435187343888],[-91.2284957066444,33.6329138289187],[-91.2035420172213,33.6337373632203],[-91.1697499231936,33.6486235226626],[-91.1514414851521,33.6558164509205],[-91.1407476732103,33.665423732984],[-91.1205136478482,33.7010961811364],[-91.1048896292006,33.7256551514073],[-91.1180266134751,33.7673429691655],[-91.1099777435637,33.9360239825648],[-91.0719572507476,33.9818485342882],[-91.0346604982165,33.9916410999457],[-91.0061626738248,34.0041433941024],[-90.9619311734388,33.9912901512638],[-90.9412585177915,33.9549672805185],[-90.8664588565582,33.9464877100083],[-90.8463564209105,33.9085621830073],[-90.8822890322753,33.865213140505],[-90.9020361779399,33.8398197861599],[-90.9353063013801,33.8142093343022],[-90.9972584748123,33.8043817903718],[-91.0077110396929,33.767904503839],[-91.0230148583491,33.7316013725165],[-90.9758576924064,33.7233714018126],[-90.9631374078461,33.7457830867771],[-90.895947986239,33.7529678850446],[-90.8161918003569,33.7021015176646],[-90.7814961269176,33.6934800505027],[-90.7438265385093,33.7100635184057],[-90.6990335910707,33.6970017279635],[-90.6675881696529,33.6415504983919],[-90.6497052042727,33.627753325354],[-90.5989688133698,33.642558357485],[-90.575800349504,33.6724217872914],[-90.5402361875429,33.6998408612239],[-90.5499123771511,33.7305580772495],[-90.5609570935008,33.769113250124],[-90.5491140695109,33.8066834283148],[-90.5231734612722,33.8266502273261],[-90.5138086996068,33.8431350833558],[-90.4929342733635,33.8424465325748],[-90.4538829996915,33.7982109815249],[-90.4012648835084,33.789863461044],[-90.3709730606123,33.790860467339],[-90.361266167486,33.8538451655224],[-90.3796447855107,33.9414461410558],[-90.406905671977,33.9623982618354],[-90.4418075015876,33.9612522775647],[-90.4507555635388,33.9783840414792],[-90.4160598900995,34.0327375612713],[-90.3854390942648,34.0447140724774],[-90.361266167486,34.0961338640672],[-90.3174820694339,34.1765617462988],[-90.2980419652385,34.1999318412505],[-90.2850804336171,34.222642629755],[-90.2707284437848,34.2450644769618],[-90.250283875778,34.2443936853392],[-90.2535341277997,34.1765962204427],[-90.2103334091679,34.1434747938803],[-90.1817741759433,34.1068666039726],[-90.1370426364392,34.0530221247931],[-90.1187210407737,34.0126263047179],[-90.1440431796006,33.9729478679959],[-90.1966218193185,33.9160681951002],[-90.1804846021322,33.8391403161055],[-90.114413689055,33.7905888894304],[-90.0526808312146,33.8299223118089],[-90.0172921210083,33.8921882642758],[-90.0202484909814,33.9541377355],[-90.0105810743203,33.9692938503902],[-90.0011022688345,34.0267922945548],[-89.9563663437552,34.0806534394111],[-89.8232156664176,34.090263877964],[-89.7773612328083,34.1035724695115],[-89.7354895644528,34.1145493926904],[-89.7073601894648,34.1396792739423],[-89.6965128572376,34.1800961589995],[-89.7251027939802,34.2247824456447],[-89.8026965310557,34.2497616833952],[-89.8219348646552,34.275501921916],[-89.7605485247492,34.3416225861485],[-89.7504117742847,34.4376319208268],[-89.7410864890844,34.4743855903804],[-89.7324454686023,34.526490034076],[-89.7228175284064,34.5567548568328],[-89.6780333539148,34.5741594146823],[-89.6471932424884,34.6134755654062],[-89.6243055021489,34.6223645694096],[-89.5921802042831,34.6363504156794],[-89.534816106096,34.585394498677],[-89.5075245152133,34.5782802053935],[-89.4806364655226,34.5705205971619],[-89.4587926654596,34.5983720022101],[-89.3980905893735,34.6075785162037],[-89.3536134554528,34.5882057411307],[-89.3244576860824,34.5510289959044],[-89.3102372850662,34.5262081629866],[-89.2877794029632,34.4993122347478],[-89.2438066937357,34.4727294555559],[-89.1529575429901,34.4756981805601],[-89.1585106046831,34.5910945228227],[-89.1370264828733,34.6341417113124],[-88.9764482393634,34.6499496148257],[-88.9097413118786,34.7091541797226],[-88.8740631060972,34.754561858999],[-88.8418369220351,34.7629438609789],[-88.825133872221,34.7777508251984],[-88.7665854719943,34.7758449309544],[-88.6992118256853,34.7780390473178],[-88.6731747186222,34.7771905908269],[-88.5834309160876,34.7450148542761],[-88.5466692935646,34.7556015477722],[-88.5193777026819,34.7627006290317],[-88.4897262806669,34.779460328265],[-88.4388714594702,34.8441197862865],[-88.4273486354718,34.8528814327788],[-88.3623435941405,34.850766700209],[-88.3174278299345,34.8522281214669],[-88.2616208705626,34.8764565724304],[-88.2322589441227,34.942330679456],[-88.2514753462528,35.002421365996],[-88.2489444480427,35.054703547379],[-88.2049103317791,35.1135491885888],[-88.1600515890341,35.1308669018169],[-88.1424274157108,35.1384931342926],[-88.0971695191457,35.1529042592572],[-88.0525958872988,35.1678721986144],[-87.971405379369,35.1749356495066],[-87.9447980532045,35.1898995340447],[-87.9067249245026,35.197310547887],[-87.8192663875418,35.2351185917785],[-87.7653016760866,35.2333720085442],[-87.7366941934499,35.2494499021728],[-87.7173374295566,35.2829316946294],[-87.6917564977745,35.2927866510235],[-87.6736103538638,35.308770431404],[-87.6754789197234,35.3472849845227],[-87.7022660850145,35.4095940252328],[-87.7018055232599,35.4190081687342],[-87.6460073359368,35.5296360779847],[-87.6488935250283,35.5888827184169],[-87.6478715153228,35.609884262833],[-87.5547283269547,35.6068815770357],[-87.5405561753507,35.57047843304],[-87.4413993617384,35.5634495135733],[-87.3937772475676,35.5397250336927],[-87.3568401723914,35.5072798721703],[-87.3216488463075,35.4887800653992],[-87.280044742956,35.4976546478093],[-87.2412303289733,35.5051820967334],[-87.1939591192103,35.5467025012789],[-87.1632637560205,35.5853691432186],[-87.1341035992783,35.592875879416],[-87.0845427383663,35.6363614960251],[-86.9680293155364,35.6435141212],[-86.956651240673,35.614307846561],[-86.9383428026315,35.6072827741112],[-86.9297017821494,35.5850909038051],[-86.8933436990217,35.542111003789],[-86.8153157172361,35.5342140120285],[-86.7965642633341,35.5823940763082],[-86.7481570000454,35.6078123508489],[-86.6595580230853,35.6049575885464],[-86.6115718459843,35.6470554413893],[-86.5758322313701,35.692014939554],[-86.5189594002523,35.7218373599989],[-86.465244707907,35.7322243248422],[-86.386962320538,35.8095177903786],[-86.363421020795,35.8185275327564],[-86.3547800003129,35.8346983984023],[-86.3929496269409,35.8633636199301],[-86.408336785001,35.9105493163589],[-86.3763781659429,35.9481572488916],[-86.3314667882105,35.9818377082183],[-86.2843271672636,36.0229966030192],[-86.2483594659071,36.0128020289748],[-86.2290158605362,36.0370295014047],[-86.1864950183524,36.0440166398422],[-86.1739326405511,36.0119363077151],[-86.1216698152494,35.9727560145091],[-86.0653408852901,35.9643549162232],[-86.0313864980299,35.9788951908415],[-85.9870497258723,35.993155972684],[-85.9753295186498,35.904001574192],[-85.9411382699037,35.8405193876748],[-85.9601529032345,35.8029919363248],[-86.0314829968544,35.7656247025982],[-86.176581969055,35.7530938618959],[-86.2134488633495,35.7207975208653],[-86.2297790772864,35.6926953554494],[-86.2732122700323,35.6600038927875],[-86.3095221037479,35.614307846561],[-86.3278305417893,35.5926743534548],[-86.3364715622714,35.5764543139878],[-86.3095221037479,35.5561416375728],[-86.3008810832658,35.5412454950563],[-86.245003942114,35.5342140120285],[-86.2097731395649,35.549382686473],[-86.1794374537301,35.5484048393477],[-86.124038420227,35.5501910070516],[-86.0592702394833,35.6070420562533],[-86.030110082741,35.6145485425567],[-85.9797026647766,35.658763669437],[-85.9548586327002,35.6579635722848],[-85.9342912479261,35.6586246774812],[-85.8538858891141,35.7380830864935],[-85.8107860557803,35.7491585465791],[-85.7975306412119,35.7831336069639],[-85.7795160861173,35.7966718934453],[-85.7688266606491,35.8510792856817],[-85.7331221369248,35.8778904842829],[-85.6807014048642,35.8913362121287],[-85.6720603843821,35.9134428694655],[-85.581886723611,35.9204409573275],[-85.5732457031289,35.9352663337129],[-85.5263824192348,35.9425092982637],[-85.4752688059811,35.9871616474811],[-85.4648908075572,36.039868766083],[-85.4688955042804,36.1215712079967],[-85.4482053036373,36.1370548731628],[-85.34832474974,36.1456394534533],[-85.3091506593006,36.1539291377652],[-85.2678053471077,36.152604547129],[-85.2588353536871,36.160422495445],[-85.2486152629205,36.1680679246418],[-85.2300129428304,36.199882816892],[-85.1532789213295,36.2435242764775],[-85.0836375553409,36.2569023542678],[-85.0231153174831,36.3162695352047],[-84.9749668462513,36.3413184638808],[-84.8535846255484,36.3484904761212],[-84.8366271701509,36.319544003915],[-84.8183187321094,36.3125813955462],[-84.791711405945,36.2978270921748],[-84.7644198150623,36.2908625445062],[-84.746795641739,36.2833457910566],[-84.7284872036975,36.2763799507777],[-84.7001604454854,36.2606638627097],[-84.7019632169369,36.2240119489557],[-84.7400012547488,36.1955714901664],[-84.8096777116274,36.1821776086213],[-84.8555014408202,36.1669843655673],[-84.882990414927,36.1199502158024],[-84.871533386235,36.0935419240765],[-84.8468033979789,36.0750238941546],[-84.8003524264271,36.0660805777658],[-84.7827282531038,36.0585422291233],[-84.7374703565387,36.0515563798619],[-84.7191838508649,36.0437329102388],[-84.6659472661682,36.0588188139104],[-84.6386556752855,36.0658040185047],[-84.6056750474203,36.0799108230736],[-84.5761157377563,36.1168941547491],[-84.5186858451612,36.1738785184942],[-84.476958924144,36.1819014580583],[-84.4439300468666,36.1912457663343],[-84.3558574269674,36.1884278994128],[-84.3225346667431,36.1894934617627],[-84.2898259903554,36.2179768244146],[-84.267885691468,36.2263296242131],[-84.2732150528922,36.3347146825356],[-84.288654846838,36.3701932708355],[-84.2972958673201,36.3993962979963],[-84.3111390468839,36.4204513338277],[-84.3605200695676,36.4280377960451],[-84.3691610900497,36.4427674282323],[-84.4136908598562,36.4513007954961],[-84.4230600070969,36.5240635192612],[-84.4050937014145,36.5652458893461],[-84.3895793401135,36.604596444357],[-84.3253068120143,36.6289416480057],[-84.2703464087965,36.6373629807682],[-84.2058019292198,36.6748333486271],[-84.1715317275434,36.6878048196397],[-84.1358666811826,36.7097326218684],[-84.065466484019,36.6979236864841],[-84.0371265672846,36.6733962388098],[-84.0228973933213,36.6664653698606],[-84.0096244337572,36.6890200686454],[-83.9918686707195,36.702210701354],[-83.9829337672905,36.7248375369276],[-83.9509312852937,36.7485999633022],[-83.9081165610614,36.7856139092737],[-83.7833963624595,36.7707177161193],[-83.7406825235251,36.752610025979],[-83.7143690785109,36.7426600463064],[-83.7047499121603,36.7016761566749],[-83.7571750306945,36.6818373355003],[-83.8119468218386,36.6460807753482],[-83.8326896592658,36.6033340866936],[-83.8844129689842,36.587162811195],[-83.9320350831551,36.5637450819426],[-83.9606644963629,36.5389264488833],[-83.9828855178783,36.4930614068807],[-84.0112298219846,36.4719467073415],[-83.969682740094,36.4233790656405],[-83.8922469097774,36.4085345560617],[-83.8453222179487,36.4374902785868],[-83.8007529716771,36.5134282698091],[-83.7672898496896,36.5219432834935],[-83.7545476336599,36.5542745256176],[-83.6594920155953,36.5724606319343],[-83.6328846894308,36.5799494422542],[-83.5247447229773,36.5868880951725],[-83.5006463626553,36.5971258723973],[-83.450480191752,36.6405816764305],[-83.4279784467104,36.6788331922151],[-83.3810142775182,36.6878048196397],[-83.3544069513537,36.695282428628],[-83.3091490547886,36.702210701354],[-83.2825417286242,36.7096869092255],[-83.2462669849003,36.7166138835477],[-83.228642811577,36.7240886900926],[-83.185692112055,36.740333160476],[-83.1747438945298,36.7644158256162],[-83.2016933530534,36.7957831136605],[-83.2103343735355,36.8147743078753],[-83.1833849150119,36.8461209784307],[-83.1673661290177,36.873279340144],[-83.1441581886868,36.9002561744989],[-83.0888907448981,36.9142469039617],[-83.0759292132767,36.9254299258105],[-83.0272982479226,36.9539393827894],[-82.9771145320235,36.9972090453183],[-82.9318566354585,37.0041100112486],[-82.9097321127675,37.0134585957489],[-82.8962661564528,37.0474141554139],[-82.8779577184113,37.0543105621025],[-82.8689789520436,37.0694892018493],[-82.8402267220685,37.0685792342927],[-82.8064346280408,37.0543105621025],[-82.6982946615874,37.0474141554139],[-82.6614804031786,37.0397153443351],[-82.6413121722246,37.0403525653183],[-82.5920101033695,37.0828137282698],[-82.5701838492007,37.091031248411],[-82.5459231956462,37.111914818039],[-82.5020557581902,37.1229900963469],[-82.492024278599,37.1444749766656],[-82.5189737371226,37.1546120840707],[-82.5276147576047,37.1763605879998],[-82.5418439315679,37.1832452605126],[-82.5593935384344,37.153619235974],[-82.5996510465138,37.1548900097245],[-82.7148134866996,37.1512524280682],[-82.7701598843169,37.1331300828657],[-82.9248517067219,37.1262408452913],[-82.9498229411408,37.1477248026765],[-82.9820447387294,37.1558548745736],[-83.0306713167116,37.1763605879998],[-83.1028786718003,37.1832452605126],[-83.1294859979647,37.1978303069355],[-83.1477944360062,37.2047130223079],[-83.1564354564883,37.226447103008],[-83.2825417286242,37.2333272082234],[-83.3091490547886,37.2479025765285],[-83.3274574928301,37.2547807236502],[-83.3640612085942,37.2701949203598],[-83.3624031853794,37.3034719086181],[-83.2390032641067,37.3152168048992],[-83.1970965048613,37.3035329664325],[-83.1206739113031,37.3059420999119],[-83.0324082937551,37.3031596397351],[-82.9411819206587,37.2905230093921],[-82.8810281322046,37.2836481266629],[-82.8114350156282,37.3063886795396],[-82.7568562212347,37.3046686353151],[-82.7374512070309,37.3052792036546],[-82.6986367939465,37.3265203851518],[-82.6713452030638,37.3333913491272],[-82.6546553126703,37.3477119766004],[-82.6264294388578,37.3548163511324],[-82.6075288502456,37.3627654805863],[-82.5816847408314,37.3619514306425],[-82.5200790853336,37.3638915388091],[-82.4390596444816,37.4333589490511],[-82.4088730924586,37.4409480061147],[-82.3910690800087,37.4403872995515],[-82.3572769859811,37.4261888638578],[-82.2888988758608,37.4132524125177],[-82.2316839114856,37.4372963696138],[-82.1879656087399,37.4536777143255],[-82.1460106009805,37.479214170824],[-82.0735663853042,37.5163283023695],[-81.9976087399741,37.5331201661734],[-81.9709663229197,37.5405251966083],[-81.9483724655271,37.5398139422671],[-81.9257610631387,37.5405251966083],[-81.8981404993175,37.5254517590298],[-81.8027602947878,37.5284503414557],[-81.7913383569858,37.5476373682718],[-81.665273755001,37.5511931284388],[-81.665273755001,37.2979110308829]]],[[[-83.1251654877237,32.7426807179124],[-83.1031857132694,32.762632370107],[-83.0516466282528,32.7609134980391],[-83.0119023178138,32.8126587517916],[-83.0140428342526,32.8580790259768],[-83.0473480485828,32.8987234232089],[-83.0576207752352,32.9846291204879],[-83.0306713167116,32.9952966222305],[-83.0179773500942,33.017852515136],[-82.9049071769349,33.0254287051425],[-82.8664348953112,33.0476202533509],[-82.8327173677403,33.0326640950491],[-82.7886393876397,33.0522159814452],[-82.7588300588658,33.0640075215251],[-82.7314858320973,33.0887361326757],[-82.6993210568681,33.1458246348821],[-82.6344344458305,33.1759345632242],[-82.5708768850693,33.1184982748972],[-82.5279568899638,33.1310963817282],[-82.5006652990811,33.138332265909],[-82.4740579729166,33.1536615555126],[-82.4557495348751,33.1608955790151],[-82.4224443205449,33.1756482006985],[-82.4096056056908,33.1417020749694],[-82.4124172274272,33.0823267676151],[-82.4291422087106,33.0558372457563],[-82.4377832291927,32.9752666301777],[-82.4070220715949,32.9124171615492],[-82.3648696797131,32.866258396122],[-82.3216514160854,32.8676970773283],[-82.2981057298689,32.8572315704803],[-82.2415881887343,32.8898951156177],[-82.1293996635173,32.9048386374811],[-82.0572493307879,32.8889632483836],[-82.0192244514983,32.8902302906922],[-82.0252512352647,33.0177991851086],[-81.9976087399741,33.0480210099378],[-81.9762167305153,33.0860055942336],[-81.958548693355,33.1327493008757],[-81.9624437318331,33.2149849468741],[-82.0113861242316,33.2133611001375],[-82.0694739627037,33.1608955790151],[-82.1000508955997,33.1443647749827],[-82.1233728797509,33.1232868335101],[-82.1506644706336,33.116049709235],[-82.1757936118115,33.0933333887654],[-82.2511152436322,33.0859486310021],[-82.2829905223881,33.1147657001766],[-82.2983732948729,33.1688449736346],[-82.3442014105394,33.1936138182952],[-82.3749011593043,33.1759345632242],[-82.3891303332676,33.168701780531],[-82.4018506178279,33.1912572803171],[-82.4523238310987,33.1993213710169],[-82.4647326877163,33.2213222464695],[-82.4878967651085,33.249480430943],[-82.5422343124409,33.2661142611414],[-82.6084631331754,33.2210360315895],[-82.655357121486,33.213806973035],[-82.6893115087462,33.2288368743784],[-82.7076199467877,33.2360646909845],[-82.725244120111,33.2438641933244],[-82.8028597886559,33.2510907676982],[-82.8456657408395,33.2264537649549],[-82.9173028750302,33.1617548098764],[-82.9697674709278,33.1536615555126],[-83.0043929634856,33.1689991809837],[-83.0485849874065,33.1290669211188],[-83.0582436311206,32.9941120214816],[-83.1028742853267,32.9955946096164],[-83.1115196922824,32.9726908052919],[-83.1298281303239,32.9654412959078],[-83.1384691508059,32.9425407135731],[-83.149119099809,32.9170383425439],[-83.1704804057498,32.8417217069085],[-83.1997282883694,32.806000762202],[-83.1713927572102,32.7479950783398],[-83.1251654877237,32.7426807179124]]],[[[-85.0924759599454,35.8150240633517],[-85.089374842634,35.8343623537492],[-85.0776107715745,35.8393868705248],[-85.0708163854826,35.8817447930621],[-85.0506613130509,35.8903465623434],[-85.044459078428,36.0154399370479],[-85.0903617605512,36.0212352192241],[-85.1087666974172,35.9929732045651],[-85.1432737596812,35.9871527745709],[-85.1494759943041,35.9703598486302],[-85.1702232182048,35.9653436401509],[-85.1764254528276,35.948546074436],[-85.1971726767283,35.9435284803751],[-85.2033749113512,35.9194516714553],[-85.2241221352519,35.9144322304891],[-85.2303243698748,35.8976238431259],[-85.2751085452647,35.8918159305212],[-85.2482906755572,35.8853252750874],[-85.2420884409343,35.8685107067601],[-85.2303243698748,35.863488035192],[-85.2226176323225,35.8425799227558],[-85.2033749113512,35.8343623537492],[-85.1971726767283,35.8175369737214],[-85.0924759599454,35.8150240633517]]],[[[-85.7212966588291,35.7640159678397],[-85.7176297079916,35.7829040947394],[-85.6971281176255,35.8084364103002],[-85.6800478454607,35.8179993550701],[-85.6727139437856,35.8387201538399],[-85.6977772905555,35.8471310441218],[-85.7069973039843,35.8179993550701],[-85.7266128608328,35.8120486608651],[-85.7339467625079,35.796143570391],[-85.7557598581544,35.7895241078972],[-85.7497155293922,35.7676498121092],[-85.7212966588291,35.7640159678397]]],[[[-84.5714530951561,35.3401202516043],[-84.5714530951561,35.3840753995932],[-84.6163688593621,35.3840753995932],[-84.6163688593621,35.3401202516043],[-84.5714530951561,35.3401202516043]]],[[[-85.7751955758763,35.1493716537491],[-85.7710373588677,35.153316685875],[-85.7518779781986,35.1603078885264],[-85.6722226776146,35.2389949765748],[-85.6821532719078,35.2944335023257],[-85.7443598509234,35.3130763833277],[-85.8063032514084,35.2848705573413],[-85.8686896686523,35.265542515428],[-85.8820021046815,35.2411838703416],[-86.0039326139147,35.2335493554806],[-85.9956161798976,35.2115087701917],[-85.9859663082323,35.2047137172953],[-85.9739390595407,35.1826903975994],[-85.9590168497087,35.1894872929483],[-85.9469896010171,35.2115087701917],[-85.9213077848353,35.204210158396],[-85.892608190746,35.176986445485],[-85.8608688872797,35.1674598457913],[-85.833252709932,35.1606611084951],[-85.8159531230737,35.1527715652102],[-85.7751955758763,35.1493716537491]]],[[[-84.5085710252678,35.1126378163659],[-84.495754241883,35.1315466914051],[-84.4606111652113,35.1429677422337],[-84.4689100542326,35.1823749156937],[-84.5579169579598,35.1892202319531],[-84.5663035728585,35.1162527450847],[-84.5085710252678,35.1126378163659]]],[[[-84.8948465974392,34.8845185426738],[-84.8594929781228,34.9214376921508],[-84.8644319577757,35.0235343755647],[-84.8822535152214,35.0511128217115],[-84.9221645053664,35.0665302820507],[-84.9881959428768,35.1248382297224],[-85.0089431658792,35.1382133505501],[-85.0428975531393,35.1235197902452],[-85.0635526637908,35.1155459181428],[-85.1190569690654,35.0665302820507],[-85.1420543667516,35.0576460297729],[-85.1680169064596,35.0463997537678],[-85.1776448457573,34.9409787301294],[-85.1237459287101,34.9325429237143],[-85.1110037126804,34.9104046960059],[-84.9285202620714,34.9014297384215],[-84.8948465974392,34.8845185426738]]],[[[-87.050803279326,34.9581748751831],[-87.0468073555499,34.9622639562708],[-87.01361618504,34.973724878185],[-86.9706830305138,35.0018554752634],[-86.9510323836737,35.0400434150237],[-86.9576644765331,35.0836928747061],[-87.0141776320926,35.1117766683255],[-87.0537728078214,35.1077470925255],[-87.1122729586359,35.0772945684764],[-87.1608907645693,35.0275950503687],[-87.1715801900376,35.0020261414266],[-87.1426305768384,34.9616780172547],[-87.050803279326,34.9581748751831]]],[[[-84.5714530951561,34.9066223833438],[-84.5676194646126,34.9550346815577],[-84.5483372671761,34.9613149484919],[-84.540670006089,35.0273112947599],[-84.5848708020586,35.0349023194531],[-84.5932530313821,34.9613149484919],[-84.6199875607874,34.9526080046725],[-84.6111447697094,34.9105072097727],[-84.5714530951561,34.9066223833438]]],[[[-87.5718261441153,34.9581748751831],[-87.5633693474368,34.9762084352843],[-87.5689092515057,35.0127198930307],[-87.6451827103537,35.0049489636804],[-87.6386471163188,34.9618901062567],[-87.5718261441153,34.9581748751831]]],[[[-87.742506048098,34.8624087550843],[-87.7455238260056,34.9041475094187],[-87.7595117529078,34.9090971826774],[-87.7955847260357,34.8833167639785],[-87.7846189635147,34.8648974828235],[-87.742506048098,34.8624087550843]]],[[[-87.7155565895745,32.6670906667466],[-87.7111527390312,32.6860698623112],[-87.6750446759117,32.6934787951416],[-87.6662369748253,32.7163071388784],[-87.5941963003409,32.7237135615975],[-87.5853885992545,32.7389783717028],[-87.571646305887,32.7500849495764],[-87.5584391407309,32.761643838268],[-87.549280536135,32.7690464935509],[-87.5404728350485,32.791855487025],[-87.4953816190878,32.7992556291757],[-87.4865739180014,32.8145074909062],[-87.4684321605642,32.8219057474181],[-87.4596244594778,32.8371537216129],[-87.4418029020321,32.8515423555552],[-87.4326750009542,32.8673397118255],[-87.369617479311,32.8747335658904],[-87.3608097782246,32.8899724637663],[-87.3426680207875,32.8973644299471],[-87.333860319701,32.9125994356635],[-87.2977522565815,32.9199895132894],[-87.288944555495,32.9427597368016],[-87.2708027980579,32.9501472953135],[-87.2619950969715,32.9653732139581],[-87.2438533395343,32.9727588823554],[-87.2350456384479,32.9879809042476],[-87.2172240810022,33.0023450387273],[-87.2080961799243,33.0181154859851],[-87.1450386582812,33.0254967415268],[-87.1362309571947,33.0407096656663],[-87.1180891997576,33.0480890288779],[-87.1092814986712,33.063298051703],[-87.0914599412254,33.0776499148522],[-87.0823320401476,33.0934068839178],[-87.0641902827104,33.1007818291218],[-87.055382581624,33.1159817435855],[-87.046223977028,33.1233547942589],[-87.0289463207408,33.1384112333327],[-86.9958165581653,33.1474130079812],[-86.9835173588944,33.1686338556503],[-86.9653756014573,33.1760024831991],[-86.9565679003708,33.1911893729189],[-86.9155647205371,33.1995544370954],[-86.9026689833237,33.243796326742],[-86.8935103787277,33.2511586293678],[-86.8805707785756,33.2734545139097],[-86.8576654932403,33.2738450717186],[-86.8173290313323,33.2731556342655],[-86.8038543020705,33.2963716390134],[-86.790112008703,33.3074082121983],[-86.7769048435469,33.31889422326],[-86.767746238951,33.326250193745],[-86.7589385378645,33.3414109891832],[-86.7175844536229,33.3498331235127],[-86.7050396208174,33.3714242896118],[-86.6868978633802,33.3787758233301],[-86.6780901622938,33.3939274717792],[-86.6643478689263,33.4049516850636],[-86.6511407037702,33.4164248290606],[-86.6419820991742,33.4237725570535],[-86.6331743980878,33.4464122411152],[-86.6150326406507,33.4537574305363],[-86.6062249395642,33.5213354209599],[-86.5880831821271,33.5286742589997],[-86.5792754810406,33.5437997336539],[-86.5612170630073,33.5582609703417],[-86.5523260225171,33.5961937570877],[-86.5253765639935,33.6177583077504],[-86.5342500594879,33.6638575798478],[-86.5611337236035,33.685352270396],[-86.5523260225171,33.7979868120105],[-86.5385837291496,33.8089594928761],[-86.5253765639935,33.8203789901669],[-86.4892685008739,33.827692352833],[-86.4804607997875,33.8502261096116],[-86.4623190423503,33.8575369186719],[-86.4535113412639,33.8949772409449],[-86.4353915152961,33.909428574838],[-86.4265618827403,34.0216446044514],[-86.408503464707,34.0360253638748],[-86.3996124242167,34.0737469099932],[-86.3904538196208,34.0810385324605],[-86.3816461185343,34.2521400992072],[-86.3546966600108,34.2629454538062],[-86.3635043610972,34.3263592585056],[-86.3816461185343,34.3336290636733],[-86.3904538196208,34.4005128279323],[-86.4084201253032,34.4147548876994],[-86.3996124242167,34.430155875708],[-86.3904538196208,34.4374166753218],[-86.3816461185343,34.7555348783988],[-86.3277472014872,34.7641798281854],[-86.3365549025736,34.8293067380835],[-86.3546966600108,34.8365326850387],[-86.3635043610972,34.851425423045],[-86.3816461185343,34.8586494283935],[-86.3908091105022,34.8818073189693],[-86.4534236153865,34.8807584272332],[-86.4797721503924,34.8811992155681],[-86.5073225324337,34.869556221827],[-86.5341842650799,34.8809077558813],[-86.5903728332761,34.888411610062],[-86.6510705228886,34.9540011060417],[-86.6599484048566,35.0060896803753],[-86.6691070094526,35.0280134987546],[-86.680493857263,35.0567376234177],[-86.7852344369846,35.1603150607966],[-86.8753730068657,35.1523555500779],[-86.8761669280324,35.1205563634367],[-86.8399053437291,35.047401640251],[-86.8394316225539,35.0284642702435],[-86.8726842018967,35.0001182560445],[-86.9274910839308,34.9706787332182],[-86.9386015946884,34.9619296482507],[-86.9554406197922,34.947569274133],[-86.9835173588944,34.9324763975185],[-87.0102913656632,34.9175983419326],[-87.0643657344652,34.9103795169079],[-87.091139741234,34.8954974555081],[-87.1241247555728,34.8867169615341],[-87.1452141100359,34.844053188461],[-87.1625531742577,34.8001985112226],[-87.2090348493276,34.7712331335925],[-87.3251315724433,34.7526121832613],[-87.369617479311,34.7286465082481],[-87.3608097782246,34.7110922616099],[-87.333860319701,34.7003448008551],[-87.3460586345723,34.674309643849],[-87.3877592367482,34.6815491664234],[-87.3965669378346,34.7038553227482],[-87.4495798213643,34.7249964401449],[-87.5117776274327,34.7960491305655],[-87.5313142304526,34.842895817406],[-87.5199317682173,34.8825071722906],[-87.5045402236837,34.8956449581214],[-87.4675899899853,34.9103471442967],[-87.4416581537954,34.9324763975185],[-87.3882417308705,34.9466866109243],[-87.352589843032,34.9851877904769],[-87.3724729639862,35.0353692156762],[-87.4147086952718,35.0281607630233],[-87.4414827020406,35.013300079032],[-87.4596244594778,35.0060896803753],[-87.4684321605642,34.9838652977991],[-87.5135233765249,34.9766523053187],[-87.5223310776114,34.9617822647594],[-87.5584391407309,34.954567327549],[-87.5672468418174,34.9396932789108],[-87.6115836130766,34.930833003218],[-87.6211457588645,34.8586494283935],[-87.6392875163017,34.851425423045],[-87.6480952173881,34.8144099984439],[-87.6572538219841,34.7998059142532],[-87.6703293974258,34.777673365678],[-87.7253468221046,34.7874165251921],[-87.7560685032372,34.7996582397543],[-87.7909045384397,34.8143919918442],[-87.8594493282661,34.8155407615073],[-87.8908157958551,34.8071821104375],[-87.9086066497828,34.7996582397543],[-87.9536978657435,34.7850515418102],[-87.9785550572405,34.7637996710098],[-88.0149745483028,34.7483865254142],[-88.0440425917958,34.7406356211623],[-88.0657197121528,34.7220942959287],[-88.1064114640438,34.7112400945827],[-88.1526782099955,34.6916462866338],[-88.196067540701,34.7038553227482],[-88.2377813022976,34.7149845135113],[-88.2756965233422,34.7474152242819],[-88.3104272867732,34.7621150680015],[-88.3218316804777,34.7332426607567],[-88.3399734379149,34.7260076603365],[-88.3487811390013,34.7110922616099],[-88.390135223243,34.7028041650401],[-88.4026800560485,34.6815491664234],[-88.4387881191681,34.674309643849],[-88.4475958202545,34.659384925027],[-88.5016701890564,34.6521434653267],[-88.5251720123342,34.6031216074729],[-88.6633669401979,34.5930046746889],[-88.6811577941256,34.5854613058647],[-88.7260735583315,34.5764455576012],[-88.71657720785,34.5223431875478],[-88.6493219918348,34.5088351418124],[-88.619442481281,34.4725016441717],[-88.5645522589448,34.3608734528475],[-88.5733599600312,34.3336290636733],[-88.5825185646272,34.3263592585056],[-88.5999102647347,34.2527564459025],[-88.6585683223082,34.2517666631366],[-88.7531984686099,34.2594163291175],[-88.7929559384695,34.2816870331515],[-88.9057366151554,34.2737965419608],[-88.896928914069,34.2519914504205],[-88.8430475420176,34.1932763236036],[-88.8416834017497,34.1378549677241],[-88.8976000193666,34.0805008552393],[-88.9147197679966,34.0512722683253],[-88.9328615254338,34.0290897509104],[-88.9497531864233,34.0002361704517],[-88.9640349962723,33.9879096929475],[-89.0047267481633,33.9769600122514],[-89.0984708609475,33.9098890697442],[-89.1494528853851,33.9189728660209],[-89.2201469645973,33.9962469444392],[-89.2100584626467,34.0338662240557],[-89.1843898049873,34.0663056837815],[-89.1582342676303,34.0871198537038],[-89.1295215150187,34.127175177976],[-89.0676088180517,34.176398448939],[-89.0764165191381,34.2001476973868],[-89.0855751237341,34.2148572298025],[-89.1026466229519,34.2439440703233],[-89.1748583645141,34.2451623759129],[-89.1981364857266,34.2078002392684],[-89.2363148853017,34.142694285255],[-89.264189853808,34.1186783075837],[-89.3029121554398,34.1077037365582],[-89.360315730092,34.119290183433],[-89.380584846344,34.1538675846355],[-89.4308738340146,34.1971728315548],[-89.4898170015879,34.1852868315604],[-89.5243152918031,34.1659412893568],[-89.5615067725627,34.1554084257013],[-89.5976148356822,34.1481232121697],[-89.6243888424511,34.095917742721],[-89.6425305998882,34.0737469099932],[-89.677055207148,34.0301221319461],[-89.7503284339825,34.0216446044514],[-89.759136135069,34.0066032712691],[-89.8004902193106,33.9982452171163],[-89.8130350521161,33.9768108790451],[-89.9030420322829,33.9695102952839],[-89.9118497333693,33.9544597310505],[-89.9298160390517,33.9255262122333],[-89.9154201853824,33.8875203485634],[-89.8034246578143,33.8948698342578],[-89.7193260293236,33.9308216616108],[-89.6703573198806,33.9098890697442],[-89.6261565230126,33.9186197978449],[-89.6130063802158,33.9633714272818],[-89.588631682841,33.984409076495],[-89.5794730782451,33.9917083808769],[-89.547580253595,34.0192251545701],[-89.5167664601115,34.0365342441655],[-89.4986247026743,34.0438290686026],[-89.4658984803925,34.0577972502345],[-89.4267594799448,34.0365342441655],[-89.401893516399,34.0150841185774],[-89.3640528618112,33.9945195549473],[-89.3743343614106,33.9303430829219],[-89.4183114562132,33.8952757938848],[-89.4527571096444,33.8655154399021],[-89.4893827577762,33.8455722917657],[-89.4914618662804,33.7609470474254],[-89.4791188040709,33.7083595229271],[-89.2287616671365,33.7156933971343],[-89.2113392635108,33.7307751278777],[-89.0584502134558,33.7380961447854],[-89.0226930538457,33.7606534948205],[-88.9436474497265,33.7686829895302],[-88.9285278557721,33.8202295828545],[-88.7175553537185,33.8126076292387],[-88.7073177170577,33.6560336904136],[-88.599923423257,33.6633866330772],[-88.5654295204136,33.6932629063344],[-88.5284441958252,33.6859380660244],[-88.4810852592865,33.6560336904136],[-88.4206463617309,33.663361078274],[-88.3948987502428,33.6856606804534],[-88.3667474446837,33.6932629063344],[-88.3149583405572,33.7380961447854],[-88.2501419095029,33.7280063292565],[-88.2593049014708,33.4660199841769],[-88.3128485276366,33.451523196691],[-88.3034135850895,33.2770813201437],[-88.2769159162718,33.2663324793783],[-88.2681082151853,33.2511586293678],[-88.1781012350186,33.243796326742],[-88.1356681196105,33.199025909096],[-88.0884451583614,33.189392559911],[-88.0972528594479,32.9953646818642],[-88.115394616885,32.9879809042476],[-88.1242023179715,32.9501472953135],[-88.1604902202176,32.9353715610091],[-88.1781012350186,32.9199895132894],[-88.2142092981382,32.9125994356635],[-88.2230169992246,32.86718866029],[-88.2499664577482,32.8562072439196],[-88.2411587566617,32.7992556291757],[-88.196067540701,32.791855487025],[-88.1615429334412,32.761643838268],[-88.0708341435604,32.7698062725541],[-88.0696059785821,32.8203889149901],[-88.0792865537655,32.8371537216129],[-88.0972528594479,32.8516565854604],[-88.0884451583614,32.8899724637663],[-88.0792865537655,32.8973644299471],[-88.0662109783238,32.9199895132894],[-87.9714887196711,32.9125994356635],[-87.9626810185847,32.8973644299471],[-87.9357315600611,32.8863867513918],[-87.9445392611476,32.8219057474181],[-87.9626810185847,32.8145074909062],[-87.9714887196711,32.7917043070412],[-87.9896304771083,32.7843035364946],[-87.9984381781947,32.7690464935509],[-88.0523370952419,32.7579976108916],[-88.0433978053394,32.7308666148209],[-88.0253876367183,32.7163071388784],[-88.0123208333253,32.6936485987615],[-87.8004403653864,32.6860569412455],[-87.7830179617608,32.6707959976093],[-87.7155565895745,32.6670906667466]]],[[[-88.847433847565,34.478229287993],[-88.8250812363353,34.5196453673178],[-88.8163261720329,34.5112712691409],[-88.8036146595213,34.5044181230827],[-88.7803935606681,34.5266237415576],[-88.7538958909521,34.5363639380923],[-88.7444609493033,34.5743147155426],[-88.7906399693776,34.5852608856198],[-88.8066763003676,34.5556729336687],[-88.8163261720329,34.5488234409568],[-88.8320773930231,34.5337641340523],[-88.8702250890801,34.5266237415576],[-88.8785415230972,34.4859486910872],[-88.847433847565,34.478229287993]]],[[[-85.3440042394989,33.9731606651442],[-85.3440042394989,34.0029543369152],[-85.3260379338165,34.0029543369152],[-85.3260379338165,34.0252927348673],[-85.3709536980225,34.0252927348673],[-85.3709536980225,33.9731606651442],[-85.3440042394989,33.9731606651442]]],[[[-89.9343953413497,33.8389599735364],[-89.9297195402272,33.850038504522],[-89.9303555546349,33.8633355801856],[-89.9926147686379,33.8481915752718],[-89.9343953413497,33.8389599735364]]],[[[-89.6559176032726,33.6223039656422],[-89.6517593862641,33.6263216238023],[-89.6300208579726,33.6344002013615],[-89.5883641187354,33.6792203428995],[-89.5709110106933,33.748465603185],[-89.645272040743,33.8017174257843],[-89.6860602914586,33.8125638960682],[-89.7341824447475,33.7812416965239],[-89.7229578901695,33.7384481357716],[-89.7092682317895,33.6760173318648],[-89.696008431646,33.6562363245489],[-89.6797615580112,33.6259253450747],[-89.6559176032726,33.6223039656422]]],[[[-84.5355204837913,33.5250049174514],[-84.5212211289465,33.5430393185298],[-84.5138872272714,33.5656350495965],[-84.5576143029642,33.5729829175546],[-84.5661368931525,33.5290271069039],[-84.5355204837913,33.5250049174514]]],[[[-85.0924759599454,33.5250049174514],[-85.0960727299014,33.5420211562826],[-85.1041523042293,33.529169708596],[-85.0924759599454,33.5250049174514]]],[[[-83.8168682564957,33.3000506516639],[-83.8096308527468,33.3165245672119],[-83.839707747423,33.3486129999941],[-83.8327028177881,33.4214167388526],[-83.8030601678219,33.4610489367716],[-83.7891424218013,33.4996023011051],[-83.8348652665945,33.513493109169],[-83.8659422377102,33.4685429055512],[-83.9138319168851,33.4175176915102],[-83.910643072798,33.3843998575496],[-83.8928916962338,33.3716275914221],[-83.8811232395991,33.3495986265452],[-83.9025415678991,33.3416143611107],[-83.9127879766086,33.3316778929946],[-83.9101123301618,33.3038321558534],[-83.8168682564957,33.3000506516639]]],[[[-84.337891121285,33.2925421476149],[-84.3337329042765,33.3190976477546],[-84.31509987977,33.3260467851947],[-84.3033226510865,33.3587197268052],[-84.2694340573361,33.3713491957462],[-84.2888171400705,33.3785725374777],[-84.2993311128857,33.3982468740329],[-84.3728192688385,33.3933177213221],[-84.3959482553408,33.3594506190745],[-84.3689987968172,33.3190976477546],[-84.3606823628001,33.2960178438967],[-84.337891121285,33.2925421476149]]],[[[-91.1381378220698,33.1347143983812],[-91.1337339715266,33.138550802877],[-91.1066090612483,33.1534430569314],[-91.060886216455,33.2050652517908],[-90.9359291572655,33.2135886244016],[-90.8957725335859,33.2250869791531],[-90.8404919303766,33.2400929314209],[-90.8089105336693,33.2675794272677],[-90.8103580142394,33.3268512518766],[-90.8301753407855,33.3427576323163],[-90.9315253067223,33.3410298940557],[-90.9542551394046,33.3414164855658],[-90.9535840350052,33.3689406714303],[-90.9269460044244,33.4237725570535],[-90.9089314493297,33.4618759400195],[-90.8910133930596,33.4762392841294],[-90.8398515303937,33.520642459132],[-90.8096518198485,33.5288132039248],[-90.7763904675586,33.5576651687331],[-90.7654247050376,33.6004957733369],[-90.8836136960781,33.6110078649347],[-90.9611240937498,33.5777465452276],[-91.0581140720821,33.5229571855993],[-91.1092452303316,33.4976472408137],[-91.142541672613,33.4687459808399],[-91.1879881794552,33.4438850155342],[-91.2144068953426,33.4026960551379],[-91.1637143673784,33.3081175404211],[-91.2061387098394,33.2206635848649],[-91.2051605639709,33.1804354768651],[-91.1381378220698,33.1347143983812]]],[[[-83.736019880925,33.1948728154204],[-83.7400903720561,33.2426444207319],[-83.7764133642939,33.2504781832735],[-83.7845236430382,33.1983964422744],[-83.736019880925,33.1948728154204]]],[[[-85.0026444315335,33.0745147223683],[-84.9985695539288,33.0786257347207],[-84.9565575238101,33.0889566302304],[-84.9446706368816,33.1496568811308],[-84.9868537331798,33.171438927002],[-85.0299272494691,33.1677636775696],[-85.0696013790266,33.1124327601489],[-85.0469241813318,33.0792615740486],[-85.0026444315335,33.0745147223683]]],[[[-88.9192990702946,32.9539917464503],[-88.9049997154498,32.9721443533164],[-88.8976658137747,33.0403438066057],[-88.9510778511244,33.0474750245134],[-88.9752200743851,32.9933743967793],[-88.9436869261917,32.959243781499],[-88.9192990702946,32.9539917464503]]],[[[-92.3778129141548,32.8333041958077],[-92.3736546971462,32.8373582632272],[-92.3640048254809,32.8443455660132],[-92.3516793082672,32.8563619989419],[-92.3292038811684,32.8986626559419],[-92.3379370148997,32.9898664563993],[-92.3594649996481,33.0054202671231],[-92.4088723402747,33.0020912172719],[-92.4538363538929,32.9725546525145],[-92.4814525312406,32.9655774596499],[-92.4897689652577,32.8870442349129],[-92.4586744482478,32.8402346958104],[-92.3778129141548,32.8333041958077]]],[[[-93.5096901721454,32.5384407506899],[-93.4966145967037,32.5759950465748],[-93.4424788190689,32.589379991174],[-93.4157815733411,32.6258379568947],[-93.3790199499198,32.6629605283477],[-93.3708658091351,32.678782150936],[-93.3561453690009,32.7004146520607],[-93.3439163506116,32.7241379265828],[-93.3341041857138,32.7309976036166],[-93.3219168374755,32.7433374212869],[-93.3079859320344,32.7864368062259],[-93.3288077223919,32.8009756038215],[-93.3714755055999,32.797319926239],[-93.443178435097,32.7528719835119],[-93.4860655329985,32.6696698296035],[-93.5032159860449,32.6045328920124],[-93.5325625602766,32.5652919359618],[-93.5407167010613,32.5431016941214],[-93.5096901721454,32.5384407506899]]],[[[-92.7910379448497,32.4171898708248],[-92.7870420210737,32.4214016784306],[-92.7501181044198,32.4433073124803],[-92.7354634595919,32.4587476406835],[-92.7052023402139,32.4660477019006],[-92.6882273398205,32.5023967075907],[-92.7072989946123,32.5442294546441],[-92.7705451274308,32.5594713182039],[-92.8133686237119,32.5806854562491],[-92.8219833271494,32.671290767849],[-92.8326683661441,32.7108838599955],[-92.8773735877054,32.7267320461571],[-92.9078189317853,32.7417878895646],[-92.9350798182516,32.7283076695565],[-92.9567306197673,32.6743331798116],[-92.9327989391513,32.6400612937247],[-92.88043522945,32.6047416630843],[-92.8653989748995,32.574679173836],[-92.8724214495302,32.5270804208559],[-92.8646357581493,32.4742648824364],[-92.8287338512009,32.4227272002021],[-92.7910379448497,32.4171898708248]]],[[[-83.0802497235177,32.3109614919066],[-83.0758458729745,32.3679610233098],[-83.0580243155288,32.4119373326051],[-83.0465716733103,32.4614456794291],[-83.0129638030861,32.4886843043866],[-83.0281667364443,32.5158758504121],[-83.0649897678002,32.5632236170416],[-83.0800698852894,32.5764496826046],[-83.1290824585694,32.6161217172621],[-83.1385524911081,32.6406947443746],[-83.1477110957041,32.6481074400948],[-83.164966820522,32.6780492860796],[-83.1840560203095,32.6863264346723],[-83.2361346200111,32.6406947443746],[-83.2555089297984,32.6481074400948],[-83.2685845052401,32.6707959976093],[-83.2734752354808,32.6633851829919],[-83.2822829365672,32.6481074400948],[-83.3092323950908,32.637098977967],[-83.2824408433262,32.6329766887345],[-83.2244231857356,32.6339721872438],[-83.1746605542277,32.623756258104],[-83.1834682553141,32.5951450844117],[-83.2099308341402,32.5622495130993],[-83.2116064023508,32.4929908124474],[-83.2096983591278,32.414212791137],[-83.2368802926638,32.3803601164838],[-83.23845936205,32.3149298854745],[-83.0802497235177,32.3109614919066]]],[[[-93.4288417965746,32.3109614919066],[-93.4233325969221,32.3163663233023],[-93.3880842493772,32.3296583144886],[-93.3507611798016,32.3520160380109],[-93.2267208576477,32.3435950182714],[-93.1947622385897,32.3457647335962],[-93.1601630639747,32.3796840821002],[-93.1356567777839,32.4260520266952],[-93.1058781525281,32.4372677824798],[-93.068090133826,32.4816709890282],[-92.9826229785938,32.4890246889893],[-93.0024753960299,32.4964980220243],[-93.010791830047,32.5122121943828],[-93.0204417017123,32.526799352628],[-93.0346928071449,32.5666929683538],[-93.0563743130771,32.6100753193659],[-93.0646907470942,32.640899737416],[-93.0826088033643,32.6679380880934],[-93.1352181466003,32.6165151903895],[-93.1786513402445,32.5849930986845],[-93.1994380397121,32.5646616487488],[-93.2357829643176,32.5509920221226],[-93.2802864152828,32.5803638991139],[-93.3032267915081,32.5873713601861],[-93.3557900781195,32.5711047836742],[-93.3769759323054,32.5503782725672],[-93.3880842493772,32.48892109368],[-93.4166654131727,32.4549114020526],[-93.4855347903624,32.4185061977043],[-93.5048652363127,32.3726030103949],[-93.4865918891612,32.3449383574408],[-93.4288417965746,32.3109614919066]]],[[[-84.2929753570791,32.3261446148045],[-84.2888171400705,32.3302216802215],[-84.2558935336663,32.3426352126652],[-84.219408248196,32.3644877124102],[-84.2079687644998,32.459169561741],[-84.1878356235374,32.4667508448134],[-84.1399634902567,32.56006467223],[-84.1630530002938,32.5949399858233],[-84.1713694343109,32.6106369333018],[-84.1900024588174,32.6176420271154],[-84.2357428477081,32.6623456995292],[-84.2853870489222,32.6705910723527],[-84.330912509593,32.6260965497169],[-84.3425537638852,32.5935246128666],[-84.3738588226415,32.5707979778234],[-84.3675293847777,32.5043554514694],[-84.3702927571019,32.4753343006103],[-84.4077781208083,32.4307243478539],[-84.4228977138644,32.392850103252],[-84.3635290745281,32.3322249344244],[-84.2929753570791,32.3261446148045]]],[[[-92.4856107482491,32.500567398019],[-92.4718026595753,32.526799352628],[-92.458858673848,32.6455110345896],[-92.5024804777692,32.6554659725285],[-92.5257015766224,32.632773524181],[-92.5494314875408,32.6155545959731],[-92.5966018120058,32.6187466834449],[-92.6663396768189,32.6868986445949],[-92.6802267193213,32.7383382393781],[-92.7467450356309,32.7461781593292],[-92.7592635504935,32.7253501242792],[-92.7233309391287,32.6711523064736],[-92.7095886457613,32.6202226162752],[-92.65780392721,32.5826387969177],[-92.6072166710173,32.5040743121699],[-92.4856107482491,32.500567398019]]],[[[-86.8082581526137,32.2805876116633],[-86.8042622288377,32.2848057844951],[-86.7673383121838,32.2915581614549],[-86.7593464646317,32.3379509208392],[-86.7493720065014,32.3598768022244],[-86.7413801589493,32.3910648666656],[-86.7314057008191,32.4205611842567],[-86.7234138532669,32.5175476556767],[-86.744362845967,32.563489784419],[-86.7795015361651,32.5872013547032],[-86.844835550435,32.6103949227938],[-86.9074544426911,32.61750348266],[-86.9606208465062,32.5911760792007],[-86.9816180886184,32.5491840375233],[-86.9716348584394,32.4815118834248],[-86.9170911549358,32.4239619913029],[-86.8959184601705,32.4096507070182],[-86.8851106044084,32.3674645795148],[-86.866152993437,32.3607178613215],[-86.8570250923591,32.3424184216859],[-86.8392035349134,32.3303606674893],[-86.8312116873613,32.2915581614549],[-86.8082581526137,32.2805876116633]]],[[[-84.6702677764093,32.1589903922422],[-84.6603547271118,32.168046762608],[-84.5945776951849,32.1813085055177],[-84.5850988905975,32.2283309060481],[-84.6120483491211,32.2614541121375],[-84.6206893696032,32.2845295237479],[-84.6389978076446,32.2918344007887],[-84.6489108569421,32.4923045225973],[-84.6470642225519,32.5315884845285],[-84.6206893696032,32.542082999909],[-84.6120483491211,32.5636062317831],[-84.6632102117869,32.5723689581494],[-84.6748163751892,32.5414784343414],[-84.7196751170358,32.5429778246606],[-84.766472606522,32.5414137245875],[-84.7854696930603,32.5241310117624],[-84.8162615550745,32.4690970828184],[-84.8273018849506,32.4227660772959],[-84.7913692735859,32.3832031110323],[-84.7827282531038,32.3677405873263],[-84.7606607518738,32.3406507183899],[-84.7233596128692,32.3114452707707],[-84.7108630303742,32.2980449378245],[-84.7612879933344,32.2585405264369],[-84.7734029679035,32.1901807659499],[-84.7254299493247,32.1639605538313],[-84.6702677764093,32.1589903922422]]],[[[-83.9605987019549,32.2653968555994],[-83.9561948514116,32.2692708144222],[-83.9289778287824,32.2804355685954],[-83.898111399413,32.293877436573],[-83.8467828570411,32.3390275140917],[-83.8178858788294,32.3893388582423],[-83.8596215718953,32.4707549555287],[-83.9611118995952,32.4891264345775],[-84.0294417603033,32.4425910303973],[-84.0914114787312,32.3720102719235],[-84.090705283442,32.3427667696942],[-84.004312618227,32.2726124112066],[-83.9605987019549,32.2653968555994]]],[[[-92.9257852374677,32.364091283352],[-92.9218726530955,32.3683741063973],[-92.9032264700667,32.3805286613317],[-92.8949231945719,32.4161031002957],[-92.9324304897476,32.4280753714968],[-92.9656304332047,32.369807844009],[-92.9257852374677,32.364091283352]]],[[[-89.4223556294015,32.2805876116633],[-89.4113503895171,32.2940646816056],[-89.3847781533442,32.3095713080737],[-89.363522119175,32.3355883003182],[-89.349349967571,32.3822344653105],[-89.373772914358,32.3899500024562],[-89.3990731217155,32.4065085858956],[-89.4436555265094,32.4161678994422],[-89.4858123048648,32.4081879769552],[-89.5236880494442,32.394757525947],[-89.5411455439598,32.3734069054983],[-89.5309693161319,32.3350657363531],[-89.5051866146521,32.3016042179494],[-89.4688811674101,32.2840863917594],[-89.4223556294015,32.2805876116633]]],[[[-93.0515493772444,32.3185533715242],[-93.0377412885706,32.3372486267331],[-93.0294248545535,32.3661456563327],[-93.1068255939801,32.3751906383511],[-93.1275728169825,32.3329291203176],[-93.0515493772444,32.3185533715242]]],[[[-93.9408815085227,32.1589903922422],[-93.9179257809876,32.1851823373673],[-93.9099383190107,32.2088301095621],[-93.8927352309768,32.2204847041887],[-93.9013258092591,32.2788910162206],[-93.9368877775343,32.2915581614549],[-93.9448752395112,32.3607178613215],[-93.9667738673492,32.3674645795148],[-93.9987741565584,32.2915581614549],[-94.0087530002638,32.2848057844951],[-94.0167404622407,32.2574796689242],[-93.9928131680983,32.2230488481122],[-93.9718246980348,32.2088301095621],[-93.9638372360579,32.1699756270904],[-93.9408815085227,32.1589903922422]]],[[[-94.1654603295526,31.3723334977821],[-94.2062902504192,31.4220768861005],[-94.2392928097538,31.4372892921416],[-94.2505480687482,31.3768873527703],[-94.1654603295526,31.3723334977821]]],[[[-94.4888538318357,31.2802504122592],[-94.4811273556016,31.3005942995493],[-94.4220811090444,31.353091399379],[-94.3929056009923,31.3611763697982],[-94.350656710286,31.3987173250044],[-94.3140595737831,31.4191965624684],[-94.3495250432338,31.4638344442005],[-94.3399760577648,31.559979771968],[-94.268676667663,31.5524782300509],[-94.2541251009207,31.5142547378388],[-94.2156243076683,31.5135835184666],[-94.2037330342662,31.6275038402076],[-94.1790249783777,31.6595879682881],[-94.1608788335687,31.6823709802683],[-94.138120490156,31.7119062824953],[-94.0891934499658,31.6976585577203],[-94.0587415266247,31.6892499549514],[-94.017345772232,31.6372736432775],[-94.0165957140041,31.6059719188457],[-94.0183655882516,31.5321178684202],[-93.9906726507612,31.4834522155759],[-93.9364798516655,31.4744294491769],[-93.94528316538,31.4297591887278],[-93.9977060911266,31.4306724142906],[-94.0349063448332,31.4001699798974],[-94.0358472070241,31.3607980754153],[-93.94528316538,31.3532337399177],[-93.9322097836242,31.3302167394417],[-93.8464684841269,31.337736095934],[-93.8376651704123,31.3532337399177],[-93.8020988147653,31.3679685554282],[-93.7925695670797,31.383760784605],[-93.7837662533651,31.3992508415717],[-93.7656201085561,31.4067646769829],[-93.7478336420003,31.4145848657246],[-93.7224851843323,31.425078767149],[-93.7114382751951,31.4541269156637],[-93.6937548858266,31.4834035881726],[-93.684951572112,31.5065363602819],[-93.6712070850586,31.5292801862302],[-93.6580021135884,31.5524782300509],[-93.4422266062731,31.559979771968],[-93.4291532245173,31.5829403824942],[-93.3883276892259,31.5754406874882],[-93.3795243755113,31.559979771968],[-93.3164646601823,31.5524782300509],[-93.3076569590959,31.537013508293],[-93.2625657431351,31.5295101202153],[-93.2537580420487,31.5140415937683],[-93.2356162846115,31.5065363602819],[-93.2268085835251,31.4834035881726],[-93.2176499789291,31.4758958953134],[-93.1917532336291,31.4529089607879],[-93.1226601552725,31.4623509731063],[-93.1078125127957,31.5142846524079],[-93.0499966249028,31.565574699283],[-92.9303645397657,31.5879454481103],[-92.9402863620102,31.6083459230106],[-92.9660953814328,31.6510041590591],[-92.966301537604,31.6595114303856],[-92.964893533499,31.7181245154861],[-92.9751048522169,31.7360194300445],[-93.0229901449182,31.7845233157162],[-93.057505979231,31.8568244349586],[-93.0020543107404,31.9114198838593],[-92.984895084747,31.9414366525554],[-92.9212936610471,31.9425384083502],[-92.8674824698773,31.9416060112289],[-92.8767331877225,31.9661206391413],[-92.8944319284009,31.9952620877182],[-92.9111086602721,32.0244091543196],[-92.9571385465345,32.0715682146699],[-92.9751048522169,32.0861948701488],[-92.9662971511304,32.1172299663224],[-92.9214427957573,32.1831702673787],[-92.9194294816611,32.2666004155058],[-92.9448963687246,32.2994371527471],[-92.9921368749695,32.3002528203561],[-93.0189415852564,32.2784830872372],[-93.0291836074923,32.2616692433788],[-93.0281089627994,32.2170298603423],[-93.0423863861749,32.2044562364189],[-93.0728492743523,32.1796880178854],[-93.1089573383702,32.1330602106621],[-93.1497850664492,32.10962125941],[-93.2111933378245,32.1207628956073],[-93.2619472737233,32.1841596022882],[-93.2717243477311,32.2083327945156],[-93.2816066935104,32.2767141367936],[-93.328948084155,32.2666560494756],[-93.3698459931156,32.2306555078005],[-93.4470603150528,32.2319875355691],[-93.5132364999015,32.2183416773734],[-93.5240509349247,32.1153872908124],[-93.5637689274209,32.0830619782787],[-93.576973898891,32.0714158222337],[-93.6130863493824,32.0639557042567],[-93.6389787082089,32.0411143715555],[-93.6899585389605,32.0513981378048],[-93.7029178777944,32.0942495889362],[-93.7155833336813,32.1382564940014],[-93.7470331406742,32.1931299517163],[-93.8464684841269,32.1840575140372],[-93.8323687070904,32.1498774163544],[-93.8017325590475,32.1322931865697],[-93.7657692432663,32.1123241319032],[-93.7568167948415,31.9495394629182],[-93.7407234414922,31.8962439693011],[-93.7656201085561,31.8137315985796],[-93.7555995946996,31.6903062038945],[-93.7386750365061,31.6900113513154],[-93.7028279582311,31.7106860939816],[-93.6669852664296,31.6900150837775],[-93.6310526550648,31.6800921833224],[-93.6398559687794,31.6364931430381],[-93.6580021135884,31.6289977604024],[-93.6682375565632,31.5754406874882],[-93.684951572112,31.5829403824942],[-93.697492018444,31.6049595402448],[-93.7462150952507,31.6150753614895],[-93.7746032613973,31.651941359952],[-93.8646146289359,31.6594348931846],[-93.8734179426505,31.6748792971833],[-93.8913974077534,31.6895802673652],[-93.9003674011741,31.7130966034541],[-93.9095303931419,31.7282261561448],[-93.9183337068564,31.7818480690112],[-93.9364798516655,31.8046010414072],[-93.9457590793428,31.9414440964218],[-93.9722326239036,32.0106503942634],[-93.985977110957,32.033270642858],[-93.9991820824272,32.0563425602121],[-94.1430923670129,32.0638032991347],[-94.1518956807275,32.0791800913701],[-94.1610586726953,32.086638967216],[-94.1784920420556,32.1170776500352],[-94.2292854553178,32.106691663609],[-94.2628055987663,32.0598573983951],[-94.233031359984,32.0226241095133],[-94.2325751838046,32.0036409819958],[-94.2641543877244,31.9484266249726],[-94.331738576678,31.9344461484436],[-94.3571133513906,31.912030517074],[-94.3854576545986,31.9037940717584],[-94.4573228773282,31.893862440451],[-94.4480633874342,31.8802405475953],[-94.4166289317512,31.8545927774048],[-94.3946206465664,31.8351333371354],[-94.3764745017574,31.8276540072956],[-94.3590937682828,31.8122835174756],[-94.2868228124721,31.8037101154678],[-94.2970933454385,31.7512981642165],[-94.3407217295192,31.7587836747827],[-94.3581550988795,31.7893311082689],[-94.42157010509,31.7818480690112],[-94.4630864825641,31.7451082674191],[-94.5979807162063,31.7349058784781],[-94.6142582942575,31.663965442497],[-94.6363257954874,31.6444136153929],[-94.6611807932985,31.6341478660164],[-94.6809630289547,31.5994230161426],[-94.7081756660088,31.5652252597028],[-94.7093994454119,31.5141182504857],[-94.6729185455168,31.5065363602819],[-94.6641152318023,31.4834035881726],[-94.6549522398344,31.4758958953134],[-94.6460370750872,31.4446990426743],[-94.6280027813109,31.4299163838629],[-94.6191314795023,31.3834050480389],[-94.5918903317178,31.3610583867334],[-94.5742837033903,31.3454084419807],[-94.5651207114225,31.3378896986031],[-94.5428865313848,31.3089217505839],[-94.5202049472165,31.2995186481237],[-94.4888538318357,31.2802504122592]]],[[[-83.4036432258007,31.7703165902671],[-83.3550473513366,31.8343731338059],[-83.4075645822217,31.8919296135233],[-83.4088717010287,31.9105635008197],[-83.3977699632181,31.9368247660505],[-83.4263555134872,31.995124447275],[-83.4364440154377,32.0409675054217],[-83.4527961608439,32.0564801079374],[-83.4802544305343,32.0636657616587],[-83.4895753292611,32.1812843749742],[-83.5299117902708,32.2117824021955],[-83.5644495569512,32.2444812999477],[-83.6201556319234,32.2613854928183],[-83.6806998012506,32.250466938733],[-83.7160753520363,32.2237334735985],[-83.7499858763578,32.1612053689679],[-83.7841639656833,32.1353501032078],[-83.8027750578221,32.076491104668],[-83.8042795607515,32.0550674450996],[-83.791677706485,31.9864862115137],[-83.7453100752353,31.942463965972],[-83.6986266295695,31.9401022438175],[-83.6389158587724,31.9853626597215],[-83.5816087829446,32.0397498082614],[-83.5161870418991,32.0628126577489],[-83.5248105173854,32.0094360135788],[-83.5451980639312,31.9939898422583],[-83.5418118366199,31.9458045167126],[-83.5470929477336,31.8705913415458],[-83.5282011320685,31.8186198680758],[-83.4817984099289,31.7744818854667],[-83.4036432258007,31.7703165902671]]],[[[-87.3023315588795,32.1513851680921],[-87.297155718639,32.1630452619257],[-87.3186003648819,32.1709186948964],[-87.3467297389716,32.1995773656896],[-87.3416372390332,32.1573156638151],[-87.3023315588795,32.1513851680921]]],[[[-91.9645878834598,32.4778357268963],[-91.978317018305,32.4742593319564],[-91.9980246875044,32.4556479431914],[-92.0265532154142,32.4363589494411],[-92.0806188121674,32.452731354171],[-92.1215386525973,32.4969919064888],[-92.1322807139513,32.5050841894968],[-92.1484881111209,32.5348667655852],[-92.1579800751289,32.5495870470961],[-92.1664544168033,32.5711029350025],[-92.1202797832025,32.6267965934469],[-92.0822856083293,32.647970788376],[-92.029395541567,32.6319904139593],[-92.0065867550561,32.6104872931205],[-91.9737421024805,32.6019426127761],[-91.9513675597814,32.5723005748861],[-91.9193036698501,32.5651551585921],[-91.9064517955754,32.6306107196287],[-91.9387350010985,32.6695258265512],[-91.9603507126226,32.6857819088483],[-91.9765712692128,32.701060593111],[-92.0110958764726,32.7084608999324],[-92.0584460400642,32.6806244397627],[-92.069920613752,32.7630417959047],[-92.1038267524983,32.7613432193558],[-92.2442104471113,32.7683789144278],[-92.2562859452152,32.7462464097011],[-92.266870098912,32.738293964739],[-92.3275809479451,32.7413377817263],[-92.337134320786,32.7215861689294],[-92.3191680151036,32.6937667230256],[-92.3106936734292,32.6782209647471],[-92.3012017094212,32.6635218103946],[-92.2747215855993,32.6149357464716],[-92.2219631076531,32.5866673130592],[-92.2118789921761,32.5466753522426],[-92.2661156551088,32.4683754549129],[-92.3276467423532,32.4523427147103],[-92.3983408215654,32.4430463423008],[-92.4187853904704,32.3803878985482],[-92.4364578132059,32.352922015504],[-92.4449321548803,32.3356679822608],[-92.4047009647439,32.2869898869805],[-92.3825588961588,32.246191522279],[-92.369027145436,32.2251286837948],[-92.2880120901592,32.1638732952851],[-92.2747610620644,32.0981196886292],[-92.3151282283888,32.0427819368217],[-92.3759399618217,32.0336369091637],[-92.4245533812816,32.079750585132],[-92.4489763280686,32.1248268944313],[-92.4646485961285,32.1677998501685],[-92.4903567302531,32.1777872032764],[-92.5200564025786,32.1953440974664],[-92.5444925078879,32.2403929582829],[-92.586934396243,32.272462208814],[-92.5976457531806,32.292192213876],[-92.6430703285534,32.3373171886409],[-92.6579399024996,32.3646877788225],[-92.6938154924034,32.3752591715001],[-92.7345642666538,32.3512156583167],[-92.750359351481,32.322135939196],[-92.759851315489,32.3073784822398],[-92.7683256571634,32.2917658044461],[-92.8137502325362,32.2390202429416],[-92.8222245742105,32.1909899917551],[-92.7927968533626,32.1687355151033],[-92.7285111658428,32.093723777769],[-92.7054260422792,32.0629687819052],[-92.6502243920002,32.0485205841081],[-92.6340871757122,32.0332092880043],[-92.6146426850433,32.0260212428518],[-92.5969439443649,32.0587143006741],[-92.5392377147171,32.0557979433746],[-92.5262893416179,32.013659311368],[-92.5532388001415,32.0031704449002],[-92.5617131418159,31.9875055801272],[-92.5793504745597,31.9741394134726],[-92.5887941891555,31.8717218839762],[-92.6071377171886,31.8430554733089],[-92.6222529246695,31.8150678381503],[-92.6610366342358,31.8048918014996],[-92.6929426174081,31.7901569264959],[-92.7857568337361,31.8330166771648],[-92.7952751156869,31.7155779444707],[-92.7323930457986,31.7055924741677],[-92.7239187041242,31.6898769871655],[-92.6874772815926,31.6826621243613],[-92.6774677334707,31.6370159667319],[-92.5876098871159,31.6290425778288],[-92.5712051058239,31.6134075218333],[-92.5617131418159,31.6061867212536],[-92.5532388001415,31.5904544183384],[-92.5286096971833,31.5808254324112],[-92.4390545058241,31.492270268772],[-92.4274746603648,31.4602800601512],[-92.4091223602829,31.4314677371136],[-92.3999900727315,31.3235979352329],[-92.3461174736272,31.315007595442],[-92.3132772075251,31.2954089463282],[-92.2165284753556,31.3003356945919],[-92.1849295336525,31.315007595442],[-92.1664544168033,31.3222508862139],[-92.1220474637641,31.3533723343044],[-92.0672712861465,31.3713522927943],[-92.0240661801428,31.3581162611568],[-92.009060630907,31.3860299734656],[-92.0144206958493,31.4627606604678],[-92.0950980052405,31.4756041038882],[-92.1125554997561,31.4836953545113],[-92.1579800751289,31.4985854653759],[-92.1694414902945,31.5095224459696],[-92.1656604956366,31.5635303654391],[-92.1464704105511,31.5936227613238],[-92.1305218054385,31.6057571159424],[-92.1220474637641,31.6138370918426],[-92.0843120809478,31.6425446535374],[-92.0483531516402,31.6519973675279],[-92.0322159353522,31.6673720769231],[-92.0179823758137,31.6781959439258],[-92.0052664768286,31.7132346647396],[-91.9957745128206,31.728088116422],[-91.9869975161505,31.9181868899044],[-91.9167596122194,31.9274774492197],[-91.9064517955754,31.9650731231847],[-91.8879766787262,31.9875055801272],[-91.8795023370518,32.0004959639793],[-91.9064517955754,32.0332092880043],[-91.9149261372498,32.088121750224],[-91.8902049219407,32.1068365667869],[-91.9094827329036,32.1368803806782],[-91.933401254099,32.1549743334485],[-91.951113154198,32.1717559387043],[-91.9740491439497,32.1500259648019],[-91.9957745128206,32.1706105283835],[-92.0120213864553,32.1828974091927],[-91.9957745128206,32.2081954748066],[-91.9873001711462,32.2562166382314],[-92.0052664768286,32.2841716804212],[-92.013740818503,32.3549210617356],[-91.9957745128206,32.3828456575911],[-91.9873001711462,32.4136110684317],[-91.968825054297,32.4359332194266],[-91.9645878834598,32.4778357268963],[-91.946599646308,32.4816210372905],[-91.934050427029,32.4975412802165],[-91.8963106586375,32.5035934147595],[-91.8829017237837,32.5206008397946],[-91.8927051157344,32.553415552338],[-91.9419326172344,32.5641810756216],[-91.9502095756846,32.5187441611809],[-91.9609998855526,32.4975412802165],[-91.9645878834598,32.4778357268963]]],[[[-84.4816215667442,31.9229337364177],[-84.4774633497356,31.9270288582675],[-84.4420088451213,31.9529523298183],[-84.4311220364289,32.0633869710036],[-84.4734060171267,32.1066935217922],[-84.5427666595891,32.1168714643766],[-84.575734128932,32.0432615655853],[-84.5845944650059,32.0117978108552],[-84.5519822865443,31.9461153028583],[-84.5217123951175,31.9346527443733],[-84.5044128082592,31.9264629973883],[-84.4816215667442,31.9229337364177]]],[[[-84.1851775229847,31.9610485419203],[-84.1812649386125,31.9805911337333],[-84.1172248846274,31.9872284174299],[-84.109399715883,32.0099362732947],[-84.1769049519063,32.0196601142105],[-84.1890901073569,32.0567570612053],[-84.259933320381,32.0633888293064],[-84.276763573436,32.0121492859927],[-84.268486615884,31.9646433218522],[-84.1851775229847,31.9610485419203]]],[[[-92.7012064164378,31.884803128142],[-92.6613919251172,31.9389483473051],[-92.681244341655,31.9848083197792],[-92.7450256044815,32.017908448279],[-92.772817233584,31.9905543191014],[-92.7668079957116,31.9270679467814],[-92.7346037431189,31.8885126188906],[-92.7012064164378,31.884803128142]]],[[[-84.7421329991388,31.8313937475964],[-84.7343253762886,31.8988116318665],[-84.7775918893284,31.9457003006131],[-84.8582209502057,31.9402027439014],[-84.8535495346585,31.8908551822306],[-84.8010893261327,31.8524728379672],[-84.7918736991775,31.8349265170924],[-84.7421329991388,31.8313937475964]]],[[[-94.6146179716124,31.8161282432928],[-94.599733045458,31.8352656261039],[-94.6203881561095,31.8579029888383],[-94.6542197275006,31.8623157979187],[-94.6437057537871,31.8224717843509],[-94.6146179716124,31.8161282432928]]],[[[-92.8898526261029,31.8161282432928],[-92.8861856752654,31.8206436820742],[-92.8698730063243,31.830210537622],[-92.8893832914012,31.849773478407],[-92.935992169712,31.8408961435981],[-92.9201181310562,31.8201815258304],[-92.8898526261029,31.8161282432928]]],[[[-95.0008935437838,31.5332618892394],[-95.0039683440506,31.542596728858],[-95.0118461477825,31.5358826175576],[-95.0008935437838,31.5332618892394]]],[[[-91.1111883635462,31.2956038471195],[-91.1148553143838,31.3078199615134],[-91.1434540240735,31.3140894975877],[-91.1507879257486,31.3308424389768],[-91.1594070156596,31.3371104422309],[-91.168754231431,31.307994224435],[-91.1111883635462,31.2956038471195]]],[[[-93.0605325300856,31.1573329935613],[-93.0651732412164,31.1832010091174],[-93.1000312078883,31.1911467105384],[-93.1090362921988,31.1609363615182],[-93.0605325300856,31.1573329935613]]],[[[-91.3986492544645,30.9803596164084],[-91.3948989633248,31.0002472057622],[-91.3687171080249,31.029627297692],[-91.4108387963886,31.0451660796491],[-91.4648736887254,31.036016751821],[-91.4742647683338,31.0112834240528],[-91.4510656000516,30.9970325337483],[-91.4398147275307,30.9835748510983],[-91.3986492544645,30.9803596164084]]],[[[-92.4047623726783,30.8801856723374],[-92.4077801505859,30.9238440714802],[-92.4256762753868,30.9316101685933],[-92.4347296091095,30.9469599001194],[-92.4539021483009,30.9521361164329],[-92.4616790676331,30.9290215396327],[-92.4736098175003,30.9238440714802],[-92.4796453733155,30.9085207364028],[-92.4616790676331,30.9007226547106],[-92.4556435118179,30.8827756224345],[-92.4047623726783,30.8801856723374]]],[[[-92.710189569279,30.8724756390515],[-92.7136152739537,30.9003726298408],[-92.7634612448656,30.9062513795861],[-92.7522849396998,30.8754573274349],[-92.710189569279,30.8724756390515]]],[[[-94.8391967926423,30.8724756390515],[-94.8422715929091,30.8818759240139],[-94.850149396641,30.8751147391648],[-94.8391967926423,30.8724756390515]]],[[[-95.4949669500495,30.8030574364611],[-95.4730770942602,30.8446910354435],[-95.5254846677986,30.8527704488484],[-95.5348932924027,30.807346685365],[-95.4949669500495,30.8030574364611]]],[[[-94.8661462511658,30.5094059312144],[-94.8554612121711,30.5213298435887],[-94.76682056506,30.5286183724158],[-94.7327060773549,30.5666806192035],[-94.6993789315554,30.574670057709],[-94.6785856519283,30.5978623243162],[-94.6859085887671,30.6405054400925],[-94.7185032213345,30.6519811822747],[-94.745645677507,30.6692922203085],[-94.7622610014437,30.7533884302459],[-94.7724021383817,30.7755504575493],[-94.7802273071261,30.822842520735],[-94.8126355222041,30.8295621937744],[-94.8251430713321,30.8116074888462],[-94.8071767656497,30.7996967315451],[-94.7903684440641,30.7795733731475],[-94.8333279165331,30.7574970827091],[-94.8457192281549,30.7314739149033],[-94.8712168196348,30.7225038498657],[-94.8970082940616,30.7060622204348],[-94.925115736682,30.6993339194576],[-94.9419240582676,30.6906135856802],[-94.9730295410121,30.6796667916009],[-95.0185440350499,30.6289396391574],[-95.004806128156,30.5988666180925],[-94.996419512359,30.5480668870384],[-94.9597938651256,30.5292002219924],[-94.8970082940616,30.5215131022601],[-94.880199972476,30.512776743529],[-94.8661462511658,30.5094059312144]]],[[[-93.2581618925919,30.5635666182033],[-93.2542493082197,30.5679326117564],[-93.2351250184405,30.574670057709],[-93.2109915672286,30.6015887308589],[-93.2198343583066,30.6530905702727],[-93.2641667439907,30.6751624782143],[-93.3294130323831,30.6668700687053],[-93.3519060053761,30.6218549270378],[-93.3203991760238,30.5768962576366],[-93.2710576298053,30.5679326117564],[-93.2581618925919,30.5635666182033]]],[[[-95.0458093079897,30.6486152061929],[-95.0519567148376,30.6671134181129],[-95.0677693446606,30.6540169367892],[-95.0458093079897,30.6486152061929]]],[[[-92.9437515431501,30.5016662253517],[-92.9395933261415,30.5058233706981],[-92.9058187762113,30.5240484649391],[-92.8946775619356,30.5719660716846],[-92.9285486097919,30.6242197008034],[-92.9737494839977,30.6367352425706],[-93.0377412885706,30.6135447328108],[-93.0664715870763,30.6060983597392],[-93.0916402056177,30.560331652622],[-93.0421012761751,30.5087483827832],[-92.9437515431501,30.5016662253517]]],[[[-93.8241005215872,30.1605107040074],[-93.7920761081211,30.1954409566621],[-93.8109591517375,30.2184581187353],[-93.8199269523704,30.2441906305296],[-93.8613687624895,30.2413145329645],[-93.9286064335088,30.1958124888074],[-93.9180902670077,30.1879796937062],[-93.9070038814053,30.1665007648622],[-93.8241005215872,30.1605107040074]]],[[[-84.014497619002,29.9505783232887],[-84.020585810703,29.9605903473756],[-84.0445481948371,29.9539607480228],[-84.014497619002,29.9505783232887]]],[[[-93.9588478142051,29.6777829917746],[-93.9546084505803,29.6819044231681],[-93.9361377193063,29.6892703693331],[-93.9276589920567,29.7082010041183],[-93.951380130028,29.7656054598956],[-93.9680546682133,29.7785371113434],[-94.0404550209509,29.774790854919],[-94.0542718816735,29.7232313335742],[-94.0418652178435,29.6829962027332],[-93.9588478142051,29.6777829917746]]],[[[-93.3479934210038,28.9021572408795],[-93.3438352039953,28.9063811272868],[-93.3072358738064,28.9136611671769],[-93.2833041931904,28.9253480963664],[-93.2719699812657,28.9405134153822],[-93.2899362869481,28.9686903314258],[-93.3097930899594,29.0076145498856],[-93.3835444235444,29.0315449948446],[-93.408561714588,28.9966140444008],[-93.4046820283181,28.9543715903672],[-93.3761206023059,28.9095700476405],[-93.3479934210038,28.9021572408795]]],[[[-92.5754422766611,28.8470927691668],[-92.5712840596525,28.8513188948775],[-92.5588839750836,28.8606772304696],[-92.5628448079698,28.9038660158979],[-92.6280691648929,28.9136611671769],[-92.624222375827,28.8717248219241],[-92.5754422766611,28.8470927691668]]],[[[-92.2700150800604,28.6028857349701],[-92.2590624760617,28.6148924531281],[-92.2021457811069,28.6221639747586],[-92.1717135964476,28.6324321925143],[-92.15822132219,28.6845836065916],[-92.203137086396,28.6931084975264],[-92.2560446981541,28.7333744564103],[-92.2839854619668,28.7403781578338],[-92.3145799398585,28.7506886280542],[-92.3898577078423,28.7424780231506],[-92.3997751436132,28.6955825287697],[-92.3756987147605,28.6406321850973],[-92.3115884798938,28.6064478457188],[-92.2700150800604,28.6028857349701]]],[[[-94.3361402335353,28.6974851464282],[-94.3401339645238,28.7176192213672],[-94.3684322120054,28.7246239784923],[-94.394032881571,28.7038372148029],[-94.3361402335353,28.6974851464282]]],[[[-94.9829272381014,28.9807701091444],[-94.985945016009,28.9938459911332],[-95.0216517325208,29.0095344834687],[-95.068515016415,29.0148376101707],[-95.0757765444209,28.9835941485055],[-94.9829272381014,28.9807701091444]]],[[[-95.5937816313027,29.0671753117996],[-95.5981350387477,29.1089290109008],[-95.6330631863011,29.1175513224174],[-95.623207159363,29.0739610082131],[-95.5937816313027,29.0671753117996]]],[[[-94.7583484170715,28.5476633668365],[-94.7533611880064,28.5595916339179],[-94.7721565057453,28.5828740574724],[-94.7804729397624,28.6307786422341],[-94.7933796427105,28.6510833581206],[-94.8659159698394,28.6371982755085],[-94.8792876210156,28.6202234109356],[-94.8185109775744,28.5520807591765],[-94.7583484170715,28.5476633668365]]],[[[-94.5697022074064,28.4766206149443],[-94.5763847433639,28.5215000562015],[-94.5991387012014,28.5662968375625],[-94.6272110538301,28.5682769189578],[-94.6611237718376,28.5516588705828],[-94.7265740227153,28.5428990033992],[-94.6715675637711,28.4863459530588],[-94.6211206693416,28.4899081513588],[-94.6014766017626,28.4802756732821],[-94.5697022074064,28.4766206149443]]],[[[-95.8632762165385,28.5003068486645],[-95.8508147240351,28.5275467686631],[-95.9089990604334,28.5352462861645],[-95.9029700847777,28.5044698956096],[-95.8632762165385,28.5003068486645]]],[[[-94.6954663471831,28.1048445299025],[-94.6871521059536,28.1133581529869],[-94.6726751056681,28.1243585092708],[-94.6500308060757,28.1475335157917],[-94.6299678459949,28.1871706219209],[-94.6575291946692,28.2307021071293],[-94.7162947168018,28.2538019140815],[-94.703543727825,28.3935014106854],[-94.7204858310143,28.44794252524],[-94.7660661212568,28.4824655637629],[-94.8507437408976,28.460171286593],[-94.8642908438286,28.3948692909972],[-94.8609704109253,28.3585208966189],[-94.8433550096508,28.3307316529586],[-94.8249215629527,28.2943632294025],[-94.7798040281507,28.2601324274521],[-94.760800361453,28.2407031058855],[-94.7738737441071,28.1986176196275],[-94.7703822450243,28.1603382485646],[-94.7302672914957,28.1104429759144],[-94.6954663471831,28.1048445299025]]],[[[-96.0070066619976,27.9383132720514],[-96.0026861517566,27.9424324169284],[-95.9753945608739,27.9500657875213],[-95.9667535403918,27.9603312398024],[-95.9931503239116,28.0268305651993],[-96.0052696849542,28.0828522303451],[-96.0652260892859,28.0749302617805],[-96.0472597836035,28.0296918711688],[-96.0369037175472,27.9627836458549],[-96.0070066619976,27.9383132720514]]],[[[-96.3393833171219,27.9065638529869],[-96.3438573485466,27.9272686949446],[-96.3679469359216,27.9469873181745],[-96.4353008435488,27.9580008215779],[-96.4332041900487,27.9112443000205],[-96.3393833171219,27.9065638529869]]],[[[-95.8542930636973,27.8033139075669],[-95.8461498886474,27.8609600869473],[-95.8733120826033,27.9018056756548],[-95.9114181085092,27.8820090236177],[-95.9010752009752,27.8084896026202],[-95.8542930636973,27.8033139075669]]],[[[-96.1956528716627,27.6044805069646],[-96.1912512148054,27.6085404038888],[-96.1394028946337,27.6197398076774],[-96.110582677463,27.67236340812],[-96.0755382924034,27.7021774483337],[-96.0565039221875,27.7278794991994],[-96.0018045038143,27.7566187001389],[-96.0030260904298,27.8095410066202],[-96.0205713108227,27.8548716710862],[-96.0334582750891,27.889980067948],[-96.1169844898942,27.871059511196],[-96.1641219171552,27.9026739859955],[-96.2063598421268,27.9104535809115],[-96.2214947882894,27.8692312536915],[-96.2541332846938,27.8312011590179],[-96.2629365984084,27.8109842457289],[-96.2359871398848,27.7994203346369],[-96.2271838261702,27.7595220908177],[-96.2090376813612,27.7517316688116],[-96.2002343676466,27.6837815622488],[-96.2271838261702,27.6722041400788],[-96.2359871398848,27.6561323880002],[-96.2541332846938,27.6483345805184],[-96.2629365984084,27.6089679569518],[-96.1956528716627,27.6044805069646]]],[[[-96.3393833171219,27.7794730418038],[-96.3416685817973,27.8092383897928],[-96.3617096104088,27.8271728179346],[-96.3819787257624,27.8094537135286],[-96.3865843460033,27.7817122259022],[-96.3393833171219,27.7794730418038]]],[[[-96.3483664699631,27.4610965456151],[-96.3444538855908,27.4655956916751],[-96.3359927033371,27.5163754296372],[-96.353437038432,27.5283155082062],[-96.3651769843363,27.5418022107899],[-96.3803864969556,27.5522112190332],[-96.3882116657001,27.5691653081594],[-96.4397770677612,27.5761017315153],[-96.4510937355884,27.5536073085956],[-96.4145843249628,27.5099370905155],[-96.3883081645245,27.4709644586221],[-96.3483664699631,27.4610965456151]]],[[[-95.9351414392681,27.5168791989942],[-95.9385495980487,27.5498409377925],[-95.958116905485,27.5593820294217],[-95.9651086756993,27.5202304719535],[-95.9351414392681,27.5168791989942]]]]}},{"id":"2","type":"Feature","properties":{"category":0,"label":"0.01 to 0.10 inches"},"geometry":{"type":"Polygon","coordinates":[[[-83.2060138632945,35.2594736867746],[-83.2368759061902,35.2637554013128],[-83.2267610862968,35.292002594867],[-83.2007634556988,35.2855705417199],[-83.2060138632945,35.2594736867746]]]}},{"id":"3","type":"Feature","properties":{"category":0,"label":"0.01 to 0.10 inches"},"geometry":{"type":"Polygon","coordinates":[[[-81.8675240899564,35.6400029450107],[-81.9185412043856,35.643248560846],[-81.9278182401737,35.694268127565],[-81.8983861328522,35.6879127269487],[-81.8905609641077,35.6723783401221],[-81.8718402137239,35.6606382519081],[-81.8675240899564,35.6400029450107]]]}},{"id":"4","type":"Feature","properties":{"category":0,"label":"0.01 to 0.10 inches"},"geometry":{"type":"Polygon","coordinates":[[[-81.89447354848,35.5669640503803],[-81.9214230070035,35.5669640503803],[-81.9214230070035,35.5888827184169],[-81.89447354848,35.5888827184169],[-81.89447354848,35.5669640503803]]]}},{"id":"5","type":"Feature","properties":{"category":0,"label":"0.01 to 0.10 inches"},"geometry":{"type":"Polygon","coordinates":[[[-83.0802497235177,35.6619016102997],[-83.2039215953696,35.6637618646319],[-83.2352485864935,35.6893876243789],[-83.2306780571426,35.7111195982889],[-83.2082991279699,35.7148306458015],[-83.1721866783768,35.7440001581217],[-83.0825349881932,35.7402904693769],[-83.0802497235177,35.6619016102997]]]}},{"id":"6","type":"Feature","properties":{"category":0,"label":"0.01 to 0.10 inches"},"geometry":{"type":"Polygon","coordinates":[[[-83.4036432258007,36.171162712621],[-83.4801710911305,36.1746503991531],[-83.4888121116125,36.1894279708493],[-83.5243192512144,36.20295157179],[-83.5340700081776,36.2253937161659],[-83.5427110286597,36.2618946697852],[-83.5606773343421,36.2753155718263],[-83.55203631386,36.2908625445062],[-83.5157615701361,36.2978270921748],[-83.5044931526195,36.3265059910971],[-83.4711879382893,36.3123057053975],[-83.4133106424619,36.3034018183954],[-83.3544069513537,36.2377772254948],[-83.3630479718358,36.1964015624667],[-83.3993227155597,36.1894279708493],[-83.4036432258007,36.171162712621]]]}},{"id":"7","type":"Feature","properties":{"category":0,"label":"0.01 to 0.10 inches"},"geometry":{"type":"Polygon","coordinates":[[[-81.9304061598447,35.5596564948601],[-81.9510656569697,35.5626181337665],[-81.9352881171384,35.5689353349603],[-81.9304061598447,35.5596564948601]]]}},{"id":"8","type":"Feature","properties":{"category":2,"label":"0.25 to 0.50 inches"},"geometry":{"type":"Polygon","coordinates":[[[-84.472638413903,36.2798629486222],[-84.5285462585729,36.2854990648951],[-84.5348099020286,36.3260907634656],[-84.5061848752943,36.3289584414777],[-84.4606506416765,36.3184696114577],[-84.4576284781937,36.2988787911673],[-84.472638413903,36.2798629486222]]]}},{"id":"9","type":"Feature","properties":{"category":0,"label":"0.01 to 0.10 inches"},"geometry":{"type":"Polygon","coordinates":[[[-81.7417599501796,35.8150240633517],[-81.7981897654369,35.8172773280105],[-81.7926849522579,35.8680486205044],[-81.7442908483898,35.863950148768],[-81.7392290519695,35.8462066189125],[-81.7213153821729,35.8405158317802],[-81.7392290519695,35.8348246370851],[-81.7417599501796,35.8150240633517]]]}}],"meta":{"source":"NWS NDFD precipitation forecast","issued":"2026-10-02T10:24:31.186710+00:00","window_end":"2026-10-02T22:24:31.186710+00:00","window_hours":12,"generated_at":"2026-10-02T10:24:31.639374+00:00","n_polygons":10}}