{"type":"FeatureCollection","features":[{"id":"0","type":"Feature","properties":{"category":0,"label":"cat 0"},"geometry":{"type":"Polygon","coordinates":[[[-81.91000007401057,36.7],[-81.91000007401057,36.6900000002858],[-81.90000007429633,36.6900000002858],[-81.90000007429633,36.7],[-81.91000007401057,36.7]]]}},{"id":"1","type":"Feature","properties":{"category":0,"label":"cat 0"},"geometry":{"type":"Polygon","coordinates":[[[-81.82000007658237,36.7],[-81.82000007658237,36.6900000002858],[-81.81000007686812,36.6900000002858],[-81.81000007686812,36.7],[-81.82000007658237,36.7]]]}},{"id":"2","type":"Feature","properties":{"category":0,"label":"cat 0"},"geometry":{"type":"Polygon","coordinates":[[[-81.84000007601085,36.7],[-81.84000007601085,36.680000000571596],[-81.82000007658237,36.680000000571596],[-81.82000007658237,36.6900000002858],[-81.83000007629661,36.6900000002858],[-81.83000007629661,36.7],[-81.84000007601085,36.7]]]}},{"id":"3","type":"Feature","properties":{"category":0,"label":"cat 0"},"geometry":{"type":"Polygon","coordinates":[[[-81.86000007543934,36.6900000002858],[-81.86000007543934,36.680000000571596],[-81.8500000757251,36.680000000571596],[-81.8500000757251,36.6900000002858],[-81.86000007543934,36.6900000002858]]]}},{"id":"4","type":"Feature","properties":{"category":0,"label":"cat 0"},"geometry":{"type":"Polygon","coordinates":[[[-81.68000008058294,36.6900000002858],[-81.68000008058294,36.680000000571596],[-81.67000008086869,36.680000000571596],[-81.67000008086869,36.6900000002858],[-81.68000008058294,36.6900000002858]]]}},{"id":"5","type":"Feature","properties":{"category":0,"label":"cat 0"},"geometry":{"type":"Polygon","coordinates":[[[-81.8500000757251,36.680000000571596],[-81.8500000757251,36.67000000085739],[-81.84000007601085,36.67000000085739],[-81.84000007601085,36.680000000571596],[-81.8500000757251,36.680000000571596]]]}},{"id":"6","type":"Feature","properties":{"category":0,"label":"cat 0"},"geometry":{"type":"Polygon","coordinates":[[[-81.7400000788684,36.680000000571596],[-81.7400000788684,36.67000000085739],[-81.73000007915417,36.67000000085739],[-81.73000007915417,36.680000000571596],[-81.7400000788684,36.680000000571596]]]}},{"id":"7","type":"Feature","properties":{"category":0,"label":"cat 0"},"geometry":{"type":"Polygon","coordinates":[[[-81.23000009344192,36.67000000085739],[-81.23000009344192,36.650000001428985],[-81.22000009372768,36.650000001428985],[-81.22000009372768,36.67000000085739],[-81.23000009344192,36.67000000085739]]]}},{"id":"8","type":"Feature","properties":{"category":0,"label":"cat 0"},"geometry":{"type":"Polygon","coordinates":[[[-81.90000007429633,36.6900000002858],[-81.90000007429633,36.64000000171478],[-81.89000007458208,36.64000000171478],[-81.89000007458208,36.66000000114319],[-81.86000007543934,36.66000000114319],[-81.86000007543934,36.67000000085739],[-81.8700000751536,36.67000000085739],[-81.8700000751536,36.6900000002858],[-81.90000007429633,36.6900000002858]]]}},{"id":"9","type":"Feature","properties":{"category":0,"label":"cat 0"},"geometry":{"type":"Polygon","coordinates":[[[-81.20000009429918,36.650000001428985],[-81.20000009429918,36.64000000171478],[-81.19000009458495,36.64000000171478],[-81.19000009458495,36.650000001428985],[-81.20000009429918,36.650000001428985]]]}},{"id":"10","type":"Feature","properties":{"category":0,"label":"cat 0"},"geometry":{"type":"Polygon","coordinates":[[[-81.77000007801115,36.64000000171478],[-81.77000007801115,36.63000000200057],[-81.7600000782969,36.63000000200057],[-81.7600000782969,36.64000000171478],[-81.77000007801115,36.64000000171478]]]}},{"id":"11","type":"Feature","properties":{"category":0,"label":"cat 0"},"geometry":{"type":"Polygon","coordinates":[[[-81.14000009601372,36.64000000171478],[-81.14000009601372,36.63000000200057],[-81.13000009629947,36.63000000200057],[-81.13000009629947,36.64000000171478],[-81.14000009601372,36.64000000171478]]]}},{"id":"12","type":"Feature","properties":{"category":0,"label":"cat 0"},"geometry":{"type":"Polygon","coordinates":[[[-81.23000009344192,36.63000000200057],[-81.23000009344192,36.62000000228637],[-81.22000009372768,36.62000000228637],[-81.22000009372768,36.610000002572164],[-81.20000009429918,36.610000002572164],[-81.20000009429918,36.62000000228637],[-81.21000009401342,36.62000000228637],[-81.21000009401342,36.63000000200057],[-81.23000009344192,36.63000000200057]]]}},{"id":"13","type":"Feature","properties":{"category":0,"label":"cat 0"},"geometry":{"type":"Polygon","coordinates":[[[-81.1600000954422,36.63000000200057],[-81.1600000954422,36.610000002572164],[-81.15000009572796,36.610000002572164],[-81.15000009572796,36.63000000200057],[-81.1600000954422,36.63000000200057]]]}},{"id":"14","type":"Feature","properties":{"category":0,"label":"cat 0"},"geometry":{"type":"Polygon","coordinates":[[[-81.18000009487069,36.63000000200057],[-81.18000009487069,36.62000000228637],[-81.19000009458495,36.62000000228637],[-81.19000009458495,36.610000002572164],[-81.18000009487069,36.610000002572164],[-81.18000009487069,36.60000000285796],[-81.17000009515645,36.60000000285796],[-81.17000009515645,36.63000000200057],[-81.18000009487069,36.63000000200057]]]}},{"id":"15","type":"Feature","properties":{"category":0,"label":"cat 0"},"geometry":{"type":"Polygon","coordinates":[[[-81.48000008629805,36.62000000228637],[-81.48000008629805,36.610000002572164],[-81.49000008601229,36.610000002572164],[-81.49000008601229,36.60000000285796],[-81.4700000865838,36.60000000285796],[-81.4700000865838,36.62000000228637],[-81.48000008629805,36.62000000228637]]]}},{"id":"16","type":"Feature","properties":{"category":0,"label":"cat 0"},"geometry":{"type":"Polygon","coordinates":[[[-81.01000009972853,36.59000000314376],[-81.01000009972853,36.57000000371535],[-81.00000010001429,36.57000000371535],[-81.00000010001429,36.59000000314376],[-81.01000009972853,36.59000000314376]]]}},{"id":"17","type":"Feature","properties":{"category":0,"label":"cat 0"},"geometry":{"type":"Polygon","coordinates":[[[-81.4700000865838,36.60000000285796],[-81.4700000865838,36.580000003429554],[-81.46000008686956,36.580000003429554],[-81.46000008686956,36.57000000371535],[-81.4700000865838,36.57000000371535],[-81.4700000865838,36.56000000400115],[-81.44000008744106,36.56000000400115],[-81.44000008744106,36.57000000371535],[-81.4500000871553,36.57000000371535],[-81.4500000871553,36.59000000314376],[-81.46000008686956,36.59000000314376],[-81.46000008686956,36.60000000285796],[-81.4700000865838,36.60000000285796]]]}},{"id":"18","type":"Feature","properties":{"category":0,"label":"cat 0"},"geometry":{"type":"Polygon","coordinates":[[[-81.24000009315617,36.57000000371535],[-81.24000009315617,36.56000000400115],[-81.23000009344192,36.56000000400115],[-81.23000009344192,36.57000000371535],[-81.24000009315617,36.57000000371535]]]}},{"id":"19","type":"Feature","properties":{"category":0,"label":"cat 0"},"geometry":{"type":"Polygon","coordinates":[[[-81.46000008686956,36.55000000428694],[-81.46000008686956,36.54000000457274],[-81.4500000871553,36.54000000457274],[-81.4500000871553,36.55000000428694],[-81.46000008686956,36.55000000428694]]]}},{"id":"20","type":"Feature","properties":{"category":0,"label":"cat 0"},"geometry":{"type":"Polygon","coordinates":[[[-81.49000008601229,36.530000004858536],[-81.49000008601229,36.52000000514433],[-81.48000008629805,36.52000000514433],[-81.48000008629805,36.530000004858536],[-81.49000008601229,36.530000004858536]]]}},{"id":"21","type":"Feature","properties":{"category":0,"label":"cat 0"},"geometry":{"type":"Polygon","coordinates":[[[-81.49000008601229,36.51000000543013],[-81.49000008601229,36.50000000571592],[-81.48000008629805,36.50000000571592],[-81.48000008629805,36.51000000543013],[-81.49000008601229,36.51000000543013]]]}},{"id":"22","type":"Feature","properties":{"category":0,"label":"cat 0"},"geometry":{"type":"Polygon","coordinates":[[[-84.44000000171454,36.50000000571592],[-84.44000000171454,36.490000006001715],[-84.43000000200028,36.490000006001715],[-84.43000000200028,36.50000000571592],[-84.44000000171454,36.50000000571592]]]}},{"id":"23","type":"Feature","properties":{"category":0,"label":"cat 0"},"geometry":{"type":"Polygon","coordinates":[[[-84.42000000228605,36.4500000071449],[-84.42000000228605,36.4400000074307],[-84.41000000257179,36.4400000074307],[-84.41000000257179,36.4500000071449],[-84.42000000228605,36.4500000071449]]]}},{"id":"24","type":"Feature","properties":{"category":0,"label":"cat 0"},"geometry":{"type":"Polygon","coordinates":[[[-83.65000002428918,36.42000000800229],[-83.65000002428918,36.40000000857388],[-83.63000002486069,36.40000000857388],[-83.63000002486069,36.41000000828809],[-83.64000002457495,36.41000000828809],[-83.64000002457495,36.42000000800229],[-83.65000002428918,36.42000000800229]]]}},{"id":"25","type":"Feature","properties":{"category":0,"label":"cat 0"},"geometry":{"type":"Polygon","coordinates":[[[-83.68000002343192,36.41000000828809],[-83.68000002343192,36.40000000857388],[-83.67000002371768,36.40000000857388],[-83.67000002371768,36.41000000828809],[-83.68000002343192,36.41000000828809]]]}},{"id":"26","type":"Feature","properties":{"category":0,"label":"cat 0"},"geometry":{"type":"Polygon","coordinates":[[[-83.6100000254322,36.40000000857388],[-83.6100000254322,36.39000000885968],[-83.60000002571796,36.39000000885968],[-83.60000002571796,36.40000000857388],[-83.6100000254322,36.40000000857388]]]}},{"id":"27","type":"Feature","properties":{"category":0,"label":"cat 0"},"geometry":{"type":"Polygon","coordinates":[[[-83.76000002114588,36.39000000885968],[-83.76000002114588,36.380000009145476],[-83.75000002143163,36.380000009145476],[-83.75000002143163,36.39000000885968],[-83.76000002114588,36.39000000885968]]]}},{"id":"28","type":"Feature","properties":{"category":0,"label":"cat 0"},"geometry":{"type":"Polygon","coordinates":[[[-83.69000002314617,36.39000000885968],[-83.69000002314617,36.380000009145476],[-83.68000002343192,36.380000009145476],[-83.68000002343192,36.39000000885968],[-83.69000002314617,36.39000000885968]]]}},{"id":"29","type":"Feature","properties":{"category":0,"label":"cat 0"},"geometry":{"type":"Polygon","coordinates":[[[-83.60000002571796,36.39000000885968],[-83.60000002571796,36.380000009145476],[-83.58000002628947,36.380000009145476],[-83.58000002628947,36.39000000885968],[-83.60000002571796,36.39000000885968]]]}},{"id":"30","type":"Feature","properties":{"category":0,"label":"cat 0"},"geometry":{"type":"Polygon","coordinates":[[[-83.74000002171739,36.380000009145476],[-83.74000002171739,36.370000009431266],[-83.73000002200314,36.370000009431266],[-83.73000002200314,36.380000009145476],[-83.74000002171739,36.380000009145476]]]}},{"id":"31","type":"Feature","properties":{"category":0,"label":"cat 0"},"geometry":{"type":"Polygon","coordinates":[[[-83.57000002657523,36.380000009145476],[-83.57000002657523,36.370000009431266],[-83.56000002686098,36.370000009431266],[-83.56000002686098,36.380000009145476],[-83.57000002657523,36.380000009145476]]]}},{"id":"32","type":"Feature","properties":{"category":0,"label":"cat 0"},"geometry":{"type":"Polygon","coordinates":[[[-83.82000001943135,36.370000009431266],[-83.82000001943135,36.36000000971706],[-83.81000001971711,36.36000000971706],[-83.81000001971711,36.370000009431266],[-83.82000001943135,36.370000009431266]]]}},{"id":"33","type":"Feature","properties":{"category":0,"label":"cat 0"},"geometry":{"type":"Polygon","coordinates":[[[-83.79000002028862,36.370000009431266],[-83.79000002028862,36.36000000971706],[-83.78000002057436,36.36000000971706],[-83.78000002057436,36.370000009431266],[-83.79000002028862,36.370000009431266]]]}},{"id":"34","type":"Feature","properties":{"category":0,"label":"cat 0"},"geometry":{"type":"Polygon","coordinates":[[[-83.75000002143163,36.370000009431266],[-83.75000002143163,36.36000000971706],[-83.74000002171739,36.36000000971706],[-83.74000002171739,36.370000009431266],[-83.75000002143163,36.370000009431266]]]}},{"id":"35","type":"Feature","properties":{"category":0,"label":"cat 0"},"geometry":{"type":"Polygon","coordinates":[[[-83.59000002600371,36.36000000971706],[-83.59000002600371,36.35000001000286],[-83.58000002628947,36.35000001000286],[-83.58000002628947,36.36000000971706],[-83.59000002600371,36.36000000971706]]]}},{"id":"36","type":"Feature","properties":{"category":0,"label":"cat 0"},"geometry":{"type":"Polygon","coordinates":[[[-83.75000002143163,36.35000001000286],[-83.75000002143163,36.340000010288655],[-83.74000002171739,36.340000010288655],[-83.74000002171739,36.35000001000286],[-83.75000002143163,36.35000001000286]]]}},{"id":"37","type":"Feature","properties":{"category":0,"label":"cat 0"},"geometry":{"type":"Polygon","coordinates":[[[-83.60000002571796,36.35000001000286],[-83.60000002571796,36.340000010288655],[-83.59000002600371,36.340000010288655],[-83.59000002600371,36.35000001000286],[-83.60000002571796,36.35000001000286]]]}},{"id":"38","type":"Feature","properties":{"category":0,"label":"cat 0"},"geometry":{"type":"Polygon","coordinates":[[[-83.56000002686098,36.35000001000286],[-83.56000002686098,36.340000010288655],[-83.55000002714674,36.340000010288655],[-83.55000002714674,36.35000001000286],[-83.56000002686098,36.35000001000286]]]}},{"id":"39","type":"Feature","properties":{"category":0,"label":"cat 0"},"geometry":{"type":"Polygon","coordinates":[[[-83.55000002714674,36.340000010288655],[-83.55000002714674,36.33000001057445],[-83.54000002743248,36.33000001057445],[-83.54000002743248,36.340000010288655],[-83.55000002714674,36.340000010288655]]]}},{"id":"40","type":"Feature","properties":{"category":0,"label":"cat 0"},"geometry":{"type":"Polygon","coordinates":[[[-84.5,36.51000000543013],[-84.5,36.33000001057445],[-84.49000000028576,36.33000001057445],[-84.49000000028576,36.32000001086025],[-84.48000000057151,36.32000001086025],[-84.48000000057151,36.35000001000286],[-84.46000000114302,36.35000001000286],[-84.46000000114302,36.340000010288655],[-84.44000000171454,36.340000010288655],[-84.44000000171454,36.33000001057445],[-84.43000000200028,36.33000001057445],[-84.43000000200028,36.35000001000286],[-84.44000000171454,36.35000001000286],[-84.44000000171454,36.36000000971706],[-84.45000000142878,36.36000000971706],[-84.45000000142878,36.370000009431266],[-84.44000000171454,36.370000009431266],[-84.44000000171454,36.380000009145476],[-84.43000000200028,36.380000009145476],[-84.43000000200028,36.39000000885968],[-84.44000000171454,36.39000000885968],[-84.44000000171454,36.40000000857388],[-84.42000000228605,36.40000000857388],[-84.42000000228605,36.4400000074307],[-84.43000000200028,36.4400000074307],[-84.43000000200028,36.42000000800229],[-84.44000000171454,36.42000000800229],[-84.44000000171454,36.430000007716494],[-84.45000000142878,36.430000007716494],[-84.45000000142878,36.4400000074307],[-84.44000000171454,36.4400000074307],[-84.44000000171454,36.47000000657331],[-84.42000000228605,36.47000000657331],[-84.42000000228605,36.48000000628751],[-84.44000000171454,36.48000000628751],[-84.44000000171454,36.490000006001715],[-84.45000000142878,36.490000006001715],[-84.45000000142878,36.50000000571592],[-84.46000000114302,36.50000000571592],[-84.46000000114302,36.51000000543013],[-84.47000000085727,36.51000000543013],[-84.47000000085727,36.50000000571592],[-84.48000000057151,36.50000000571592],[-84.48000000057151,36.51000000543013],[-84.5,36.51000000543013]],[[-84.46000000114302,36.380000009145476],[-84.45000000142878,36.380000009145476],[-84.45000000142878,36.370000009431266],[-84.46000000114302,36.370000009431266],[-84.46000000114302,36.380000009145476]]]}},{"id":"41","type":"Feature","properties":{"category":0,"label":"cat 0"},"geometry":{"type":"Polygon","coordinates":[[[-83.85000001857408,36.340000010288655],[-83.85000001857408,36.310000011146045],[-83.83000001914559,36.310000011146045],[-83.83000001914559,36.32000001086025],[-83.84000001885984,36.32000001086025],[-83.84000001885984,36.340000010288655],[-83.85000001857408,36.340000010288655]]]}},{"id":"42","type":"Feature","properties":{"category":0,"label":"cat 0"},"geometry":{"type":"Polygon","coordinates":[[[-83.80000002000286,36.32000001086025],[-83.80000002000286,36.310000011146045],[-83.79000002028862,36.310000011146045],[-83.79000002028862,36.32000001086025],[-83.80000002000286,36.32000001086025]]]}},{"id":"43","type":"Feature","properties":{"category":0,"label":"cat 0"},"geometry":{"type":"Polygon","coordinates":[[[-83.75000002143163,36.32000001086025],[-83.75000002143163,36.310000011146045],[-83.74000002171739,36.310000011146045],[-83.74000002171739,36.32000001086025],[-83.75000002143163,36.32000001086025]]]}},{"id":"44","type":"Feature","properties":{"category":0,"label":"cat 0"},"geometry":{"type":"Polygon","coordinates":[[[-83.71000002257465,36.32000001086025],[-83.71000002257465,36.310000011146045],[-83.70000002286041,36.310000011146045],[-83.70000002286041,36.32000001086025],[-83.71000002257465,36.32000001086025]]]}},{"id":"45","type":"Feature","properties":{"category":0,"label":"cat 0"},"geometry":{"type":"Polygon","coordinates":[[[-84.45000000142878,36.33000001057445],[-84.45000000142878,36.32000001086025],[-84.47000000085727,36.32000001086025],[-84.47000000085727,36.30000001143184],[-84.45000000142878,36.30000001143184],[-84.45000000142878,36.310000011146045],[-84.44000000171454,36.310000011146045],[-84.44000000171454,36.33000001057445],[-84.45000000142878,36.33000001057445]]]}},{"id":"46","type":"Feature","properties":{"category":0,"label":"cat 0"},"geometry":{"type":"Polygon","coordinates":[[[-83.87000001800257,36.310000011146045],[-83.87000001800257,36.30000001143184],[-83.86000001828833,36.30000001143184],[-83.86000001828833,36.310000011146045],[-83.87000001800257,36.310000011146045]]]}},{"id":"47","type":"Feature","properties":{"category":0,"label":"cat 0"},"geometry":{"type":"Polygon","coordinates":[[[-84.00000001428775,36.310000011146045],[-84.00000001428775,36.29000001171764],[-83.98000001485927,36.29000001171764],[-83.98000001485927,36.30000001143184],[-83.99000001457351,36.30000001143184],[-83.99000001457351,36.310000011146045],[-84.00000001428775,36.310000011146045]]]}},{"id":"48","type":"Feature","properties":{"category":0,"label":"cat 0"},"geometry":{"type":"Polygon","coordinates":[[[-83.96000001543078,36.30000001143184],[-83.96000001543078,36.29000001171764],[-83.95000001571653,36.29000001171764],[-83.95000001571653,36.30000001143184],[-83.96000001543078,36.30000001143184]]]}},{"id":"49","type":"Feature","properties":{"category":0,"label":"cat 0"},"geometry":{"type":"Polygon","coordinates":[[[-83.88000001771681,36.30000001143184],[-83.88000001771681,36.29000001171764],[-83.87000001800257,36.29000001171764],[-83.87000001800257,36.30000001143184],[-83.88000001771681,36.30000001143184]]]}},{"id":"50","type":"Feature","properties":{"category":0,"label":"cat 0"},"geometry":{"type":"Polygon","coordinates":[[[-81.04000009887126,36.30000001143184],[-81.04000009887126,36.280000012003434],[-81.03000009915702,36.280000012003434],[-81.03000009915702,36.29000001171764],[-81.02000009944278,36.29000001171764],[-81.02000009944278,36.30000001143184],[-81.04000009887126,36.30000001143184]]]}},{"id":"51","type":"Feature","properties":{"category":0,"label":"cat 0"},"geometry":{"type":"Polygon","coordinates":[[[-84.5,36.29000001171764],[-84.5,36.280000012003434],[-84.49000000028576,36.280000012003434],[-84.49000000028576,36.29000001171764],[-84.5,36.29000001171764]]]}},{"id":"52","type":"Feature","properties":{"category":0,"label":"cat 0"},"geometry":{"type":"Polygon","coordinates":[[[-84.26000000685812,36.29000001171764],[-84.26000000685812,36.280000012003434],[-84.25000000714388,36.280000012003434],[-84.25000000714388,36.29000001171764],[-84.26000000685812,36.29000001171764]]]}},{"id":"53","type":"Feature","properties":{"category":0,"label":"cat 0"},"geometry":{"type":"Polygon","coordinates":[[[-83.98000001485927,36.29000001171764],[-83.98000001485927,36.280000012003434],[-83.97000001514502,36.280000012003434],[-83.97000001514502,36.29000001171764],[-83.98000001485927,36.29000001171764]]]}},{"id":"54","type":"Feature","properties":{"category":0,"label":"cat 0"},"geometry":{"type":"Polygon","coordinates":[[[-84.010000014002,36.280000012003434],[-84.010000014002,36.27000001228923],[-84.00000001428775,36.27000001228923],[-84.00000001428775,36.280000012003434],[-84.010000014002,36.280000012003434]]]}},{"id":"55","type":"Feature","properties":{"category":0,"label":"cat 0"},"geometry":{"type":"Polygon","coordinates":[[[-83.97000001514502,36.280000012003434],[-83.97000001514502,36.27000001228923],[-83.96000001543078,36.27000001228923],[-83.96000001543078,36.26000001257503],[-83.95000001571653,36.26000001257503],[-83.95000001571653,36.280000012003434],[-83.97000001514502,36.280000012003434]]]}},{"id":"56","type":"Feature","properties":{"category":0,"label":"cat 0"},"geometry":{"type":"Polygon","coordinates":[[[-83.98000001485927,36.26000001257503],[-83.98000001485927,36.25000001286082],[-83.97000001514502,36.25000001286082],[-83.97000001514502,36.26000001257503],[-83.98000001485927,36.26000001257503]]]}},{"id":"57","type":"Feature","properties":{"category":0,"label":"cat 0"},"geometry":{"type":"Polygon","coordinates":[[[-84.04000001314473,36.26000001257503],[-84.04000001314473,36.24000001314661],[-84.0300000134305,36.24000001314661],[-84.0300000134305,36.26000001257503],[-84.04000001314473,36.26000001257503]]]}},{"id":"58","type":"Feature","properties":{"category":0,"label":"cat 0"},"geometry":{"type":"Polygon","coordinates":[[[-84.28000000628661,36.25000001286082],[-84.28000000628661,36.24000001314661],[-84.27000000657237,36.24000001314661],[-84.27000000657237,36.25000001286082],[-84.28000000628661,36.25000001286082]]]}},{"id":"59","type":"Feature","properties":{"category":0,"label":"cat 0"},"geometry":{"type":"Polygon","coordinates":[[[-84.43000000200028,36.24000001314661],[-84.43000000200028,36.23000001343241],[-84.42000000228605,36.23000001343241],[-84.42000000228605,36.24000001314661],[-84.43000000200028,36.24000001314661]]]}},{"id":"60","type":"Feature","properties":{"category":0,"label":"cat 0"},"geometry":{"type":"Polygon","coordinates":[[[-84.05000001285897,36.23000001343241],[-84.05000001285897,36.220000013718206],[-84.04000001314473,36.220000013718206],[-84.04000001314473,36.23000001343241],[-84.05000001285897,36.23000001343241]]]}},{"id":"61","type":"Feature","properties":{"category":0,"label":"cat 0"},"geometry":{"type":"Polygon","coordinates":[[[-84.25000000714388,36.220000013718206],[-84.25000000714388,36.210000014004],[-84.24000000742963,36.210000014004],[-84.24000000742963,36.220000013718206],[-84.25000000714388,36.220000013718206]]]}},{"id":"62","type":"Feature","properties":{"category":0,"label":"cat 0"},"geometry":{"type":"Polygon","coordinates":[[[-84.45000000142878,36.2000000142898],[-84.45000000142878,36.190000014575595],[-84.44000000171454,36.190000014575595],[-84.44000000171454,36.2000000142898],[-84.45000000142878,36.2000000142898]]]}},{"id":"63","type":"Feature","properties":{"category":0,"label":"cat 0"},"geometry":{"type":"Polygon","coordinates":[[[-84.49000000028576,36.27000001228923],[-84.49000000028576,36.24000001314661],[-84.5,36.24000001314661],[-84.5,36.190000014575595],[-84.49000000028576,36.190000014575595],[-84.49000000028576,36.18000001486139],[-84.48000000057151,36.18000001486139],[-84.48000000057151,36.190000014575595],[-84.46000000114302,36.190000014575595],[-84.46000000114302,36.23000001343241],[-84.45000000142878,36.23000001343241],[-84.45000000142878,36.24000001314661],[-84.46000000114302,36.24000001314661],[-84.46000000114302,36.25000001286082],[-84.45000000142878,36.25000001286082],[-84.45000000142878,36.26000001257503],[-84.47000000085727,36.26000001257503],[-84.47000000085727,36.23000001343241],[-84.48000000057151,36.23000001343241],[-84.48000000057151,36.27000001228923],[-84.49000000028576,36.27000001228923]]]}},{"id":"64","type":"Feature","properties":{"category":0,"label":"cat 0"},"geometry":{"type":"Polygon","coordinates":[[[-81.02000009944278,36.190000014575595],[-81.02000009944278,36.18000001486139],[-81.00000010001429,36.18000001486139],[-81.00000010001429,36.190000014575595],[-81.02000009944278,36.190000014575595]]]}},{"id":"65","type":"Feature","properties":{"category":0,"label":"cat 0"},"geometry":{"type":"Polygon","coordinates":[[[-84.45000000142878,36.18000001486139],[-84.45000000142878,36.17000001514719],[-84.44000000171454,36.17000001514719],[-84.44000000171454,36.18000001486139],[-84.45000000142878,36.18000001486139]]]}},{"id":"66","type":"Feature","properties":{"category":0,"label":"cat 0"},"geometry":{"type":"Polygon","coordinates":[[[-81.32000009087012,36.18000001486139],[-81.32000009087012,36.17000001514719],[-81.31000009115589,36.17000001514719],[-81.31000009115589,36.18000001486139],[-81.32000009087012,36.18000001486139]]]}},{"id":"67","type":"Feature","properties":{"category":0,"label":"cat 0"},"geometry":{"type":"Polygon","coordinates":[[[-84.27000000657237,36.2000000142898],[-84.27000000657237,36.18000001486139],[-84.26000000685812,36.18000001486139],[-84.26000000685812,36.160000015432985],[-84.24000000742963,36.160000015432985],[-84.24000000742963,36.18000001486139],[-84.23000000771539,36.18000001486139],[-84.23000000771539,36.190000014575595],[-84.22000000800114,36.190000014575595],[-84.22000000800114,36.2000000142898],[-84.24000000742963,36.2000000142898],[-84.24000000742963,36.190000014575595],[-84.26000000685812,36.190000014575595],[-84.26000000685812,36.2000000142898],[-84.27000000657237,36.2000000142898]]]}},{"id":"68","type":"Feature","properties":{"category":0,"label":"cat 0"},"geometry":{"type":"Polygon","coordinates":[[[-81.38000008915559,36.17000001514719],[-81.38000008915559,36.160000015432985],[-81.37000008944135,36.160000015432985],[-81.37000008944135,36.17000001514719],[-81.38000008915559,36.17000001514719]]]}},{"id":"69","type":"Feature","properties":{"category":0,"label":"cat 0"},"geometry":{"type":"Polygon","coordinates":[[[-81.30000009144163,36.17000001514719],[-81.30000009144163,36.160000015432985],[-81.29000009172739,36.160000015432985],[-81.29000009172739,36.17000001514719],[-81.30000009144163,36.17000001514719]]]}},{"id":"70","type":"Feature","properties":{"category":0,"label":"cat 0"},"geometry":{"type":"Polygon","coordinates":[[[-81.53000008486927,36.160000015432985],[-81.53000008486927,36.15000001571878],[-81.52000008515502,36.15000001571878],[-81.52000008515502,36.160000015432985],[-81.53000008486927,36.160000015432985]]]}},{"id":"71","type":"Feature","properties":{"category":0,"label":"cat 0"},"geometry":{"type":"Polygon","coordinates":[[[-81.20000009429918,36.15000001571878],[-81.20000009429918,36.14000001600458],[-81.19000009458495,36.14000001600458],[-81.19000009458495,36.15000001571878],[-81.20000009429918,36.15000001571878]]]}},{"id":"72","type":"Feature","properties":{"category":0,"label":"cat 0"},"geometry":{"type":"Polygon","coordinates":[[[-81.2700000922989,36.14000001600458],[-81.2700000922989,36.130000016290374],[-81.26000009258465,36.130000016290374],[-81.26000009258465,36.14000001600458],[-81.2700000922989,36.14000001600458]]]}},{"id":"73","type":"Feature","properties":{"category":0,"label":"cat 0"},"geometry":{"type":"Polygon","coordinates":[[[-81.21000009401342,36.14000001600458],[-81.21000009401342,36.130000016290374],[-81.20000009429918,36.130000016290374],[-81.20000009429918,36.14000001600458],[-81.21000009401342,36.14000001600458]]]}},{"id":"74","type":"Feature","properties":{"category":0,"label":"cat 0"},"geometry":{"type":"Polygon","coordinates":[[[-81.19000009458495,36.14000001600458],[-81.19000009458495,36.130000016290374],[-81.20000009429918,36.130000016290374],[-81.20000009429918,36.12000001657617],[-81.17000009515645,36.12000001657617],[-81.17000009515645,36.14000001600458],[-81.19000009458495,36.14000001600458]]]}},{"id":"75","type":"Feature","properties":{"category":0,"label":"cat 0"},"geometry":{"type":"Polygon","coordinates":[[[-81.31000009115589,36.130000016290374],[-81.31000009115589,36.11000001686196],[-81.30000009144163,36.11000001686196],[-81.30000009144163,36.130000016290374],[-81.31000009115589,36.130000016290374]]]}},{"id":"76","type":"Feature","properties":{"category":0,"label":"cat 0"},"geometry":{"type":"Polygon","coordinates":[[[-84.43000000200028,36.11000001686196],[-84.43000000200028,36.10000001714776],[-84.41000000257179,36.10000001714776],[-84.41000000257179,36.11000001686196],[-84.43000000200028,36.11000001686196]]]}},{"id":"77","type":"Feature","properties":{"category":0,"label":"cat 0"},"geometry":{"type":"Polygon","coordinates":[[[-81.33000009058436,36.10000001714776],[-81.33000009058436,36.09000001743355],[-81.31000009115589,36.09000001743355],[-81.31000009115589,36.10000001714776],[-81.33000009058436,36.10000001714776]]]}},{"id":"78","type":"Feature","properties":{"category":0,"label":"cat 0"},"geometry":{"type":"Polygon","coordinates":[[[-81.28000009201314,36.10000001714776],[-81.28000009201314,36.09000001743355],[-81.2700000922989,36.09000001743355],[-81.2700000922989,36.10000001714776],[-81.28000009201314,36.10000001714776]]]}},{"id":"79","type":"Feature","properties":{"category":0,"label":"cat 0"},"geometry":{"type":"Polygon","coordinates":[[[-81.4700000865838,36.09000001743355],[-81.4700000865838,36.08000001771935],[-81.46000008686956,36.08000001771935],[-81.46000008686956,36.09000001743355],[-81.4700000865838,36.09000001743355]]]}},{"id":"80","type":"Feature","properties":{"category":0,"label":"cat 0"},"geometry":{"type":"Polygon","coordinates":[[[-81.49000008601229,36.10000001714776],[-81.49000008601229,36.070000018005146],[-81.48000008629805,36.070000018005146],[-81.48000008629805,36.10000001714776],[-81.49000008601229,36.10000001714776]]]}},{"id":"81","type":"Feature","properties":{"category":0,"label":"cat 0"},"geometry":{"type":"Polygon","coordinates":[[[-81.5800000834405,36.010000019719925],[-81.5800000834405,36.00000002000572],[-81.57000008372624,36.00000002000572],[-81.57000008372624,36.010000019719925],[-81.5800000834405,36.010000019719925]]]}},{"id":"82","type":"Feature","properties":{"category":0,"label":"cat 0"},"geometry":{"type":"Polygon","coordinates":[[[-81.61000008258323,35.970000020863104],[-81.61000008258323,35.9600000211489],[-81.60000008286897,35.9600000211489],[-81.60000008286897,35.970000020863104],[-81.61000008258323,35.970000020863104]]]}},{"id":"83","type":"Feature","properties":{"category":0,"label":"cat 0"},"geometry":{"type":"Polygon","coordinates":[[[-81.5800000834405,35.970000020863104],[-81.5800000834405,35.9600000211489],[-81.57000008372624,35.9600000211489],[-81.57000008372624,35.970000020863104],[-81.5800000834405,35.970000020863104]]]}},{"id":"84","type":"Feature","properties":{"category":0,"label":"cat 0"},"geometry":{"type":"Polygon","coordinates":[[[-81.57000008372624,35.9600000211489],[-81.57000008372624,35.9500000214347],[-81.560000084012,35.9500000214347],[-81.560000084012,35.9600000211489],[-81.57000008372624,35.9600000211489]]]}},{"id":"85","type":"Feature","properties":{"category":0,"label":"cat 0"},"geometry":{"type":"Polygon","coordinates":[[[-81.5800000834405,35.94000002172049],[-81.5800000834405,35.93000002200629],[-81.57000008372624,35.93000002200629],[-81.57000008372624,35.94000002172049],[-81.5800000834405,35.94000002172049]]]}},{"id":"86","type":"Feature","properties":{"category":0,"label":"cat 0"},"geometry":{"type":"Polygon","coordinates":[[[-81.59000008315473,35.93000002200629],[-81.59000008315473,35.920000022292086],[-81.5800000834405,35.920000022292086],[-81.5800000834405,35.93000002200629],[-81.59000008315473,35.93000002200629]]]}},{"id":"87","type":"Feature","properties":{"category":0,"label":"cat 0"},"geometry":{"type":"Polygon","coordinates":[[[-82.51000005686527,35.91000002257788],[-82.51000005686527,35.90000002286368],[-82.50000005715103,35.90000002286368],[-82.50000005715103,35.91000002257788],[-82.51000005686527,35.91000002257788]]]}},{"id":"88","type":"Feature","properties":{"category":0,"label":"cat 0"},"geometry":{"type":"Polygon","coordinates":[[[-82.49000005743677,35.90000002286368],[-82.49000005743677,35.890000023149476],[-82.48000005772253,35.890000023149476],[-82.48000005772253,35.90000002286368],[-82.49000005743677,35.90000002286368]]]}},{"id":"89","type":"Feature","properties":{"category":0,"label":"cat 0"},"geometry":{"type":"Polygon","coordinates":[[[-84.24000000742963,35.87000002372107],[-84.24000000742963,35.860000024006865],[-84.23000000771539,35.860000024006865],[-84.23000000771539,35.87000002372107],[-84.24000000742963,35.87000002372107]]]}},{"id":"90","type":"Feature","properties":{"category":0,"label":"cat 0"},"geometry":{"type":"Polygon","coordinates":[[[-84.2100000082869,35.890000023149476],[-84.2100000082869,35.87000002372107],[-84.22000000800114,35.87000002372107],[-84.22000000800114,35.860000024006865],[-84.2100000082869,35.860000024006865],[-84.2100000082869,35.850000024292655],[-84.20000000857266,35.850000024292655],[-84.20000000857266,35.860000024006865],[-84.1900000088584,35.860000024006865],[-84.1900000088584,35.87000002372107],[-84.18000000914417,35.87000002372107],[-84.18000000914417,35.88000002343527],[-84.1900000088584,35.88000002343527],[-84.1900000088584,35.890000023149476],[-84.2100000082869,35.890000023149476]]]}},{"id":"91","type":"Feature","properties":{"category":0,"label":"cat 0"},"geometry":{"type":"Polygon","coordinates":[[[-84.38000000342906,35.860000024006865],[-84.38000000342906,35.850000024292655],[-84.37000000371482,35.850000024292655],[-84.37000000371482,35.860000024006865],[-84.38000000342906,35.860000024006865]]]}},{"id":"92","type":"Feature","properties":{"category":0,"label":"cat 0"},"geometry":{"type":"Polygon","coordinates":[[[-81.59000008315473,35.860000024006865],[-81.59000008315473,35.850000024292655],[-81.5800000834405,35.850000024292655],[-81.5800000834405,35.860000024006865],[-81.59000008315473,35.860000024006865]]]}},{"id":"93","type":"Feature","properties":{"category":0,"label":"cat 0"},"geometry":{"type":"Polygon","coordinates":[[[-81.61000008258323,35.850000024292655],[-81.61000008258323,35.84000002457845],[-81.60000008286897,35.84000002457845],[-81.60000008286897,35.850000024292655],[-81.61000008258323,35.850000024292655]]]}},{"id":"94","type":"Feature","properties":{"category":0,"label":"cat 0"},"geometry":{"type":"Polygon","coordinates":[[[-81.560000084012,35.850000024292655],[-81.560000084012,35.84000002457845],[-81.55000008429775,35.84000002457845],[-81.55000008429775,35.850000024292655],[-81.560000084012,35.850000024292655]]]}},{"id":"95","type":"Feature","properties":{"category":0,"label":"cat 0"},"geometry":{"type":"Polygon","coordinates":[[[-84.23000000771539,35.84000002457845],[-84.23000000771539,35.83000002486425],[-84.22000000800114,35.83000002486425],[-84.22000000800114,35.84000002457845],[-84.23000000771539,35.84000002457845]]]}},{"id":"96","type":"Feature","properties":{"category":0,"label":"cat 0"},"geometry":{"type":"Polygon","coordinates":[[[-83.91000001685956,35.84000002457845],[-83.91000001685956,35.83000002486425],[-83.9000000171453,35.83000002486425],[-83.9000000171453,35.84000002457845],[-83.91000001685956,35.84000002457845]]]}},{"id":"97","type":"Feature","properties":{"category":0,"label":"cat 0"},"geometry":{"type":"Polygon","coordinates":[[[-81.66000008115445,35.84000002457845],[-81.66000008115445,35.83000002486425],[-81.65000008144021,35.83000002486425],[-81.65000008144021,35.84000002457845],[-81.66000008115445,35.84000002457845]]]}},{"id":"98","type":"Feature","properties":{"category":0,"label":"cat 0"},"geometry":{"type":"Polygon","coordinates":[[[-84.1900000088584,35.84000002457845],[-84.1900000088584,35.820000025150044],[-84.17000000942991,35.820000025150044],[-84.17000000942991,35.83000002486425],[-84.18000000914417,35.83000002486425],[-84.18000000914417,35.84000002457845],[-84.1900000088584,35.84000002457845]]]}},{"id":"99","type":"Feature","properties":{"category":0,"label":"cat 0"},"geometry":{"type":"Polygon","coordinates":[[[-81.64000008172596,35.84000002457845],[-81.64000008172596,35.820000025150044],[-81.63000008201172,35.820000025150044],[-81.63000008201172,35.84000002457845],[-81.64000008172596,35.84000002457845]]]}},{"id":"100","type":"Feature","properties":{"category":0,"label":"cat 0"},"geometry":{"type":"Polygon","coordinates":[[[-83.9200000165738,35.83000002486425],[-83.9200000165738,35.820000025150044],[-83.91000001685956,35.820000025150044],[-83.91000001685956,35.83000002486425],[-83.9200000165738,35.83000002486425]]]}},{"id":"101","type":"Feature","properties":{"category":0,"label":"cat 0"},"geometry":{"type":"Polygon","coordinates":[[[-81.560000084012,35.83000002486425],[-81.560000084012,35.820000025150044],[-81.54000008458351,35.820000025150044],[-81.54000008458351,35.83000002486425],[-81.560000084012,35.83000002486425]]]}},{"id":"102","type":"Feature","properties":{"category":0,"label":"cat 0"},"geometry":{"type":"Polygon","coordinates":[[[-84.35000000428633,35.820000025150044],[-84.35000000428633,35.81000002543584],[-84.34000000457208,35.81000002543584],[-84.34000000457208,35.820000025150044],[-84.35000000428633,35.820000025150044]]]}},{"id":"103","type":"Feature","properties":{"category":0,"label":"cat 0"},"geometry":{"type":"Polygon","coordinates":[[[-84.3200000051436,35.820000025150044],[-84.3200000051436,35.81000002543584],[-84.31000000542934,35.81000002543584],[-84.31000000542934,35.820000025150044],[-84.3200000051436,35.820000025150044]]]}},{"id":"104","type":"Feature","properties":{"category":0,"label":"cat 0"},"geometry":{"type":"Polygon","coordinates":[[[-84.2100000082869,35.820000025150044],[-84.2100000082869,35.81000002543584],[-84.20000000857266,35.81000002543584],[-84.20000000857266,35.820000025150044],[-84.2100000082869,35.820000025150044]]]}},{"id":"105","type":"Feature","properties":{"category":0,"label":"cat 0"},"geometry":{"type":"Polygon","coordinates":[[[-84.07000001228747,35.820000025150044],[-84.07000001228747,35.81000002543584],[-84.06000001257323,35.81000002543584],[-84.06000001257323,35.820000025150044],[-84.07000001228747,35.820000025150044]]]}},{"id":"106","type":"Feature","properties":{"category":0,"label":"cat 0"},"geometry":{"type":"Polygon","coordinates":[[[-83.94000001600229,35.820000025150044],[-83.94000001600229,35.81000002543584],[-83.93000001628805,35.81000002543584],[-83.93000001628805,35.820000025150044],[-83.94000001600229,35.820000025150044]]]}},{"id":"107","type":"Feature","properties":{"category":0,"label":"cat 0"},"geometry":{"type":"Polygon","coordinates":[[[-81.62000008229747,35.84000002457845],[-81.62000008229747,35.820000025150044],[-81.63000008201172,35.820000025150044],[-81.63000008201172,35.81000002543584],[-81.62000008229747,35.81000002543584],[-81.62000008229747,35.80000002572164],[-81.61000008258323,35.80000002572164],[-81.61000008258323,35.820000025150044],[-81.60000008286897,35.820000025150044],[-81.60000008286897,35.83000002486425],[-81.61000008258323,35.83000002486425],[-81.61000008258323,35.84000002457845],[-81.62000008229747,35.84000002457845]]]}},{"id":"108","type":"Feature","properties":{"category":0,"label":"cat 0"},"geometry":{"type":"Polygon","coordinates":[[[-84.1900000088584,35.81000002543584],[-84.1900000088584,35.80000002572164],[-84.18000000914417,35.80000002572164],[-84.18000000914417,35.81000002543584],[-84.1900000088584,35.81000002543584]]]}},{"id":"109","type":"Feature","properties":{"category":0,"label":"cat 0"},"geometry":{"type":"Polygon","coordinates":[[[-84.09000001171596,35.81000002543584],[-84.09000001171596,35.80000002572164],[-84.08000001200172,35.80000002572164],[-84.08000001200172,35.81000002543584],[-84.09000001171596,35.81000002543584]]]}},{"id":"110","type":"Feature","properties":{"category":0,"label":"cat 0"},"geometry":{"type":"Polygon","coordinates":[[[-84.06000001257323,35.81000002543584],[-84.06000001257323,35.80000002572164],[-84.05000001285897,35.80000002572164],[-84.05000001285897,35.81000002543584],[-84.06000001257323,35.81000002543584]]]}},{"id":"111","type":"Feature","properties":{"category":0,"label":"cat 0"},"geometry":{"type":"Polygon","coordinates":[[[-84.010000014002,35.81000002543584],[-84.010000014002,35.80000002572164],[-84.00000001428775,35.80000002572164],[-84.00000001428775,35.81000002543584],[-84.010000014002,35.81000002543584]]]}},{"id":"112","type":"Feature","properties":{"category":0,"label":"cat 0"},"geometry":{"type":"Polygon","coordinates":[[[-83.93000001628805,35.81000002543584],[-83.93000001628805,35.80000002572164],[-83.9200000165738,35.80000002572164],[-83.9200000165738,35.81000002543584],[-83.93000001628805,35.81000002543584]]]}},{"id":"113","type":"Feature","properties":{"category":0,"label":"cat 0"},"geometry":{"type":"Polygon","coordinates":[[[-82.6500000528647,35.81000002543584],[-82.6500000528647,35.80000002572164],[-82.6300000534362,35.80000002572164],[-82.6300000534362,35.81000002543584],[-82.6500000528647,35.81000002543584]]]}},{"id":"114","type":"Feature","properties":{"category":0,"label":"cat 0"},"geometry":{"type":"Polygon","coordinates":[[[-81.5800000834405,35.81000002543584],[-81.5800000834405,35.80000002572164],[-81.57000008372624,35.80000002572164],[-81.57000008372624,35.81000002543584],[-81.5800000834405,35.81000002543584]]]}},{"id":"115","type":"Feature","properties":{"category":0,"label":"cat 0"},"geometry":{"type":"Polygon","coordinates":[[[-83.96000001543078,35.80000002572164],[-83.96000001543078,35.790000026007434],[-83.95000001571653,35.790000026007434],[-83.95000001571653,35.80000002572164],[-83.96000001543078,35.80000002572164]]]}},{"id":"116","type":"Feature","properties":{"category":0,"label":"cat 0"},"geometry":{"type":"Polygon","coordinates":[[[-82.59000005457922,35.80000002572164],[-82.59000005457922,35.790000026007434],[-82.58000005486498,35.790000026007434],[-82.58000005486498,35.80000002572164],[-82.59000005457922,35.80000002572164]]]}},{"id":"117","type":"Feature","properties":{"category":0,"label":"cat 0"},"geometry":{"type":"Polygon","coordinates":[[[-82.72000005086441,35.790000026007434],[-82.72000005086441,35.78000002629323],[-82.69000005172167,35.78000002629323],[-82.69000005172167,35.790000026007434],[-82.72000005086441,35.790000026007434]]]}},{"id":"118","type":"Feature","properties":{"category":0,"label":"cat 0"},"geometry":{"type":"Polygon","coordinates":[[[-81.48000008629805,35.790000026007434],[-81.48000008629805,35.78000002629323],[-81.4700000865838,35.78000002629323],[-81.4700000865838,35.790000026007434],[-81.48000008629805,35.790000026007434]]]}},{"id":"119","type":"Feature","properties":{"category":0,"label":"cat 0"},"geometry":{"type":"Polygon","coordinates":[[[-83.81000001971711,35.80000002572164],[-83.81000001971711,35.77000002657903],[-83.79000002028862,35.77000002657903],[-83.79000002028862,35.78000002629323],[-83.80000002000286,35.78000002629323],[-83.80000002000286,35.80000002572164],[-83.81000001971711,35.80000002572164]]]}},{"id":"120","type":"Feature","properties":{"category":0,"label":"cat 0"},"geometry":{"type":"Polygon","coordinates":[[[-83.88000001771681,35.790000026007434],[-83.88000001771681,35.78000002629323],[-83.87000001800257,35.78000002629323],[-83.87000001800257,35.77000002657903],[-83.86000001828833,35.77000002657903],[-83.86000001828833,35.78000002629323],[-83.85000001857408,35.78000002629323],[-83.85000001857408,35.790000026007434],[-83.88000001771681,35.790000026007434]]]}},{"id":"121","type":"Feature","properties":{"category":0,"label":"cat 0"},"geometry":{"type":"Polygon","coordinates":[[[-83.89000001743106,35.78000002629323],[-83.89000001743106,35.77000002657903],[-83.88000001771681,35.77000002657903],[-83.88000001771681,35.78000002629323],[-83.89000001743106,35.78000002629323]]]}},{"id":"122","type":"Feature","properties":{"category":0,"label":"cat 0"},"geometry":{"type":"Polygon","coordinates":[[[-83.70000002286041,35.78000002629323],[-83.70000002286041,35.77000002657903],[-83.69000002314617,35.77000002657903],[-83.69000002314617,35.78000002629323],[-83.70000002286041,35.78000002629323]]]}},{"id":"123","type":"Feature","properties":{"category":0,"label":"cat 0"},"geometry":{"type":"Polygon","coordinates":[[[-83.82000001943135,35.77000002657903],[-83.82000001943135,35.76000002686482],[-83.81000001971711,35.76000002686482],[-83.81000001971711,35.77000002657903],[-83.82000001943135,35.77000002657903]]]}},{"id":"124","type":"Feature","properties":{"category":0,"label":"cat 0"},"geometry":{"type":"Polygon","coordinates":[[[-82.72000005086441,35.77000002657903],[-82.72000005086441,35.76000002686482],[-82.71000005115016,35.76000002686482],[-82.71000005115016,35.77000002657903],[-82.72000005086441,35.77000002657903]]]}},{"id":"125","type":"Feature","properties":{"category":0,"label":"cat 0"},"geometry":{"type":"Polygon","coordinates":[[[-83.22000003657665,35.77000002657903],[-83.22000003657665,35.75000002715062],[-83.21000003686241,35.75000002715062],[-83.21000003686241,35.77000002657903],[-83.22000003657665,35.77000002657903]]]}},{"id":"126","type":"Feature","properties":{"category":0,"label":"cat 0"},"geometry":{"type":"Polygon","coordinates":[[[-83.97000001514502,35.76000002686482],[-83.97000001514502,35.75000002715062],[-83.96000001543078,35.75000002715062],[-83.96000001543078,35.76000002686482],[-83.97000001514502,35.76000002686482]]]}},{"id":"127","type":"Feature","properties":{"category":0,"label":"cat 0"},"geometry":{"type":"Polygon","coordinates":[[[-83.83000001914559,35.76000002686482],[-83.83000001914559,35.75000002715062],[-83.82000001943135,35.75000002715062],[-83.82000001943135,35.76000002686482],[-83.83000001914559,35.76000002686482]]]}},{"id":"128","type":"Feature","properties":{"category":0,"label":"cat 0"},"geometry":{"type":"Polygon","coordinates":[[[-83.71000002257465,35.76000002686482],[-83.71000002257465,35.75000002715062],[-83.70000002286041,35.75000002715062],[-83.70000002286041,35.76000002686482],[-83.71000002257465,35.76000002686482]]]}},{"id":"129","type":"Feature","properties":{"category":0,"label":"cat 0"},"geometry":{"type":"Polygon","coordinates":[[[-82.74000005029289,35.76000002686482],[-82.74000005029289,35.75000002715062],[-82.73000005057865,35.75000002715062],[-82.73000005057865,35.76000002686482],[-82.74000005029289,35.76000002686482]]]}},{"id":"130","type":"Feature","properties":{"category":0,"label":"cat 0"},"geometry":{"type":"Polygon","coordinates":[[[-83.47000002943278,35.75000002715062],[-83.47000002943278,35.740000027436416],[-83.46000002971853,35.740000027436416],[-83.46000002971853,35.75000002715062],[-83.47000002943278,35.75000002715062]]]}},{"id":"131","type":"Feature","properties":{"category":0,"label":"cat 0"},"geometry":{"type":"Polygon","coordinates":[[[-83.04000004172025,35.75000002715062],[-83.04000004172025,35.73000002772221],[-83.030000042006,35.73000002772221],[-83.030000042006,35.75000002715062],[-83.04000004172025,35.75000002715062]]]}},{"id":"132","type":"Feature","properties":{"category":0,"label":"cat 0"},"geometry":{"type":"Polygon","coordinates":[[[-83.74000002171739,35.740000027436416],[-83.74000002171739,35.73000002772221],[-83.73000002200314,35.73000002772221],[-83.73000002200314,35.740000027436416],[-83.74000002171739,35.740000027436416]]]}},{"id":"133","type":"Feature","properties":{"category":0,"label":"cat 0"},"geometry":{"type":"Polygon","coordinates":[[[-82.30000006286612,35.740000027436416],[-82.30000006286612,35.73000002772221],[-82.29000006315188,35.73000002772221],[-82.29000006315188,35.740000027436416],[-82.30000006286612,35.740000027436416]]]}},{"id":"134","type":"Feature","properties":{"category":0,"label":"cat 0"},"geometry":{"type":"Polygon","coordinates":[[[-81.4500000871553,35.740000027436416],[-81.4500000871553,35.73000002772221],[-81.44000008744106,35.73000002772221],[-81.44000008744106,35.740000027436416],[-81.4500000871553,35.740000027436416]]]}},{"id":"135","type":"Feature","properties":{"category":0,"label":"cat 0"},"geometry":{"type":"Polygon","coordinates":[[[-82.99000004314902,35.740000027436416],[-82.99000004314902,35.720000028008],[-82.98000004343477,35.720000028008],[-82.98000004343477,35.740000027436416],[-82.99000004314902,35.740000027436416]]]}},{"id":"136","type":"Feature","properties":{"category":0,"label":"cat 0"},"geometry":{"type":"Polygon","coordinates":[[[-82.70000005143592,35.76000002686482],[-82.70000005143592,35.75000002715062],[-82.71000005115016,35.75000002715062],[-82.71000005115016,35.740000027436416],[-82.72000005086441,35.740000027436416],[-82.72000005086441,35.73000002772221],[-82.70000005143592,35.73000002772221],[-82.70000005143592,35.720000028008],[-82.69000005172167,35.720000028008],[-82.69000005172167,35.73000002772221],[-82.68000005200743,35.73000002772221],[-82.68000005200743,35.740000027436416],[-82.69000005172167,35.740000027436416],[-82.69000005172167,35.76000002686482],[-82.70000005143592,35.76000002686482]]]}},{"id":"137","type":"Feature","properties":{"category":0,"label":"cat 0"},"geometry":{"type":"Polygon","coordinates":[[[-82.76000004972138,35.73000002772221],[-82.76000004972138,35.720000028008],[-82.73000005057865,35.720000028008],[-82.73000005057865,35.73000002772221],[-82.76000004972138,35.73000002772221]]]}},{"id":"138","type":"Feature","properties":{"category":0,"label":"cat 0"},"geometry":{"type":"Polygon","coordinates":[[[-82.68000005200743,35.73000002772221],[-82.68000005200743,35.720000028008],[-82.67000005229319,35.720000028008],[-82.67000005229319,35.73000002772221],[-82.68000005200743,35.73000002772221]]]}},{"id":"139","type":"Feature","properties":{"category":0,"label":"cat 0"},"geometry":{"type":"Polygon","coordinates":[[[-82.6300000534362,35.73000002772221],[-82.6300000534362,35.720000028008],[-82.62000005372197,35.720000028008],[-82.62000005372197,35.73000002772221],[-82.6300000534362,35.73000002772221]]]}},{"id":"140","type":"Feature","properties":{"category":0,"label":"cat 0"},"geometry":{"type":"Polygon","coordinates":[[[-81.38000008915559,35.73000002772221],[-81.38000008915559,35.720000028008],[-81.37000008944135,35.720000028008],[-81.37000008944135,35.73000002772221],[-81.38000008915559,35.73000002772221]]]}},{"id":"141","type":"Feature","properties":{"category":0,"label":"cat 0"},"geometry":{"type":"Polygon","coordinates":[[[-83.16000003829119,35.740000027436416],[-83.16000003829119,35.73000002772221],[-83.17000003800543,35.73000002772221],[-83.17000003800543,35.7100000282938],[-83.16000003829119,35.7100000282938],[-83.16000003829119,35.720000028008],[-83.15000003857693,35.720000028008],[-83.15000003857693,35.73000002772221],[-83.1400000388627,35.73000002772221],[-83.1400000388627,35.740000027436416],[-83.16000003829119,35.740000027436416]]]}},{"id":"142","type":"Feature","properties":{"category":0,"label":"cat 0"},"geometry":{"type":"Polygon","coordinates":[[[-83.99000001457351,35.720000028008],[-83.99000001457351,35.7100000282938],[-83.98000001485927,35.7100000282938],[-83.98000001485927,35.720000028008],[-83.99000001457351,35.720000028008]]]}},{"id":"143","type":"Feature","properties":{"category":0,"label":"cat 0"},"geometry":{"type":"Polygon","coordinates":[[[-83.20000003714816,35.720000028008],[-83.20000003714816,35.7100000282938],[-83.19000003743392,35.7100000282938],[-83.19000003743392,35.720000028008],[-83.20000003714816,35.720000028008]]]}},{"id":"144","type":"Feature","properties":{"category":0,"label":"cat 0"},"geometry":{"type":"Polygon","coordinates":[[[-83.00000004286326,35.720000028008],[-83.00000004286326,35.7100000282938],[-82.99000004314902,35.7100000282938],[-82.99000004314902,35.720000028008],[-83.00000004286326,35.720000028008]]]}},{"id":"145","type":"Feature","properties":{"category":0,"label":"cat 0"},"geometry":{"type":"Polygon","coordinates":[[[-82.79000004886413,35.720000028008],[-82.79000004886413,35.7100000282938],[-82.78000004914988,35.7100000282938],[-82.78000004914988,35.720000028008],[-82.79000004886413,35.720000028008]]]}},{"id":"146","type":"Feature","properties":{"category":0,"label":"cat 0"},"geometry":{"type":"Polygon","coordinates":[[[-82.66000005257894,35.720000028008],[-82.66000005257894,35.7100000282938],[-82.64000005315044,35.7100000282938],[-82.64000005315044,35.720000028008],[-82.66000005257894,35.720000028008]]]}},{"id":"147","type":"Feature","properties":{"category":0,"label":"cat 0"},"geometry":{"type":"Polygon","coordinates":[[[-82.38000006058009,35.720000028008],[-82.38000006058009,35.7100000282938],[-82.37000006086583,35.7100000282938],[-82.37000006086583,35.720000028008],[-82.38000006058009,35.720000028008]]]}},{"id":"148","type":"Feature","properties":{"category":0,"label":"cat 0"},"geometry":{"type":"Polygon","coordinates":[[[-81.37000008944135,35.720000028008],[-81.37000008944135,35.7100000282938],[-81.36000008972711,35.7100000282938],[-81.36000008972711,35.720000028008],[-81.37000008944135,35.720000028008]]]}},{"id":"149","type":"Feature","properties":{"category":0,"label":"cat 0"},"geometry":{"type":"Polygon","coordinates":[[[-81.25000009287041,35.720000028008],[-81.25000009287041,35.7100000282938],[-81.24000009315617,35.7100000282938],[-81.24000009315617,35.720000028008],[-81.25000009287041,35.720000028008]]]}},{"id":"150","type":"Feature","properties":{"category":0,"label":"cat 0"},"geometry":{"type":"Polygon","coordinates":[[[-81.15000009572796,35.75000002715062],[-81.15000009572796,35.740000027436416],[-81.17000009515645,35.740000027436416],[-81.17000009515645,35.73000002772221],[-81.1600000954422,35.73000002772221],[-81.1600000954422,35.720000028008],[-81.15000009572796,35.720000028008],[-81.15000009572796,35.7100000282938],[-81.14000009601372,35.7100000282938],[-81.14000009601372,35.720000028008],[-81.12000009658523,35.720000028008],[-81.12000009658523,35.7100000282938],[-81.08000009772825,35.7100000282938],[-81.08000009772825,35.700000028579595],[-81.070000098014,35.700000028579595],[-81.070000098014,35.7100000282938],[-81.06000009829975,35.7100000282938],[-81.06000009829975,35.700000028579595],[-81.05000009858551,35.700000028579595],[-81.05000009858551,35.7100000282938],[-81.04000009887126,35.7100000282938],[-81.04000009887126,35.73000002772221],[-81.06000009829975,35.73000002772221],[-81.06000009829975,35.740000027436416],[-81.09000009744248,35.740000027436416],[-81.09000009744248,35.73000002772221],[-81.10000009715674,35.73000002772221],[-81.10000009715674,35.75000002715062],[-81.13000009629947,35.75000002715062],[-81.13000009629947,35.740000027436416],[-81.14000009601372,35.740000027436416],[-81.14000009601372,35.75000002715062],[-81.15000009572796,35.75000002715062]]]}},{"id":"151","type":"Feature","properties":{"category":0,"label":"cat 0"},"geometry":{"type":"Polygon","coordinates":[[[-82.69000005172167,35.720000028008],[-82.69000005172167,35.700000028579595],[-82.68000005200743,35.700000028579595],[-82.68000005200743,35.720000028008],[-82.69000005172167,35.720000028008]]]}},{"id":"152","type":"Feature","properties":{"category":0,"label":"cat 0"},"geometry":{"type":"Polygon","coordinates":[[[-82.61000005400771,35.720000028008],[-82.61000005400771,35.700000028579595],[-82.60000005429347,35.700000028579595],[-82.60000005429347,35.7100000282938],[-82.59000005457922,35.7100000282938],[-82.59000005457922,35.720000028008],[-82.61000005400771,35.720000028008]]]}},{"id":"153","type":"Feature","properties":{"category":0,"label":"cat 0"},"geometry":{"type":"Polygon","coordinates":[[[-82.40000006000857,35.720000028008],[-82.40000006000857,35.700000028579595],[-82.38000006058009,35.700000028579595],[-82.38000006058009,35.7100000282938],[-82.39000006029433,35.7100000282938],[-82.39000006029433,35.720000028008],[-82.40000006000857,35.720000028008]]]}},{"id":"154","type":"Feature","properties":{"category":0,"label":"cat 0"},"geometry":{"type":"Polygon","coordinates":[[[-84.06000001257323,35.7100000282938],[-84.06000001257323,35.700000028579595],[-84.05000001285897,35.700000028579595],[-84.05000001285897,35.7100000282938],[-84.06000001257323,35.7100000282938]]]}},{"id":"155","type":"Feature","properties":{"category":0,"label":"cat 0"},"geometry":{"type":"Polygon","coordinates":[[[-83.83000001914559,35.7100000282938],[-83.83000001914559,35.700000028579595],[-83.82000001943135,35.700000028579595],[-83.82000001943135,35.7100000282938],[-83.83000001914559,35.7100000282938]]]}},{"id":"156","type":"Feature","properties":{"category":0,"label":"cat 0"},"geometry":{"type":"Polygon","coordinates":[[[-83.39000003171881,35.720000028008],[-83.39000003171881,35.7100000282938],[-83.40000003143307,35.7100000282938],[-83.40000003143307,35.700000028579595],[-83.38000003200457,35.700000028579595],[-83.38000003200457,35.720000028008],[-83.39000003171881,35.720000028008]]]}},{"id":"157","type":"Feature","properties":{"category":0,"label":"cat 0"},"geometry":{"type":"Polygon","coordinates":[[[-83.04000004172025,35.7100000282938],[-83.04000004172025,35.700000028579595],[-83.030000042006,35.700000028579595],[-83.030000042006,35.7100000282938],[-83.04000004172025,35.7100000282938]]]}},{"id":"158","type":"Feature","properties":{"category":0,"label":"cat 0"},"geometry":{"type":"Polygon","coordinates":[[[-82.81000004829261,35.7100000282938],[-82.81000004829261,35.700000028579595],[-82.79000004886413,35.700000028579595],[-82.79000004886413,35.7100000282938],[-82.81000004829261,35.7100000282938]]]}},{"id":"159","type":"Feature","properties":{"category":0,"label":"cat 0"},"geometry":{"type":"Polygon","coordinates":[[[-82.77000004943564,35.7100000282938],[-82.77000004943564,35.700000028579595],[-82.75000005000715,35.700000028579595],[-82.75000005000715,35.7100000282938],[-82.77000004943564,35.7100000282938]]]}},{"id":"160","type":"Feature","properties":{"category":0,"label":"cat 0"},"geometry":{"type":"Polygon","coordinates":[[[-84.07000001228747,35.700000028579595],[-84.07000001228747,35.69000002886539],[-84.06000001257323,35.69000002886539],[-84.06000001257323,35.700000028579595],[-84.07000001228747,35.700000028579595]]]}},{"id":"161","type":"Feature","properties":{"category":0,"label":"cat 0"},"geometry":{"type":"Polygon","coordinates":[[[-83.86000001828833,35.700000028579595],[-83.86000001828833,35.69000002886539],[-83.85000001857408,35.69000002886539],[-83.85000001857408,35.700000028579595],[-83.86000001828833,35.700000028579595]]]}},{"id":"162","type":"Feature","properties":{"category":0,"label":"cat 0"},"geometry":{"type":"Polygon","coordinates":[[[-83.84000001885984,35.700000028579595],[-83.84000001885984,35.69000002886539],[-83.83000001914559,35.69000002886539],[-83.83000001914559,35.700000028579595],[-83.84000001885984,35.700000028579595]]]}},{"id":"163","type":"Feature","properties":{"category":0,"label":"cat 0"},"geometry":{"type":"Polygon","coordinates":[[[-82.78000004914988,35.700000028579595],[-82.78000004914988,35.69000002886539],[-82.77000004943564,35.69000002886539],[-82.77000004943564,35.700000028579595],[-82.78000004914988,35.700000028579595]]]}},{"id":"164","type":"Feature","properties":{"category":0,"label":"cat 0"},"geometry":{"type":"Polygon","coordinates":[[[-82.66000005257894,35.700000028579595],[-82.66000005257894,35.69000002886539],[-82.64000005315044,35.69000002886539],[-82.64000005315044,35.700000028579595],[-82.66000005257894,35.700000028579595]]]}},{"id":"165","type":"Feature","properties":{"category":0,"label":"cat 0"},"geometry":{"type":"Polygon","coordinates":[[[-82.46000005829404,35.700000028579595],[-82.46000005829404,35.69000002886539],[-82.4500000585798,35.69000002886539],[-82.4500000585798,35.700000028579595],[-82.46000005829404,35.700000028579595]]]}},{"id":"166","type":"Feature","properties":{"category":0,"label":"cat 0"},"geometry":{"type":"Polygon","coordinates":[[[-81.33000009058436,35.700000028579595],[-81.33000009058436,35.69000002886539],[-81.32000009087012,35.69000002886539],[-81.32000009087012,35.700000028579595],[-81.33000009058436,35.700000028579595]]]}},{"id":"167","type":"Feature","properties":{"category":0,"label":"cat 0"},"geometry":{"type":"Polygon","coordinates":[[[-81.31000009115589,35.700000028579595],[-81.31000009115589,35.69000002886539],[-81.30000009144163,35.69000002886539],[-81.30000009144163,35.700000028579595],[-81.31000009115589,35.700000028579595]]]}},{"id":"168","type":"Feature","properties":{"category":0,"label":"cat 0"},"geometry":{"type":"Polygon","coordinates":[[[-82.6300000534362,35.700000028579595],[-82.6300000534362,35.69000002886539],[-82.62000005372197,35.69000002886539],[-82.62000005372197,35.68000002915119],[-82.61000005400771,35.68000002915119],[-82.61000005400771,35.700000028579595],[-82.6300000534362,35.700000028579595]]]}},{"id":"169","type":"Feature","properties":{"category":0,"label":"cat 0"},"geometry":{"type":"Polygon","coordinates":[[[-82.81000004829261,35.69000002886539],[-82.81000004829261,35.68000002915119],[-82.80000004857837,35.68000002915119],[-82.80000004857837,35.69000002886539],[-82.81000004829261,35.69000002886539]]]}},{"id":"170","type":"Feature","properties":{"category":0,"label":"cat 0"},"geometry":{"type":"Polygon","coordinates":[[[-82.64000005315044,35.69000002886539],[-82.64000005315044,35.68000002915119],[-82.6300000534362,35.68000002915119],[-82.6300000534362,35.69000002886539],[-82.64000005315044,35.69000002886539]]]}},{"id":"171","type":"Feature","properties":{"category":0,"label":"cat 0"},"geometry":{"type":"Polygon","coordinates":[[[-82.60000005429347,35.69000002886539],[-82.60000005429347,35.68000002915119],[-82.59000005457922,35.68000002915119],[-82.59000005457922,35.69000002886539],[-82.60000005429347,35.69000002886539]]]}},{"id":"172","type":"Feature","properties":{"category":0,"label":"cat 0"},"geometry":{"type":"Polygon","coordinates":[[[-83.88000001771681,35.68000002915119],[-83.88000001771681,35.670000029436984],[-83.87000001800257,35.670000029436984],[-83.87000001800257,35.68000002915119],[-83.88000001771681,35.68000002915119]]]}},{"id":"173","type":"Feature","properties":{"category":0,"label":"cat 0"},"geometry":{"type":"Polygon","coordinates":[[[-82.9400000445778,35.68000002915119],[-82.9400000445778,35.670000029436984],[-82.93000004486355,35.670000029436984],[-82.93000004486355,35.68000002915119],[-82.9400000445778,35.68000002915119]]]}},{"id":"174","type":"Feature","properties":{"category":0,"label":"cat 0"},"geometry":{"type":"Polygon","coordinates":[[[-82.6300000534362,35.68000002915119],[-82.6300000534362,35.670000029436984],[-82.62000005372197,35.670000029436984],[-82.62000005372197,35.68000002915119],[-82.6300000534362,35.68000002915119]]]}},{"id":"175","type":"Feature","properties":{"category":0,"label":"cat 0"},"geometry":{"type":"Polygon","coordinates":[[[-84.06000001257323,35.69000002886539],[-84.06000001257323,35.670000029436984],[-84.05000001285897,35.670000029436984],[-84.05000001285897,35.66000002972278],[-84.04000001314473,35.66000002972278],[-84.04000001314473,35.68000002915119],[-84.05000001285897,35.68000002915119],[-84.05000001285897,35.69000002886539],[-84.06000001257323,35.69000002886539]]]}},{"id":"176","type":"Feature","properties":{"category":0,"label":"cat 0"},"geometry":{"type":"Polygon","coordinates":[[[-83.82000001943135,35.670000029436984],[-83.82000001943135,35.66000002972278],[-83.81000001971711,35.66000002972278],[-83.81000001971711,35.670000029436984],[-83.82000001943135,35.670000029436984]]]}},{"id":"177","type":"Feature","properties":{"category":0,"label":"cat 0"},"geometry":{"type":"Polygon","coordinates":[[[-83.08000004057722,35.670000029436984],[-83.08000004057722,35.66000002972278],[-83.07000004086298,35.66000002972278],[-83.07000004086298,35.670000029436984],[-83.08000004057722,35.670000029436984]]]}},{"id":"178","type":"Feature","properties":{"category":0,"label":"cat 0"},"geometry":{"type":"Polygon","coordinates":[[[-82.85000004714959,35.68000002915119],[-82.85000004714959,35.65000003000858],[-82.8300000477211,35.65000003000858],[-82.8300000477211,35.66000002972278],[-82.82000004800686,35.66000002972278],[-82.82000004800686,35.670000029436984],[-82.8300000477211,35.670000029436984],[-82.8300000477211,35.68000002915119],[-82.85000004714959,35.68000002915119]]]}},{"id":"179","type":"Feature","properties":{"category":0,"label":"cat 0"},"geometry":{"type":"Polygon","coordinates":[[[-84.06000001257323,35.66000002972278],[-84.06000001257323,35.65000003000858],[-84.05000001285897,35.65000003000858],[-84.05000001285897,35.66000002972278],[-84.06000001257323,35.66000002972278]]]}},{"id":"180","type":"Feature","properties":{"category":0,"label":"cat 0"},"geometry":{"type":"Polygon","coordinates":[[[-83.86000001828833,35.66000002972278],[-83.86000001828833,35.65000003000858],[-83.85000001857408,35.65000003000858],[-83.85000001857408,35.66000002972278],[-83.86000001828833,35.66000002972278]]]}},{"id":"181","type":"Feature","properties":{"category":0,"label":"cat 0"},"geometry":{"type":"Polygon","coordinates":[[[-83.81000001971711,35.66000002972278],[-83.81000001971711,35.65000003000858],[-83.80000002000286,35.65000003000858],[-83.80000002000286,35.66000002972278],[-83.81000001971711,35.66000002972278]]]}},{"id":"182","type":"Feature","properties":{"category":0,"label":"cat 0"},"geometry":{"type":"Polygon","coordinates":[[[-82.82000004800686,35.66000002972278],[-82.82000004800686,35.65000003000858],[-82.81000004829261,35.65000003000858],[-82.81000004829261,35.66000002972278],[-82.82000004800686,35.66000002972278]]]}},{"id":"183","type":"Feature","properties":{"category":0,"label":"cat 0"},"geometry":{"type":"Polygon","coordinates":[[[-83.80000002000286,35.670000029436984],[-83.80000002000286,35.66000002972278],[-83.79000002028862,35.66000002972278],[-83.79000002028862,35.640000030294374],[-83.78000002057436,35.640000030294374],[-83.78000002057436,35.670000029436984],[-83.80000002000286,35.670000029436984]]]}},{"id":"184","type":"Feature","properties":{"category":0,"label":"cat 0"},"geometry":{"type":"Polygon","coordinates":[[[-83.77000002086012,35.65000003000858],[-83.77000002086012,35.640000030294374],[-83.76000002114588,35.640000030294374],[-83.76000002114588,35.65000003000858],[-83.77000002086012,35.65000003000858]]]}},{"id":"185","type":"Feature","properties":{"category":0,"label":"cat 0"},"geometry":{"type":"Polygon","coordinates":[[[-83.27000003514787,35.65000003000858],[-83.27000003514787,35.640000030294374],[-83.26000003543363,35.640000030294374],[-83.26000003543363,35.65000003000858],[-83.27000003514787,35.65000003000858]]]}},{"id":"186","type":"Feature","properties":{"category":0,"label":"cat 0"},"geometry":{"type":"Polygon","coordinates":[[[-83.08000004057722,35.65000003000858],[-83.08000004057722,35.640000030294374],[-83.07000004086298,35.640000030294374],[-83.07000004086298,35.65000003000858],[-83.08000004057722,35.65000003000858]]]}},{"id":"187","type":"Feature","properties":{"category":0,"label":"cat 0"},"geometry":{"type":"Polygon","coordinates":[[[-82.81000004829261,35.65000003000858],[-82.81000004829261,35.640000030294374],[-82.80000004857837,35.640000030294374],[-82.80000004857837,35.65000003000858],[-82.81000004829261,35.65000003000858]]]}},{"id":"188","type":"Feature","properties":{"category":0,"label":"cat 0"},"geometry":{"type":"Polygon","coordinates":[[[-83.88000001771681,35.65000003000858],[-83.88000001771681,35.63000003058017],[-83.87000001800257,35.63000003058017],[-83.87000001800257,35.640000030294374],[-83.86000001828833,35.640000030294374],[-83.86000001828833,35.65000003000858],[-83.88000001771681,35.65000003000858]]]}},{"id":"189","type":"Feature","properties":{"category":0,"label":"cat 0"},"geometry":{"type":"Polygon","coordinates":[[[-84.04000001314473,35.640000030294374],[-84.04000001314473,35.63000003058017],[-84.0300000134305,35.63000003058017],[-84.0300000134305,35.640000030294374],[-84.04000001314473,35.640000030294374]]]}},{"id":"190","type":"Feature","properties":{"category":0,"label":"cat 0"},"geometry":{"type":"Polygon","coordinates":[[[-83.76000002114588,35.640000030294374],[-83.76000002114588,35.63000003058017],[-83.75000002143163,35.63000003058017],[-83.75000002143163,35.640000030294374],[-83.76000002114588,35.640000030294374]]]}},{"id":"191","type":"Feature","properties":{"category":0,"label":"cat 0"},"geometry":{"type":"Polygon","coordinates":[[[-83.48000002914702,35.65000003000858],[-83.48000002914702,35.640000030294374],[-83.49000002886126,35.640000030294374],[-83.49000002886126,35.63000003058017],[-83.46000002971853,35.63000003058017],[-83.46000002971853,35.640000030294374],[-83.47000002943278,35.640000030294374],[-83.47000002943278,35.65000003000858],[-83.48000002914702,35.65000003000858]]]}},{"id":"192","type":"Feature","properties":{"category":0,"label":"cat 0"},"geometry":{"type":"Polygon","coordinates":[[[-83.28000003486213,35.640000030294374],[-83.28000003486213,35.63000003058017],[-83.27000003514787,35.63000003058017],[-83.27000003514787,35.640000030294374],[-83.28000003486213,35.640000030294374]]]}},{"id":"193","type":"Feature","properties":{"category":0,"label":"cat 0"},"geometry":{"type":"Polygon","coordinates":[[[-82.8300000477211,35.65000003000858],[-82.8300000477211,35.640000030294374],[-82.84000004743535,35.640000030294374],[-82.84000004743535,35.63000003058017],[-82.82000004800686,35.63000003058017],[-82.82000004800686,35.65000003000858],[-82.8300000477211,35.65000003000858]]]}},{"id":"194","type":"Feature","properties":{"category":0,"label":"cat 0"},"geometry":{"type":"Polygon","coordinates":[[[-83.81000001971711,35.63000003058017],[-83.81000001971711,35.62000003086597],[-83.79000002028862,35.62000003086597],[-83.79000002028862,35.61000003115176],[-83.78000002057436,35.61000003115176],[-83.78000002057436,35.63000003058017],[-83.81000001971711,35.63000003058017]]]}},{"id":"195","type":"Feature","properties":{"category":0,"label":"cat 0"},"geometry":{"type":"Polygon","coordinates":[[[-84.04000001314473,35.62000003086597],[-84.04000001314473,35.61000003115176],[-84.02000001371624,35.61000003115176],[-84.02000001371624,35.62000003086597],[-84.04000001314473,35.62000003086597]]]}},{"id":"196","type":"Feature","properties":{"category":0,"label":"cat 0"},"geometry":{"type":"Polygon","coordinates":[[[-82.88000004629232,35.62000003086597],[-82.88000004629232,35.60000003143756],[-82.86000004686383,35.60000003143756],[-82.86000004686383,35.61000003115176],[-82.87000004657808,35.61000003115176],[-82.87000004657808,35.62000003086597],[-82.88000004629232,35.62000003086597]]]}},{"id":"197","type":"Feature","properties":{"category":0,"label":"cat 0"},"geometry":{"type":"Polygon","coordinates":[[[-83.9000000171453,35.61000003115176],[-83.9000000171453,35.60000003143756],[-83.89000001743106,35.60000003143756],[-83.89000001743106,35.61000003115176],[-83.9000000171453,35.61000003115176]]]}},{"id":"198","type":"Feature","properties":{"category":0,"label":"cat 0"},"geometry":{"type":"Polygon","coordinates":[[[-83.84000001885984,35.61000003115176],[-83.84000001885984,35.60000003143756],[-83.83000001914559,35.60000003143756],[-83.83000001914559,35.61000003115176],[-83.84000001885984,35.61000003115176]]]}},{"id":"199","type":"Feature","properties":{"category":0,"label":"cat 0"},"geometry":{"type":"Polygon","coordinates":[[[-83.27000003514787,35.61000003115176],[-83.27000003514787,35.60000003143756],[-83.26000003543363,35.60000003143756],[-83.26000003543363,35.61000003115176],[-83.27000003514787,35.61000003115176]]]}},{"id":"200","type":"Feature","properties":{"category":0,"label":"cat 0"},"geometry":{"type":"Polygon","coordinates":[[[-83.78000002057436,35.61000003115176],[-83.78000002057436,35.59000003172335],[-83.77000002086012,35.59000003172335],[-83.77000002086012,35.60000003143756],[-83.76000002114588,35.60000003143756],[-83.76000002114588,35.61000003115176],[-83.78000002057436,35.61000003115176]]]}},{"id":"201","type":"Feature","properties":{"category":0,"label":"cat 0"},"geometry":{"type":"Polygon","coordinates":[[[-84.06000001257323,35.60000003143756],[-84.06000001257323,35.59000003172335],[-84.05000001285897,35.59000003172335],[-84.05000001285897,35.60000003143756],[-84.06000001257323,35.60000003143756]]]}},{"id":"202","type":"Feature","properties":{"category":0,"label":"cat 0"},"geometry":{"type":"Polygon","coordinates":[[[-83.82000001943135,35.61000003115176],[-83.82000001943135,35.60000003143756],[-83.81000001971711,35.60000003143756],[-83.81000001971711,35.59000003172335],[-83.80000002000286,35.59000003172335],[-83.80000002000286,35.580000032009146],[-83.79000002028862,35.580000032009146],[-83.79000002028862,35.61000003115176],[-83.82000001943135,35.61000003115176]]]}},{"id":"203","type":"Feature","properties":{"category":0,"label":"cat 0"},"geometry":{"type":"Polygon","coordinates":[[[-83.86000001828833,35.59000003172335],[-83.86000001828833,35.580000032009146],[-83.85000001857408,35.580000032009146],[-83.85000001857408,35.59000003172335],[-83.86000001828833,35.59000003172335]]]}},{"id":"204","type":"Feature","properties":{"category":0,"label":"cat 0"},"geometry":{"type":"Polygon","coordinates":[[[-83.84000001885984,35.59000003172335],[-83.84000001885984,35.580000032009146],[-83.83000001914559,35.580000032009146],[-83.83000001914559,35.59000003172335],[-83.84000001885984,35.59000003172335]]]}},{"id":"205","type":"Feature","properties":{"category":0,"label":"cat 0"},"geometry":{"type":"Polygon","coordinates":[[[-83.15000003857693,35.59000003172335],[-83.15000003857693,35.580000032009146],[-83.1400000388627,35.580000032009146],[-83.1400000388627,35.59000003172335],[-83.15000003857693,35.59000003172335]]]}},{"id":"206","type":"Feature","properties":{"category":0,"label":"cat 0"},"geometry":{"type":"Polygon","coordinates":[[[-82.90000004572082,35.59000003172335],[-82.90000004572082,35.580000032009146],[-82.89000004600658,35.580000032009146],[-82.89000004600658,35.59000003172335],[-82.90000004572082,35.59000003172335]]]}},{"id":"207","type":"Feature","properties":{"category":0,"label":"cat 0"},"geometry":{"type":"Polygon","coordinates":[[[-83.63000002486069,35.60000003143756],[-83.63000002486069,35.57000003229494],[-83.6100000254322,35.57000003229494],[-83.6100000254322,35.60000003143756],[-83.63000002486069,35.60000003143756]]]}},{"id":"208","type":"Feature","properties":{"category":0,"label":"cat 0"},"geometry":{"type":"Polygon","coordinates":[[[-84.00000001428775,35.580000032009146],[-84.00000001428775,35.57000003229494],[-83.99000001457351,35.57000003229494],[-83.99000001457351,35.580000032009146],[-84.00000001428775,35.580000032009146]]]}},{"id":"209","type":"Feature","properties":{"category":0,"label":"cat 0"},"geometry":{"type":"Polygon","coordinates":[[[-83.91000001685956,35.580000032009146],[-83.91000001685956,35.57000003229494],[-83.9000000171453,35.57000003229494],[-83.9000000171453,35.580000032009146],[-83.91000001685956,35.580000032009146]]]}},{"id":"210","type":"Feature","properties":{"category":0,"label":"cat 0"},"geometry":{"type":"Polygon","coordinates":[[[-83.85000001857408,35.580000032009146],[-83.85000001857408,35.57000003229494],[-83.84000001885984,35.57000003229494],[-83.84000001885984,35.580000032009146],[-83.85000001857408,35.580000032009146]]]}},{"id":"211","type":"Feature","properties":{"category":0,"label":"cat 0"},"geometry":{"type":"Polygon","coordinates":[[[-83.11000003971996,35.65000003000858],[-83.11000003971996,35.640000030294374],[-83.13000003914846,35.640000030294374],[-83.13000003914846,35.63000003058017],[-83.1400000388627,35.63000003058017],[-83.1400000388627,35.62000003086597],[-83.15000003857693,35.62000003086597],[-83.15000003857693,35.60000003143756],[-83.1400000388627,35.60000003143756],[-83.1400000388627,35.59000003172335],[-83.13000003914846,35.59000003172335],[-83.13000003914846,35.580000032009146],[-83.1400000388627,35.580000032009146],[-83.1400000388627,35.57000003229494],[-83.1200000394342,35.57000003229494],[-83.1200000394342,35.580000032009146],[-83.11000003971996,35.580000032009146],[-83.11000003971996,35.59000003172335],[-83.10000004000571,35.59000003172335],[-83.10000004000571,35.61000003115176],[-83.09000004029147,35.61000003115176],[-83.09000004029147,35.63000003058017],[-83.08000004057722,35.63000003058017],[-83.08000004057722,35.640000030294374],[-83.10000004000571,35.640000030294374],[-83.10000004000571,35.65000003000858],[-83.11000003971996,35.65000003000858]]]}},{"id":"212","type":"Feature","properties":{"category":0,"label":"cat 0"},"geometry":{"type":"Polygon","coordinates":[[[-83.99000001457351,35.57000003229494],[-83.99000001457351,35.56000003258074],[-83.98000001485927,35.56000003258074],[-83.98000001485927,35.57000003229494],[-83.99000001457351,35.57000003229494]]]}},{"id":"213","type":"Feature","properties":{"category":0,"label":"cat 0"},"geometry":{"type":"Polygon","coordinates":[[[-83.55000002714674,35.57000003229494],[-83.55000002714674,35.56000003258074],[-83.54000002743248,35.56000003258074],[-83.54000002743248,35.57000003229494],[-83.55000002714674,35.57000003229494]]]}},{"id":"214","type":"Feature","properties":{"category":0,"label":"cat 0"},"geometry":{"type":"Polygon","coordinates":[[[-84.05000001285897,35.56000003258074],[-84.05000001285897,35.550000032866535],[-84.04000001314473,35.550000032866535],[-84.04000001314473,35.56000003258074],[-84.05000001285897,35.56000003258074]]]}},{"id":"215","type":"Feature","properties":{"category":0,"label":"cat 0"},"geometry":{"type":"Polygon","coordinates":[[[-83.97000001514502,35.56000003258074],[-83.97000001514502,35.54000003315233],[-83.96000001543078,35.54000003315233],[-83.96000001543078,35.56000003258074],[-83.97000001514502,35.56000003258074]]]}},{"id":"216","type":"Feature","properties":{"category":0,"label":"cat 0"},"geometry":{"type":"Polygon","coordinates":[[[-83.63000002486069,35.550000032866535],[-83.63000002486069,35.54000003315233],[-83.62000002514645,35.54000003315233],[-83.62000002514645,35.550000032866535],[-83.63000002486069,35.550000032866535]]]}},{"id":"217","type":"Feature","properties":{"category":0,"label":"cat 0"},"geometry":{"type":"Polygon","coordinates":[[[-83.93000001628805,35.54000003315233],[-83.93000001628805,35.520000033723925],[-83.9200000165738,35.520000033723925],[-83.9200000165738,35.54000003315233],[-83.93000001628805,35.54000003315233]]]}},{"id":"218","type":"Feature","properties":{"category":0,"label":"cat 0"},"geometry":{"type":"Polygon","coordinates":[[[-84.18000000914417,35.54000003315233],[-84.18000000914417,35.53000003343813],[-84.1900000088584,35.53000003343813],[-84.1900000088584,35.520000033723925],[-84.17000000942991,35.520000033723925],[-84.17000000942991,35.54000003315233],[-84.18000000914417,35.54000003315233]]]}},{"id":"219","type":"Feature","properties":{"category":0,"label":"cat 0"},"geometry":{"type":"Polygon","coordinates":[[[-84.10000001143021,35.53000003343813],[-84.10000001143021,35.520000033723925],[-84.09000001171596,35.520000033723925],[-84.09000001171596,35.53000003343813],[-84.10000001143021,35.53000003343813]]]}},{"id":"220","type":"Feature","properties":{"category":0,"label":"cat 0"},"geometry":{"type":"Polygon","coordinates":[[[-83.11000003971996,35.550000032866535],[-83.11000003971996,35.54000003315233],[-83.1200000394342,35.54000003315233],[-83.1200000394342,35.53000003343813],[-83.1400000388627,35.53000003343813],[-83.1400000388627,35.520000033723925],[-83.15000003857693,35.520000033723925],[-83.15000003857693,35.50000003429552],[-83.1400000388627,35.50000003429552],[-83.1400000388627,35.51000003400972],[-83.1200000394342,35.51000003400972],[-83.1200000394342,35.50000003429552],[-83.11000003971996,35.50000003429552],[-83.11000003971996,35.51000003400972],[-83.10000004000571,35.51000003400972],[-83.10000004000571,35.550000032866535],[-83.11000003971996,35.550000032866535]]]}},{"id":"221","type":"Feature","properties":{"category":0,"label":"cat 0"},"geometry":{"type":"Polygon","coordinates":[[[-84.12000001085869,35.50000003429552],[-84.12000001085869,35.490000034581314],[-84.11000001114445,35.490000034581314],[-84.11000001114445,35.50000003429552],[-84.12000001085869,35.50000003429552]]]}},{"id":"222","type":"Feature","properties":{"category":0,"label":"cat 0"},"geometry":{"type":"Polygon","coordinates":[[[-83.08000004057722,35.50000003429552],[-83.08000004057722,35.490000034581314],[-83.07000004086298,35.490000034581314],[-83.07000004086298,35.50000003429552],[-83.08000004057722,35.50000003429552]]]}},{"id":"223","type":"Feature","properties":{"category":0,"label":"cat 0"},"geometry":{"type":"Polygon","coordinates":[[[-84.17000000942991,35.520000033723925],[-84.17000000942991,35.51000003400972],[-84.20000000857266,35.51000003400972],[-84.20000000857266,35.50000003429552],[-84.18000000914417,35.50000003429552],[-84.18000000914417,35.490000034581314],[-84.16000000971567,35.490000034581314],[-84.16000000971567,35.48000003486711],[-84.15000001000143,35.48000003486711],[-84.15000001000143,35.50000003429552],[-84.12000001085869,35.50000003429552],[-84.12000001085869,35.51000003400972],[-84.14000001028718,35.51000003400972],[-84.14000001028718,35.520000033723925],[-84.17000000942991,35.520000033723925]]]}},{"id":"224","type":"Feature","properties":{"category":0,"label":"cat 0"},"geometry":{"type":"Polygon","coordinates":[[[-84.05000001285897,35.490000034581314],[-84.05000001285897,35.48000003486711],[-84.04000001314473,35.48000003486711],[-84.04000001314473,35.490000034581314],[-84.05000001285897,35.490000034581314]]]}},{"id":"225","type":"Feature","properties":{"category":0,"label":"cat 0"},"geometry":{"type":"Polygon","coordinates":[[[-84.00000001428775,35.490000034581314],[-84.00000001428775,35.48000003486711],[-83.99000001457351,35.48000003486711],[-83.99000001457351,35.490000034581314],[-84.00000001428775,35.490000034581314]]]}},{"id":"226","type":"Feature","properties":{"category":0,"label":"cat 0"},"geometry":{"type":"Polygon","coordinates":[[[-83.60000002571796,35.490000034581314],[-83.60000002571796,35.48000003486711],[-83.59000002600371,35.48000003486711],[-83.59000002600371,35.490000034581314],[-83.60000002571796,35.490000034581314]]]}},{"id":"227","type":"Feature","properties":{"category":0,"label":"cat 0"},"geometry":{"type":"Polygon","coordinates":[[[-84.10000001143021,35.48000003486711],[-84.10000001143021,35.460000035438696],[-84.09000001171596,35.460000035438696],[-84.09000001171596,35.48000003486711],[-84.10000001143021,35.48000003486711]]]}},{"id":"228","type":"Feature","properties":{"category":0,"label":"cat 0"},"geometry":{"type":"Polygon","coordinates":[[[-84.12000001085869,35.47000003515291],[-84.12000001085869,35.460000035438696],[-84.11000001114445,35.460000035438696],[-84.11000001114445,35.47000003515291],[-84.12000001085869,35.47000003515291]]]}},{"id":"229","type":"Feature","properties":{"category":0,"label":"cat 0"},"geometry":{"type":"Polygon","coordinates":[[[-82.99000004314902,35.47000003515291],[-82.99000004314902,35.460000035438696],[-82.98000004343477,35.460000035438696],[-82.98000004343477,35.47000003515291],[-82.99000004314902,35.47000003515291]]]}},{"id":"230","type":"Feature","properties":{"category":0,"label":"cat 0"},"geometry":{"type":"Polygon","coordinates":[[[-84.18000000914417,35.460000035438696],[-84.18000000914417,35.45000003572449],[-84.17000000942991,35.45000003572449],[-84.17000000942991,35.460000035438696],[-84.18000000914417,35.460000035438696]]]}},{"id":"231","type":"Feature","properties":{"category":0,"label":"cat 0"},"geometry":{"type":"Polygon","coordinates":[[[-84.05000001285897,35.45000003572449],[-84.05000001285897,35.44000003601029],[-84.04000001314473,35.44000003601029],[-84.04000001314473,35.45000003572449],[-84.05000001285897,35.45000003572449]]]}},{"id":"232","type":"Feature","properties":{"category":0,"label":"cat 0"},"geometry":{"type":"Polygon","coordinates":[[[-84.07000001228747,35.44000003601029],[-84.07000001228747,35.430000036296086],[-84.06000001257323,35.430000036296086],[-84.06000001257323,35.44000003601029],[-84.07000001228747,35.44000003601029]]]}},{"id":"233","type":"Feature","properties":{"category":0,"label":"cat 0"},"geometry":{"type":"Polygon","coordinates":[[[-82.89000004600658,35.430000036296086],[-82.89000004600658,35.42000003658188],[-82.88000004629232,35.42000003658188],[-82.88000004629232,35.430000036296086],[-82.89000004600658,35.430000036296086]]]}},{"id":"234","type":"Feature","properties":{"category":0,"label":"cat 0"},"geometry":{"type":"Polygon","coordinates":[[[-84.17000000942991,35.400000037153475],[-84.17000000942991,35.39000003743927],[-84.16000000971567,35.39000003743927],[-84.16000000971567,35.400000037153475],[-84.17000000942991,35.400000037153475]]]}},{"id":"235","type":"Feature","properties":{"category":0,"label":"cat 0"},"geometry":{"type":"Polygon","coordinates":[[[-84.07000001228747,35.38000003772507],[-84.07000001228747,35.370000038010865],[-84.06000001257323,35.370000038010865],[-84.06000001257323,35.38000003772507],[-84.07000001228747,35.38000003772507]]]}},{"id":"236","type":"Feature","properties":{"category":0,"label":"cat 0"},"geometry":{"type":"Polygon","coordinates":[[[-84.49000000028576,35.32000003943984],[-84.49000000028576,35.31000003972564],[-84.48000000057151,35.31000003972564],[-84.48000000057151,35.32000003943984],[-84.49000000028576,35.32000003943984]]]}},{"id":"237","type":"Feature","properties":{"category":0,"label":"cat 0"},"geometry":{"type":"Polygon","coordinates":[[[-84.04000001314473,35.32000003943984],[-84.04000001314473,35.31000003972564],[-84.0300000134305,35.31000003972564],[-84.0300000134305,35.32000003943984],[-84.04000001314473,35.32000003943984]]]}},{"id":"238","type":"Feature","properties":{"category":0,"label":"cat 0"},"geometry":{"type":"Polygon","coordinates":[[[-84.5,35.31000003972564],[-84.5,35.30000004001143],[-84.49000000028576,35.30000004001143],[-84.49000000028576,35.31000003972564],[-84.5,35.31000003972564]]]}},{"id":"239","type":"Feature","properties":{"category":0,"label":"cat 0"},"geometry":{"type":"Polygon","coordinates":[[[-84.13000001057294,35.490000034581314],[-84.13000001057294,35.48000003486711],[-84.15000001000143,35.48000003486711],[-84.15000001000143,35.45000003572449],[-84.16000000971567,35.45000003572449],[-84.16000000971567,35.44000003601029],[-84.17000000942991,35.44000003601029],[-84.17000000942991,35.430000036296086],[-84.15000001000143,35.430000036296086],[-84.15000001000143,35.42000003658188],[-84.17000000942991,35.42000003658188],[-84.17000000942991,35.41000003686768],[-84.16000000971567,35.41000003686768],[-84.16000000971567,35.400000037153475],[-84.15000001000143,35.400000037153475],[-84.15000001000143,35.38000003772507],[-84.14000001028718,35.38000003772507],[-84.14000001028718,35.370000038010865],[-84.12000001085869,35.370000038010865],[-84.12000001085869,35.38000003772507],[-84.10000001143021,35.38000003772507],[-84.10000001143021,35.370000038010865],[-84.09000001171596,35.370000038010865],[-84.09000001171596,35.36000003829666],[-84.10000001143021,35.36000003829666],[-84.10000001143021,35.35000003858246],[-84.11000001114445,35.35000003858246],[-84.11000001114445,35.340000038868254],[-84.12000001085869,35.340000038868254],[-84.12000001085869,35.32000003943984],[-84.13000001057294,35.32000003943984],[-84.13000001057294,35.29000004029723],[-84.10000001143021,35.29000004029723],[-84.10000001143021,35.280000040583026],[-84.07000001228747,35.280000040583026],[-84.07000001228747,35.30000004001143],[-84.06000001257323,35.30000004001143],[-84.06000001257323,35.32000003943984],[-84.04000001314473,35.32000003943984],[-84.04000001314473,35.340000038868254],[-84.06000001257323,35.340000038868254],[-84.06000001257323,35.36000003829666],[-84.07000001228747,35.36000003829666],[-84.07000001228747,35.35000003858246],[-84.08000001200172,35.35000003858246],[-84.08000001200172,35.39000003743927],[-84.06000001257323,35.39000003743927],[-84.06000001257323,35.400000037153475],[-84.07000001228747,35.400000037153475],[-84.07000001228747,35.42000003658188],[-84.08000001200172,35.42000003658188],[-84.08000001200172,35.430000036296086],[-84.10000001143021,35.430000036296086],[-84.10000001143021,35.45000003572449],[-84.12000001085869,35.45000003572449],[-84.12000001085869,35.44000003601029],[-84.13000001057294,35.44000003601029],[-84.13000001057294,35.45000003572449],[-84.14000001028718,35.45000003572449],[-84.14000001028718,35.47000003515291],[-84.12000001085869,35.47000003515291],[-84.12000001085869,35.490000034581314],[-84.13000001057294,35.490000034581314]],[[-84.12000001085869,35.44000003601029],[-84.11000001114445,35.44000003601029],[-84.11000001114445,35.430000036296086],[-84.12000001085869,35.430000036296086],[-84.12000001085869,35.44000003601029]],[[-84.13000001057294,35.430000036296086],[-84.12000001085869,35.430000036296086],[-84.12000001085869,35.42000003658188],[-84.13000001057294,35.42000003658188],[-84.13000001057294,35.430000036296086]],[[-84.10000001143021,35.400000037153475],[-84.09000001171596,35.400000037153475],[-84.09000001171596,35.38000003772507],[-84.10000001143021,35.38000003772507],[-84.10000001143021,35.400000037153475]],[[-84.11000001114445,35.330000039154044],[-84.10000001143021,35.330000039154044],[-84.10000001143021,35.32000003943984],[-84.11000001114445,35.32000003943984],[-84.11000001114445,35.330000039154044]]]}},{"id":"240","type":"Feature","properties":{"category":0,"label":"cat 0"},"geometry":{"type":"Polygon","coordinates":[[[-84.45000000142878,35.26000004115462],[-84.45000000142878,35.24000004172621],[-84.44000000171454,35.24000004172621],[-84.44000000171454,35.26000004115462],[-84.45000000142878,35.26000004115462]]]}},{"id":"241","type":"Feature","properties":{"category":0,"label":"cat 0"},"geometry":{"type":"Polygon","coordinates":[[[-84.41000000257179,35.250000041440416],[-84.41000000257179,35.24000004172621],[-84.43000000200028,35.24000004172621],[-84.43000000200028,35.23000004201201],[-84.44000000171454,35.23000004201201],[-84.44000000171454,35.220000042297805],[-84.43000000200028,35.220000042297805],[-84.43000000200028,35.2100000425836],[-84.40000000285755,35.2100000425836],[-84.40000000285755,35.220000042297805],[-84.3900000031433,35.220000042297805],[-84.3900000031433,35.250000041440416],[-84.41000000257179,35.250000041440416]],[[-84.41000000257179,35.24000004172621],[-84.40000000285755,35.24000004172621],[-84.40000000285755,35.23000004201201],[-84.41000000257179,35.23000004201201],[-84.41000000257179,35.24000004172621]]]}},{"id":"242","type":"Feature","properties":{"category":0,"label":"cat 0"},"geometry":{"type":"Polygon","coordinates":[[[-84.5,35.2100000425836],[-84.5,35.20000004286939],[-84.49000000028576,35.20000004286939],[-84.49000000028576,35.2100000425836],[-84.5,35.2100000425836]]]}},{"id":"243","type":"Feature","properties":{"category":0,"label":"cat 0"},"geometry":{"type":"Polygon","coordinates":[[[-84.48000000057151,35.23000004201201],[-84.48000000057151,35.220000042297805],[-84.47000000085727,35.220000042297805],[-84.47000000085727,35.2100000425836],[-84.48000000057151,35.2100000425836],[-84.48000000057151,35.20000004286939],[-84.46000000114302,35.20000004286939],[-84.46000000114302,35.23000004201201],[-84.48000000057151,35.23000004201201]]]}},{"id":"244","type":"Feature","properties":{"category":0,"label":"cat 0"},"geometry":{"type":"Polygon","coordinates":[[[-83.22000003657665,35.2100000425836],[-83.22000003657665,35.20000004286939],[-83.21000003686241,35.20000004286939],[-83.21000003686241,35.2100000425836],[-83.22000003657665,35.2100000425836]]]}},{"id":"245","type":"Feature","properties":{"category":0,"label":"cat 0"},"geometry":{"type":"Polygon","coordinates":[[[-84.44000000171454,35.19000004315519],[-84.44000000171454,35.180000043440984],[-84.43000000200028,35.180000043440984],[-84.43000000200028,35.19000004315519],[-84.44000000171454,35.19000004315519]]]}},{"id":"246","type":"Feature","properties":{"category":0,"label":"cat 0"},"geometry":{"type":"Polygon","coordinates":[[[-82.30000006286612,35.15000004429837],[-82.30000006286612,35.14000004458417],[-82.29000006315188,35.14000004458417],[-82.29000006315188,35.15000004429837],[-82.30000006286612,35.15000004429837]]]}},{"id":"247","type":"Feature","properties":{"category":0,"label":"cat 0"},"geometry":{"type":"Polygon","coordinates":[[[-83.31000003400486,35.08000004629895],[-83.31000003400486,35.07000004658474],[-83.30000003429062,35.07000004658474],[-83.30000003429062,35.08000004629895],[-83.31000003400486,35.08000004629895]]]}},{"id":"248","type":"Feature","properties":{"category":0,"label":"cat 0"},"geometry":{"type":"Polygon","coordinates":[[[-83.30000003429062,35.060000046870535],[-83.30000003429062,35.05000004715633],[-83.29000003457637,35.05000004715633],[-83.29000003457637,35.060000046870535],[-83.30000003429062,35.060000046870535]]]}},{"id":"249","type":"Feature","properties":{"category":0,"label":"cat 0"},"geometry":{"type":"Polygon","coordinates":[[[-83.34000003314759,35.05000004715633],[-83.34000003314759,35.030000047727924],[-83.3200000337191,35.030000047727924],[-83.3200000337191,35.04000004744213],[-83.33000003343335,35.04000004744213],[-83.33000003343335,35.05000004715633],[-83.34000003314759,35.05000004715633]]]}},{"id":"250","type":"Feature","properties":{"category":0,"label":"cat 0"},"geometry":{"type":"Polygon","coordinates":[[[-83.68000002343192,34.950000050014296],[-83.68000002343192,34.93000005058588],[-83.66000002400342,34.93000005058588],[-83.66000002400342,34.950000050014296],[-83.68000002343192,34.950000050014296]]]}},{"id":"251","type":"Feature","properties":{"category":0,"label":"cat 0"},"geometry":{"type":"Polygon","coordinates":[[[-83.57000002657523,34.87000005230066],[-83.57000002657523,34.850000052872254],[-83.56000002686098,34.850000052872254],[-83.56000002686098,34.87000005230066],[-83.57000002657523,34.87000005230066]]]}},{"id":"252","type":"Feature","properties":{"category":0,"label":"cat 0"},"geometry":{"type":"Polygon","coordinates":[[[-83.55000002714674,34.87000005230066],[-83.55000002714674,34.850000052872254],[-83.54000002743248,34.850000052872254],[-83.54000002743248,34.87000005230066],[-83.55000002714674,34.87000005230066]]]}},{"id":"253","type":"Feature","properties":{"category":0,"label":"cat 0"},"geometry":{"type":"Polygon","coordinates":[[[-83.520000028004,34.87000005230066],[-83.520000028004,34.850000052872254],[-83.51000002828975,34.850000052872254],[-83.51000002828975,34.87000005230066],[-83.520000028004,34.87000005230066]]]}},{"id":"254","type":"Feature","properties":{"category":0,"label":"cat 0"},"geometry":{"type":"Polygon","coordinates":[[[-83.79000002028862,34.850000052872254],[-83.79000002028862,34.84000005315805],[-83.78000002057436,34.84000005315805],[-83.78000002057436,34.850000052872254],[-83.79000002028862,34.850000052872254]]]}},{"id":"255","type":"Feature","properties":{"category":0,"label":"cat 0"},"geometry":{"type":"Polygon","coordinates":[[[-83.520000028004,34.84000005315805],[-83.520000028004,34.83000005344385],[-83.51000002828975,34.83000005344385],[-83.51000002828975,34.84000005315805],[-83.520000028004,34.84000005315805]]]}},{"id":"256","type":"Feature","properties":{"category":0,"label":"cat 0"},"geometry":{"type":"Polygon","coordinates":[[[-83.51000002828975,34.83000005344385],[-83.51000002828975,34.82000005372964],[-83.50000002857551,34.82000005372964],[-83.50000002857551,34.83000005344385],[-83.51000002828975,34.83000005344385]]]}},{"id":"257","type":"Feature","properties":{"category":0,"label":"cat 0"},"geometry":{"type":"Polygon","coordinates":[[[-83.48000002914702,34.83000005344385],[-83.48000002914702,34.82000005372964],[-83.47000002943278,34.82000005372964],[-83.47000002943278,34.81000005401543],[-83.46000002971853,34.81000005401543],[-83.46000002971853,34.83000005344385],[-83.48000002914702,34.83000005344385]]]}},{"id":"258","type":"Feature","properties":{"category":0,"label":"cat 0"},"geometry":{"type":"Polygon","coordinates":[[[-83.520000028004,34.82000005372964],[-83.520000028004,34.81000005401543],[-83.51000002828975,34.81000005401543],[-83.51000002828975,34.82000005372964],[-83.520000028004,34.82000005372964]]]}},{"id":"259","type":"Feature","properties":{"category":0,"label":"cat 0"},"geometry":{"type":"Polygon","coordinates":[[[-82.9400000445778,34.82000005372964],[-82.9400000445778,34.81000005401543],[-82.93000004486355,34.81000005401543],[-82.93000004486355,34.82000005372964],[-82.9400000445778,34.82000005372964]]]}},{"id":"260","type":"Feature","properties":{"category":0,"label":"cat 0"},"geometry":{"type":"Polygon","coordinates":[[[-83.81000001971711,34.81000005401543],[-83.81000001971711,34.80000005430123],[-83.80000002000286,34.80000005430123],[-83.80000002000286,34.81000005401543],[-83.81000001971711,34.81000005401543]]]}},{"id":"261","type":"Feature","properties":{"category":0,"label":"cat 0"},"geometry":{"type":"Polygon","coordinates":[[[-83.75000002143163,34.81000005401543],[-83.75000002143163,34.80000005430123],[-83.74000002171739,34.80000005430123],[-83.74000002171739,34.81000005401543],[-83.75000002143163,34.81000005401543]]]}},{"id":"262","type":"Feature","properties":{"category":0,"label":"cat 0"},"geometry":{"type":"Polygon","coordinates":[[[-83.46000002971853,34.81000005401543],[-83.46000002971853,34.80000005430123],[-83.45000003000429,34.80000005430123],[-83.45000003000429,34.81000005401543],[-83.46000002971853,34.81000005401543]]]}},{"id":"263","type":"Feature","properties":{"category":0,"label":"cat 0"},"geometry":{"type":"Polygon","coordinates":[[[-82.21000006543792,36.7],[-82.21000006543792,36.6900000002858],[-82.22000006515216,36.6900000002858],[-82.22000006515216,36.680000000571596],[-82.2300000648664,36.680000000571596],[-82.2300000648664,36.67000000085739],[-82.24000006458066,36.67000000085739],[-82.24000006458066,36.680000000571596],[-82.2500000642949,36.680000000571596],[-82.2500000642949,36.6900000002858],[-82.26000006400915,36.6900000002858],[-82.26000006400915,36.680000000571596],[-82.28000006343763,36.680000000571596],[-82.28000006343763,36.67000000085739],[-82.32000006229461,36.67000000085739],[-82.32000006229461,36.66000000114319],[-82.33000006200886,36.66000000114319],[-82.33000006200886,36.67000000085739],[-82.3400000617231,36.67000000085739],[-82.3400000617231,36.66000000114319],[-82.3600000611516,36.66000000114319],[-82.3600000611516,36.650000001428985],[-82.40000006000857,36.650000001428985],[-82.40000006000857,36.64000000171478],[-82.43000005915131,36.64000000171478],[-82.43000005915131,36.63000000200057],[-82.47000005800828,36.63000000200057],[-82.47000005800828,36.62000000228637],[-82.51000005686527,36.62000000228637],[-82.51000005686527,36.610000002572164],[-82.55000005572225,36.610000002572164],[-82.55000005572225,36.60000000285796],[-82.56000005543649,36.60000000285796],[-82.56000005543649,36.59000000314376],[-82.59000005457922,36.59000000314376],[-82.59000005457922,36.580000003429554],[-82.61000005400771,36.580000003429554],[-82.61000005400771,36.57000000371535],[-82.62000005372197,36.57000000371535],[-82.62000005372197,36.56000000400115],[-82.6500000528647,36.56000000400115],[-82.6500000528647,36.55000000428694],[-82.66000005257894,36.55000000428694],[-82.66000005257894,36.54000000457274],[-82.67000005229319,36.54000000457274],[-82.67000005229319,36.55000000428694],[-82.68000005200743,36.55000000428694],[-82.68000005200743,36.54000000457274],[-82.69000005172167,36.54000000457274],[-82.69000005172167,36.530000004858536],[-82.73000005057865,36.530000004858536],[-82.73000005057865,36.52000000514433],[-82.74000005029289,36.52000000514433],[-82.74000005029289,36.51000000543013],[-82.76000004972138,36.51000000543013],[-82.76000004972138,36.50000000571592],[-82.78000004914988,36.50000000571592],[-82.78000004914988,36.490000006001715],[-82.79000004886413,36.490000006001715],[-82.79000004886413,36.48000000628751],[-82.8300000477211,36.48000000628751],[-82.8300000477211,36.490000006001715],[-82.84000004743535,36.490000006001715],[-82.84000004743535,36.48000000628751],[-82.88000004629232,36.48000000628751],[-82.88000004629232,36.47000000657331],[-82.92000004514931,36.47000000657331],[-82.92000004514931,36.4500000071449],[-82.93000004486355,36.4500000071449],[-82.93000004486355,36.4400000074307],[-82.9400000445778,36.4400000074307],[-82.9400000445778,36.430000007716494],[-82.97000004372053,36.430000007716494],[-82.97000004372053,36.42000000800229],[-82.99000004314902,36.42000000800229],[-82.99000004314902,36.41000000828809],[-83.02000004229176,36.41000000828809],[-83.02000004229176,36.40000000857388],[-83.05000004143449,36.40000000857388],[-83.05000004143449,36.39000000885968],[-83.08000004057722,36.39000000885968],[-83.08000004057722,36.380000009145476],[-83.10000004000571,36.380000009145476],[-83.10000004000571,36.370000009431266],[-83.11000003971996,36.370000009431266],[-83.11000003971996,36.380000009145476],[-83.1200000394342,36.380000009145476],[-83.1200000394342,36.370000009431266],[-83.13000003914846,36.370000009431266],[-83.13000003914846,36.36000000971706],[-83.1400000388627,36.36000000971706],[-83.1400000388627,36.35000001000286],[-83.17000003800543,36.35000001000286],[-83.17000003800543,36.340000010288655],[-83.20000003714816,36.340000010288655],[-83.20000003714816,36.33000001057445],[-83.21000003686241,36.33000001057445],[-83.21000003686241,36.35000001000286],[-83.22000003657665,36.35000001000286],[-83.22000003657665,36.340000010288655],[-83.26000003543363,36.340000010288655],[-83.26000003543363,36.33000001057445],[-83.28000003486213,36.33000001057445],[-83.28000003486213,36.32000001086025],[-83.29000003457637,36.32000001086025],[-83.29000003457637,36.310000011146045],[-83.30000003429062,36.310000011146045],[-83.30000003429062,36.32000001086025],[-83.31000003400486,36.32000001086025],[-83.31000003400486,36.310000011146045],[-83.33000003343335,36.310000011146045],[-83.33000003343335,36.32000001086025],[-83.34000003314759,36.32000001086025],[-83.34000003314759,36.310000011146045],[-83.35000003286184,36.310000011146045],[-83.35000003286184,36.33000001057445],[-83.36000003257608,36.33000001057445],[-83.36000003257608,36.32000001086025],[-83.37000003229032,36.32000001086025],[-83.37000003229032,36.30000001143184],[-83.40000003143307,36.30000001143184],[-83.40000003143307,36.29000001171764],[-83.42000003086156,36.29000001171764],[-83.42000003086156,36.32000001086025],[-83.44000003029004,36.32000001086025],[-83.44000003029004,36.35000001000286],[-83.45000003000429,36.35000001000286],[-83.45000003000429,36.340000010288655],[-83.46000002971853,36.340000010288655],[-83.46000002971853,36.33000001057445],[-83.47000002943278,36.33000001057445],[-83.47000002943278,36.35000001000286],[-83.46000002971853,36.35000001000286],[-83.46000002971853,36.36000000971706],[-83.48000002914702,36.36000000971706],[-83.48000002914702,36.35000001000286],[-83.53000002771824,36.35000001000286],[-83.53000002771824,36.33000001057445],[-83.54000002743248,36.33000001057445],[-83.54000002743248,36.32000001086025],[-83.55000002714674,36.32000001086025],[-83.55000002714674,36.33000001057445],[-83.57000002657523,36.33000001057445],[-83.57000002657523,36.32000001086025],[-83.58000002628947,36.32000001086025],[-83.58000002628947,36.310000011146045],[-83.6100000254322,36.310000011146045],[-83.6100000254322,36.32000001086025],[-83.63000002486069,36.32000001086025],[-83.63000002486069,36.340000010288655],[-83.62000002514645,36.340000010288655],[-83.62000002514645,36.36000000971706],[-83.6100000254322,36.36000000971706],[-83.6100000254322,36.370000009431266],[-83.63000002486069,36.370000009431266],[-83.63000002486069,36.36000000971706],[-83.65000002428918,36.36000000971706],[-83.65000002428918,36.370000009431266],[-83.66000002400342,36.370000009431266],[-83.66000002400342,36.36000000971706],[-83.67000002371768,36.36000000971706],[-83.67000002371768,36.32000001086025],[-83.68000002343192,36.32000001086025],[-83.68000002343192,36.310000011146045],[-83.69000002314617,36.310000011146045],[-83.69000002314617,36.30000001143184],[-83.7200000222889,36.30000001143184],[-83.7200000222889,36.29000001171764],[-83.73000002200314,36.29000001171764],[-83.73000002200314,36.30000001143184],[-83.74000002171739,36.30000001143184],[-83.74000002171739,36.29000001171764],[-83.75000002143163,36.29000001171764],[-83.75000002143163,36.310000011146045],[-83.76000002114588,36.310000011146045],[-83.76000002114588,36.30000001143184],[-83.77000002086012,36.30000001143184],[-83.77000002086012,36.29000001171764],[-83.82000001943135,36.29000001171764],[-83.82000001943135,36.30000001143184],[-83.80000002000286,36.30000001143184],[-83.80000002000286,36.310000011146045],[-83.81000001971711,36.310000011146045],[-83.81000001971711,36.32000001086025],[-83.80000002000286,36.32000001086025],[-83.80000002000286,36.340000010288655],[-83.83000001914559,36.340000010288655],[-83.83000001914559,36.32000001086025],[-83.82000001943135,36.32000001086025],[-83.82000001943135,36.310000011146045],[-83.83000001914559,36.310000011146045],[-83.83000001914559,36.30000001143184],[-83.86000001828833,36.30000001143184],[-83.86000001828833,36.29000001171764],[-83.87000001800257,36.29000001171764],[-83.87000001800257,36.27000001228923],[-83.88000001771681,36.27000001228923],[-83.88000001771681,36.280000012003434],[-83.89000001743106,36.280000012003434],[-83.89000001743106,36.27000001228923],[-83.9000000171453,36.27000001228923],[-83.9000000171453,36.26000001257503],[-83.91000001685956,36.26000001257503],[-83.91000001685956,36.25000001286082],[-83.93000001628805,36.25000001286082],[-83.93000001628805,36.26000001257503],[-83.94000001600229,36.26000001257503],[-83.94000001600229,36.25000001286082],[-83.96000001543078,36.25000001286082],[-83.96000001543078,36.24000001314661],[-84.00000001428775,36.24000001314661],[-84.00000001428775,36.26000001257503],[-84.02000001371624,36.26000001257503],[-84.02000001371624,36.24000001314661],[-84.010000014002,36.24000001314661],[-84.010000014002,36.23000001343241],[-84.02000001371624,36.23000001343241],[-84.02000001371624,36.220000013718206],[-84.010000014002,36.220000013718206],[-84.010000014002,36.210000014004],[-84.02000001371624,36.210000014004],[-84.02000001371624,36.2000000142898],[-84.0300000134305,36.2000000142898],[-84.0300000134305,36.18000001486139],[-84.05000001285897,36.18000001486139],[-84.05000001285897,36.17000001514719],[-84.06000001257323,36.17000001514719],[-84.06000001257323,36.160000015432985],[-84.10000001143021,36.160000015432985],[-84.10000001143021,36.15000001571878],[-84.11000001114445,36.15000001571878],[-84.11000001114445,36.14000001600458],[-84.17000000942991,36.14000001600458],[-84.17000000942991,36.130000016290374],[-84.20000000857266,36.130000016290374],[-84.20000000857266,36.12000001657617],[-84.26000000685812,36.12000001657617],[-84.26000000685812,36.11000001686196],[-84.3000000057151,36.11000001686196],[-84.3000000057151,36.09000001743355],[-84.31000000542934,36.09000001743355],[-84.31000000542934,36.10000001714776],[-84.3200000051436,36.10000001714776],[-84.3200000051436,36.11000001686196],[-84.31000000542934,36.11000001686196],[-84.31000000542934,36.12000001657617],[-84.34000000457208,36.12000001657617],[-84.34000000457208,36.11000001686196],[-84.36000000400057,36.11000001686196],[-84.36000000400057,36.10000001714776],[-84.41000000257179,36.10000001714776],[-84.41000000257179,36.09000001743355],[-84.44000000171454,36.09000001743355],[-84.44000000171454,36.08000001771935],[-84.46000000114302,36.08000001771935],[-84.46000000114302,36.09000001743355],[-84.49000000028576,36.09000001743355],[-84.49000000028576,36.10000001714776],[-84.46000000114302,36.10000001714776],[-84.46000000114302,36.11000001686196],[-84.5,36.11000001686196],[-84.5,36.08000001771935],[-84.49000000028576,36.08000001771935],[-84.49000000028576,36.070000018005146],[-84.5,36.070000018005146],[-84.5,35.850000024292655],[-84.47000000085727,35.850000024292655],[-84.47000000085727,35.87000002372107],[-84.44000000171454,35.87000002372107],[-84.44000000171454,35.860000024006865],[-84.43000000200028,35.860000024006865],[-84.43000000200028,35.87000002372107],[-84.42000000228605,35.87000002372107],[-84.42000000228605,35.850000024292655],[-84.40000000285755,35.850000024292655],[-84.40000000285755,35.84000002457845],[-84.3900000031433,35.84000002457845],[-84.3900000031433,35.860000024006865],[-84.41000000257179,35.860000024006865],[-84.41000000257179,35.87000002372107],[-84.40000000285755,35.87000002372107],[-84.40000000285755,35.88000002343527],[-84.3900000031433,35.88000002343527],[-84.3900000031433,35.87000002372107],[-84.36000000400057,35.87000002372107],[-84.36000000400057,35.860000024006865],[-84.34000000457208,35.860000024006865],[-84.34000000457208,35.87000002372107],[-84.33000000485784,35.87000002372107],[-84.33000000485784,35.820000025150044],[-84.3200000051436,35.820000025150044],[-84.3200000051436,35.83000002486425],[-84.31000000542934,35.83000002486425],[-84.31000000542934,35.84000002457845],[-84.29000000600085,35.84000002457845],[-84.29000000600085,35.850000024292655],[-84.3000000057151,35.850000024292655],[-84.3000000057151,35.87000002372107],[-84.28000000628661,35.87000002372107],[-84.28000000628661,35.860000024006865],[-84.27000000657237,35.860000024006865],[-84.27000000657237,35.87000002372107],[-84.26000000685812,35.87000002372107],[-84.26000000685812,35.860000024006865],[-84.25000000714388,35.860000024006865],[-84.25000000714388,35.87000002372107],[-84.24000000742963,35.87000002372107],[-84.24000000742963,35.890000023149476],[-84.23000000771539,35.890000023149476],[-84.23000000771539,35.88000002343527],[-84.22000000800114,35.88000002343527],[-84.22000000800114,35.91000002257788],[-84.2100000082869,35.91000002257788],[-84.2100000082869,35.90000002286368],[-84.1900000088584,35.90000002286368],[-84.1900000088584,35.91000002257788],[-84.18000000914417,35.91000002257788],[-84.18000000914417,35.90000002286368],[-84.15000001000143,35.90000002286368],[-84.15000001000143,35.88000002343527],[-84.16000000971567,35.88000002343527],[-84.16000000971567,35.890000023149476],[-84.17000000942991,35.890000023149476],[-84.17000000942991,35.83000002486425],[-84.15000001000143,35.83000002486425],[-84.15000001000143,35.820000025150044],[-84.12000001085869,35.820000025150044],[-84.12000001085869,35.83000002486425],[-84.09000001171596,35.83000002486425],[-84.09000001171596,35.820000025150044],[-84.08000001200172,35.820000025150044],[-84.08000001200172,35.83000002486425],[-84.07000001228747,35.83000002486425],[-84.07000001228747,35.84000002457845],[-84.06000001257323,35.84000002457845],[-84.06000001257323,35.83000002486425],[-84.04000001314473,35.83000002486425],[-84.04000001314473,35.84000002457845],[-84.0300000134305,35.84000002457845],[-84.0300000134305,35.820000025150044],[-84.00000001428775,35.820000025150044],[-84.00000001428775,35.81000002543584],[-83.98000001485927,35.81000002543584],[-83.98000001485927,35.820000025150044],[-83.99000001457351,35.820000025150044],[-83.99000001457351,35.83000002486425],[-84.02000001371624,35.83000002486425],[-84.02000001371624,35.84000002457845],[-84.00000001428775,35.84000002457845],[-84.00000001428775,35.850000024292655],[-83.99000001457351,35.850000024292655],[-83.99000001457351,35.84000002457845],[-83.98000001485927,35.84000002457845],[-83.98000001485927,35.83000002486425],[-83.96000001543078,35.83000002486425],[-83.96000001543078,35.81000002543584],[-83.95000001571653,35.81000002543584],[-83.95000001571653,35.820000025150044],[-83.94000001600229,35.820000025150044],[-83.94000001600229,35.83000002486425],[-83.93000001628805,35.83000002486425],[-83.93000001628805,35.84000002457845],[-83.9200000165738,35.84000002457845],[-83.9200000165738,35.88000002343527],[-83.91000001685956,35.88000002343527],[-83.91000001685956,35.87000002372107],[-83.89000001743106,35.87000002372107],[-83.89000001743106,35.860000024006865],[-83.87000001800257,35.860000024006865],[-83.87000001800257,35.84000002457845],[-83.89000001743106,35.84000002457845],[-83.89000001743106,35.83000002486425],[-83.88000001771681,35.83000002486425],[-83.88000001771681,35.820000025150044],[-83.89000001743106,35.820000025150044],[-83.89000001743106,35.80000002572164],[-83.86000001828833,35.80000002572164],[-83.86000001828833,35.81000002543584],[-83.85000001857408,35.81000002543584],[-83.85000001857408,35.80000002572164],[-83.83000001914559,35.80000002572164],[-83.83000001914559,35.81000002543584],[-83.80000002000286,35.81000002543584],[-83.80000002000286,35.80000002572164],[-83.79000002028862,35.80000002572164],[-83.79000002028862,35.78000002629323],[-83.78000002057436,35.78000002629323],[-83.78000002057436,35.77000002657903],[-83.76000002114588,35.77000002657903],[-83.76000002114588,35.76000002686482],[-83.77000002086012,35.76000002686482],[-83.77000002086012,35.75000002715062],[-83.78000002057436,35.75000002715062],[-83.78000002057436,35.740000027436416],[-83.80000002000286,35.740000027436416],[-83.80000002000286,35.73000002772221],[-83.82000001943135,35.73000002772221],[-83.82000001943135,35.7100000282938],[-83.81000001971711,35.7100000282938],[-83.81000001971711,35.700000028579595],[-83.82000001943135,35.700000028579595],[-83.82000001943135,35.69000002886539],[-83.79000002028862,35.69000002886539],[-83.79000002028862,35.68000002915119],[-83.78000002057436,35.68000002915119],[-83.78000002057436,35.670000029436984],[-83.76000002114588,35.670000029436984],[-83.76000002114588,35.66000002972278],[-83.74000002171739,35.66000002972278],[-83.74000002171739,35.640000030294374],[-83.7200000222889,35.640000030294374],[-83.7200000222889,35.63000003058017],[-83.70000002286041,35.63000003058017],[-83.70000002286041,35.640000030294374],[-83.69000002314617,35.640000030294374],[-83.69000002314617,35.62000003086597],[-83.66000002400342,35.62000003086597],[-83.66000002400342,35.60000003143756],[-83.64000002457495,35.60000003143756],[-83.64000002457495,35.62000003086597],[-83.63000002486069,35.62000003086597],[-83.63000002486069,35.640000030294374],[-83.6100000254322,35.640000030294374],[-83.6100000254322,35.63000003058017],[-83.62000002514645,35.63000003058017],[-83.62000002514645,35.62000003086597],[-83.6100000254322,35.62000003086597],[-83.6100000254322,35.60000003143756],[-83.59000002600371,35.60000003143756],[-83.59000002600371,35.61000003115176],[-83.58000002628947,35.61000003115176],[-83.58000002628947,35.59000003172335],[-83.59000002600371,35.59000003172335],[-83.59000002600371,35.580000032009146],[-83.54000002743248,35.580000032009146],[-83.54000002743248,35.59000003172335],[-83.53000002771824,35.59000003172335],[-83.53000002771824,35.60000003143756],[-83.51000002828975,35.60000003143756],[-83.51000002828975,35.61000003115176],[-83.53000002771824,35.61000003115176],[-83.53000002771824,35.62000003086597],[-83.51000002828975,35.62000003086597],[-83.51000002828975,35.63000003058017],[-83.50000002857551,35.63000003058017],[-83.50000002857551,35.66000002972278],[-83.51000002828975,35.66000002972278],[-83.51000002828975,35.670000029436984],[-83.50000002857551,35.670000029436984],[-83.50000002857551,35.68000002915119],[-83.49000002886126,35.68000002915119],[-83.49000002886126,35.69000002886539],[-83.51000002828975,35.69000002886539],[-83.51000002828975,35.700000028579595],[-83.49000002886126,35.700000028579595],[-83.49000002886126,35.720000028008],[-83.48000002914702,35.720000028008],[-83.48000002914702,35.75000002715062],[-83.49000002886126,35.75000002715062],[-83.49000002886126,35.76000002686482],[-83.48000002914702,35.76000002686482],[-83.48000002914702,35.77000002657903],[-83.47000002943278,35.77000002657903],[-83.47000002943278,35.76000002686482],[-83.46000002971853,35.76000002686482],[-83.46000002971853,35.78000002629323],[-83.44000003029004,35.78000002629323],[-83.44000003029004,35.790000026007434],[-83.45000003000429,35.790000026007434],[-83.45000003000429,35.80000002572164],[-83.44000003029004,35.80000002572164],[-83.44000003029004,35.81000002543584],[-83.42000003086156,35.81000002543584],[-83.42000003086156,35.78000002629323],[-83.4100000311473,35.78000002629323],[-83.4100000311473,35.77000002657903],[-83.42000003086156,35.77000002657903],[-83.42000003086156,35.75000002715062],[-83.38000003200457,35.75000002715062],[-83.38000003200457,35.740000027436416],[-83.34000003314759,35.740000027436416],[-83.34000003314759,35.75000002715062],[-83.30000003429062,35.75000002715062],[-83.30000003429062,35.76000002686482],[-83.28000003486213,35.76000002686482],[-83.28000003486213,35.75000002715062],[-83.27000003514787,35.75000002715062],[-83.27000003514787,35.76000002686482],[-83.2300000362909,35.76000002686482],[-83.2300000362909,35.77000002657903],[-83.22000003657665,35.77000002657903],[-83.22000003657665,35.790000026007434],[-83.21000003686241,35.790000026007434],[-83.21000003686241,35.820000025150044],[-83.20000003714816,35.820000025150044],[-83.20000003714816,35.83000002486425],[-83.19000003743392,35.83000002486425],[-83.19000003743392,35.820000025150044],[-83.18000003771968,35.820000025150044],[-83.18000003771968,35.81000002543584],[-83.19000003743392,35.81000002543584],[-83.19000003743392,35.790000026007434],[-83.17000003800543,35.790000026007434],[-83.17000003800543,35.80000002572164],[-83.16000003829119,35.80000002572164],[-83.16000003829119,35.790000026007434],[-83.15000003857693,35.790000026007434],[-83.15000003857693,35.77000002657903],[-83.1400000388627,35.77000002657903],[-83.1400000388627,35.75000002715062],[-83.1200000394342,35.75000002715062],[-83.1200000394342,35.740000027436416],[-83.10000004000571,35.740000027436416],[-83.10000004000571,35.73000002772221],[-83.09000004029147,35.73000002772221],[-83.09000004029147,35.740000027436416],[-83.07000004086298,35.740000027436416],[-83.07000004086298,35.75000002715062],[-83.04000004172025,35.75000002715062],[-83.04000004172025,35.76000002686482],[-83.02000004229176,35.76000002686482],[-83.02000004229176,35.73000002772221],[-83.030000042006,35.73000002772221],[-83.030000042006,35.720000028008],[-83.00000004286326,35.720000028008],[-83.00000004286326,35.740000027436416],[-82.99000004314902,35.740000027436416],[-82.99000004314902,35.75000002715062],[-82.98000004343477,35.75000002715062],[-82.98000004343477,35.740000027436416],[-82.97000004372053,35.740000027436416],[-82.97000004372053,35.76000002686482],[-82.96000004400629,35.76000002686482],[-82.96000004400629,35.740000027436416],[-82.95000004429204,35.740000027436416],[-82.95000004429204,35.75000002715062],[-82.93000004486355,35.75000002715062],[-82.93000004486355,35.77000002657903],[-82.92000004514931,35.77000002657903],[-82.92000004514931,35.78000002629323],[-82.89000004600658,35.78000002629323],[-82.89000004600658,35.740000027436416],[-82.91000004543505,35.740000027436416],[-82.91000004543505,35.73000002772221],[-82.92000004514931,35.73000002772221],[-82.92000004514931,35.740000027436416],[-82.93000004486355,35.740000027436416],[-82.93000004486355,35.73000002772221],[-82.9400000445778,35.73000002772221],[-82.9400000445778,35.7100000282938],[-82.96000004400629,35.7100000282938],[-82.96000004400629,35.69000002886539],[-83.01000004257752,35.69000002886539],[-83.01000004257752,35.68000002915119],[-83.02000004229176,35.68000002915119],[-83.02000004229176,35.69000002886539],[-83.07000004086298,35.69000002886539],[-83.07000004086298,35.670000029436984],[-83.05000004143449,35.670000029436984],[-83.05000004143449,35.66000002972278],[-83.01000004257752,35.66000002972278],[-83.01000004257752,35.62000003086597],[-83.02000004229176,35.62000003086597],[-83.02000004229176,35.59000003172335],[-83.030000042006,35.59000003172335],[-83.030000042006,35.580000032009146],[-83.05000004143449,35.580000032009146],[-83.05000004143449,35.57000003229494],[-83.08000004057722,35.57000003229494],[-83.08000004057722,35.56000003258074],[-83.05000004143449,35.56000003258074],[-83.05000004143449,35.53000003343813],[-83.06000004114874,35.53000003343813],[-83.06000004114874,35.520000033723925],[-83.07000004086298,35.520000033723925],[-83.07000004086298,35.53000003343813],[-83.09000004029147,35.53000003343813],[-83.09000004029147,35.520000033723925],[-83.08000004057722,35.520000033723925],[-83.08000004057722,35.51000003400972],[-83.07000004086298,35.51000003400972],[-83.07000004086298,35.50000003429552],[-83.06000004114874,35.50000003429552],[-83.06000004114874,35.490000034581314],[-83.07000004086298,35.490000034581314],[-83.07000004086298,35.48000003486711],[-83.06000004114874,35.48000003486711],[-83.06000004114874,35.47000003515291],[-83.08000004057722,35.47000003515291],[-83.08000004057722,35.45000003572449],[-83.11000003971996,35.45000003572449],[-83.11000003971996,35.44000003601029],[-83.13000003914846,35.44000003601029],[-83.13000003914846,35.45000003572449],[-83.1400000388627,35.45000003572449],[-83.1400000388627,35.44000003601029],[-83.19000003743392,35.44000003601029],[-83.19000003743392,35.45000003572449],[-83.18000003771968,35.45000003572449],[-83.18000003771968,35.460000035438696],[-83.17000003800543,35.460000035438696],[-83.17000003800543,35.45000003572449],[-83.16000003829119,35.45000003572449],[-83.16000003829119,35.47000003515291],[-83.17000003800543,35.47000003515291],[-83.17000003800543,35.48000003486711],[-83.16000003829119,35.48000003486711],[-83.16000003829119,35.50000003429552],[-83.17000003800543,35.50000003429552],[-83.17000003800543,35.51000003400972],[-83.18000003771968,35.51000003400972],[-83.18000003771968,35.50000003429552],[-83.19000003743392,35.50000003429552],[-83.19000003743392,35.520000033723925],[-83.15000003857693,35.520000033723925],[-83.15000003857693,35.53000003343813],[-83.16000003829119,35.53000003343813],[-83.16000003829119,35.54000003315233],[-83.17000003800543,35.54000003315233],[-83.17000003800543,35.56000003258074],[-83.19000003743392,35.56000003258074],[-83.19000003743392,35.57000003229494],[-83.20000003714816,35.57000003229494],[-83.20000003714816,35.580000032009146],[-83.2300000362909,35.580000032009146],[-83.2300000362909,35.60000003143756],[-83.21000003686241,35.60000003143756],[-83.21000003686241,35.61000003115176],[-83.20000003714816,35.61000003115176],[-83.20000003714816,35.62000003086597],[-83.19000003743392,35.62000003086597],[-83.19000003743392,35.640000030294374],[-83.21000003686241,35.640000030294374],[-83.21000003686241,35.66000002972278],[-83.2300000362909,35.66000002972278],[-83.2300000362909,35.640000030294374],[-83.24000003600514,35.640000030294374],[-83.24000003600514,35.63000003058017],[-83.26000003543363,35.63000003058017],[-83.26000003543363,35.61000003115176],[-83.25000003571938,35.61000003115176],[-83.25000003571938,35.60000003143756],[-83.24000003600514,35.60000003143756],[-83.24000003600514,35.59000003172335],[-83.25000003571938,35.59000003172335],[-83.25000003571938,35.580000032009146],[-83.26000003543363,35.580000032009146],[-83.26000003543363,35.59000003172335],[-83.27000003514787,35.59000003172335],[-83.27000003514787,35.57000003229494],[-83.28000003486213,35.57000003229494],[-83.28000003486213,35.56000003258074],[-83.29000003457637,35.56000003258074],[-83.29000003457637,35.550000032866535],[-83.30000003429062,35.550000032866535],[-83.30000003429062,35.56000003258074],[-83.31000003400486,35.56000003258074],[-83.31000003400486,35.53000003343813],[-83.33000003343335,35.53000003343813],[-83.33000003343335,35.51000003400972],[-83.34000003314759,35.51000003400972],[-83.34000003314759,35.50000003429552],[-83.3200000337191,35.50000003429552],[-83.3200000337191,35.48000003486711],[-83.31000003400486,35.48000003486711],[-83.31000003400486,35.47000003515291],[-83.3200000337191,35.47000003515291],[-83.3200000337191,35.460000035438696],[-83.33000003343335,35.460000035438696],[-83.33000003343335,35.47000003515291],[-83.34000003314759,35.47000003515291],[-83.34000003314759,35.460000035438696],[-83.35000003286184,35.460000035438696],[-83.35000003286184,35.490000034581314],[-83.36000003257608,35.490000034581314],[-83.36000003257608,35.48000003486711],[-83.37000003229032,35.48000003486711],[-83.37000003229032,35.50000003429552],[-83.36000003257608,35.50000003429552],[-83.36000003257608,35.51000003400972],[-83.38000003200457,35.51000003400972],[-83.38000003200457,35.53000003343813],[-83.40000003143307,35.53000003343813],[-83.40000003143307,35.51000003400972],[-83.4100000311473,35.51000003400972],[-83.4100000311473,35.580000032009146],[-83.42000003086156,35.580000032009146],[-83.42000003086156,35.60000003143756],[-83.44000003029004,35.60000003143756],[-83.44000003029004,35.59000003172335],[-83.45000003000429,35.59000003172335],[-83.45000003000429,35.580000032009146],[-83.44000003029004,35.580000032009146],[-83.44000003029004,35.57000003229494],[-83.45000003000429,35.57000003229494],[-83.45000003000429,35.56000003258074],[-83.44000003029004,35.56000003258074],[-83.44000003029004,35.53000003343813],[-83.45000003000429,35.53000003343813],[-83.45000003000429,35.520000033723925],[-83.46000002971853,35.520000033723925],[-83.46000002971853,35.53000003343813],[-83.48000002914702,35.53000003343813],[-83.48000002914702,35.520000033723925],[-83.49000002886126,35.520000033723925],[-83.49000002886126,35.54000003315233],[-83.50000002857551,35.54000003315233],[-83.50000002857551,35.53000003343813],[-83.51000002828975,35.53000003343813],[-83.51000002828975,35.550000032866535],[-83.520000028004,35.550000032866535],[-83.520000028004,35.56000003258074],[-83.53000002771824,35.56000003258074],[-83.53000002771824,35.550000032866535],[-83.54000002743248,35.550000032866535],[-83.54000002743248,35.54000003315233],[-83.55000002714674,35.54000003315233],[-83.55000002714674,35.56000003258074],[-83.56000002686098,35.56000003258074],[-83.56000002686098,35.550000032866535],[-83.57000002657523,35.550000032866535],[-83.57000002657523,35.520000033723925],[-83.58000002628947,35.520000033723925],[-83.58000002628947,35.50000003429552],[-83.57000002657523,35.50000003429552],[-83.57000002657523,35.490000034581314],[-83.58000002628947,35.490000034581314],[-83.58000002628947,35.48000003486711],[-83.59000002600371,35.48000003486711],[-83.59000002600371,35.460000035438696],[-83.60000002571796,35.460000035438696],[-83.60000002571796,35.48000003486711],[-83.6100000254322,35.48000003486711],[-83.6100000254322,35.47000003515291],[-83.62000002514645,35.47000003515291],[-83.62000002514645,35.45000003572449],[-83.64000002457495,35.45000003572449],[-83.64000002457495,35.460000035438696],[-83.65000002428918,35.460000035438696],[-83.65000002428918,35.48000003486711],[-83.66000002400342,35.48000003486711],[-83.66000002400342,35.490000034581314],[-83.64000002457495,35.490000034581314],[-83.64000002457495,35.51000003400972],[-83.63000002486069,35.51000003400972],[-83.63000002486069,35.54000003315233],[-83.65000002428918,35.54000003315233],[-83.65000002428918,35.53000003343813],[-83.66000002400342,35.53000003343813],[-83.66000002400342,35.54000003315233],[-83.67000002371768,35.54000003315233],[-83.67000002371768,35.550000032866535],[-83.69000002314617,35.550000032866535],[-83.69000002314617,35.56000003258074],[-83.71000002257465,35.56000003258074],[-83.71000002257465,35.57000003229494],[-83.7200000222889,35.57000003229494],[-83.7200000222889,35.56000003258074],[-83.73000002200314,35.56000003258074],[-83.73000002200314,35.550000032866535],[-83.74000002171739,35.550000032866535],[-83.74000002171739,35.54000003315233],[-83.75000002143163,35.54000003315233],[-83.75000002143163,35.53000003343813],[-83.77000002086012,35.53000003343813],[-83.77000002086012,35.490000034581314],[-83.79000002028862,35.490000034581314],[-83.79000002028862,35.48000003486711],[-83.80000002000286,35.48000003486711],[-83.80000002000286,35.47000003515291],[-83.82000001943135,35.47000003515291],[-83.82000001943135,35.45000003572449],[-83.83000001914559,35.45000003572449],[-83.83000001914559,35.460000035438696],[-83.86000001828833,35.460000035438696],[-83.86000001828833,35.47000003515291],[-83.91000001685956,35.47000003515291],[-83.91000001685956,35.490000034581314],[-83.9200000165738,35.490000034581314],[-83.9200000165738,35.50000003429552],[-83.93000001628805,35.50000003429552],[-83.93000001628805,35.520000033723925],[-83.94000001600229,35.520000033723925],[-83.94000001600229,35.54000003315233],[-83.95000001571653,35.54000003315233],[-83.95000001571653,35.53000003343813],[-83.97000001514502,35.53000003343813],[-83.97000001514502,35.54000003315233],[-83.99000001457351,35.54000003315233],[-83.99000001457351,35.520000033723925],[-84.00000001428775,35.520000033723925],[-84.00000001428775,35.53000003343813],[-84.010000014002,35.53000003343813],[-84.010000014002,35.520000033723925],[-84.02000001371624,35.520000033723925],[-84.02000001371624,35.51000003400972],[-84.010000014002,35.51000003400972],[-84.010000014002,35.50000003429552],[-83.97000001514502,35.50000003429552],[-83.97000001514502,35.48000003486711],[-83.99000001457351,35.48000003486711],[-83.99000001457351,35.47000003515291],[-83.97000001514502,35.47000003515291],[-83.97000001514502,35.460000035438696],[-83.98000001485927,35.460000035438696],[-83.98000001485927,35.44000003601029],[-83.97000001514502,35.44000003601029],[-83.97000001514502,35.430000036296086],[-83.96000001543078,35.430000036296086],[-83.96000001543078,35.44000003601029],[-83.95000001571653,35.44000003601029],[-83.95000001571653,35.42000003658188],[-83.94000001600229,35.42000003658188],[-83.94000001600229,35.430000036296086],[-83.93000001628805,35.430000036296086],[-83.93000001628805,35.42000003658188],[-83.91000001685956,35.42000003658188],[-83.91000001685956,35.400000037153475],[-83.9000000171453,35.400000037153475],[-83.9000000171453,35.39000003743927],[-83.88000001771681,35.39000003743927],[-83.88000001771681,35.38000003772507],[-83.9000000171453,35.38000003772507],[-83.9000000171453,35.370000038010865],[-83.94000001600229,35.370000038010865],[-83.94000001600229,35.36000003829666],[-83.93000001628805,35.36000003829666],[-83.93000001628805,35.32000003943984],[-83.9200000165738,35.32000003943984],[-83.9200000165738,35.31000003972564],[-83.91000001685956,35.31000003972564],[-83.91000001685956,35.280000040583026],[-83.9200000165738,35.280000040583026],[-83.9200000165738,35.26000004115462],[-83.93000001628805,35.26000004115462],[-83.93000001628805,35.24000004172621],[-83.97000001514502,35.24000004172621],[-83.97000001514502,35.23000004201201],[-83.98000001485927,35.23000004201201],[-83.98000001485927,35.24000004172621],[-83.99000001457351,35.24000004172621],[-83.99000001457351,35.23000004201201],[-84.04000001314473,35.23000004201201],[-84.04000001314473,35.220000042297805],[-84.06000001257323,35.220000042297805],[-84.06000001257323,35.23000004201201],[-84.07000001228747,35.23000004201201],[-84.07000001228747,35.24000004172621],[-84.09000001171596,35.24000004172621],[-84.09000001171596,35.23000004201201],[-84.12000001085869,35.23000004201201],[-84.12000001085869,35.220000042297805],[-84.14000001028718,35.220000042297805],[-84.14000001028718,35.2100000425836],[-84.15000001000143,35.2100000425836],[-84.15000001000143,35.19000004315519],[-84.17000000942991,35.19000004315519],[-84.17000000942991,35.180000043440984],[-84.20000000857266,35.180000043440984],[-84.20000000857266,35.17000004372678],[-84.2100000082869,35.17000004372678],[-84.2100000082869,35.16000004401258],[-84.23000000771539,35.16000004401258],[-84.23000000771539,35.17000004372678],[-84.24000000742963,35.17000004372678],[-84.24000000742963,35.16000004401258],[-84.27000000657237,35.16000004401258],[-84.27000000657237,35.180000043440984],[-84.28000000628661,35.180000043440984],[-84.28000000628661,35.17000004372678],[-84.29000000600085,35.17000004372678],[-84.29000000600085,35.180000043440984],[-84.3200000051436,35.180000043440984],[-84.3200000051436,35.19000004315519],[-84.33000000485784,35.19000004315519],[-84.33000000485784,35.180000043440984],[-84.35000000428633,35.180000043440984],[-84.35000000428633,35.17000004372678],[-84.38000000342906,35.17000004372678],[-84.38000000342906,35.19000004315519],[-84.3900000031433,35.19000004315519],[-84.3900000031433,35.180000043440984],[-84.40000000285755,35.180000043440984],[-84.40000000285755,35.16000004401258],[-84.46000000114302,35.16000004401258],[-84.46000000114302,35.17000004372678],[-84.47000000085727,35.17000004372678],[-84.47000000085727,35.180000043440984],[-84.5,35.180000043440984],[-84.5,34.80000005430123],[-83.83000001914559,34.80000005430123],[-83.83000001914559,34.81000005401543],[-83.82000001943135,34.81000005401543],[-83.82000001943135,34.83000005344385],[-83.80000002000286,34.83000005344385],[-83.80000002000286,34.84000005315805],[-83.81000001971711,34.84000005315805],[-83.81000001971711,34.86000005258646],[-83.82000001943135,34.86000005258646],[-83.82000001943135,34.880000052014864],[-83.80000002000286,34.880000052014864],[-83.80000002000286,34.87000005230066],[-83.78000002057436,34.87000005230066],[-83.78000002057436,34.850000052872254],[-83.77000002086012,34.850000052872254],[-83.77000002086012,34.87000005230066],[-83.76000002114588,34.87000005230066],[-83.76000002114588,34.880000052014864],[-83.75000002143163,34.880000052014864],[-83.75000002143163,34.89000005172907],[-83.74000002171739,34.89000005172907],[-83.74000002171739,34.87000005230066],[-83.7200000222889,34.87000005230066],[-83.7200000222889,34.90000005144327],[-83.71000002257465,34.90000005144327],[-83.71000002257465,34.89000005172907],[-83.70000002286041,34.89000005172907],[-83.70000002286041,34.910000051157475],[-83.69000002314617,34.910000051157475],[-83.69000002314617,34.92000005087168],[-83.68000002343192,34.92000005087168],[-83.68000002343192,34.93000005058588],[-83.69000002314617,34.93000005058588],[-83.69000002314617,34.950000050014296],[-83.68000002343192,34.950000050014296],[-83.68000002343192,34.9600000497285],[-83.67000002371768,34.9600000497285],[-83.67000002371768,34.9700000494427],[-83.66000002400342,34.9700000494427],[-83.66000002400342,34.9600000497285],[-83.65000002428918,34.9600000497285],[-83.65000002428918,34.950000050014296],[-83.63000002486069,34.950000050014296],[-83.63000002486069,34.940000050300085],[-83.65000002428918,34.940000050300085],[-83.65000002428918,34.93000005058588],[-83.63000002486069,34.93000005058588],[-83.63000002486069,34.92000005087168],[-83.62000002514645,34.92000005087168],[-83.62000002514645,34.910000051157475],[-83.6100000254322,34.910000051157475],[-83.6100000254322,34.940000050300085],[-83.62000002514645,34.940000050300085],[-83.62000002514645,34.9700000494427],[-83.60000002571796,34.9700000494427],[-83.60000002571796,34.9600000497285],[-83.6100000254322,34.9600000497285],[-83.6100000254322,34.950000050014296],[-83.59000002600371,34.950000050014296],[-83.59000002600371,34.93000005058588],[-83.58000002628947,34.93000005058588],[-83.58000002628947,34.910000051157475],[-83.57000002657523,34.910000051157475],[-83.57000002657523,34.90000005144327],[-83.59000002600371,34.90000005144327],[-83.59000002600371,34.92000005087168],[-83.60000002571796,34.92000005087168],[-83.60000002571796,34.87000005230066],[-83.59000002600371,34.87000005230066],[-83.59000002600371,34.880000052014864],[-83.57000002657523,34.880000052014864],[-83.57000002657523,34.89000005172907],[-83.56000002686098,34.89000005172907],[-83.56000002686098,34.90000005144327],[-83.55000002714674,34.90000005144327],[-83.55000002714674,34.880000052014864],[-83.53000002771824,34.880000052014864],[-83.53000002771824,34.87000005230066],[-83.520000028004,34.87000005230066],[-83.520000028004,34.89000005172907],[-83.51000002828975,34.89000005172907],[-83.51000002828975,34.880000052014864],[-83.49000002886126,34.880000052014864],[-83.49000002886126,34.90000005144327],[-83.48000002914702,34.90000005144327],[-83.48000002914702,34.87000005230066],[-83.49000002886126,34.87000005230066],[-83.49000002886126,34.850000052872254],[-83.48000002914702,34.850000052872254],[-83.48000002914702,34.84000005315805],[-83.4300000305758,34.84000005315805],[-83.4300000305758,34.83000005344385],[-83.45000003000429,34.83000005344385],[-83.45000003000429,34.82000005372964],[-83.44000003029004,34.82000005372964],[-83.44000003029004,34.81000005401543],[-83.4300000305758,34.81000005401543],[-83.4300000305758,34.80000005430123],[-82.97000004372053,34.80000005430123],[-82.97000004372053,34.81000005401543],[-82.96000004400629,34.81000005401543],[-82.96000004400629,34.82000005372964],[-82.95000004429204,34.82000005372964],[-82.95000004429204,34.83000005344385],[-82.9400000445778,34.83000005344385],[-82.9400000445778,34.84000005315805],[-82.93000004486355,34.84000005315805],[-82.93000004486355,34.82000005372964],[-82.91000004543505,34.82000005372964],[-82.91000004543505,34.80000005430123],[-82.90000004572082,34.80000005430123],[-82.90000004572082,34.81000005401543],[-82.89000004600658,34.81000005401543],[-82.89000004600658,34.80000005430123],[-82.43000005915131,34.80000005430123],[-82.43000005915131,34.81000005401543],[-82.41000005972282,34.81000005401543],[-82.41000005972282,34.80000005430123],[-82.14000006743821,34.80000005430123],[-82.14000006743821,34.81000005401543],[-82.15000006715245,34.81000005401543],[-82.15000006715245,34.82000005372964],[-82.1600000668667,34.82000005372964],[-82.1600000668667,34.83000005344385],[-82.18000006629518,34.83000005344385],[-82.18000006629518,34.84000005315805],[-82.17000006658094,34.84000005315805],[-82.17000006658094,34.850000052872254],[-82.1600000668667,34.850000052872254],[-82.1600000668667,34.84000005315805],[-82.15000006715245,34.84000005315805],[-82.15000006715245,34.83000005344385],[-82.14000006743821,34.83000005344385],[-82.14000006743821,34.82000005372964],[-82.12000006800972,34.82000005372964],[-82.12000006800972,34.81000005401543],[-82.13000006772396,34.81000005401543],[-82.13000006772396,34.80000005430123],[-81.00000010001429,34.80000005430123],[-81.00000010001429,35.700000028579595],[-81.02000009944278,35.700000028579595],[-81.02000009944278,35.69000002886539],[-81.06000009829975,35.69000002886539],[-81.06000009829975,35.700000028579595],[-81.070000098014,35.700000028579595],[-81.070000098014,35.69000002886539],[-81.09000009744248,35.69000002886539],[-81.09000009744248,35.700000028579595],[-81.10000009715674,35.700000028579595],[-81.10000009715674,35.69000002886539],[-81.12000009658523,35.69000002886539],[-81.12000009658523,35.68000002915119],[-81.13000009629947,35.68000002915119],[-81.13000009629947,35.670000029436984],[-81.14000009601372,35.670000029436984],[-81.14000009601372,35.69000002886539],[-81.13000009629947,35.69000002886539],[-81.13000009629947,35.700000028579595],[-81.15000009572796,35.700000028579595],[-81.15000009572796,35.69000002886539],[-81.17000009515645,35.69000002886539],[-81.17000009515645,35.7100000282938],[-81.1600000954422,35.7100000282938],[-81.1600000954422,35.720000028008],[-81.17000009515645,35.720000028008],[-81.17000009515645,35.73000002772221],[-81.18000009487069,35.73000002772221],[-81.18000009487069,35.720000028008],[-81.19000009458495,35.720000028008],[-81.19000009458495,35.73000002772221],[-81.20000009429918,35.73000002772221],[-81.20000009429918,35.720000028008],[-81.23000009344192,35.720000028008],[-81.23000009344192,35.7100000282938],[-81.22000009372768,35.7100000282938],[-81.22000009372768,35.69000002886539],[-81.24000009315617,35.69000002886539],[-81.24000009315617,35.700000028579595],[-81.25000009287041,35.700000028579595],[-81.25000009287041,35.69000002886539],[-81.26000009258465,35.69000002886539],[-81.26000009258465,35.66000002972278],[-81.2700000922989,35.66000002972278],[-81.2700000922989,35.700000028579595],[-81.29000009172739,35.700000028579595],[-81.29000009172739,35.69000002886539],[-81.30000009144163,35.69000002886539],[-81.30000009144163,35.68000002915119],[-81.34000009029862,35.68000002915119],[-81.34000009029862,35.69000002886539],[-81.35000009001286,35.69000002886539],[-81.35000009001286,35.700000028579595],[-81.37000008944135,35.700000028579595],[-81.37000008944135,35.69000002886539],[-81.38000008915559,35.69000002886539],[-81.38000008915559,35.700000028579595],[-81.41000008829833,35.700000028579595],[-81.41000008829833,35.7100000282938],[-81.43000008772681,35.7100000282938],[-81.43000008772681,35.700000028579595],[-81.44000008744106,35.700000028579595],[-81.44000008744106,35.720000028008],[-81.46000008686956,35.720000028008],[-81.46000008686956,35.740000027436416],[-81.4700000865838,35.740000027436416],[-81.4700000865838,35.76000002686482],[-81.48000008629805,35.76000002686482],[-81.48000008629805,35.740000027436416],[-81.49000008601229,35.740000027436416],[-81.49000008601229,35.76000002686482],[-81.50000008572653,35.76000002686482],[-81.50000008572653,35.75000002715062],[-81.52000008515502,35.75000002715062],[-81.52000008515502,35.76000002686482],[-81.53000008486927,35.76000002686482],[-81.53000008486927,35.77000002657903],[-81.55000008429775,35.77000002657903],[-81.55000008429775,35.78000002629323],[-81.57000008372624,35.78000002629323],[-81.57000008372624,35.790000026007434],[-81.5800000834405,35.790000026007434],[-81.5800000834405,35.78000002629323],[-81.59000008315473,35.78000002629323],[-81.59000008315473,35.77000002657903],[-81.60000008286897,35.77000002657903],[-81.60000008286897,35.790000026007434],[-81.62000008229747,35.790000026007434],[-81.62000008229747,35.80000002572164],[-81.63000008201172,35.80000002572164],[-81.63000008201172,35.81000002543584],[-81.65000008144021,35.81000002543584],[-81.65000008144021,35.820000025150044],[-81.67000008086869,35.820000025150044],[-81.67000008086869,35.83000002486425],[-81.68000008058294,35.83000002486425],[-81.68000008058294,35.850000024292655],[-81.67000008086869,35.850000024292655],[-81.67000008086869,35.860000024006865],[-81.68000008058294,35.860000024006865],[-81.68000008058294,35.87000002372107],[-81.69000008029718,35.87000002372107],[-81.69000008029718,35.88000002343527],[-81.68000008058294,35.88000002343527],[-81.68000008058294,35.890000023149476],[-81.69000008029718,35.890000023149476],[-81.69000008029718,35.90000002286368],[-81.68000008058294,35.90000002286368],[-81.68000008058294,35.93000002200629],[-81.67000008086869,35.93000002200629],[-81.67000008086869,35.94000002172049],[-81.65000008144021,35.94000002172049],[-81.65000008144021,35.9500000214347],[-81.66000008115445,35.9500000214347],[-81.66000008115445,35.9600000211489],[-81.62000008229747,35.9600000211489],[-81.62000008229747,35.970000020863104],[-81.61000008258323,35.970000020863104],[-81.61000008258323,35.98000002057731],[-81.60000008286897,35.98000002057731],[-81.60000008286897,35.99000002029152],[-81.59000008315473,35.99000002029152],[-81.59000008315473,35.970000020863104],[-81.5800000834405,35.970000020863104],[-81.5800000834405,36.00000002000572],[-81.59000008315473,36.00000002000572],[-81.59000008315473,36.010000019719925],[-81.5800000834405,36.010000019719925],[-81.5800000834405,36.02000001943413],[-81.59000008315473,36.02000001943413],[-81.59000008315473,36.03000001914833],[-81.57000008372624,36.03000001914833],[-81.57000008372624,36.02000001943413],[-81.560000084012,36.02000001943413],[-81.560000084012,36.010000019719925],[-81.53000008486927,36.010000019719925],[-81.53000008486927,36.02000001943413],[-81.50000008572653,36.02000001943413],[-81.50000008572653,36.05000001857674],[-81.49000008601229,36.05000001857674],[-81.49000008601229,36.070000018005146],[-81.50000008572653,36.070000018005146],[-81.50000008572653,36.08000001771935],[-81.52000008515502,36.08000001771935],[-81.52000008515502,36.070000018005146],[-81.55000008429775,36.070000018005146],[-81.55000008429775,36.08000001771935],[-81.54000008458351,36.08000001771935],[-81.54000008458351,36.10000001714776],[-81.5800000834405,36.10000001714776],[-81.5800000834405,36.11000001686196],[-81.57000008372624,36.11000001686196],[-81.57000008372624,36.12000001657617],[-81.560000084012,36.12000001657617],[-81.560000084012,36.11000001686196],[-81.53000008486927,36.11000001686196],[-81.53000008486927,36.15000001571878],[-81.54000008458351,36.15000001571878],[-81.54000008458351,36.160000015432985],[-81.53000008486927,36.160000015432985],[-81.53000008486927,36.17000001514719],[-81.52000008515502,36.17000001514719],[-81.52000008515502,36.160000015432985],[-81.51000008544078,36.160000015432985],[-81.51000008544078,36.17000001514719],[-81.50000008572653,36.17000001514719],[-81.50000008572653,36.160000015432985],[-81.49000008601229,36.160000015432985],[-81.49000008601229,36.17000001514719],[-81.48000008629805,36.17000001514719],[-81.48000008629805,36.160000015432985],[-81.4500000871553,36.160000015432985],[-81.4500000871553,36.17000001514719],[-81.44000008744106,36.17000001514719],[-81.44000008744106,36.18000001486139],[-81.43000008772681,36.18000001486139],[-81.43000008772681,36.17000001514719],[-81.42000008801257,36.17000001514719],[-81.42000008801257,36.18000001486139],[-81.41000008829833,36.18000001486139],[-81.41000008829833,36.17000001514719],[-81.38000008915559,36.17000001514719],[-81.38000008915559,36.18000001486139],[-81.37000008944135,36.18000001486139],[-81.37000008944135,36.17000001514719],[-81.36000008972711,36.17000001514719],[-81.36000008972711,36.18000001486139],[-81.35000009001286,36.18000001486139],[-81.35000009001286,36.190000014575595],[-81.33000009058436,36.190000014575595],[-81.33000009058436,36.2000000142898],[-81.31000009115589,36.2000000142898],[-81.31000009115589,36.190000014575595],[-81.30000009144163,36.190000014575595],[-81.30000009144163,36.2000000142898],[-81.28000009201314,36.2000000142898],[-81.28000009201314,36.190000014575595],[-81.2700000922989,36.190000014575595],[-81.2700000922989,36.17000001514719],[-81.28000009201314,36.17000001514719],[-81.28000009201314,36.160000015432985],[-81.29000009172739,36.160000015432985],[-81.29000009172739,36.15000001571878],[-81.25000009287041,36.15000001571878],[-81.25000009287041,36.160000015432985],[-81.26000009258465,36.160000015432985],[-81.26000009258465,36.18000001486139],[-81.24000009315617,36.18000001486139],[-81.24000009315617,36.17000001514719],[-81.23000009344192,36.17000001514719],[-81.23000009344192,36.18000001486139],[-81.20000009429918,36.18000001486139],[-81.20000009429918,36.17000001514719],[-81.18000009487069,36.17000001514719],[-81.18000009487069,36.18000001486139],[-81.17000009515645,36.18000001486139],[-81.17000009515645,36.17000001514719],[-81.1600000954422,36.17000001514719],[-81.1600000954422,36.160000015432985],[-81.13000009629947,36.160000015432985],[-81.13000009629947,36.17000001514719],[-81.12000009658523,36.17000001514719],[-81.12000009658523,36.160000015432985],[-81.09000009744248,36.160000015432985],[-81.09000009744248,36.17000001514719],[-81.070000098014,36.17000001514719],[-81.070000098014,36.160000015432985],[-81.05000009858551,36.160000015432985],[-81.05000009858551,36.17000001514719],[-81.04000009887126,36.17000001514719],[-81.04000009887126,36.18000001486139],[-81.03000009915702,36.18000001486139],[-81.03000009915702,36.190000014575595],[-81.02000009944278,36.190000014575595],[-81.02000009944278,36.2000000142898],[-81.01000009972853,36.2000000142898],[-81.01000009972853,36.210000014004],[-81.00000010001429,36.210000014004],[-81.00000010001429,36.340000010288655],[-81.02000009944278,36.340000010288655],[-81.02000009944278,36.35000001000286],[-81.00000010001429,36.35000001000286],[-81.00000010001429,36.48000000628751],[-81.01000009972853,36.48000000628751],[-81.01000009972853,36.490000006001715],[-81.00000010001429,36.490000006001715],[-81.00000010001429,36.56000000400115],[-81.02000009944278,36.56000000400115],[-81.02000009944278,36.55000000428694],[-81.03000009915702,36.55000000428694],[-81.03000009915702,36.56000000400115],[-81.12000009658523,36.56000000400115],[-81.12000009658523,36.54000000457274],[-81.15000009572796,36.54000000457274],[-81.15000009572796,36.52000000514433],[-81.1600000954422,36.52000000514433],[-81.1600000954422,36.530000004858536],[-81.17000009515645,36.530000004858536],[-81.17000009515645,36.52000000514433],[-81.18000009487069,36.52000000514433],[-81.18000009487069,36.51000000543013],[-81.22000009372768,36.51000000543013],[-81.22000009372768,36.50000000571592],[-81.24000009315617,36.50000000571592],[-81.24000009315617,36.51000000543013],[-81.23000009344192,36.51000000543013],[-81.23000009344192,36.52000000514433],[-81.24000009315617,36.52000000514433],[-81.24000009315617,36.55000000428694],[-81.25000009287041,36.55000000428694],[-81.25000009287041,36.57000000371535],[-81.26000009258465,36.57000000371535],[-81.26000009258465,36.580000003429554],[-81.25000009287041,36.580000003429554],[-81.25000009287041,36.60000000285796],[-81.24000009315617,36.60000000285796],[-81.24000009315617,36.610000002572164],[-81.25000009287041,36.610000002572164],[-81.25000009287041,36.62000000228637],[-81.26000009258465,36.62000000228637],[-81.26000009258465,36.610000002572164],[-81.2700000922989,36.610000002572164],[-81.2700000922989,36.650000001428985],[-81.26000009258465,36.650000001428985],[-81.26000009258465,36.66000000114319],[-81.25000009287041,36.66000000114319],[-81.25000009287041,36.650000001428985],[-81.24000009315617,36.650000001428985],[-81.24000009315617,36.67000000085739],[-81.23000009344192,36.67000000085739],[-81.23000009344192,36.680000000571596],[-81.22000009372768,36.680000000571596],[-81.22000009372768,36.6900000002858],[-81.25000009287041,36.6900000002858],[-81.25000009287041,36.7],[-81.28000009201314,36.7],[-81.28000009201314,36.680000000571596],[-81.31000009115589,36.680000000571596],[-81.31000009115589,36.67000000085739],[-81.32000009087012,36.67000000085739],[-81.32000009087012,36.66000000114319],[-81.34000009029862,36.66000000114319],[-81.34000009029862,36.680000000571596],[-81.35000009001286,36.680000000571596],[-81.35000009001286,36.6900000002858],[-81.36000008972711,36.6900000002858],[-81.36000008972711,36.7],[-81.60000008286897,36.7],[-81.60000008286897,36.6900000002858],[-81.62000008229747,36.6900000002858],[-81.62000008229747,36.66000000114319],[-81.64000008172596,36.66000000114319],[-81.64000008172596,36.680000000571596],[-81.65000008144021,36.680000000571596],[-81.65000008144021,36.67000000085739],[-81.68000008058294,36.67000000085739],[-81.68000008058294,36.650000001428985],[-81.69000008029718,36.650000001428985],[-81.69000008029718,36.66000000114319],[-81.70000008001143,36.66000000114319],[-81.70000008001143,36.67000000085739],[-81.73000007915417,36.67000000085739],[-81.73000007915417,36.66000000114319],[-81.7400000788684,36.66000000114319],[-81.7400000788684,36.650000001428985],[-81.7600000782969,36.650000001428985],[-81.7600000782969,36.64000000171478],[-81.75000007858266,36.64000000171478],[-81.75000007858266,36.62000000228637],[-81.79000007743963,36.62000000228637],[-81.79000007743963,36.610000002572164],[-81.80000007715388,36.610000002572164],[-81.80000007715388,36.59000000314376],[-81.82000007658237,36.59000000314376],[-81.82000007658237,36.610000002572164],[-81.88000007486784,36.610000002572164],[-81.88000007486784,36.60000000285796],[-81.91000007401057,36.60000000285796],[-81.91000007401057,36.59000000314376],[-81.98000007201028,36.59000000314376],[-81.98000007201028,36.60000000285796],[-82.01000007115302,36.60000000285796],[-82.01000007115302,36.62000000228637],[-82.00000007143878,36.62000000228637],[-82.00000007143878,36.63000000200057],[-81.99000007172454,36.63000000200057],[-81.99000007172454,36.650000001428985],[-81.98000007201028,36.650000001428985],[-81.98000007201028,36.66000000114319],[-81.9400000731533,36.66000000114319],[-81.9400000731533,36.680000000571596],[-81.92000007372482,36.680000000571596],[-81.92000007372482,36.6900000002858],[-81.93000007343906,36.6900000002858],[-81.93000007343906,36.7],[-82.21000006543792,36.7]],[[-82.14000006743821,36.6900000002858],[-82.13000006772396,36.6900000002858],[-82.13000006772396,36.680000000571596],[-82.14000006743821,36.680000000571596],[-82.14000006743821,36.6900000002858]],[[-82.11000006829548,36.6900000002858],[-82.10000006858122,36.6900000002858],[-82.10000006858122,36.680000000571596],[-82.11000006829548,36.680000000571596],[-82.11000006829548,36.6900000002858]],[[-82.08000006915273,36.6900000002858],[-82.07000006943849,36.6900000002858],[-82.07000006943849,36.680000000571596],[-82.08000006915273,36.680000000571596],[-82.08000006915273,36.6900000002858]],[[-82.06000006972424,36.6900000002858],[-82.05000007001,36.6900000002858],[-82.05000007001,36.680000000571596],[-82.06000006972424,36.680000000571596],[-82.06000006972424,36.6900000002858]],[[-81.4700000865838,36.66000000114319],[-81.46000008686956,36.66000000114319],[-81.46000008686956,36.650000001428985],[-81.4700000865838,36.650000001428985],[-81.4700000865838,36.66000000114319]],[[-81.30000009144163,36.66000000114319],[-81.29000009172739,36.66000000114319],[-81.29000009172739,36.650000001428985],[-81.30000009144163,36.650000001428985],[-81.30000009144163,36.66000000114319]],[[-81.7400000788684,36.650000001428985],[-81.73000007915417,36.650000001428985],[-81.73000007915417,36.64000000171478],[-81.7400000788684,36.64000000171478],[-81.7400000788684,36.650000001428985]],[[-81.46000008686956,36.650000001428985],[-81.4500000871553,36.650000001428985],[-81.4500000871553,36.63000000200057],[-81.46000008686956,36.63000000200057],[-81.46000008686956,36.650000001428985]],[[-81.48000008629805,36.64000000171478],[-81.4700000865838,36.64000000171478],[-81.4700000865838,36.63000000200057],[-81.46000008686956,36.63000000200057],[-81.46000008686956,36.60000000285796],[-81.4500000871553,36.60000000285796],[-81.4500000871553,36.59000000314376],[-81.44000008744106,36.59000000314376],[-81.44000008744106,36.580000003429554],[-81.43000008772681,36.580000003429554],[-81.43000008772681,36.57000000371535],[-81.42000008801257,36.57000000371535],[-81.42000008801257,36.55000000428694],[-81.40000008858408,36.55000000428694],[-81.40000008858408,36.530000004858536],[-81.41000008829833,36.530000004858536],[-81.41000008829833,36.54000000457274],[-81.42000008801257,36.54000000457274],[-81.42000008801257,36.52000000514433],[-81.44000008744106,36.52000000514433],[-81.44000008744106,36.51000000543013],[-81.4500000871553,36.51000000543013],[-81.4500000871553,36.490000006001715],[-81.4700000865838,36.490000006001715],[-81.4700000865838,36.48000000628751],[-81.48000008629805,36.48000000628751],[-81.48000008629805,36.490000006001715],[-81.49000008601229,36.490000006001715],[-81.49000008601229,36.50000000571592],[-81.50000008572653,36.50000000571592],[-81.50000008572653,36.490000006001715],[-81.51000008544078,36.490000006001715],[-81.51000008544078,36.50000000571592],[-81.52000008515502,36.50000000571592],[-81.52000008515502,36.52000000514433],[-81.54000008458351,36.52000000514433],[-81.54000008458351,36.530000004858536],[-81.55000008429775,36.530000004858536],[-81.55000008429775,36.54000000457274],[-81.54000008458351,36.54000000457274],[-81.54000008458351,36.55000000428694],[-81.55000008429775,36.55000000428694],[-81.55000008429775,36.56000000400115],[-81.560000084012,36.56000000400115],[-81.560000084012,36.55000000428694],[-81.57000008372624,36.55000000428694],[-81.57000008372624,36.57000000371535],[-81.55000008429775,36.57000000371535],[-81.55000008429775,36.610000002572164],[-81.53000008486927,36.610000002572164],[-81.53000008486927,36.60000000285796],[-81.52000008515502,36.60000000285796],[-81.52000008515502,36.62000000228637],[-81.51000008544078,36.62000000228637],[-81.51000008544078,36.63000000200057],[-81.49000008601229,36.63000000200057],[-81.49000008601229,36.62000000228637],[-81.48000008629805,36.62000000228637],[-81.48000008629805,36.64000000171478]],[[-81.72000007943991,36.63000000200057],[-81.71000007972567,36.63000000200057],[-81.71000007972567,36.62000000228637],[-81.72000007943991,36.62000000228637],[-81.72000007943991,36.63000000200057]],[[-82.30000006286612,36.62000000228637],[-82.29000006315188,36.62000000228637],[-82.29000006315188,36.610000002572164],[-82.30000006286612,36.610000002572164],[-82.30000006286612,36.62000000228637]],[[-82.02000007086727,36.60000000285796],[-82.01000007115302,36.60000000285796],[-82.01000007115302,36.59000000314376],[-82.02000007086727,36.59000000314376],[-82.02000007086727,36.60000000285796]],[[-81.43000008772681,36.60000000285796],[-81.42000008801257,36.60000000285796],[-81.42000008801257,36.59000000314376],[-81.43000008772681,36.59000000314376],[-81.43000008772681,36.60000000285796]],[[-81.86000007543934,36.59000000314376],[-81.8500000757251,36.59000000314376],[-81.8500000757251,36.580000003429554],[-81.86000007543934,36.580000003429554],[-81.86000007543934,36.59000000314376]],[[-81.84000007601085,36.59000000314376],[-81.83000007629661,36.59000000314376],[-81.83000007629661,36.580000003429554],[-81.84000007601085,36.580000003429554],[-81.84000007601085,36.59000000314376]],[[-81.77000007801115,36.59000000314376],[-81.7600000782969,36.59000000314376],[-81.7600000782969,36.580000003429554],[-81.75000007858266,36.580000003429554],[-81.75000007858266,36.56000000400115],[-81.7600000782969,36.56000000400115],[-81.7600000782969,36.57000000371535],[-81.77000007801115,36.57000000371535],[-81.77000007801115,36.59000000314376]],[[-82.30000006286612,36.580000003429554],[-82.29000006315188,36.580000003429554],[-82.29000006315188,36.57000000371535],[-82.30000006286612,36.57000000371535],[-82.30000006286612,36.580000003429554]],[[-81.8700000751536,36.580000003429554],[-81.86000007543934,36.580000003429554],[-81.86000007543934,36.57000000371535],[-81.8700000751536,36.57000000371535],[-81.8700000751536,36.580000003429554]],[[-81.80000007715388,36.57000000371535],[-81.77000007801115,36.57000000371535],[-81.77000007801115,36.55000000428694],[-81.7600000782969,36.55000000428694],[-81.7600000782969,36.51000000543013],[-81.77000007801115,36.51000000543013],[-81.77000007801115,36.50000000571592],[-81.79000007743963,36.50000000571592],[-81.79000007743963,36.490000006001715],[-81.80000007715388,36.490000006001715],[-81.80000007715388,36.460000006859104],[-81.82000007658237,36.460000006859104],[-81.82000007658237,36.47000000657331],[-81.83000007629661,36.47000000657331],[-81.83000007629661,36.460000006859104],[-81.84000007601085,36.460000006859104],[-81.84000007601085,36.490000006001715],[-81.8500000757251,36.490000006001715],[-81.8500000757251,36.50000000571592],[-81.84000007601085,36.50000000571592],[-81.84000007601085,36.52000000514433],[-81.83000007629661,36.52000000514433],[-81.83000007629661,36.530000004858536],[-81.82000007658237,36.530000004858536],[-81.82000007658237,36.54000000457274],[-81.80000007715388,36.54000000457274],[-81.80000007715388,36.57000000371535]],[[-81.89000007458208,36.56000000400115],[-81.88000007486784,36.56000000400115],[-81.88000007486784,36.55000000428694],[-81.89000007458208,36.55000000428694],[-81.89000007458208,36.56000000400115]],[[-81.070000098014,36.54000000457274],[-81.06000009829975,36.54000000457274],[-81.06000009829975,36.530000004858536],[-81.05000009858551,36.530000004858536],[-81.05000009858551,36.52000000514433],[-81.070000098014,36.52000000514433],[-81.070000098014,36.54000000457274]],[[-81.03000009915702,36.54000000457274],[-81.02000009944278,36.54000000457274],[-81.02000009944278,36.530000004858536],[-81.03000009915702,36.530000004858536],[-81.03000009915702,36.54000000457274]],[[-81.40000008858408,36.530000004858536],[-81.39000008886984,36.530000004858536],[-81.39000008886984,36.52000000514433],[-81.40000008858408,36.52000000514433],[-81.40000008858408,36.530000004858536]],[[-81.44000008744106,36.51000000543013],[-81.43000008772681,36.51000000543013],[-81.43000008772681,36.50000000571592],[-81.44000008744106,36.50000000571592],[-81.44000008744106,36.51000000543013]],[[-81.10000009715674,36.51000000543013],[-81.09000009744248,36.51000000543013],[-81.09000009744248,36.50000000571592],[-81.10000009715674,36.50000000571592],[-81.10000009715674,36.51000000543013]],[[-81.05000009858551,36.51000000543013],[-81.03000009915702,36.51000000543013],[-81.03000009915702,36.490000006001715],[-81.04000009887126,36.490000006001715],[-81.04000009887126,36.50000000571592],[-81.05000009858551,36.50000000571592],[-81.05000009858551,36.51000000543013]],[[-81.41000008829833,36.50000000571592],[-81.40000008858408,36.50000000571592],[-81.40000008858408,36.490000006001715],[-81.41000008829833,36.490000006001715],[-81.41000008829833,36.50000000571592]],[[-81.38000008915559,36.490000006001715],[-81.37000008944135,36.490000006001715],[-81.37000008944135,36.48000000628751],[-81.38000008915559,36.48000000628751],[-81.38000008915559,36.490000006001715]],[[-81.12000009658523,36.490000006001715],[-81.11000009687098,36.490000006001715],[-81.11000009687098,36.48000000628751],[-81.12000009658523,36.48000000628751],[-81.12000009658523,36.490000006001715]],[[-81.86000007543934,36.48000000628751],[-81.8500000757251,36.48000000628751],[-81.8500000757251,36.47000000657331],[-81.86000007543934,36.47000000657331],[-81.86000007543934,36.48000000628751]],[[-81.49000008601229,36.48000000628751],[-81.48000008629805,36.48000000628751],[-81.48000008629805,36.460000006859104],[-81.4700000865838,36.460000006859104],[-81.4700000865838,36.4500000071449],[-81.48000008629805,36.4500000071449],[-81.48000008629805,36.4400000074307],[-81.49000008601229,36.4400000074307],[-81.49000008601229,36.4500000071449],[-81.50000008572653,36.4500000071449],[-81.50000008572653,36.47000000657331],[-81.49000008601229,36.47000000657331],[-81.49000008601229,36.48000000628751]],[[-81.02000009944278,36.48000000628751],[-81.01000009972853,36.48000000628751],[-81.01000009972853,36.47000000657331],[-81.02000009944278,36.47000000657331],[-81.02000009944278,36.48000000628751]],[[-82.540000056008,36.47000000657331],[-82.53000005629376,36.47000000657331],[-82.53000005629376,36.460000006859104],[-82.540000056008,36.460000006859104],[-82.540000056008,36.47000000657331]],[[-81.070000098014,36.47000000657331],[-81.06000009829975,36.47000000657331],[-81.06000009829975,36.460000006859104],[-81.070000098014,36.460000006859104],[-81.070000098014,36.47000000657331]],[[-81.03000009915702,36.47000000657331],[-81.02000009944278,36.47000000657331],[-81.02000009944278,36.460000006859104],[-81.03000009915702,36.460000006859104],[-81.03000009915702,36.47000000657331]],[[-81.04000009887126,36.460000006859104],[-81.03000009915702,36.460000006859104],[-81.03000009915702,36.4500000071449],[-81.04000009887126,36.4500000071449],[-81.04000009887126,36.460000006859104]],[[-82.06000006972424,36.4500000071449],[-82.05000007001,36.4500000071449],[-82.05000007001,36.4400000074307],[-82.04000007029576,36.4400000074307],[-82.04000007029576,36.430000007716494],[-82.06000006972424,36.430000007716494],[-82.06000006972424,36.4500000071449]],[[-81.54000008458351,36.4500000071449],[-81.53000008486927,36.4500000071449],[-81.53000008486927,36.4400000074307],[-81.54000008458351,36.4400000074307],[-81.54000008458351,36.4500000071449]],[[-82.59000005457922,36.430000007716494],[-82.58000005486498,36.430000007716494],[-82.58000005486498,36.42000000800229],[-82.59000005457922,36.42000000800229],[-82.59000005457922,36.430000007716494]],[[-82.08000006915273,36.430000007716494],[-82.06000006972424,36.430000007716494],[-82.06000006972424,36.42000000800229],[-82.07000006943849,36.42000000800229],[-82.07000006943849,36.41000000828809],[-82.09000006886698,36.41000000828809],[-82.09000006886698,36.40000000857388],[-82.11000006829548,36.40000000857388],[-82.11000006829548,36.41000000828809],[-82.10000006858122,36.41000000828809],[-82.10000006858122,36.42000000800229],[-82.08000006915273,36.42000000800229],[-82.08000006915273,36.430000007716494]],[[-81.50000008572653,36.430000007716494],[-81.49000008601229,36.430000007716494],[-81.49000008601229,36.42000000800229],[-81.48000008629805,36.42000000800229],[-81.48000008629805,36.41000000828809],[-81.49000008601229,36.41000000828809],[-81.49000008601229,36.40000000857388],[-81.51000008544078,36.40000000857388],[-81.51000008544078,36.41000000828809],[-81.50000008572653,36.41000000828809],[-81.50000008572653,36.430000007716494]],[[-81.52000008515502,36.42000000800229],[-81.51000008544078,36.42000000800229],[-81.51000008544078,36.41000000828809],[-81.52000008515502,36.41000000828809],[-81.52000008515502,36.42000000800229]],[[-82.55000005572225,36.40000000857388],[-82.540000056008,36.40000000857388],[-82.540000056008,36.39000000885968],[-82.55000005572225,36.39000000885968],[-82.55000005572225,36.40000000857388]],[[-81.40000008858408,36.40000000857388],[-81.39000008886984,36.40000000857388],[-81.39000008886984,36.39000000885968],[-81.40000008858408,36.39000000885968],[-81.40000008858408,36.40000000857388]],[[-83.05000004143449,36.39000000885968],[-83.04000004172025,36.39000000885968],[-83.04000004172025,36.380000009145476],[-83.05000004143449,36.380000009145476],[-83.05000004143449,36.39000000885968]],[[-82.64000005315044,36.39000000885968],[-82.6300000534362,36.39000000885968],[-82.6300000534362,36.380000009145476],[-82.64000005315044,36.380000009145476],[-82.64000005315044,36.39000000885968]],[[-82.17000006658094,36.39000000885968],[-82.15000006715245,36.39000000885968],[-82.15000006715245,36.36000000971706],[-82.1600000668667,36.36000000971706],[-82.1600000668667,36.370000009431266],[-82.17000006658094,36.370000009431266],[-82.17000006658094,36.36000000971706],[-82.19000006600943,36.36000000971706],[-82.19000006600943,36.35000001000286],[-82.2300000648664,36.35000001000286],[-82.2300000648664,36.340000010288655],[-82.24000006458066,36.340000010288655],[-82.24000006458066,36.33000001057445],[-82.2500000642949,36.33000001057445],[-82.2500000642949,36.36000000971706],[-82.22000006515216,36.36000000971706],[-82.22000006515216,36.370000009431266],[-82.19000006600943,36.370000009431266],[-82.19000006600943,36.380000009145476],[-82.17000006658094,36.380000009145476],[-82.17000006658094,36.39000000885968]],[[-81.57000008372624,36.39000000885968],[-81.560000084012,36.39000000885968],[-81.560000084012,36.380000009145476],[-81.57000008372624,36.380000009145476],[-81.57000008372624,36.39000000885968]],[[-82.67000005229319,36.380000009145476],[-82.66000005257894,36.380000009145476],[-82.66000005257894,36.370000009431266],[-82.67000005229319,36.370000009431266],[-82.67000005229319,36.380000009145476]],[[-81.5800000834405,36.380000009145476],[-81.57000008372624,36.380000009145476],[-81.57000008372624,36.370000009431266],[-81.5800000834405,36.370000009431266],[-81.5800000834405,36.380000009145476]],[[-81.42000008801257,36.380000009145476],[-81.40000008858408,36.380000009145476],[-81.40000008858408,36.370000009431266],[-81.39000008886984,36.370000009431266],[-81.39000008886984,36.36000000971706],[-81.38000008915559,36.36000000971706],[-81.38000008915559,36.340000010288655],[-81.39000008886984,36.340000010288655],[-81.39000008886984,36.35000001000286],[-81.40000008858408,36.35000001000286],[-81.40000008858408,36.36000000971706],[-81.41000008829833,36.36000000971706],[-81.41000008829833,36.370000009431266],[-81.42000008801257,36.370000009431266],[-81.42000008801257,36.380000009145476]],[[-81.54000008458351,36.36000000971706],[-81.52000008515502,36.36000000971706],[-81.52000008515502,36.35000001000286],[-81.54000008458351,36.35000001000286],[-81.54000008458351,36.36000000971706]],[[-83.64000002457495,36.35000001000286],[-83.63000002486069,36.35000001000286],[-83.63000002486069,36.340000010288655],[-83.64000002457495,36.340000010288655],[-83.64000002457495,36.35000001000286]],[[-82.27000006372339,36.340000010288655],[-82.26000006400915,36.340000010288655],[-82.26000006400915,36.33000001057445],[-82.27000006372339,36.33000001057445],[-82.27000006372339,36.340000010288655]],[[-81.38000008915559,36.340000010288655],[-81.37000008944135,36.340000010288655],[-81.37000008944135,36.33000001057445],[-81.38000008915559,36.33000001057445],[-81.38000008915559,36.340000010288655]],[[-81.04000009887126,36.33000001057445],[-81.03000009915702,36.33000001057445],[-81.03000009915702,36.32000001086025],[-81.02000009944278,36.32000001086025],[-81.02000009944278,36.30000001143184],[-81.01000009972853,36.30000001143184],[-81.01000009972853,36.29000001171764],[-81.02000009944278,36.29000001171764],[-81.02000009944278,36.280000012003434],[-81.03000009915702,36.280000012003434],[-81.03000009915702,36.27000001228923],[-81.04000009887126,36.27000001228923],[-81.04000009887126,36.280000012003434],[-81.06000009829975,36.280000012003434],[-81.06000009829975,36.29000001171764],[-81.070000098014,36.29000001171764],[-81.070000098014,36.30000001143184],[-81.06000009829975,36.30000001143184],[-81.06000009829975,36.32000001086025],[-81.05000009858551,36.32000001086025],[-81.05000009858551,36.310000011146045],[-81.04000009887126,36.310000011146045],[-81.04000009887126,36.33000001057445]],[[-81.02000009944278,36.33000001057445],[-81.01000009972853,36.33000001057445],[-81.01000009972853,36.32000001086025],[-81.02000009944278,36.32000001086025],[-81.02000009944278,36.33000001057445]],[[-83.54000002743248,36.32000001086025],[-83.53000002771824,36.32000001086025],[-83.53000002771824,36.310000011146045],[-83.54000002743248,36.310000011146045],[-83.54000002743248,36.32000001086025]],[[-83.55000002714674,36.310000011146045],[-83.54000002743248,36.310000011146045],[-83.54000002743248,36.30000001143184],[-83.55000002714674,36.30000001143184],[-83.55000002714674,36.310000011146045]],[[-83.26000003543363,36.27000001228923],[-83.25000003571938,36.27000001228923],[-83.25000003571938,36.26000001257503],[-83.26000003543363,36.26000001257503],[-83.26000003543363,36.27000001228923]],[[-84.00000001428775,36.23000001343241],[-83.99000001457351,36.23000001343241],[-83.99000001457351,36.220000013718206],[-84.00000001428775,36.220000013718206],[-84.00000001428775,36.23000001343241]],[[-83.36000003257608,36.23000001343241],[-83.35000003286184,36.23000001343241],[-83.35000003286184,36.220000013718206],[-83.36000003257608,36.220000013718206],[-83.36000003257608,36.23000001343241]],[[-83.33000003343335,36.23000001343241],[-83.3200000337191,36.23000001343241],[-83.3200000337191,36.220000013718206],[-83.33000003343335,36.220000013718206],[-83.33000003343335,36.23000001343241]],[[-83.35000003286184,36.220000013718206],[-83.34000003314759,36.220000013718206],[-83.34000003314759,36.210000014004],[-83.35000003286184,36.210000014004],[-83.35000003286184,36.220000013718206]],[[-81.1600000954422,36.220000013718206],[-81.14000009601372,36.220000013718206],[-81.14000009601372,36.210000014004],[-81.1600000954422,36.210000014004],[-81.1600000954422,36.220000013718206]],[[-83.40000003143307,36.210000014004],[-83.38000003200457,36.210000014004],[-83.38000003200457,36.190000014575595],[-83.39000003171881,36.190000014575595],[-83.39000003171881,36.2000000142898],[-83.40000003143307,36.2000000142898],[-83.40000003143307,36.210000014004]],[[-83.36000003257608,36.210000014004],[-83.35000003286184,36.210000014004],[-83.35000003286184,36.2000000142898],[-83.36000003257608,36.2000000142898],[-83.36000003257608,36.210000014004]],[[-81.35000009001286,36.210000014004],[-81.33000009058436,36.210000014004],[-81.33000009058436,36.2000000142898],[-81.35000009001286,36.2000000142898],[-81.35000009001286,36.210000014004]],[[-81.12000009658523,36.210000014004],[-81.10000009715674,36.210000014004],[-81.10000009715674,36.2000000142898],[-81.12000009658523,36.2000000142898],[-81.12000009658523,36.210000014004]],[[-81.04000009887126,36.210000014004],[-81.02000009944278,36.210000014004],[-81.02000009944278,36.2000000142898],[-81.04000009887126,36.2000000142898],[-81.04000009887126,36.210000014004]],[[-83.47000002943278,36.2000000142898],[-83.46000002971853,36.2000000142898],[-83.46000002971853,36.190000014575595],[-83.45000003000429,36.190000014575595],[-83.45000003000429,36.18000001486139],[-83.47000002943278,36.18000001486139],[-83.47000002943278,36.2000000142898]],[[-83.45000003000429,36.2000000142898],[-83.4300000305758,36.2000000142898],[-83.4300000305758,36.190000014575595],[-83.45000003000429,36.190000014575595],[-83.45000003000429,36.2000000142898]],[[-82.17000006658094,36.190000014575595],[-82.1600000668667,36.190000014575595],[-82.1600000668667,36.18000001486139],[-82.17000006658094,36.18000001486139],[-82.17000006658094,36.190000014575595]],[[-81.4700000865838,36.18000001486139],[-81.46000008686956,36.18000001486139],[-81.46000008686956,36.17000001514719],[-81.4700000865838,36.17000001514719],[-81.4700000865838,36.18000001486139]],[[-81.11000009687098,36.18000001486139],[-81.10000009715674,36.18000001486139],[-81.10000009715674,36.17000001514719],[-81.11000009687098,36.17000001514719],[-81.11000009687098,36.18000001486139]],[[-82.17000006658094,36.15000001571878],[-82.1600000668667,36.15000001571878],[-82.1600000668667,36.14000001600458],[-82.17000006658094,36.14000001600458],[-82.17000006658094,36.15000001571878]],[[-82.02000007086727,36.15000001571878],[-82.01000007115302,36.15000001571878],[-82.01000007115302,36.14000001600458],[-82.02000007086727,36.14000001600458],[-82.02000007086727,36.15000001571878]],[[-82.15000006715245,36.12000001657617],[-82.14000006743821,36.12000001657617],[-82.14000006743821,36.11000001686196],[-82.12000006800972,36.11000001686196],[-82.12000006800972,36.10000001714776],[-82.14000006743821,36.10000001714776],[-82.14000006743821,36.09000001743355],[-82.1600000668667,36.09000001743355],[-82.1600000668667,36.11000001686196],[-82.15000006715245,36.11000001686196],[-82.15000006715245,36.12000001657617]],[[-81.96000007258179,36.12000001657617],[-81.95000007286755,36.12000001657617],[-81.95000007286755,36.11000001686196],[-81.96000007258179,36.11000001686196],[-81.96000007258179,36.12000001657617]],[[-81.7600000782969,36.12000001657617],[-81.75000007858266,36.12000001657617],[-81.75000007858266,36.11000001686196],[-81.7600000782969,36.11000001686196],[-81.7600000782969,36.12000001657617]],[[-82.11000006829548,36.11000001686196],[-82.10000006858122,36.11000001686196],[-82.10000006858122,36.10000001714776],[-82.11000006829548,36.10000001714776],[-82.11000006829548,36.11000001686196]],[[-82.07000006943849,36.11000001686196],[-82.06000006972424,36.11000001686196],[-82.06000006972424,36.10000001714776],[-82.07000006943849,36.10000001714776],[-82.07000006943849,36.11000001686196]],[[-81.560000084012,36.09000001743355],[-81.55000008429775,36.09000001743355],[-81.55000008429775,36.08000001771935],[-81.560000084012,36.08000001771935],[-81.560000084012,36.09000001743355]],[[-82.19000006600943,36.08000001771935],[-82.18000006629518,36.08000001771935],[-82.18000006629518,36.06000001829094],[-82.19000006600943,36.06000001829094],[-82.19000006600943,36.08000001771935]],[[-81.96000007258179,36.08000001771935],[-81.9400000731533,36.08000001771935],[-81.9400000731533,36.070000018005146],[-81.95000007286755,36.070000018005146],[-81.95000007286755,36.06000001829094],[-81.96000007258179,36.06000001829094],[-81.96000007258179,36.08000001771935]],[[-81.52000008515502,36.070000018005146],[-81.51000008544078,36.070000018005146],[-81.51000008544078,36.06000001829094],[-81.52000008515502,36.06000001829094],[-81.52000008515502,36.070000018005146]],[[-81.65000008144021,36.03000001914833],[-81.63000008201172,36.03000001914833],[-81.63000008201172,36.02000001943413],[-81.65000008144021,36.02000001943413],[-81.65000008144021,36.03000001914833]],[[-81.63000008201172,36.02000001943413],[-81.61000008258323,36.02000001943413],[-81.61000008258323,36.010000019719925],[-81.63000008201172,36.010000019719925],[-81.63000008201172,36.02000001943413]],[[-82.00000007143878,36.010000019719925],[-81.99000007172454,36.010000019719925],[-81.99000007172454,36.00000002000572],[-82.00000007143878,36.00000002000572],[-82.00000007143878,36.010000019719925]],[[-81.65000008144021,36.010000019719925],[-81.64000008172596,36.010000019719925],[-81.64000008172596,36.00000002000572],[-81.65000008144021,36.00000002000572],[-81.65000008144021,36.010000019719925]],[[-82.59000005457922,36.00000002000572],[-82.58000005486498,36.00000002000572],[-82.58000005486498,35.99000002029152],[-82.59000005457922,35.99000002029152],[-82.59000005457922,36.00000002000572]],[[-82.56000005543649,36.00000002000572],[-82.55000005572225,36.00000002000572],[-82.55000005572225,35.99000002029152],[-82.56000005543649,35.99000002029152],[-82.56000005543649,36.00000002000572]],[[-81.63000008201172,36.00000002000572],[-81.62000008229747,36.00000002000572],[-81.62000008229747,35.99000002029152],[-81.63000008201172,35.99000002029152],[-81.63000008201172,36.00000002000572]],[[-82.49000005743677,35.99000002029152],[-82.47000005800828,35.99000002029152],[-82.47000005800828,35.98000002057731],[-82.49000005743677,35.98000002057731],[-82.49000005743677,35.99000002029152]],[[-82.51000005686527,35.98000002057731],[-82.50000005715103,35.98000002057731],[-82.50000005715103,35.9600000211489],[-82.51000005686527,35.9600000211489],[-82.51000005686527,35.98000002057731]],[[-81.64000008172596,35.98000002057731],[-81.63000008201172,35.98000002057731],[-81.63000008201172,35.970000020863104],[-81.64000008172596,35.970000020863104],[-81.64000008172596,35.98000002057731]],[[-82.53000005629376,35.970000020863104],[-82.5200000565795,35.970000020863104],[-82.5200000565795,35.9600000211489],[-82.53000005629376,35.9600000211489],[-82.53000005629376,35.970000020863104]],[[-84.2100000082869,35.9600000211489],[-84.20000000857266,35.9600000211489],[-84.20000000857266,35.9500000214347],[-84.2100000082869,35.9500000214347],[-84.2100000082869,35.9600000211489]],[[-84.17000000942991,35.94000002172049],[-84.16000000971567,35.94000002172049],[-84.16000000971567,35.93000002200629],[-84.14000001028718,35.93000002200629],[-84.14000001028718,35.920000022292086],[-84.15000001000143,35.920000022292086],[-84.15000001000143,35.91000002257788],[-84.16000000971567,35.91000002257788],[-84.16000000971567,35.920000022292086],[-84.17000000942991,35.920000022292086],[-84.17000000942991,35.94000002172049]],[[-82.53000005629376,35.94000002172049],[-82.5200000565795,35.94000002172049],[-82.5200000565795,35.93000002200629],[-82.48000005772253,35.93000002200629],[-82.48000005772253,35.90000002286368],[-82.47000005800828,35.90000002286368],[-82.47000005800828,35.890000023149476],[-82.48000005772253,35.890000023149476],[-82.48000005772253,35.87000002372107],[-82.47000005800828,35.87000002372107],[-82.47000005800828,35.88000002343527],[-82.46000005829404,35.88000002343527],[-82.46000005829404,35.850000024292655],[-82.47000005800828,35.850000024292655],[-82.47000005800828,35.860000024006865],[-82.48000005772253,35.860000024006865],[-82.48000005772253,35.850000024292655],[-82.50000005715103,35.850000024292655],[-82.50000005715103,35.860000024006865],[-82.49000005743677,35.860000024006865],[-82.49000005743677,35.88000002343527],[-82.50000005715103,35.88000002343527],[-82.50000005715103,35.87000002372107],[-82.51000005686527,35.87000002372107],[-82.51000005686527,35.88000002343527],[-82.5200000565795,35.88000002343527],[-82.5200000565795,35.890000023149476],[-82.540000056008,35.890000023149476],[-82.540000056008,35.90000002286368],[-82.5200000565795,35.90000002286368],[-82.5200000565795,35.920000022292086],[-82.53000005629376,35.920000022292086],[-82.53000005629376,35.94000002172049]],[[-81.69000008029718,35.94000002172049],[-81.68000008058294,35.94000002172049],[-81.68000008058294,35.93000002200629],[-81.69000008029718,35.93000002200629],[-81.69000008029718,35.94000002172049]],[[-84.13000001057294,35.93000002200629],[-84.12000001085869,35.93000002200629],[-84.12000001085869,35.90000002286368],[-84.13000001057294,35.90000002286368],[-84.13000001057294,35.93000002200629]],[[-84.20000000857266,35.920000022292086],[-84.1900000088584,35.920000022292086],[-84.1900000088584,35.91000002257788],[-84.20000000857266,35.91000002257788],[-84.20000000857266,35.920000022292086]],[[-84.18000000914417,35.920000022292086],[-84.17000000942991,35.920000022292086],[-84.17000000942991,35.91000002257788],[-84.18000000914417,35.91000002257788],[-84.18000000914417,35.920000022292086]],[[-84.10000001143021,35.920000022292086],[-84.09000001171596,35.920000022292086],[-84.09000001171596,35.91000002257788],[-84.10000001143021,35.91000002257788],[-84.10000001143021,35.920000022292086]],[[-82.540000056008,35.920000022292086],[-82.53000005629376,35.920000022292086],[-82.53000005629376,35.91000002257788],[-82.540000056008,35.91000002257788],[-82.540000056008,35.920000022292086]],[[-84.31000000542934,35.91000002257788],[-84.3000000057151,35.91000002257788],[-84.3000000057151,35.90000002286368],[-84.31000000542934,35.90000002286368],[-84.31000000542934,35.91000002257788]],[[-83.33000003343335,35.91000002257788],[-83.3200000337191,35.91000002257788],[-83.3200000337191,35.90000002286368],[-83.33000003343335,35.90000002286368],[-83.33000003343335,35.91000002257788]],[[-82.59000005457922,35.91000002257788],[-82.58000005486498,35.91000002257788],[-82.58000005486498,35.90000002286368],[-82.59000005457922,35.90000002286368],[-82.59000005457922,35.91000002257788]],[[-84.27000000657237,35.90000002286368],[-84.25000000714388,35.90000002286368],[-84.25000000714388,35.88000002343527],[-84.26000000685812,35.88000002343527],[-84.26000000685812,35.890000023149476],[-84.27000000657237,35.890000023149476],[-84.27000000657237,35.90000002286368]],[[-82.60000005429347,35.90000002286368],[-82.59000005457922,35.90000002286368],[-82.59000005457922,35.890000023149476],[-82.60000005429347,35.890000023149476],[-82.60000005429347,35.90000002286368]],[[-83.34000003314759,35.890000023149476],[-83.3200000337191,35.890000023149476],[-83.3200000337191,35.87000002372107],[-83.33000003343335,35.87000002372107],[-83.33000003343335,35.88000002343527],[-83.34000003314759,35.88000002343527],[-83.34000003314759,35.890000023149476]],[[-84.36000000400057,35.88000002343527],[-84.35000000428633,35.88000002343527],[-84.35000000428633,35.87000002372107],[-84.36000000400057,35.87000002372107],[-84.36000000400057,35.88000002343527]],[[-83.97000001514502,35.88000002343527],[-83.96000001543078,35.88000002343527],[-83.96000001543078,35.87000002372107],[-83.97000001514502,35.87000002372107],[-83.97000001514502,35.88000002343527]],[[-84.14000001028718,35.87000002372107],[-84.13000001057294,35.87000002372107],[-84.13000001057294,35.860000024006865],[-84.14000001028718,35.860000024006865],[-84.14000001028718,35.87000002372107]],[[-84.06000001257323,35.87000002372107],[-84.05000001285897,35.87000002372107],[-84.05000001285897,35.860000024006865],[-84.06000001257323,35.860000024006865],[-84.06000001257323,35.87000002372107]],[[-83.95000001571653,35.87000002372107],[-83.93000001628805,35.87000002372107],[-83.93000001628805,35.860000024006865],[-83.95000001571653,35.860000024006865],[-83.95000001571653,35.87000002372107]],[[-83.86000001828833,35.87000002372107],[-83.85000001857408,35.87000002372107],[-83.85000001857408,35.860000024006865],[-83.86000001828833,35.860000024006865],[-83.86000001828833,35.87000002372107]],[[-83.3200000337191,35.87000002372107],[-83.31000003400486,35.87000002372107],[-83.31000003400486,35.860000024006865],[-83.3200000337191,35.860000024006865],[-83.3200000337191,35.87000002372107]],[[-84.3200000051436,35.860000024006865],[-84.31000000542934,35.860000024006865],[-84.31000000542934,35.850000024292655],[-84.3200000051436,35.850000024292655],[-84.3200000051436,35.860000024006865]],[[-84.16000000971567,35.860000024006865],[-84.15000001000143,35.860000024006865],[-84.15000001000143,35.850000024292655],[-84.16000000971567,35.850000024292655],[-84.16000000971567,35.860000024006865]],[[-84.11000001114445,35.860000024006865],[-84.10000001143021,35.860000024006865],[-84.10000001143021,35.84000002457845],[-84.11000001114445,35.84000002457845],[-84.11000001114445,35.860000024006865]],[[-84.05000001285897,35.860000024006865],[-84.04000001314473,35.860000024006865],[-84.04000001314473,35.850000024292655],[-84.05000001285897,35.850000024292655],[-84.05000001285897,35.860000024006865]],[[-84.010000014002,35.860000024006865],[-84.00000001428775,35.860000024006865],[-84.00000001428775,35.850000024292655],[-84.010000014002,35.850000024292655],[-84.010000014002,35.860000024006865]],[[-83.98000001485927,35.860000024006865],[-83.96000001543078,35.860000024006865],[-83.96000001543078,35.850000024292655],[-83.98000001485927,35.850000024292655],[-83.98000001485927,35.860000024006865]],[[-84.14000001028718,35.850000024292655],[-84.13000001057294,35.850000024292655],[-84.13000001057294,35.84000002457845],[-84.14000001028718,35.84000002457845],[-84.14000001028718,35.850000024292655]],[[-84.06000001257323,35.850000024292655],[-84.05000001285897,35.850000024292655],[-84.05000001285897,35.84000002457845],[-84.06000001257323,35.84000002457845],[-84.06000001257323,35.850000024292655]],[[-83.85000001857408,35.850000024292655],[-83.84000001885984,35.850000024292655],[-83.84000001885984,35.84000002457845],[-83.85000001857408,35.84000002457845],[-83.85000001857408,35.850000024292655]],[[-83.78000002057436,35.850000024292655],[-83.76000002114588,35.850000024292655],[-83.76000002114588,35.84000002457845],[-83.77000002086012,35.84000002457845],[-83.77000002086012,35.83000002486425],[-83.78000002057436,35.83000002486425],[-83.78000002057436,35.850000024292655]],[[-82.92000004514931,35.850000024292655],[-82.91000004543505,35.850000024292655],[-82.91000004543505,35.84000002457845],[-82.92000004514931,35.84000002457845],[-82.92000004514931,35.850000024292655]],[[-84.13000001057294,35.84000002457845],[-84.12000001085869,35.84000002457845],[-84.12000001085869,35.83000002486425],[-84.13000001057294,35.83000002486425],[-84.13000001057294,35.84000002457845]],[[-83.96000001543078,35.84000002457845],[-83.95000001571653,35.84000002457845],[-83.95000001571653,35.83000002486425],[-83.96000001543078,35.83000002486425],[-83.96000001543078,35.84000002457845]],[[-83.81000001971711,35.84000002457845],[-83.79000002028862,35.84000002457845],[-83.79000002028862,35.83000002486425],[-83.80000002000286,35.83000002486425],[-83.80000002000286,35.820000025150044],[-83.81000001971711,35.820000025150044],[-83.81000001971711,35.84000002457845]],[[-82.98000004343477,35.84000002457845],[-82.97000004372053,35.84000002457845],[-82.97000004372053,35.820000025150044],[-83.00000004286326,35.820000025150044],[-83.00000004286326,35.83000002486425],[-82.98000004343477,35.83000002486425],[-82.98000004343477,35.84000002457845]],[[-83.87000001800257,35.83000002486425],[-83.86000001828833,35.83000002486425],[-83.86000001828833,35.820000025150044],[-83.87000001800257,35.820000025150044],[-83.87000001800257,35.83000002486425]],[[-83.73000002200314,35.83000002486425],[-83.7200000222889,35.83000002486425],[-83.7200000222889,35.820000025150044],[-83.73000002200314,35.820000025150044],[-83.73000002200314,35.83000002486425]],[[-82.6500000528647,35.83000002486425],[-82.64000005315044,35.83000002486425],[-82.64000005315044,35.820000025150044],[-82.6300000534362,35.820000025150044],[-82.6300000534362,35.83000002486425],[-82.62000005372197,35.83000002486425],[-82.62000005372197,35.81000002543584],[-82.61000005400771,35.81000002543584],[-82.61000005400771,35.820000025150044],[-82.60000005429347,35.820000025150044],[-82.60000005429347,35.81000002543584],[-82.59000005457922,35.81000002543584],[-82.59000005457922,35.820000025150044],[-82.58000005486498,35.820000025150044],[-82.58000005486498,35.80000002572164],[-82.56000005543649,35.80000002572164],[-82.56000005543649,35.790000026007434],[-82.57000005515073,35.790000026007434],[-82.57000005515073,35.77000002657903],[-82.56000005543649,35.77000002657903],[-82.56000005543649,35.76000002686482],[-82.57000005515073,35.76000002686482],[-82.57000005515073,35.75000002715062],[-82.60000005429347,35.75000002715062],[-82.60000005429347,35.76000002686482],[-82.58000005486498,35.76000002686482],[-82.58000005486498,35.77000002657903],[-82.60000005429347,35.77000002657903],[-82.60000005429347,35.790000026007434],[-82.6300000534362,35.790000026007434],[-82.6300000534362,35.78000002629323],[-82.64000005315044,35.78000002629323],[-82.64000005315044,35.790000026007434],[-82.67000005229319,35.790000026007434],[-82.67000005229319,35.80000002572164],[-82.68000005200743,35.80000002572164],[-82.68000005200743,35.820000025150044],[-82.67000005229319,35.820000025150044],[-82.67000005229319,35.81000002543584],[-82.6500000528647,35.81000002543584],[-82.6500000528647,35.83000002486425]],[[-83.31000003400486,35.820000025150044],[-83.30000003429062,35.820000025150044],[-83.30000003429062,35.78000002629323],[-83.3200000337191,35.78000002629323],[-83.3200000337191,35.77000002657903],[-83.33000003343335,35.77000002657903],[-83.33000003343335,35.78000002629323],[-83.36000003257608,35.78000002629323],[-83.36000003257608,35.76000002686482],[-83.37000003229032,35.76000002686482],[-83.37000003229032,35.75000002715062],[-83.38000003200457,35.75000002715062],[-83.38000003200457,35.77000002657903],[-83.37000003229032,35.77000002657903],[-83.37000003229032,35.78000002629323],[-83.38000003200457,35.78000002629323],[-83.38000003200457,35.790000026007434],[-83.35000003286184,35.790000026007434],[-83.35000003286184,35.80000002572164],[-83.3200000337191,35.80000002572164],[-83.3200000337191,35.81000002543584],[-83.31000003400486,35.81000002543584],[-83.31000003400486,35.820000025150044]],[[-83.2300000362909,35.820000025150044],[-83.22000003657665,35.820000025150044],[-83.22000003657665,35.81000002543584],[-83.2300000362909,35.81000002543584],[-83.2300000362909,35.820000025150044]],[[-81.71000007972567,35.820000025150044],[-81.70000008001143,35.820000025150044],[-81.70000008001143,35.81000002543584],[-81.71000007972567,35.81000002543584],[-81.71000007972567,35.820000025150044]],[[-81.69000008029718,35.820000025150044],[-81.68000008058294,35.820000025150044],[-81.68000008058294,35.81000002543584],[-81.67000008086869,35.81000002543584],[-81.67000008086869,35.80000002572164],[-81.69000008029718,35.80000002572164],[-81.69000008029718,35.820000025150044]],[[-83.70000002286041,35.81000002543584],[-83.69000002314617,35.81000002543584],[-83.69000002314617,35.80000002572164],[-83.70000002286041,35.80000002572164],[-83.70000002286041,35.81000002543584]],[[-82.4500000585798,35.81000002543584],[-82.44000005886555,35.81000002543584],[-82.44000005886555,35.80000002572164],[-82.4500000585798,35.80000002572164],[-82.4500000585798,35.81000002543584]],[[-82.75000005000715,35.80000002572164],[-82.74000005029289,35.80000002572164],[-82.74000005029289,35.790000026007434],[-82.75000005000715,35.790000026007434],[-82.75000005000715,35.80000002572164]],[[-82.72000005086441,35.80000002572164],[-82.69000005172167,35.80000002572164],[-82.69000005172167,35.790000026007434],[-82.68000005200743,35.790000026007434],[-82.68000005200743,35.78000002629323],[-82.69000005172167,35.78000002629323],[-82.69000005172167,35.76000002686482],[-82.68000005200743,35.76000002686482],[-82.68000005200743,35.740000027436416],[-82.66000005257894,35.740000027436416],[-82.66000005257894,35.75000002715062],[-82.6500000528647,35.75000002715062],[-82.6500000528647,35.740000027436416],[-82.61000005400771,35.740000027436416],[-82.61000005400771,35.73000002772221],[-82.59000005457922,35.73000002772221],[-82.59000005457922,35.720000028008],[-82.58000005486498,35.720000028008],[-82.58000005486498,35.740000027436416],[-82.57000005515073,35.740000027436416],[-82.57000005515073,35.73000002772221],[-82.55000005572225,35.73000002772221],[-82.55000005572225,35.720000028008],[-82.57000005515073,35.720000028008],[-82.57000005515073,35.7100000282938],[-82.58000005486498,35.7100000282938],[-82.58000005486498,35.69000002886539],[-82.57000005515073,35.69000002886539],[-82.57000005515073,35.700000028579595],[-82.56000005543649,35.700000028579595],[-82.56000005543649,35.7100000282938],[-82.540000056008,35.7100000282938],[-82.540000056008,35.69000002886539],[-82.5200000565795,35.69000002886539],[-82.5200000565795,35.670000029436984],[-82.50000005715103,35.670000029436984],[-82.50000005715103,35.66000002972278],[-82.53000005629376,35.66000002972278],[-82.53000005629376,35.68000002915119],[-82.57000005515073,35.68000002915119],[-82.57000005515073,35.670000029436984],[-82.59000005457922,35.670000029436984],[-82.59000005457922,35.66000002972278],[-82.60000005429347,35.66000002972278],[-82.60000005429347,35.670000029436984],[-82.61000005400771,35.670000029436984],[-82.61000005400771,35.66000002972278],[-82.64000005315044,35.66000002972278],[-82.64000005315044,35.670000029436984],[-82.66000005257894,35.670000029436984],[-82.66000005257894,35.69000002886539],[-82.69000005172167,35.69000002886539],[-82.69000005172167,35.68000002915119],[-82.70000005143592,35.68000002915119],[-82.70000005143592,35.7100000282938],[-82.71000005115016,35.7100000282938],[-82.71000005115016,35.700000028579595],[-82.72000005086441,35.700000028579595],[-82.72000005086441,35.720000028008],[-82.73000005057865,35.720000028008],[-82.73000005057865,35.700000028579595],[-82.74000005029289,35.700000028579595],[-82.74000005029289,35.69000002886539],[-82.75000005000715,35.69000002886539],[-82.75000005000715,35.68000002915119],[-82.76000004972138,35.68000002915119],[-82.76000004972138,35.670000029436984],[-82.75000005000715,35.670000029436984],[-82.75000005000715,35.66000002972278],[-82.78000004914988,35.66000002972278],[-82.78000004914988,35.65000003000858],[-82.79000004886413,35.65000003000858],[-82.79000004886413,35.63000003058017],[-82.80000004857837,35.63000003058017],[-82.80000004857837,35.62000003086597],[-82.79000004886413,35.62000003086597],[-82.79000004886413,35.61000003115176],[-82.80000004857837,35.61000003115176],[-82.80000004857837,35.60000003143756],[-82.78000004914988,35.60000003143756],[-82.78000004914988,35.59000003172335],[-82.82000004800686,35.59000003172335],[-82.82000004800686,35.60000003143756],[-82.84000004743535,35.60000003143756],[-82.84000004743535,35.61000003115176],[-82.85000004714959,35.61000003115176],[-82.85000004714959,35.60000003143756],[-82.86000004686383,35.60000003143756],[-82.86000004686383,35.59000003172335],[-82.85000004714959,35.59000003172335],[-82.85000004714959,35.580000032009146],[-82.86000004686383,35.580000032009146],[-82.86000004686383,35.57000003229494],[-82.87000004657808,35.57000003229494],[-82.87000004657808,35.580000032009146],[-82.88000004629232,35.580000032009146],[-82.88000004629232,35.56000003258074],[-82.89000004600658,35.56000003258074],[-82.89000004600658,35.550000032866535],[-82.93000004486355,35.550000032866535],[-82.93000004486355,35.56000003258074],[-82.92000004514931,35.56000003258074],[-82.92000004514931,35.57000003229494],[-82.93000004486355,35.57000003229494],[-82.93000004486355,35.59000003172335],[-82.9400000445778,35.59000003172335],[-82.9400000445778,35.60000003143756],[-82.93000004486355,35.60000003143756],[-82.93000004486355,35.61000003115176],[-82.9400000445778,35.61000003115176],[-82.9400000445778,35.62000003086597],[-82.95000004429204,35.62000003086597],[-82.95000004429204,35.63000003058017],[-82.98000004343477,35.63000003058017],[-82.98000004343477,35.640000030294374],[-82.97000004372053,35.640000030294374],[-82.97000004372053,35.65000003000858],[-82.98000004343477,35.65000003000858],[-82.98000004343477,35.66000002972278],[-82.97000004372053,35.66000002972278],[-82.97000004372053,35.670000029436984],[-82.96000004400629,35.670000029436984],[-82.96000004400629,35.68000002915119],[-82.9400000445778,35.68000002915119],[-82.9400000445778,35.69000002886539],[-82.93000004486355,35.69000002886539],[-82.93000004486355,35.68000002915119],[-82.92000004514931,35.68000002915119],[-82.92000004514931,35.700000028579595],[-82.91000004543505,35.700000028579595],[-82.91000004543505,35.7100000282938],[-82.89000004600658,35.7100000282938],[-82.89000004600658,35.700000028579595],[-82.88000004629232,35.700000028579595],[-82.88000004629232,35.720000028008],[-82.85000004714959,35.720000028008],[-82.85000004714959,35.77000002657903],[-82.8300000477211,35.77000002657903],[-82.8300000477211,35.76000002686482],[-82.82000004800686,35.76000002686482],[-82.82000004800686,35.77000002657903],[-82.80000004857837,35.77000002657903],[-82.80000004857837,35.78000002629323],[-82.79000004886413,35.78000002629323],[-82.79000004886413,35.790000026007434],[-82.77000004943564,35.790000026007434],[-82.77000004943564,35.78000002629323],[-82.76000004972138,35.78000002629323],[-82.76000004972138,35.77000002657903],[-82.75000005000715,35.77000002657903],[-82.75000005000715,35.76000002686482],[-82.74000005029289,35.76000002686482],[-82.74000005029289,35.78000002629323],[-82.73000005057865,35.78000002629323],[-82.73000005057865,35.790000026007434],[-82.72000005086441,35.790000026007434],[-82.72000005086441,35.80000002572164]],[[-82.48000005772253,35.80000002572164],[-82.4500000585798,35.80000002572164],[-82.4500000585798,35.790000026007434],[-82.44000005886555,35.790000026007434],[-82.44000005886555,35.77000002657903],[-82.46000005829404,35.77000002657903],[-82.46000005829404,35.78000002629323],[-82.47000005800828,35.78000002629323],[-82.47000005800828,35.790000026007434],[-82.48000005772253,35.790000026007434],[-82.48000005772253,35.80000002572164]],[[-82.24000006458066,35.80000002572164],[-82.2300000648664,35.80000002572164],[-82.2300000648664,35.790000026007434],[-82.24000006458066,35.790000026007434],[-82.24000006458066,35.80000002572164]],[[-83.7200000222889,35.790000026007434],[-83.71000002257465,35.790000026007434],[-83.71000002257465,35.78000002629323],[-83.70000002286041,35.78000002629323],[-83.70000002286041,35.790000026007434],[-83.69000002314617,35.790000026007434],[-83.69000002314617,35.78000002629323],[-83.68000002343192,35.78000002629323],[-83.68000002343192,35.77000002657903],[-83.69000002314617,35.77000002657903],[-83.69000002314617,35.76000002686482],[-83.66000002400342,35.76000002686482],[-83.66000002400342,35.75000002715062],[-83.67000002371768,35.75000002715062],[-83.67000002371768,35.740000027436416],[-83.70000002286041,35.740000027436416],[-83.70000002286041,35.73000002772221],[-83.7200000222889,35.73000002772221],[-83.7200000222889,35.7100000282938],[-83.73000002200314,35.7100000282938],[-83.73000002200314,35.69000002886539],[-83.74000002171739,35.69000002886539],[-83.74000002171739,35.68000002915119],[-83.75000002143163,35.68000002915119],[-83.75000002143163,35.69000002886539],[-83.76000002114588,35.69000002886539],[-83.76000002114588,35.68000002915119],[-83.77000002086012,35.68000002915119],[-83.77000002086012,35.700000028579595],[-83.78000002057436,35.700000028579595],[-83.78000002057436,35.69000002886539],[-83.79000002028862,35.69000002886539],[-83.79000002028862,35.7100000282938],[-83.78000002057436,35.7100000282938],[-83.78000002057436,35.720000028008],[-83.75000002143163,35.720000028008],[-83.75000002143163,35.740000027436416],[-83.74000002171739,35.740000027436416],[-83.74000002171739,35.76000002686482],[-83.75000002143163,35.76000002686482],[-83.75000002143163,35.78000002629323],[-83.73000002200314,35.78000002629323],[-83.73000002200314,35.76000002686482],[-83.7200000222889,35.76000002686482],[-83.7200000222889,35.790000026007434]],[[-83.67000002371768,35.790000026007434],[-83.66000002400342,35.790000026007434],[-83.66000002400342,35.78000002629323],[-83.67000002371768,35.78000002629323],[-83.67000002371768,35.790000026007434]],[[-83.07000004086298,35.790000026007434],[-83.06000004114874,35.790000026007434],[-83.06000004114874,35.78000002629323],[-83.05000004143449,35.78000002629323],[-83.05000004143449,35.77000002657903],[-83.07000004086298,35.77000002657903],[-83.07000004086298,35.790000026007434]],[[-82.93000004486355,35.790000026007434],[-82.92000004514931,35.790000026007434],[-82.92000004514931,35.78000002629323],[-82.93000004486355,35.78000002629323],[-82.93000004486355,35.790000026007434]],[[-81.63000008201172,35.790000026007434],[-81.62000008229747,35.790000026007434],[-81.62000008229747,35.78000002629323],[-81.63000008201172,35.78000002629323],[-81.63000008201172,35.790000026007434]],[[-83.030000042006,35.78000002629323],[-83.02000004229176,35.78000002629323],[-83.02000004229176,35.77000002657903],[-83.030000042006,35.77000002657903],[-83.030000042006,35.78000002629323]],[[-83.01000004257752,35.78000002629323],[-82.99000004314902,35.78000002629323],[-82.99000004314902,35.77000002657903],[-83.01000004257752,35.77000002657903],[-83.01000004257752,35.78000002629323]],[[-82.540000056008,35.78000002629323],[-82.53000005629376,35.78000002629323],[-82.53000005629376,35.77000002657903],[-82.540000056008,35.77000002657903],[-82.540000056008,35.78000002629323]],[[-83.40000003143307,35.77000002657903],[-83.39000003171881,35.77000002657903],[-83.39000003171881,35.76000002686482],[-83.40000003143307,35.76000002686482],[-83.40000003143307,35.77000002657903]],[[-83.02000004229176,35.77000002657903],[-83.01000004257752,35.77000002657903],[-83.01000004257752,35.76000002686482],[-83.02000004229176,35.76000002686482],[-83.02000004229176,35.77000002657903]],[[-82.96000004400629,35.77000002657903],[-82.95000004429204,35.77000002657903],[-82.95000004429204,35.76000002686482],[-82.96000004400629,35.76000002686482],[-82.96000004400629,35.77000002657903]],[[-82.68000005200743,35.77000002657903],[-82.67000005229319,35.77000002657903],[-82.67000005229319,35.76000002686482],[-82.68000005200743,35.76000002686482],[-82.68000005200743,35.77000002657903]],[[-82.6300000534362,35.77000002657903],[-82.62000005372197,35.77000002657903],[-82.62000005372197,35.76000002686482],[-82.6300000534362,35.76000002686482],[-82.6300000534362,35.77000002657903]],[[-82.55000005572225,35.77000002657903],[-82.540000056008,35.77000002657903],[-82.540000056008,35.76000002686482],[-82.55000005572225,35.76000002686482],[-82.55000005572225,35.77000002657903]],[[-82.47000005800828,35.77000002657903],[-82.46000005829404,35.77000002657903],[-82.46000005829404,35.76000002686482],[-82.47000005800828,35.76000002686482],[-82.47000005800828,35.77000002657903]],[[-83.64000002457495,35.76000002686482],[-83.63000002486069,35.76000002686482],[-83.63000002486069,35.75000002715062],[-83.64000002457495,35.75000002715062],[-83.64000002457495,35.76000002686482]],[[-82.64000005315044,35.76000002686482],[-82.6300000534362,35.76000002686482],[-82.6300000534362,35.75000002715062],[-82.64000005315044,35.75000002715062],[-82.64000005315044,35.76000002686482]],[[-82.48000005772253,35.76000002686482],[-82.47000005800828,35.76000002686482],[-82.47000005800828,35.75000002715062],[-82.48000005772253,35.75000002715062],[-82.48000005772253,35.76000002686482]],[[-82.3400000617231,35.76000002686482],[-82.33000006200886,35.76000002686482],[-82.33000006200886,35.75000002715062],[-82.32000006229461,35.75000002715062],[-82.32000006229461,35.76000002686482],[-82.28000006343763,35.76000002686482],[-82.28000006343763,35.73000002772221],[-82.29000006315188,35.73000002772221],[-82.29000006315188,35.720000028008],[-82.31000006258037,35.720000028008],[-82.31000006258037,35.7100000282938],[-82.32000006229461,35.7100000282938],[-82.32000006229461,35.720000028008],[-82.33000006200886,35.720000028008],[-82.33000006200886,35.73000002772221],[-82.3400000617231,35.73000002772221],[-82.3400000617231,35.7100000282938],[-82.3600000611516,35.7100000282938],[-82.3600000611516,35.700000028579595],[-82.37000006086583,35.700000028579595],[-82.37000006086583,35.68000002915119],[-82.39000006029433,35.68000002915119],[-82.39000006029433,35.670000029436984],[-82.41000005972282,35.670000029436984],[-82.41000005972282,35.69000002886539],[-82.40000006000857,35.69000002886539],[-82.40000006000857,35.700000028579595],[-82.42000005943706,35.700000028579595],[-82.42000005943706,35.69000002886539],[-82.4500000585798,35.69000002886539],[-82.4500000585798,35.670000029436984],[-82.46000005829404,35.670000029436984],[-82.46000005829404,35.68000002915119],[-82.47000005800828,35.68000002915119],[-82.47000005800828,35.69000002886539],[-82.48000005772253,35.69000002886539],[-82.48000005772253,35.7100000282938],[-82.47000005800828,35.7100000282938],[-82.47000005800828,35.720000028008],[-82.46000005829404,35.720000028008],[-82.46000005829404,35.7100000282938],[-82.4500000585798,35.7100000282938],[-82.4500000585798,35.720000028008],[-82.42000005943706,35.720000028008],[-82.42000005943706,35.73000002772221],[-82.40000006000857,35.73000002772221],[-82.40000006000857,35.740000027436416],[-82.3600000611516,35.740000027436416],[-82.3600000611516,35.75000002715062],[-82.3400000617231,35.75000002715062],[-82.3400000617231,35.76000002686482]],[[-82.26000006400915,35.76000002686482],[-82.2500000642949,35.76000002686482],[-82.2500000642949,35.75000002715062],[-82.26000006400915,35.75000002715062],[-82.26000006400915,35.76000002686482]],[[-82.2300000648664,35.76000002686482],[-82.22000006515216,35.76000002686482],[-82.22000006515216,35.75000002715062],[-82.2300000648664,35.75000002715062],[-82.2300000648664,35.76000002686482]],[[-83.66000002400342,35.75000002715062],[-83.65000002428918,35.75000002715062],[-83.65000002428918,35.740000027436416],[-83.66000002400342,35.740000027436416],[-83.66000002400342,35.75000002715062]],[[-82.61000005400771,35.75000002715062],[-82.60000005429347,35.75000002715062],[-82.60000005429347,35.740000027436416],[-82.61000005400771,35.740000027436416],[-82.61000005400771,35.75000002715062]],[[-82.51000005686527,35.75000002715062],[-82.50000005715103,35.75000002715062],[-82.50000005715103,35.740000027436416],[-82.51000005686527,35.740000027436416],[-82.51000005686527,35.75000002715062]],[[-82.4500000585798,35.75000002715062],[-82.44000005886555,35.75000002715062],[-82.44000005886555,35.740000027436416],[-82.43000005915131,35.740000027436416],[-82.43000005915131,35.73000002772221],[-82.47000005800828,35.73000002772221],[-82.47000005800828,35.740000027436416],[-82.4500000585798,35.740000027436416],[-82.4500000585798,35.75000002715062]],[[-82.49000005743677,35.73000002772221],[-82.48000005772253,35.73000002772221],[-82.48000005772253,35.720000028008],[-82.49000005743677,35.720000028008],[-82.49000005743677,35.73000002772221]],[[-83.59000002600371,35.720000028008],[-83.58000002628947,35.720000028008],[-83.58000002628947,35.700000028579595],[-83.6100000254322,35.700000028579595],[-83.6100000254322,35.7100000282938],[-83.59000002600371,35.7100000282938],[-83.59000002600371,35.720000028008]],[[-82.5200000565795,35.7100000282938],[-82.51000005686527,35.7100000282938],[-82.51000005686527,35.700000028579595],[-82.50000005715103,35.700000028579595],[-82.50000005715103,35.68000002915119],[-82.51000005686527,35.68000002915119],[-82.51000005686527,35.69000002886539],[-82.5200000565795,35.69000002886539],[-82.5200000565795,35.7100000282938]],[[-81.42000008801257,35.700000028579595],[-81.41000008829833,35.700000028579595],[-81.41000008829833,35.69000002886539],[-81.42000008801257,35.69000002886539],[-81.42000008801257,35.700000028579595]],[[-83.60000002571796,35.69000002886539],[-83.59000002600371,35.69000002886539],[-83.59000002600371,35.68000002915119],[-83.60000002571796,35.68000002915119],[-83.60000002571796,35.69000002886539]],[[-81.91000007401057,35.69000002886539],[-81.90000007429633,35.69000002886539],[-81.90000007429633,35.68000002915119],[-81.91000007401057,35.68000002915119],[-81.91000007401057,35.69000002886539]],[[-81.29000009172739,35.69000002886539],[-81.28000009201314,35.69000002886539],[-81.28000009201314,35.68000002915119],[-81.29000009172739,35.68000002915119],[-81.29000009172739,35.69000002886539]],[[-82.73000005057865,35.68000002915119],[-82.72000005086441,35.68000002915119],[-82.72000005086441,35.670000029436984],[-82.73000005057865,35.670000029436984],[-82.73000005057865,35.68000002915119]],[[-82.31000006258037,35.68000002915119],[-82.30000006286612,35.68000002915119],[-82.30000006286612,35.670000029436984],[-82.31000006258037,35.670000029436984],[-82.31000006258037,35.68000002915119]],[[-81.10000009715674,35.68000002915119],[-81.09000009744248,35.68000002915119],[-81.09000009744248,35.670000029436984],[-81.10000009715674,35.670000029436984],[-81.10000009715674,35.68000002915119]],[[-83.64000002457495,35.670000029436984],[-83.63000002486069,35.670000029436984],[-83.63000002486069,35.66000002972278],[-83.64000002457495,35.66000002972278],[-83.64000002457495,35.670000029436984]],[[-83.60000002571796,35.670000029436984],[-83.59000002600371,35.670000029436984],[-83.59000002600371,35.66000002972278],[-83.60000002571796,35.66000002972278],[-83.60000002571796,35.670000029436984]],[[-82.57000005515073,35.670000029436984],[-82.540000056008,35.670000029436984],[-82.540000056008,35.66000002972278],[-82.56000005543649,35.66000002972278],[-82.56000005543649,35.65000003000858],[-82.57000005515073,35.65000003000858],[-82.57000005515073,35.670000029436984]],[[-83.67000002371768,35.66000002972278],[-83.66000002400342,35.66000002972278],[-83.66000002400342,35.65000003000858],[-83.67000002371768,35.65000003000858],[-83.67000002371768,35.66000002972278]],[[-83.54000002743248,35.66000002972278],[-83.520000028004,35.66000002972278],[-83.520000028004,35.65000003000858],[-83.51000002828975,35.65000003000858],[-83.51000002828975,35.640000030294374],[-83.54000002743248,35.640000030294374],[-83.54000002743248,35.66000002972278]],[[-82.40000006000857,35.66000002972278],[-82.39000006029433,35.66000002972278],[-82.39000006029433,35.65000003000858],[-82.40000006000857,35.65000003000858],[-82.40000006000857,35.66000002972278]],[[-83.69000002314617,35.65000003000858],[-83.68000002343192,35.65000003000858],[-83.68000002343192,35.640000030294374],[-83.69000002314617,35.640000030294374],[-83.69000002314617,35.65000003000858]],[[-83.58000002628947,35.65000003000858],[-83.57000002657523,35.65000003000858],[-83.57000002657523,35.640000030294374],[-83.56000002686098,35.640000030294374],[-83.56000002686098,35.63000003058017],[-83.55000002714674,35.63000003058017],[-83.55000002714674,35.62000003086597],[-83.58000002628947,35.62000003086597],[-83.58000002628947,35.65000003000858]],[[-82.43000005915131,35.65000003000858],[-82.42000005943706,35.65000003000858],[-82.42000005943706,35.640000030294374],[-82.43000005915131,35.640000030294374],[-82.43000005915131,35.65000003000858]],[[-83.67000002371768,35.640000030294374],[-83.66000002400342,35.640000030294374],[-83.66000002400342,35.63000003058017],[-83.67000002371768,35.63000003058017],[-83.67000002371768,35.640000030294374]],[[-82.62000005372197,35.640000030294374],[-82.61000005400771,35.640000030294374],[-82.61000005400771,35.63000003058017],[-82.62000005372197,35.63000003058017],[-82.62000005372197,35.640000030294374]],[[-82.53000005629376,35.640000030294374],[-82.5200000565795,35.640000030294374],[-82.5200000565795,35.63000003058017],[-82.53000005629376,35.63000003058017],[-82.53000005629376,35.640000030294374]],[[-82.50000005715103,35.640000030294374],[-82.49000005743677,35.640000030294374],[-82.49000005743677,35.63000003058017],[-82.50000005715103,35.63000003058017],[-82.50000005715103,35.640000030294374]],[[-82.46000005829404,35.640000030294374],[-82.4500000585798,35.640000030294374],[-82.4500000585798,35.63000003058017],[-82.46000005829404,35.63000003058017],[-82.46000005829404,35.640000030294374]],[[-82.540000056008,35.63000003058017],[-82.53000005629376,35.63000003058017],[-82.53000005629376,35.62000003086597],[-82.540000056008,35.62000003086597],[-82.540000056008,35.63000003058017]],[[-82.5200000565795,35.63000003058017],[-82.50000005715103,35.63000003058017],[-82.50000005715103,35.62000003086597],[-82.5200000565795,35.62000003086597],[-82.5200000565795,35.63000003058017]],[[-82.4500000585798,35.63000003058017],[-82.44000005886555,35.63000003058017],[-82.44000005886555,35.62000003086597],[-82.4500000585798,35.62000003086597],[-82.4500000585798,35.63000003058017]],[[-82.57000005515073,35.62000003086597],[-82.56000005543649,35.62000003086597],[-82.56000005543649,35.61000003115176],[-82.540000056008,35.61000003115176],[-82.540000056008,35.60000003143756],[-82.57000005515073,35.60000003143756],[-82.57000005515073,35.62000003086597]],[[-82.51000005686527,35.61000003115176],[-82.49000005743677,35.61000003115176],[-82.49000005743677,35.60000003143756],[-82.51000005686527,35.60000003143756],[-82.51000005686527,35.61000003115176]],[[-83.57000002657523,35.60000003143756],[-83.55000002714674,35.60000003143756],[-83.55000002714674,35.59000003172335],[-83.57000002657523,35.59000003172335],[-83.57000002657523,35.60000003143756]],[[-82.97000004372053,35.60000003143756],[-82.96000004400629,35.60000003143756],[-82.96000004400629,35.59000003172335],[-82.97000004372053,35.59000003172335],[-82.97000004372053,35.60000003143756]],[[-82.61000005400771,35.60000003143756],[-82.59000005457922,35.60000003143756],[-82.59000005457922,35.59000003172335],[-82.58000005486498,35.59000003172335],[-82.58000005486498,35.57000003229494],[-82.59000005457922,35.57000003229494],[-82.59000005457922,35.580000032009146],[-82.60000005429347,35.580000032009146],[-82.60000005429347,35.57000003229494],[-82.62000005372197,35.57000003229494],[-82.62000005372197,35.580000032009146],[-82.6300000534362,35.580000032009146],[-82.6300000534362,35.59000003172335],[-82.61000005400771,35.59000003172335],[-82.61000005400771,35.60000003143756]],[[-82.58000005486498,35.60000003143756],[-82.57000005515073,35.60000003143756],[-82.57000005515073,35.59000003172335],[-82.58000005486498,35.59000003172335],[-82.58000005486498,35.60000003143756]],[[-82.42000005943706,35.60000003143756],[-82.41000005972282,35.60000003143756],[-82.41000005972282,35.580000032009146],[-82.42000005943706,35.580000032009146],[-82.42000005943706,35.60000003143756]],[[-82.95000004429204,35.59000003172335],[-82.9400000445778,35.59000003172335],[-82.9400000445778,35.580000032009146],[-82.95000004429204,35.580000032009146],[-82.95000004429204,35.59000003172335]],[[-82.6500000528647,35.59000003172335],[-82.64000005315044,35.59000003172335],[-82.64000005315044,35.580000032009146],[-82.6500000528647,35.580000032009146],[-82.6500000528647,35.59000003172335]],[[-82.77000004943564,35.580000032009146],[-82.76000004972138,35.580000032009146],[-82.76000004972138,35.57000003229494],[-82.77000004943564,35.57000003229494],[-82.77000004943564,35.580000032009146]],[[-82.69000005172167,35.580000032009146],[-82.68000005200743,35.580000032009146],[-82.68000005200743,35.57000003229494],[-82.69000005172167,35.57000003229494],[-82.69000005172167,35.580000032009146]],[[-82.64000005315044,35.580000032009146],[-82.6300000534362,35.580000032009146],[-82.6300000534362,35.57000003229494],[-82.64000005315044,35.57000003229494],[-82.64000005315044,35.580000032009146]],[[-83.00000004286326,35.57000003229494],[-82.98000004343477,35.57000003229494],[-82.98000004343477,35.56000003258074],[-82.97000004372053,35.56000003258074],[-82.97000004372053,35.550000032866535],[-82.98000004343477,35.550000032866535],[-82.98000004343477,35.53000003343813],[-82.99000004314902,35.53000003343813],[-82.99000004314902,35.54000003315233],[-83.00000004286326,35.54000003315233],[-83.00000004286326,35.57000003229494]],[[-82.95000004429204,35.57000003229494],[-82.9400000445778,35.57000003229494],[-82.9400000445778,35.56000003258074],[-82.95000004429204,35.56000003258074],[-82.95000004429204,35.57000003229494]],[[-82.58000005486498,35.57000003229494],[-82.57000005515073,35.57000003229494],[-82.57000005515073,35.56000003258074],[-82.58000005486498,35.56000003258074],[-82.58000005486498,35.57000003229494]],[[-82.88000004629232,35.56000003258074],[-82.87000004657808,35.56000003258074],[-82.87000004657808,35.550000032866535],[-82.88000004629232,35.550000032866535],[-82.88000004629232,35.56000003258074]],[[-82.78000004914988,35.56000003258074],[-82.77000004943564,35.56000003258074],[-82.77000004943564,35.550000032866535],[-82.78000004914988,35.550000032866535],[-82.78000004914988,35.56000003258074]],[[-81.95000007286755,35.56000003258074],[-81.9400000731533,35.56000003258074],[-81.9400000731533,35.550000032866535],[-81.95000007286755,35.550000032866535],[-81.95000007286755,35.56000003258074]],[[-83.7200000222889,35.550000032866535],[-83.71000002257465,35.550000032866535],[-83.71000002257465,35.54000003315233],[-83.7200000222889,35.54000003315233],[-83.7200000222889,35.550000032866535]],[[-82.97000004372053,35.550000032866535],[-82.96000004400629,35.550000032866535],[-82.96000004400629,35.54000003315233],[-82.97000004372053,35.54000003315233],[-82.97000004372053,35.550000032866535]],[[-82.9400000445778,35.54000003315233],[-82.93000004486355,35.54000003315233],[-82.93000004486355,35.53000003343813],[-82.9400000445778,35.53000003343813],[-82.9400000445778,35.54000003315233]],[[-83.73000002200314,35.53000003343813],[-83.7200000222889,35.53000003343813],[-83.7200000222889,35.520000033723925],[-83.73000002200314,35.520000033723925],[-83.73000002200314,35.53000003343813]],[[-82.99000004314902,35.520000033723925],[-82.98000004343477,35.520000033723925],[-82.98000004343477,35.51000003400972],[-82.99000004314902,35.51000003400972],[-82.99000004314902,35.520000033723925]],[[-82.88000004629232,35.520000033723925],[-82.87000004657808,35.520000033723925],[-82.87000004657808,35.50000003429552],[-82.88000004629232,35.50000003429552],[-82.88000004629232,35.520000033723925]],[[-83.96000001543078,35.51000003400972],[-83.95000001571653,35.51000003400972],[-83.95000001571653,35.50000003429552],[-83.96000001543078,35.50000003429552],[-83.96000001543078,35.51000003400972]],[[-83.74000002171739,35.51000003400972],[-83.73000002200314,35.51000003400972],[-83.73000002200314,35.50000003429552],[-83.74000002171739,35.50000003429552],[-83.74000002171739,35.51000003400972]],[[-83.47000002943278,35.51000003400972],[-83.46000002971853,35.51000003400972],[-83.46000002971853,35.50000003429552],[-83.45000003000429,35.50000003429552],[-83.45000003000429,35.490000034581314],[-83.46000002971853,35.490000034581314],[-83.46000002971853,35.48000003486711],[-83.47000002943278,35.48000003486711],[-83.47000002943278,35.490000034581314],[-83.48000002914702,35.490000034581314],[-83.48000002914702,35.50000003429552],[-83.47000002943278,35.50000003429552],[-83.47000002943278,35.51000003400972]],[[-82.90000004572082,35.51000003400972],[-82.89000004600658,35.51000003400972],[-82.89000004600658,35.50000003429552],[-82.90000004572082,35.50000003429552],[-82.90000004572082,35.51000003400972]],[[-83.39000003171881,35.50000003429552],[-83.38000003200457,35.50000003429552],[-83.38000003200457,35.490000034581314],[-83.39000003171881,35.490000034581314],[-83.39000003171881,35.50000003429552]],[[-83.25000003571938,35.50000003429552],[-83.24000003600514,35.50000003429552],[-83.24000003600514,35.490000034581314],[-83.2300000362909,35.490000034581314],[-83.2300000362909,35.48000003486711],[-83.25000003571938,35.48000003486711],[-83.25000003571938,35.50000003429552]],[[-83.2300000362909,35.50000003429552],[-83.22000003657665,35.50000003429552],[-83.22000003657665,35.490000034581314],[-83.2300000362909,35.490000034581314],[-83.2300000362909,35.50000003429552]],[[-83.02000004229176,35.50000003429552],[-83.01000004257752,35.50000003429552],[-83.01000004257752,35.490000034581314],[-83.02000004229176,35.490000034581314],[-83.02000004229176,35.50000003429552]],[[-82.98000004343477,35.50000003429552],[-82.97000004372053,35.50000003429552],[-82.97000004372053,35.48000003486711],[-82.98000004343477,35.48000003486711],[-82.98000004343477,35.50000003429552]],[[-82.93000004486355,35.50000003429552],[-82.91000004543505,35.50000003429552],[-82.91000004543505,35.490000034581314],[-82.93000004486355,35.490000034581314],[-82.93000004486355,35.50000003429552]],[[-83.00000004286326,35.490000034581314],[-82.99000004314902,35.490000034581314],[-82.99000004314902,35.48000003486711],[-82.98000004343477,35.48000003486711],[-82.98000004343477,35.47000003515291],[-82.97000004372053,35.47000003515291],[-82.97000004372053,35.460000035438696],[-82.98000004343477,35.460000035438696],[-82.98000004343477,35.45000003572449],[-83.00000004286326,35.45000003572449],[-83.00000004286326,35.47000003515291],[-83.01000004257752,35.47000003515291],[-83.01000004257752,35.48000003486711],[-83.00000004286326,35.48000003486711],[-83.00000004286326,35.490000034581314]],[[-82.82000004800686,35.490000034581314],[-82.81000004829261,35.490000034581314],[-82.81000004829261,35.48000003486711],[-82.82000004800686,35.48000003486711],[-82.82000004800686,35.490000034581314]],[[-83.95000001571653,35.48000003486711],[-83.94000001600229,35.48000003486711],[-83.94000001600229,35.47000003515291],[-83.95000001571653,35.47000003515291],[-83.95000001571653,35.48000003486711]],[[-83.68000002343192,35.48000003486711],[-83.67000002371768,35.48000003486711],[-83.67000002371768,35.47000003515291],[-83.68000002343192,35.47000003515291],[-83.68000002343192,35.48000003486711]],[[-83.02000004229176,35.47000003515291],[-83.01000004257752,35.47000003515291],[-83.01000004257752,35.460000035438696],[-83.02000004229176,35.460000035438696],[-83.02000004229176,35.47000003515291]],[[-82.9400000445778,35.47000003515291],[-82.92000004514931,35.47000003515291],[-82.92000004514931,35.460000035438696],[-82.9400000445778,35.460000035438696],[-82.9400000445778,35.47000003515291]],[[-83.91000001685956,35.460000035438696],[-83.9000000171453,35.460000035438696],[-83.9000000171453,35.45000003572449],[-83.91000001685956,35.45000003572449],[-83.91000001685956,35.460000035438696]],[[-83.88000001771681,35.45000003572449],[-83.87000001800257,35.45000003572449],[-83.87000001800257,35.44000003601029],[-83.88000001771681,35.44000003601029],[-83.88000001771681,35.45000003572449]],[[-83.24000003600514,35.45000003572449],[-83.2300000362909,35.45000003572449],[-83.2300000362909,35.44000003601029],[-83.24000003600514,35.44000003601029],[-83.24000003600514,35.45000003572449]],[[-82.9400000445778,35.45000003572449],[-82.93000004486355,35.45000003572449],[-82.93000004486355,35.44000003601029],[-82.9400000445778,35.44000003601029],[-82.9400000445778,35.45000003572449]],[[-82.90000004572082,35.45000003572449],[-82.88000004629232,35.45000003572449],[-82.88000004629232,35.430000036296086],[-82.86000004686383,35.430000036296086],[-82.86000004686383,35.42000003658188],[-82.85000004714959,35.42000003658188],[-82.85000004714959,35.41000003686768],[-82.84000004743535,35.41000003686768],[-82.84000004743535,35.400000037153475],[-82.85000004714959,35.400000037153475],[-82.85000004714959,35.39000003743927],[-82.84000004743535,35.39000003743927],[-82.84000004743535,35.38000003772507],[-82.86000004686383,35.38000003772507],[-82.86000004686383,35.370000038010865],[-82.87000004657808,35.370000038010865],[-82.87000004657808,35.38000003772507],[-82.88000004629232,35.38000003772507],[-82.88000004629232,35.370000038010865],[-82.89000004600658,35.370000038010865],[-82.89000004600658,35.39000003743927],[-82.90000004572082,35.39000003743927],[-82.90000004572082,35.400000037153475],[-82.91000004543505,35.400000037153475],[-82.91000004543505,35.41000003686768],[-82.90000004572082,35.41000003686768],[-82.90000004572082,35.45000003572449]],[[-82.38000006058009,35.45000003572449],[-82.37000006086583,35.45000003572449],[-82.37000006086583,35.44000003601029],[-82.3600000611516,35.44000003601029],[-82.3600000611516,35.45000003572449],[-82.35000006143734,35.45000003572449],[-82.35000006143734,35.430000036296086],[-82.3600000611516,35.430000036296086],[-82.3600000611516,35.41000003686768],[-82.37000006086583,35.41000003686768],[-82.37000006086583,35.430000036296086],[-82.38000006058009,35.430000036296086],[-82.38000006058009,35.45000003572449]],[[-83.64000002457495,35.44000003601029],[-83.63000002486069,35.44000003601029],[-83.63000002486069,35.430000036296086],[-83.64000002457495,35.430000036296086],[-83.64000002457495,35.44000003601029]],[[-83.9000000171453,35.41000003686768],[-83.89000001743106,35.41000003686768],[-83.89000001743106,35.400000037153475],[-83.9000000171453,35.400000037153475],[-83.9000000171453,35.41000003686768]],[[-83.4100000311473,35.39000003743927],[-83.40000003143307,35.39000003743927],[-83.40000003143307,35.370000038010865],[-83.4100000311473,35.370000038010865],[-83.4100000311473,35.39000003743927]],[[-82.91000004543505,35.38000003772507],[-82.90000004572082,35.38000003772507],[-82.90000004572082,35.370000038010865],[-82.91000004543505,35.370000038010865],[-82.91000004543505,35.38000003772507]],[[-83.9000000171453,35.36000003829666],[-83.89000001743106,35.36000003829666],[-83.89000001743106,35.35000003858246],[-83.9000000171453,35.35000003858246],[-83.9000000171453,35.36000003829666]],[[-82.87000004657808,35.36000003829666],[-82.86000004686383,35.36000003829666],[-82.86000004686383,35.35000003858246],[-82.87000004657808,35.35000003858246],[-82.87000004657808,35.36000003829666]],[[-83.9200000165738,35.35000003858246],[-83.91000001685956,35.35000003858246],[-83.91000001685956,35.340000038868254],[-83.9200000165738,35.340000038868254],[-83.9200000165738,35.35000003858246]],[[-82.93000004486355,35.330000039154044],[-82.91000004543505,35.330000039154044],[-82.91000004543505,35.32000003943984],[-82.90000004572082,35.32000003943984],[-82.90000004572082,35.31000003972564],[-82.91000004543505,35.31000003972564],[-82.91000004543505,35.29000004029723],[-82.92000004514931,35.29000004029723],[-82.92000004514931,35.27000004086882],[-82.93000004486355,35.27000004086882],[-82.93000004486355,35.330000039154044]],[[-82.88000004629232,35.32000003943984],[-82.87000004657808,35.32000003943984],[-82.87000004657808,35.31000003972564],[-82.88000004629232,35.31000003972564],[-82.88000004629232,35.32000003943984]],[[-83.00000004286326,35.31000003972564],[-82.96000004400629,35.31000003972564],[-82.96000004400629,35.30000004001143],[-82.98000004343477,35.30000004001143],[-82.98000004343477,35.29000004029723],[-83.00000004286326,35.29000004029723],[-83.00000004286326,35.31000003972564]],[[-82.90000004572082,35.31000003972564],[-82.88000004629232,35.31000003972564],[-82.88000004629232,35.30000004001143],[-82.90000004572082,35.30000004001143],[-82.90000004572082,35.31000003972564]],[[-83.030000042006,35.29000004029723],[-83.00000004286326,35.29000004029723],[-83.00000004286326,35.27000004086882],[-83.01000004257752,35.27000004086882],[-83.01000004257752,35.26000004115462],[-83.02000004229176,35.26000004115462],[-83.02000004229176,35.280000040583026],[-83.030000042006,35.280000040583026],[-83.030000042006,35.29000004029723]],[[-82.88000004629232,35.280000040583026],[-82.87000004657808,35.280000040583026],[-82.87000004657808,35.27000004086882],[-82.88000004629232,35.27000004086882],[-82.88000004629232,35.280000040583026]],[[-83.00000004286326,35.27000004086882],[-82.99000004314902,35.27000004086882],[-82.99000004314902,35.250000041440416],[-83.00000004286326,35.250000041440416],[-83.00000004286326,35.27000004086882]],[[-82.96000004400629,35.27000004086882],[-82.93000004486355,35.27000004086882],[-82.93000004486355,35.26000004115462],[-82.9400000445778,35.26000004115462],[-82.9400000445778,35.24000004172621],[-82.96000004400629,35.24000004172621],[-82.96000004400629,35.250000041440416],[-82.98000004343477,35.250000041440416],[-82.98000004343477,35.26000004115462],[-82.96000004400629,35.26000004115462],[-82.96000004400629,35.27000004086882]],[[-82.2500000642949,35.27000004086882],[-82.24000006458066,35.27000004086882],[-82.24000006458066,35.26000004115462],[-82.2500000642949,35.26000004115462],[-82.2500000642949,35.27000004086882]],[[-83.02000004229176,35.250000041440416],[-83.01000004257752,35.250000041440416],[-83.01000004257752,35.23000004201201],[-83.02000004229176,35.23000004201201],[-83.02000004229176,35.250000041440416]],[[-82.38000006058009,35.250000041440416],[-82.37000006086583,35.250000041440416],[-82.37000006086583,35.24000004172621],[-82.38000006058009,35.24000004172621],[-82.38000006058009,35.250000041440416]],[[-83.22000003657665,35.24000004172621],[-83.21000003686241,35.24000004172621],[-83.21000003686241,35.23000004201201],[-83.22000003657665,35.23000004201201],[-83.22000003657665,35.24000004172621]],[[-83.35000003286184,35.23000004201201],[-83.33000003343335,35.23000004201201],[-83.33000003343335,35.2100000425836],[-83.34000003314759,35.2100000425836],[-83.34000003314759,35.220000042297805],[-83.35000003286184,35.220000042297805],[-83.35000003286184,35.23000004201201]],[[-83.2300000362909,35.23000004201201],[-83.22000003657665,35.23000004201201],[-83.22000003657665,35.220000042297805],[-83.21000003686241,35.220000042297805],[-83.21000003686241,35.2100000425836],[-83.20000003714816,35.2100000425836],[-83.20000003714816,35.20000004286939],[-83.21000003686241,35.20000004286939],[-83.21000003686241,35.19000004315519],[-83.24000003600514,35.19000004315519],[-83.24000003600514,35.220000042297805],[-83.2300000362909,35.220000042297805],[-83.2300000362909,35.23000004201201]],[[-82.98000004343477,35.23000004201201],[-82.97000004372053,35.23000004201201],[-82.97000004372053,35.220000042297805],[-82.98000004343477,35.220000042297805],[-82.98000004343477,35.23000004201201]],[[-84.07000001228747,35.220000042297805],[-84.06000001257323,35.220000042297805],[-84.06000001257323,35.2100000425836],[-84.07000001228747,35.2100000425836],[-84.07000001228747,35.220000042297805]],[[-82.38000006058009,35.220000042297805],[-82.37000006086583,35.220000042297805],[-82.37000006086583,35.2100000425836],[-82.38000006058009,35.2100000425836],[-82.38000006058009,35.220000042297805]],[[-83.7200000222889,35.2100000425836],[-83.71000002257465,35.2100000425836],[-83.71000002257465,35.19000004315519],[-83.7200000222889,35.19000004315519],[-83.7200000222889,35.2100000425836]],[[-82.37000006086583,35.2100000425836],[-82.35000006143734,35.2100000425836],[-82.35000006143734,35.20000004286939],[-82.37000006086583,35.20000004286939],[-82.37000006086583,35.2100000425836]],[[-83.75000002143163,35.20000004286939],[-83.73000002200314,35.20000004286939],[-83.73000002200314,35.180000043440984],[-83.74000002171739,35.180000043440984],[-83.74000002171739,35.19000004315519],[-83.75000002143163,35.19000004315519],[-83.75000002143163,35.20000004286939]],[[-83.60000002571796,35.20000004286939],[-83.59000002600371,35.20000004286939],[-83.59000002600371,35.19000004315519],[-83.60000002571796,35.19000004315519],[-83.60000002571796,35.20000004286939]],[[-83.030000042006,35.20000004286939],[-83.02000004229176,35.20000004286939],[-83.02000004229176,35.17000004372678],[-83.01000004257752,35.17000004372678],[-83.01000004257752,35.15000004429837],[-83.02000004229176,35.15000004429837],[-83.02000004229176,35.16000004401258],[-83.04000004172025,35.16000004401258],[-83.04000004172025,35.15000004429837],[-83.05000004143449,35.15000004429837],[-83.05000004143449,35.17000004372678],[-83.030000042006,35.17000004372678],[-83.030000042006,35.180000043440984],[-83.04000004172025,35.180000043440984],[-83.04000004172025,35.19000004315519],[-83.030000042006,35.19000004315519],[-83.030000042006,35.20000004286939]],[[-82.06000006972424,35.20000004286939],[-82.05000007001,35.20000004286939],[-82.05000007001,35.19000004315519],[-82.06000006972424,35.19000004315519],[-82.06000006972424,35.20000004286939]],[[-81.28000009201314,35.20000004286939],[-81.2700000922989,35.20000004286939],[-81.2700000922989,35.19000004315519],[-81.28000009201314,35.19000004315519],[-81.28000009201314,35.20000004286939]],[[-83.56000002686098,35.19000004315519],[-83.55000002714674,35.19000004315519],[-83.55000002714674,35.17000004372678],[-83.56000002686098,35.17000004372678],[-83.56000002686098,35.19000004315519]],[[-83.01000004257752,35.19000004315519],[-82.98000004343477,35.19000004315519],[-82.98000004343477,35.180000043440984],[-82.99000004314902,35.180000043440984],[-82.99000004314902,35.15000004429837],[-83.00000004286326,35.15000004429837],[-83.00000004286326,35.17000004372678],[-83.01000004257752,35.17000004372678],[-83.01000004257752,35.19000004315519]],[[-82.08000006915273,35.19000004315519],[-82.06000006972424,35.19000004315519],[-82.06000006972424,35.180000043440984],[-82.07000006943849,35.180000043440984],[-82.07000006943849,35.16000004401258],[-82.08000006915273,35.16000004401258],[-82.08000006915273,35.15000004429837],[-82.10000006858122,35.15000004429837],[-82.10000006858122,35.16000004401258],[-82.09000006886698,35.16000004401258],[-82.09000006886698,35.17000004372678],[-82.08000006915273,35.17000004372678],[-82.08000006915273,35.19000004315519]],[[-82.04000007029576,35.19000004315519],[-82.02000007086727,35.19000004315519],[-82.02000007086727,35.180000043440984],[-82.03000007058151,35.180000043440984],[-82.03000007058151,35.16000004401258],[-82.04000007029576,35.16000004401258],[-82.04000007029576,35.14000004458417],[-82.03000007058151,35.14000004458417],[-82.03000007058151,35.11000004544156],[-82.04000007029576,35.11000004544156],[-82.04000007029576,35.12000004515576],[-82.05000007001,35.12000004515576],[-82.05000007001,35.11000004544156],[-82.06000006972424,35.11000004544156],[-82.06000006972424,35.130000044869966],[-82.05000007001,35.130000044869966],[-82.05000007001,35.15000004429837],[-82.06000006972424,35.15000004429837],[-82.06000006972424,35.17000004372678],[-82.05000007001,35.17000004372678],[-82.05000007001,35.180000043440984],[-82.04000007029576,35.180000043440984],[-82.04000007029576,35.19000004315519]],[[-83.67000002371768,35.180000043440984],[-83.66000002400342,35.180000043440984],[-83.66000002400342,35.17000004372678],[-83.67000002371768,35.17000004372678],[-83.67000002371768,35.180000043440984]],[[-83.64000002457495,35.180000043440984],[-83.63000002486069,35.180000043440984],[-83.63000002486069,35.17000004372678],[-83.64000002457495,35.17000004372678],[-83.64000002457495,35.180000043440984]],[[-83.59000002600371,35.180000043440984],[-83.58000002628947,35.180000043440984],[-83.58000002628947,35.16000004401258],[-83.59000002600371,35.16000004401258],[-83.59000002600371,35.180000043440984]],[[-83.07000004086298,35.180000043440984],[-83.06000004114874,35.180000043440984],[-83.06000004114874,35.16000004401258],[-83.07000004086298,35.16000004401258],[-83.07000004086298,35.180000043440984]],[[-82.43000005915131,35.180000043440984],[-82.42000005943706,35.180000043440984],[-82.42000005943706,35.17000004372678],[-82.43000005915131,35.17000004372678],[-82.43000005915131,35.180000043440984]],[[-82.29000006315188,35.180000043440984],[-82.27000006372339,35.180000043440984],[-82.27000006372339,35.17000004372678],[-82.29000006315188,35.17000004372678],[-82.29000006315188,35.180000043440984]],[[-84.48000000057151,35.17000004372678],[-84.47000000085727,35.17000004372678],[-84.47000000085727,35.16000004401258],[-84.48000000057151,35.16000004401258],[-84.48000000057151,35.17000004372678]],[[-82.31000006258037,35.17000004372678],[-82.30000006286612,35.17000004372678],[-82.30000006286612,35.16000004401258],[-82.28000006343763,35.16000004401258],[-82.28000006343763,35.130000044869966],[-82.31000006258037,35.130000044869966],[-82.31000006258037,35.14000004458417],[-82.3400000617231,35.14000004458417],[-82.3400000617231,35.130000044869966],[-82.35000006143734,35.130000044869966],[-82.35000006143734,35.15000004429837],[-82.3400000617231,35.15000004429837],[-82.3400000617231,35.16000004401258],[-82.33000006200886,35.16000004401258],[-82.33000006200886,35.15000004429837],[-82.31000006258037,35.15000004429837],[-82.31000006258037,35.17000004372678]],[[-83.74000002171739,35.16000004401258],[-83.73000002200314,35.16000004401258],[-83.73000002200314,35.15000004429837],[-83.74000002171739,35.15000004429837],[-83.74000002171739,35.16000004401258]],[[-83.50000002857551,35.16000004401258],[-83.49000002886126,35.16000004401258],[-83.49000002886126,35.15000004429837],[-83.50000002857551,35.15000004429837],[-83.50000002857551,35.16000004401258]],[[-83.09000004029147,35.16000004401258],[-83.07000004086298,35.16000004401258],[-83.07000004086298,35.15000004429837],[-83.09000004029147,35.15000004429837],[-83.09000004029147,35.16000004401258]],[[-83.51000002828975,35.15000004429837],[-83.50000002857551,35.15000004429837],[-83.50000002857551,35.14000004458417],[-83.51000002828975,35.14000004458417],[-83.51000002828975,35.15000004429837]],[[-83.34000003314759,35.15000004429837],[-83.33000003343335,35.15000004429837],[-83.33000003343335,35.14000004458417],[-83.30000003429062,35.14000004458417],[-83.30000003429062,35.100000045727356],[-83.29000003457637,35.100000045727356],[-83.29000003457637,35.12000004515576],[-83.28000003486213,35.12000004515576],[-83.28000003486213,35.100000045727356],[-83.26000003543363,35.100000045727356],[-83.26000003543363,35.11000004544156],[-83.24000003600514,35.11000004544156],[-83.24000003600514,35.12000004515576],[-83.2300000362909,35.12000004515576],[-83.2300000362909,35.11000004544156],[-83.22000003657665,35.11000004544156],[-83.22000003657665,35.100000045727356],[-83.21000003686241,35.100000045727356],[-83.21000003686241,35.09000004601315],[-83.27000003514787,35.09000004601315],[-83.27000003514787,35.08000004629895],[-83.28000003486213,35.08000004629895],[-83.28000003486213,35.07000004658474],[-83.29000003457637,35.07000004658474],[-83.29000003457637,35.060000046870535],[-83.28000003486213,35.060000046870535],[-83.28000003486213,35.04000004744213],[-83.30000003429062,35.04000004744213],[-83.30000003429062,35.030000047727924],[-83.29000003457637,35.030000047727924],[-83.29000003457637,35.02000004801372],[-83.28000003486213,35.02000004801372],[-83.28000003486213,35.01000004829952],[-83.29000003457637,35.01000004829952],[-83.29000003457637,35.00000004858531],[-83.30000003429062,35.00000004858531],[-83.30000003429062,35.01000004829952],[-83.31000003400486,35.01000004829952],[-83.31000003400486,34.99000004887111],[-83.3200000337191,34.99000004887111],[-83.3200000337191,34.98000004915691],[-83.35000003286184,34.98000004915691],[-83.35000003286184,34.99000004887111],[-83.36000003257608,34.99000004887111],[-83.36000003257608,35.01000004829952],[-83.35000003286184,35.01000004829952],[-83.35000003286184,35.02000004801372],[-83.34000003314759,35.02000004801372],[-83.34000003314759,35.030000047727924],[-83.35000003286184,35.030000047727924],[-83.35000003286184,35.05000004715633],[-83.34000003314759,35.05000004715633],[-83.34000003314759,35.07000004658474],[-83.33000003343335,35.07000004658474],[-83.33000003343335,35.05000004715633],[-83.3200000337191,35.05000004715633],[-83.3200000337191,35.08000004629895],[-83.35000003286184,35.08000004629895],[-83.35000003286184,35.09000004601315],[-83.34000003314759,35.09000004601315],[-83.34000003314759,35.11000004544156],[-83.36000003257608,35.11000004544156],[-83.36000003257608,35.12000004515576],[-83.35000003286184,35.12000004515576],[-83.35000003286184,35.130000044869966],[-83.34000003314759,35.130000044869966],[-83.34000003314759,35.15000004429837]],[[-83.06000004114874,35.15000004429837],[-83.05000004143449,35.15000004429837],[-83.05000004143449,35.14000004458417],[-83.06000004114874,35.14000004458417],[-83.06000004114874,35.15000004429837]],[[-82.540000056008,35.15000004429837],[-82.53000005629376,35.15000004429837],[-82.53000005629376,35.14000004458417],[-82.540000056008,35.14000004458417],[-82.540000056008,35.15000004429837]],[[-82.38000006058009,35.15000004429837],[-82.37000006086583,35.15000004429837],[-82.37000006086583,35.14000004458417],[-82.38000006058009,35.14000004458417],[-82.38000006058009,35.15000004429837]],[[-84.41000000257179,35.14000004458417],[-84.40000000285755,35.14000004458417],[-84.40000000285755,35.130000044869966],[-84.41000000257179,35.130000044869966],[-84.41000000257179,35.14000004458417]],[[-83.56000002686098,35.14000004458417],[-83.55000002714674,35.14000004458417],[-83.55000002714674,35.130000044869966],[-83.56000002686098,35.130000044869966],[-83.56000002686098,35.14000004458417]],[[-82.99000004314902,35.14000004458417],[-82.97000004372053,35.14000004458417],[-82.97000004372053,35.130000044869966],[-82.99000004314902,35.130000044869966],[-82.99000004314902,35.14000004458417]],[[-82.37000006086583,35.14000004458417],[-82.3600000611516,35.14000004458417],[-82.3600000611516,35.130000044869966],[-82.37000006086583,35.130000044869966],[-82.37000006086583,35.14000004458417]],[[-84.40000000285755,35.130000044869966],[-84.3900000031433,35.130000044869966],[-84.3900000031433,35.12000004515576],[-84.40000000285755,35.12000004515576],[-84.40000000285755,35.130000044869966]],[[-82.60000005429347,35.130000044869966],[-82.58000005486498,35.130000044869966],[-82.58000005486498,35.12000004515576],[-82.60000005429347,35.12000004515576],[-82.60000005429347,35.130000044869966]],[[-84.43000000200028,35.11000004544156],[-84.40000000285755,35.11000004544156],[-84.40000000285755,35.09000004601315],[-84.41000000257179,35.09000004601315],[-84.41000000257179,35.08000004629895],[-84.42000000228605,35.08000004629895],[-84.42000000228605,35.09000004601315],[-84.45000000142878,35.09000004601315],[-84.45000000142878,35.100000045727356],[-84.43000000200028,35.100000045727356],[-84.43000000200028,35.11000004544156]],[[-83.07000004086298,35.11000004544156],[-83.06000004114874,35.11000004544156],[-83.06000004114874,35.100000045727356],[-83.07000004086298,35.100000045727356],[-83.07000004086298,35.11000004544156]],[[-82.33000006200886,35.11000004544156],[-82.32000006229461,35.11000004544156],[-82.32000006229461,35.100000045727356],[-82.33000006200886,35.100000045727356],[-82.33000006200886,35.11000004544156]],[[-83.42000003086156,35.100000045727356],[-83.4100000311473,35.100000045727356],[-83.4100000311473,35.09000004601315],[-83.42000003086156,35.09000004601315],[-83.42000003086156,35.100000045727356]],[[-82.67000005229319,35.100000045727356],[-82.66000005257894,35.100000045727356],[-82.66000005257894,35.09000004601315],[-82.67000005229319,35.09000004601315],[-82.67000005229319,35.100000045727356]],[[-82.32000006229461,35.100000045727356],[-82.31000006258037,35.100000045727356],[-82.31000006258037,35.09000004601315],[-82.32000006229461,35.09000004601315],[-82.32000006229461,35.100000045727356]],[[-82.28000006343763,35.100000045727356],[-82.27000006372339,35.100000045727356],[-82.27000006372339,35.09000004601315],[-82.28000006343763,35.09000004601315],[-82.28000006343763,35.100000045727356]],[[-83.51000002828975,35.09000004601315],[-83.50000002857551,35.09000004601315],[-83.50000002857551,35.07000004658474],[-83.49000002886126,35.07000004658474],[-83.49000002886126,35.09000004601315],[-83.47000002943278,35.09000004601315],[-83.47000002943278,35.060000046870535],[-83.48000002914702,35.060000046870535],[-83.48000002914702,35.05000004715633],[-83.45000003000429,35.05000004715633],[-83.45000003000429,35.04000004744213],[-83.46000002971853,35.04000004744213],[-83.46000002971853,35.02000004801372],[-83.47000002943278,35.02000004801372],[-83.47000002943278,35.030000047727924],[-83.48000002914702,35.030000047727924],[-83.48000002914702,35.01000004829952],[-83.50000002857551,35.01000004829952],[-83.50000002857551,35.02000004801372],[-83.520000028004,35.02000004801372],[-83.520000028004,35.030000047727924],[-83.50000002857551,35.030000047727924],[-83.50000002857551,35.04000004744213],[-83.51000002828975,35.04000004744213],[-83.51000002828975,35.05000004715633],[-83.50000002857551,35.05000004715633],[-83.50000002857551,35.060000046870535],[-83.51000002828975,35.060000046870535],[-83.51000002828975,35.07000004658474],[-83.520000028004,35.07000004658474],[-83.520000028004,35.08000004629895],[-83.51000002828975,35.08000004629895],[-83.51000002828975,35.09000004601315]],[[-83.15000003857693,35.09000004601315],[-83.13000003914846,35.09000004601315],[-83.13000003914846,35.08000004629895],[-83.15000003857693,35.08000004629895],[-83.15000003857693,35.09000004601315]],[[-83.65000002428918,35.08000004629895],[-83.64000002457495,35.08000004629895],[-83.64000002457495,35.060000046870535],[-83.66000002400342,35.060000046870535],[-83.66000002400342,35.07000004658474],[-83.65000002428918,35.07000004658474],[-83.65000002428918,35.08000004629895]],[[-83.55000002714674,35.08000004629895],[-83.54000002743248,35.08000004629895],[-83.54000002743248,35.060000046870535],[-83.55000002714674,35.060000046870535],[-83.55000002714674,35.08000004629895]],[[-83.45000003000429,35.08000004629895],[-83.44000003029004,35.08000004629895],[-83.44000003029004,35.07000004658474],[-83.45000003000429,35.07000004658474],[-83.45000003000429,35.08000004629895]],[[-83.24000003600514,35.08000004629895],[-83.22000003657665,35.08000004629895],[-83.22000003657665,35.07000004658474],[-83.24000003600514,35.07000004658474],[-83.24000003600514,35.08000004629895]],[[-83.07000004086298,35.08000004629895],[-83.06000004114874,35.08000004629895],[-83.06000004114874,35.07000004658474],[-83.07000004086298,35.07000004658474],[-83.07000004086298,35.08000004629895]],[[-83.05000004143449,35.08000004629895],[-83.04000004172025,35.08000004629895],[-83.04000004172025,35.07000004658474],[-83.05000004143449,35.07000004658474],[-83.05000004143449,35.08000004629895]],[[-83.22000003657665,35.07000004658474],[-83.21000003686241,35.07000004658474],[-83.21000003686241,35.060000046870535],[-83.22000003657665,35.060000046870535],[-83.22000003657665,35.07000004658474]],[[-83.10000004000571,35.07000004658474],[-83.09000004029147,35.07000004658474],[-83.09000004029147,35.060000046870535],[-83.08000004057722,35.060000046870535],[-83.08000004057722,35.05000004715633],[-83.09000004029147,35.05000004715633],[-83.09000004029147,35.04000004744213],[-83.10000004000571,35.04000004744213],[-83.10000004000571,35.05000004715633],[-83.11000003971996,35.05000004715633],[-83.11000003971996,35.060000046870535],[-83.10000004000571,35.060000046870535],[-83.10000004000571,35.07000004658474]],[[-83.02000004229176,35.07000004658474],[-83.00000004286326,35.07000004658474],[-83.00000004286326,35.060000046870535],[-83.01000004257752,35.060000046870535],[-83.01000004257752,35.05000004715633],[-83.02000004229176,35.05000004715633],[-83.02000004229176,35.07000004658474]],[[-82.27000006372339,35.07000004658474],[-82.26000006400915,35.07000004658474],[-82.26000006400915,35.060000046870535],[-82.27000006372339,35.060000046870535],[-82.27000006372339,35.07000004658474]],[[-82.06000006972424,35.07000004658474],[-82.05000007001,35.07000004658474],[-82.05000007001,35.060000046870535],[-82.06000006972424,35.060000046870535],[-82.06000006972424,35.07000004658474]],[[-83.45000003000429,35.060000046870535],[-83.44000003029004,35.060000046870535],[-83.44000003029004,35.05000004715633],[-83.45000003000429,35.05000004715633],[-83.45000003000429,35.060000046870535]],[[-83.13000003914846,35.060000046870535],[-83.1200000394342,35.060000046870535],[-83.1200000394342,35.05000004715633],[-83.13000003914846,35.05000004715633],[-83.13000003914846,35.060000046870535]],[[-82.99000004314902,35.060000046870535],[-82.98000004343477,35.060000046870535],[-82.98000004343477,35.05000004715633],[-82.99000004314902,35.05000004715633],[-82.99000004314902,35.060000046870535]],[[-82.09000006886698,35.060000046870535],[-82.08000006915273,35.060000046870535],[-82.08000006915273,35.05000004715633],[-82.09000006886698,35.05000004715633],[-82.09000006886698,35.060000046870535]],[[-83.05000004143449,35.05000004715633],[-83.02000004229176,35.05000004715633],[-83.02000004229176,35.04000004744213],[-83.04000004172025,35.04000004744213],[-83.04000004172025,35.030000047727924],[-83.05000004143449,35.030000047727924],[-83.05000004143449,35.05000004715633]],[[-83.00000004286326,35.05000004715633],[-82.99000004314902,35.05000004715633],[-82.99000004314902,35.04000004744213],[-83.00000004286326,35.04000004744213],[-83.00000004286326,35.05000004715633]],[[-82.71000005115016,35.05000004715633],[-82.70000005143592,35.05000004715633],[-82.70000005143592,35.04000004744213],[-82.71000005115016,35.04000004744213],[-82.71000005115016,35.05000004715633]],[[-82.08000006915273,35.05000004715633],[-82.06000006972424,35.05000004715633],[-82.06000006972424,35.04000004744213],[-82.08000006915273,35.04000004744213],[-82.08000006915273,35.05000004715633]],[[-83.53000002771824,35.04000004744213],[-83.520000028004,35.04000004744213],[-83.520000028004,35.030000047727924],[-83.53000002771824,35.030000047727924],[-83.53000002771824,35.04000004744213]],[[-83.26000003543363,35.04000004744213],[-83.25000003571938,35.04000004744213],[-83.25000003571938,35.030000047727924],[-83.26000003543363,35.030000047727924],[-83.26000003543363,35.04000004744213]],[[-83.08000004057722,35.030000047727924],[-83.07000004086298,35.030000047727924],[-83.07000004086298,35.01000004829952],[-83.08000004057722,35.01000004829952],[-83.08000004057722,35.030000047727924]],[[-82.26000006400915,35.030000047727924],[-82.2500000642949,35.030000047727924],[-82.2500000642949,35.01000004829952],[-82.26000006400915,35.01000004829952],[-82.26000006400915,35.030000047727924]],[[-83.53000002771824,35.02000004801372],[-83.520000028004,35.02000004801372],[-83.520000028004,34.99000004887111],[-83.53000002771824,34.99000004887111],[-83.53000002771824,35.02000004801372]],[[-83.6100000254322,35.00000004858531],[-83.60000002571796,35.00000004858531],[-83.60000002571796,34.99000004887111],[-83.6100000254322,34.99000004887111],[-83.6100000254322,35.00000004858531]],[[-82.3400000617231,35.00000004858531],[-82.33000006200886,35.00000004858531],[-82.33000006200886,34.99000004887111],[-82.3400000617231,34.99000004887111],[-82.3400000617231,35.00000004858531]],[[-82.27000006372339,35.00000004858531],[-82.26000006400915,35.00000004858531],[-82.26000006400915,34.98000004915691],[-82.27000006372339,34.98000004915691],[-82.27000006372339,35.00000004858531]],[[-82.2500000642949,35.00000004858531],[-82.24000006458066,35.00000004858531],[-82.24000006458066,34.9700000494427],[-82.2500000642949,34.9700000494427],[-82.2500000642949,35.00000004858531]],[[-83.63000002486069,34.99000004887111],[-83.62000002514645,34.99000004887111],[-83.62000002514645,34.98000004915691],[-83.63000002486069,34.98000004915691],[-83.63000002486069,34.99000004887111]],[[-83.31000003400486,34.99000004887111],[-83.30000003429062,34.99000004887111],[-83.30000003429062,34.950000050014296],[-83.31000003400486,34.950000050014296],[-83.31000003400486,34.940000050300085],[-83.3200000337191,34.940000050300085],[-83.3200000337191,34.9600000497285],[-83.31000003400486,34.9600000497285],[-83.31000003400486,34.99000004887111]],[[-83.65000002428918,34.98000004915691],[-83.64000002457495,34.98000004915691],[-83.64000002457495,34.9600000497285],[-83.65000002428918,34.9600000497285],[-83.65000002428918,34.98000004915691]],[[-83.49000002886126,34.98000004915691],[-83.48000002914702,34.98000004915691],[-83.48000002914702,34.9700000494427],[-83.49000002886126,34.9700000494427],[-83.49000002886126,34.98000004915691]],[[-83.38000003200457,34.98000004915691],[-83.37000003229032,34.98000004915691],[-83.37000003229032,34.9700000494427],[-83.38000003200457,34.9700000494427],[-83.38000003200457,34.98000004915691]],[[-83.29000003457637,34.9700000494427],[-83.28000003486213,34.9700000494427],[-83.28000003486213,34.9600000497285],[-83.29000003457637,34.9600000497285],[-83.29000003457637,34.9700000494427]],[[-83.70000002286041,34.9600000497285],[-83.69000002314617,34.9600000497285],[-83.69000002314617,34.950000050014296],[-83.70000002286041,34.950000050014296],[-83.70000002286041,34.9600000497285]],[[-82.31000006258037,34.9600000497285],[-82.30000006286612,34.9600000497285],[-82.30000006286612,34.950000050014296],[-82.31000006258037,34.950000050014296],[-82.31000006258037,34.9600000497285]],[[-82.24000006458066,34.9600000497285],[-82.2300000648664,34.9600000497285],[-82.2300000648664,34.950000050014296],[-82.24000006458066,34.950000050014296],[-82.24000006458066,34.9600000497285]],[[-83.58000002628947,34.950000050014296],[-83.57000002657523,34.950000050014296],[-83.57000002657523,34.940000050300085],[-83.58000002628947,34.940000050300085],[-83.58000002628947,34.950000050014296]],[[-83.30000003429062,34.950000050014296],[-83.29000003457637,34.950000050014296],[-83.29000003457637,34.940000050300085],[-83.30000003429062,34.940000050300085],[-83.30000003429062,34.950000050014296]],[[-82.41000005972282,34.950000050014296],[-82.40000006000857,34.950000050014296],[-82.40000006000857,34.940000050300085],[-82.41000005972282,34.940000050300085],[-82.41000005972282,34.950000050014296]],[[-82.39000006029433,34.950000050014296],[-82.37000006086583,34.950000050014296],[-82.37000006086583,34.940000050300085],[-82.3600000611516,34.940000050300085],[-82.3600000611516,34.93000005058588],[-82.38000006058009,34.93000005058588],[-82.38000006058009,34.92000005087168],[-82.37000006086583,34.92000005087168],[-82.37000006086583,34.910000051157475],[-82.39000006029433,34.910000051157475],[-82.39000006029433,34.93000005058588],[-82.40000006000857,34.93000005058588],[-82.40000006000857,34.940000050300085],[-82.39000006029433,34.940000050300085],[-82.39000006029433,34.950000050014296]],[[-82.33000006200886,34.950000050014296],[-82.32000006229461,34.950000050014296],[-82.32000006229461,34.940000050300085],[-82.30000006286612,34.940000050300085],[-82.30000006286612,34.950000050014296],[-82.29000006315188,34.950000050014296],[-82.29000006315188,34.940000050300085],[-82.27000006372339,34.940000050300085],[-82.27000006372339,34.93000005058588],[-82.26000006400915,34.93000005058588],[-82.26000006400915,34.92000005087168],[-82.2500000642949,34.92000005087168],[-82.2500000642949,34.910000051157475],[-82.27000006372339,34.910000051157475],[-82.27000006372339,34.92000005087168],[-82.28000006343763,34.92000005087168],[-82.28000006343763,34.93000005058588],[-82.30000006286612,34.93000005058588],[-82.30000006286612,34.92000005087168],[-82.32000006229461,34.92000005087168],[-82.32000006229461,34.93000005058588],[-82.3400000617231,34.93000005058588],[-82.3400000617231,34.940000050300085],[-82.33000006200886,34.940000050300085],[-82.33000006200886,34.950000050014296]],[[-82.26000006400915,34.950000050014296],[-82.2500000642949,34.950000050014296],[-82.2500000642949,34.940000050300085],[-82.26000006400915,34.940000050300085],[-82.26000006400915,34.950000050014296]],[[-81.070000098014,34.950000050014296],[-81.06000009829975,34.950000050014296],[-81.06000009829975,34.940000050300085],[-81.070000098014,34.940000050300085],[-81.070000098014,34.950000050014296]],[[-83.57000002657523,34.940000050300085],[-83.56000002686098,34.940000050300085],[-83.56000002686098,34.92000005087168],[-83.57000002657523,34.92000005087168],[-83.57000002657523,34.940000050300085]],[[-83.35000003286184,34.940000050300085],[-83.34000003314759,34.940000050300085],[-83.34000003314759,34.93000005058588],[-83.35000003286184,34.93000005058588],[-83.35000003286184,34.940000050300085]],[[-82.2300000648664,34.940000050300085],[-82.22000006515216,34.940000050300085],[-82.22000006515216,34.93000005058588],[-82.2300000648664,34.93000005058588],[-82.2300000648664,34.940000050300085]],[[-83.33000003343335,34.93000005058588],[-83.3200000337191,34.93000005058588],[-83.3200000337191,34.92000005087168],[-83.33000003343335,34.92000005087168],[-83.33000003343335,34.93000005058588]],[[-83.47000002943278,34.92000005087168],[-83.46000002971853,34.92000005087168],[-83.46000002971853,34.910000051157475],[-83.47000002943278,34.910000051157475],[-83.47000002943278,34.92000005087168]],[[-83.520000028004,34.910000051157475],[-83.51000002828975,34.910000051157475],[-83.51000002828975,34.90000005144327],[-83.520000028004,34.90000005144327],[-83.520000028004,34.910000051157475]],[[-83.46000002971853,34.910000051157475],[-83.44000003029004,34.910000051157475],[-83.44000003029004,34.90000005144327],[-83.46000002971853,34.90000005144327],[-83.46000002971853,34.910000051157475]],[[-82.2500000642949,34.910000051157475],[-82.24000006458066,34.910000051157475],[-82.24000006458066,34.90000005144327],[-82.2500000642949,34.90000005144327],[-82.2500000642949,34.910000051157475]],[[-83.74000002171739,34.90000005144327],[-83.73000002200314,34.90000005144327],[-83.73000002200314,34.89000005172907],[-83.74000002171739,34.89000005172907],[-83.74000002171739,34.90000005144327]],[[-83.54000002743248,34.90000005144327],[-83.520000028004,34.90000005144327],[-83.520000028004,34.89000005172907],[-83.54000002743248,34.89000005172907],[-83.54000002743248,34.90000005144327]],[[-83.4300000305758,34.90000005144327],[-83.42000003086156,34.90000005144327],[-83.42000003086156,34.87000005230066],[-83.4300000305758,34.87000005230066],[-83.4300000305758,34.90000005144327]],[[-82.95000004429204,34.90000005144327],[-82.9400000445778,34.90000005144327],[-82.9400000445778,34.89000005172907],[-82.95000004429204,34.89000005172907],[-82.95000004429204,34.90000005144327]],[[-82.24000006458066,34.90000005144327],[-82.2300000648664,34.90000005144327],[-82.2300000648664,34.89000005172907],[-82.24000006458066,34.89000005172907],[-82.24000006458066,34.90000005144327]],[[-81.15000009572796,34.90000005144327],[-81.13000009629947,34.90000005144327],[-81.13000009629947,34.89000005172907],[-81.15000009572796,34.89000005172907],[-81.15000009572796,34.90000005144327]],[[-83.47000002943278,34.89000005172907],[-83.44000003029004,34.89000005172907],[-83.44000003029004,34.880000052014864],[-83.45000003000429,34.880000052014864],[-83.45000003000429,34.87000005230066],[-83.44000003029004,34.87000005230066],[-83.44000003029004,34.850000052872254],[-83.46000002971853,34.850000052872254],[-83.46000002971853,34.880000052014864],[-83.47000002943278,34.880000052014864],[-83.47000002943278,34.89000005172907]],[[-83.4100000311473,34.89000005172907],[-83.40000003143307,34.89000005172907],[-83.40000003143307,34.880000052014864],[-83.4100000311473,34.880000052014864],[-83.4100000311473,34.89000005172907]],[[-82.96000004400629,34.89000005172907],[-82.95000004429204,34.89000005172907],[-82.95000004429204,34.880000052014864],[-82.96000004400629,34.880000052014864],[-82.96000004400629,34.89000005172907]],[[-81.11000009687098,34.89000005172907],[-81.10000009715674,34.89000005172907],[-81.10000009715674,34.880000052014864],[-81.11000009687098,34.880000052014864],[-81.11000009687098,34.89000005172907]],[[-83.85000001857408,34.880000052014864],[-83.84000001885984,34.880000052014864],[-83.84000001885984,34.87000005230066],[-83.85000001857408,34.87000005230066],[-83.85000001857408,34.880000052014864]],[[-83.33000003343335,34.880000052014864],[-83.3200000337191,34.880000052014864],[-83.3200000337191,34.87000005230066],[-83.31000003400486,34.87000005230066],[-83.31000003400486,34.850000052872254],[-83.33000003343335,34.850000052872254],[-83.33000003343335,34.880000052014864]],[[-83.84000001885984,34.87000005230066],[-83.83000001914559,34.87000005230066],[-83.83000001914559,34.850000052872254],[-83.86000001828833,34.850000052872254],[-83.86000001828833,34.86000005258646],[-83.84000001885984,34.86000005258646],[-83.84000001885984,34.87000005230066]],[[-83.48000002914702,34.87000005230066],[-83.47000002943278,34.87000005230066],[-83.47000002943278,34.86000005258646],[-83.48000002914702,34.86000005258646],[-83.48000002914702,34.87000005230066]],[[-82.98000004343477,34.86000005258646],[-82.97000004372053,34.86000005258646],[-82.97000004372053,34.84000005315805],[-82.98000004343477,34.84000005315805],[-82.98000004343477,34.86000005258646]],[[-82.31000006258037,34.850000052872254],[-82.30000006286612,34.850000052872254],[-82.30000006286612,34.84000005315805],[-82.31000006258037,34.84000005315805],[-82.31000006258037,34.850000052872254]],[[-82.99000004314902,34.84000005315805],[-82.98000004343477,34.84000005315805],[-82.98000004343477,34.83000005344385],[-82.99000004314902,34.83000005344385],[-82.99000004314902,34.84000005315805]],[[-81.09000009744248,34.82000005372964],[-81.08000009772825,34.82000005372964],[-81.08000009772825,34.81000005401543],[-81.09000009744248,34.81000005401543],[-81.09000009744248,34.82000005372964]]]}},{"id":"264","type":"Feature","properties":{"category":1,"label":"cat 1"},"geometry":{"type":"Polygon","coordinates":[[[-81.4700000865838,36.66000000114319],[-81.4700000865838,36.650000001428985],[-81.46000008686956,36.650000001428985],[-81.46000008686956,36.66000000114319],[-81.4700000865838,36.66000000114319]]]}},{"id":"265","type":"Feature","properties":{"category":1,"label":"cat 1"},"geometry":{"type":"Polygon","coordinates":[[[-81.46000008686956,36.650000001428985],[-81.46000008686956,36.63000000200057],[-81.4500000871553,36.63000000200057],[-81.4500000871553,36.650000001428985],[-81.46000008686956,36.650000001428985]]]}},{"id":"266","type":"Feature","properties":{"category":1,"label":"cat 1"},"geometry":{"type":"Polygon","coordinates":[[[-82.30000006286612,36.62000000228637],[-82.30000006286612,36.610000002572164],[-82.29000006315188,36.610000002572164],[-82.29000006315188,36.62000000228637],[-82.30000006286612,36.62000000228637]]]}},{"id":"267","type":"Feature","properties":{"category":1,"label":"cat 1"},"geometry":{"type":"Polygon","coordinates":[[[-81.48000008629805,36.64000000171478],[-81.48000008629805,36.62000000228637],[-81.4700000865838,36.62000000228637],[-81.4700000865838,36.60000000285796],[-81.46000008686956,36.60000000285796],[-81.46000008686956,36.63000000200057],[-81.4700000865838,36.63000000200057],[-81.4700000865838,36.64000000171478],[-81.48000008629805,36.64000000171478]]]}},{"id":"268","type":"Feature","properties":{"category":1,"label":"cat 1"},"geometry":{"type":"Polygon","coordinates":[[[-81.46000008686956,36.60000000285796],[-81.46000008686956,36.59000000314376],[-81.4500000871553,36.59000000314376],[-81.4500000871553,36.60000000285796],[-81.46000008686956,36.60000000285796]]]}},{"id":"269","type":"Feature","properties":{"category":1,"label":"cat 1"},"geometry":{"type":"Polygon","coordinates":[[[-81.43000008772681,36.60000000285796],[-81.43000008772681,36.59000000314376],[-81.42000008801257,36.59000000314376],[-81.42000008801257,36.60000000285796],[-81.43000008772681,36.60000000285796]]]}},{"id":"270","type":"Feature","properties":{"category":1,"label":"cat 1"},"geometry":{"type":"Polygon","coordinates":[[[-82.30000006286612,36.580000003429554],[-82.30000006286612,36.57000000371535],[-82.29000006315188,36.57000000371535],[-82.29000006315188,36.580000003429554],[-82.30000006286612,36.580000003429554]]]}},{"id":"271","type":"Feature","properties":{"category":1,"label":"cat 1"},"geometry":{"type":"Polygon","coordinates":[[[-81.40000008858408,36.530000004858536],[-81.40000008858408,36.52000000514433],[-81.39000008886984,36.52000000514433],[-81.39000008886984,36.530000004858536],[-81.40000008858408,36.530000004858536]]]}},{"id":"272","type":"Feature","properties":{"category":1,"label":"cat 1"},"geometry":{"type":"Polygon","coordinates":[[[-81.44000008744106,36.51000000543013],[-81.44000008744106,36.50000000571592],[-81.43000008772681,36.50000000571592],[-81.43000008772681,36.51000000543013],[-81.44000008744106,36.51000000543013]]]}},{"id":"273","type":"Feature","properties":{"category":1,"label":"cat 1"},"geometry":{"type":"Polygon","coordinates":[[[-81.41000008829833,36.50000000571592],[-81.41000008829833,36.490000006001715],[-81.40000008858408,36.490000006001715],[-81.40000008858408,36.50000000571592],[-81.41000008829833,36.50000000571592]]]}},{"id":"274","type":"Feature","properties":{"category":1,"label":"cat 1"},"geometry":{"type":"Polygon","coordinates":[[[-81.51000008544078,36.63000000200057],[-81.51000008544078,36.62000000228637],[-81.52000008515502,36.62000000228637],[-81.52000008515502,36.60000000285796],[-81.53000008486927,36.60000000285796],[-81.53000008486927,36.610000002572164],[-81.55000008429775,36.610000002572164],[-81.55000008429775,36.57000000371535],[-81.57000008372624,36.57000000371535],[-81.57000008372624,36.55000000428694],[-81.560000084012,36.55000000428694],[-81.560000084012,36.56000000400115],[-81.55000008429775,36.56000000400115],[-81.55000008429775,36.55000000428694],[-81.54000008458351,36.55000000428694],[-81.54000008458351,36.54000000457274],[-81.55000008429775,36.54000000457274],[-81.55000008429775,36.530000004858536],[-81.54000008458351,36.530000004858536],[-81.54000008458351,36.52000000514433],[-81.52000008515502,36.52000000514433],[-81.52000008515502,36.50000000571592],[-81.51000008544078,36.50000000571592],[-81.51000008544078,36.490000006001715],[-81.50000008572653,36.490000006001715],[-81.50000008572653,36.50000000571592],[-81.49000008601229,36.50000000571592],[-81.49000008601229,36.490000006001715],[-81.48000008629805,36.490000006001715],[-81.48000008629805,36.48000000628751],[-81.4700000865838,36.48000000628751],[-81.4700000865838,36.490000006001715],[-81.4500000871553,36.490000006001715],[-81.4500000871553,36.51000000543013],[-81.44000008744106,36.51000000543013],[-81.44000008744106,36.52000000514433],[-81.42000008801257,36.52000000514433],[-81.42000008801257,36.54000000457274],[-81.41000008829833,36.54000000457274],[-81.41000008829833,36.530000004858536],[-81.40000008858408,36.530000004858536],[-81.40000008858408,36.55000000428694],[-81.42000008801257,36.55000000428694],[-81.42000008801257,36.57000000371535],[-81.43000008772681,36.57000000371535],[-81.43000008772681,36.580000003429554],[-81.44000008744106,36.580000003429554],[-81.44000008744106,36.59000000314376],[-81.4500000871553,36.59000000314376],[-81.4500000871553,36.57000000371535],[-81.44000008744106,36.57000000371535],[-81.44000008744106,36.56000000400115],[-81.4700000865838,36.56000000400115],[-81.4700000865838,36.57000000371535],[-81.46000008686956,36.57000000371535],[-81.46000008686956,36.580000003429554],[-81.4700000865838,36.580000003429554],[-81.4700000865838,36.60000000285796],[-81.49000008601229,36.60000000285796],[-81.49000008601229,36.610000002572164],[-81.48000008629805,36.610000002572164],[-81.48000008629805,36.62000000228637],[-81.49000008601229,36.62000000228637],[-81.49000008601229,36.63000000200057],[-81.51000008544078,36.63000000200057]],[[-81.50000008572653,36.56000000400115],[-81.4700000865838,36.56000000400115],[-81.4700000865838,36.55000000428694],[-81.48000008629805,36.55000000428694],[-81.48000008629805,36.54000000457274],[-81.49000008601229,36.54000000457274],[-81.49000008601229,36.55000000428694],[-81.50000008572653,36.55000000428694],[-81.50000008572653,36.56000000400115]],[[-81.46000008686956,36.55000000428694],[-81.4500000871553,36.55000000428694],[-81.4500000871553,36.54000000457274],[-81.46000008686956,36.54000000457274],[-81.46000008686956,36.55000000428694]],[[-81.49000008601229,36.530000004858536],[-81.48000008629805,36.530000004858536],[-81.48000008629805,36.52000000514433],[-81.49000008601229,36.52000000514433],[-81.49000008601229,36.530000004858536]],[[-81.49000008601229,36.51000000543013],[-81.48000008629805,36.51000000543013],[-81.48000008629805,36.50000000571592],[-81.49000008601229,36.50000000571592],[-81.49000008601229,36.51000000543013]]]}},{"id":"275","type":"Feature","properties":{"category":1,"label":"cat 1"},"geometry":{"type":"Polygon","coordinates":[[[-81.38000008915559,36.490000006001715],[-81.38000008915559,36.48000000628751],[-81.37000008944135,36.48000000628751],[-81.37000008944135,36.490000006001715],[-81.38000008915559,36.490000006001715]]]}},{"id":"276","type":"Feature","properties":{"category":1,"label":"cat 1"},"geometry":{"type":"Polygon","coordinates":[[[-82.540000056008,36.47000000657331],[-82.540000056008,36.460000006859104],[-82.53000005629376,36.460000006859104],[-82.53000005629376,36.47000000657331],[-82.540000056008,36.47000000657331]]]}},{"id":"277","type":"Feature","properties":{"category":1,"label":"cat 1"},"geometry":{"type":"Polygon","coordinates":[[[-81.49000008601229,36.48000000628751],[-81.49000008601229,36.47000000657331],[-81.50000008572653,36.47000000657331],[-81.50000008572653,36.4500000071449],[-81.49000008601229,36.4500000071449],[-81.49000008601229,36.4400000074307],[-81.48000008629805,36.4400000074307],[-81.48000008629805,36.4500000071449],[-81.4700000865838,36.4500000071449],[-81.4700000865838,36.460000006859104],[-81.48000008629805,36.460000006859104],[-81.48000008629805,36.48000000628751],[-81.49000008601229,36.48000000628751]]]}},{"id":"278","type":"Feature","properties":{"category":1,"label":"cat 1"},"geometry":{"type":"Polygon","coordinates":[[[-81.54000008458351,36.4500000071449],[-81.54000008458351,36.4400000074307],[-81.53000008486927,36.4400000074307],[-81.53000008486927,36.4500000071449],[-81.54000008458351,36.4500000071449]]]}},{"id":"279","type":"Feature","properties":{"category":1,"label":"cat 1"},"geometry":{"type":"Polygon","coordinates":[[[-82.59000005457922,36.430000007716494],[-82.59000005457922,36.42000000800229],[-82.58000005486498,36.42000000800229],[-82.58000005486498,36.430000007716494],[-82.59000005457922,36.430000007716494]]]}},{"id":"280","type":"Feature","properties":{"category":1,"label":"cat 1"},"geometry":{"type":"Polygon","coordinates":[[[-81.52000008515502,36.42000000800229],[-81.52000008515502,36.41000000828809],[-81.51000008544078,36.41000000828809],[-81.51000008544078,36.42000000800229],[-81.52000008515502,36.42000000800229]]]}},{"id":"281","type":"Feature","properties":{"category":1,"label":"cat 1"},"geometry":{"type":"Polygon","coordinates":[[[-81.50000008572653,36.430000007716494],[-81.50000008572653,36.41000000828809],[-81.51000008544078,36.41000000828809],[-81.51000008544078,36.40000000857388],[-81.49000008601229,36.40000000857388],[-81.49000008601229,36.41000000828809],[-81.48000008629805,36.41000000828809],[-81.48000008629805,36.42000000800229],[-81.49000008601229,36.42000000800229],[-81.49000008601229,36.430000007716494],[-81.50000008572653,36.430000007716494]]]}},{"id":"282","type":"Feature","properties":{"category":1,"label":"cat 1"},"geometry":{"type":"Polygon","coordinates":[[[-82.55000005572225,36.40000000857388],[-82.55000005572225,36.39000000885968],[-82.540000056008,36.39000000885968],[-82.540000056008,36.40000000857388],[-82.55000005572225,36.40000000857388]]]}},{"id":"283","type":"Feature","properties":{"category":1,"label":"cat 1"},"geometry":{"type":"Polygon","coordinates":[[[-81.40000008858408,36.40000000857388],[-81.40000008858408,36.39000000885968],[-81.39000008886984,36.39000000885968],[-81.39000008886984,36.40000000857388],[-81.40000008858408,36.40000000857388]]]}},{"id":"284","type":"Feature","properties":{"category":1,"label":"cat 1"},"geometry":{"type":"Polygon","coordinates":[[[-82.64000005315044,36.39000000885968],[-82.64000005315044,36.380000009145476],[-82.6300000534362,36.380000009145476],[-82.6300000534362,36.39000000885968],[-82.64000005315044,36.39000000885968]]]}},{"id":"285","type":"Feature","properties":{"category":1,"label":"cat 1"},"geometry":{"type":"Polygon","coordinates":[[[-81.57000008372624,36.39000000885968],[-81.57000008372624,36.380000009145476],[-81.560000084012,36.380000009145476],[-81.560000084012,36.39000000885968],[-81.57000008372624,36.39000000885968]]]}},{"id":"286","type":"Feature","properties":{"category":1,"label":"cat 1"},"geometry":{"type":"Polygon","coordinates":[[[-82.67000005229319,36.380000009145476],[-82.67000005229319,36.370000009431266],[-82.66000005257894,36.370000009431266],[-82.66000005257894,36.380000009145476],[-82.67000005229319,36.380000009145476]]]}},{"id":"287","type":"Feature","properties":{"category":1,"label":"cat 1"},"geometry":{"type":"Polygon","coordinates":[[[-81.5800000834405,36.380000009145476],[-81.5800000834405,36.370000009431266],[-81.57000008372624,36.370000009431266],[-81.57000008372624,36.380000009145476],[-81.5800000834405,36.380000009145476]]]}},{"id":"288","type":"Feature","properties":{"category":1,"label":"cat 1"},"geometry":{"type":"Polygon","coordinates":[[[-81.54000008458351,36.36000000971706],[-81.54000008458351,36.35000001000286],[-81.52000008515502,36.35000001000286],[-81.52000008515502,36.36000000971706],[-81.54000008458351,36.36000000971706]]]}},{"id":"289","type":"Feature","properties":{"category":1,"label":"cat 1"},"geometry":{"type":"Polygon","coordinates":[[[-81.42000008801257,36.380000009145476],[-81.42000008801257,36.370000009431266],[-81.41000008829833,36.370000009431266],[-81.41000008829833,36.36000000971706],[-81.40000008858408,36.36000000971706],[-81.40000008858408,36.35000001000286],[-81.39000008886984,36.35000001000286],[-81.39000008886984,36.340000010288655],[-81.38000008915559,36.340000010288655],[-81.38000008915559,36.36000000971706],[-81.39000008886984,36.36000000971706],[-81.39000008886984,36.370000009431266],[-81.40000008858408,36.370000009431266],[-81.40000008858408,36.380000009145476],[-81.42000008801257,36.380000009145476]]]}},{"id":"290","type":"Feature","properties":{"category":1,"label":"cat 1"},"geometry":{"type":"Polygon","coordinates":[[[-81.38000008915559,36.340000010288655],[-81.38000008915559,36.33000001057445],[-81.37000008944135,36.33000001057445],[-81.37000008944135,36.340000010288655],[-81.38000008915559,36.340000010288655]]]}},{"id":"291","type":"Feature","properties":{"category":1,"label":"cat 1"},"geometry":{"type":"Polygon","coordinates":[[[-83.26000003543363,36.27000001228923],[-83.26000003543363,36.26000001257503],[-83.25000003571938,36.26000001257503],[-83.25000003571938,36.27000001228923],[-83.26000003543363,36.27000001228923]]]}},{"id":"292","type":"Feature","properties":{"category":1,"label":"cat 1"},"geometry":{"type":"Polygon","coordinates":[[[-83.36000003257608,36.23000001343241],[-83.36000003257608,36.220000013718206],[-83.35000003286184,36.220000013718206],[-83.35000003286184,36.23000001343241],[-83.36000003257608,36.23000001343241]]]}},{"id":"293","type":"Feature","properties":{"category":1,"label":"cat 1"},"geometry":{"type":"Polygon","coordinates":[[[-83.33000003343335,36.23000001343241],[-83.33000003343335,36.220000013718206],[-83.3200000337191,36.220000013718206],[-83.3200000337191,36.23000001343241],[-83.33000003343335,36.23000001343241]]]}},{"id":"294","type":"Feature","properties":{"category":1,"label":"cat 1"},"geometry":{"type":"Polygon","coordinates":[[[-83.35000003286184,36.220000013718206],[-83.35000003286184,36.210000014004],[-83.34000003314759,36.210000014004],[-83.34000003314759,36.220000013718206],[-83.35000003286184,36.220000013718206]]]}},{"id":"295","type":"Feature","properties":{"category":1,"label":"cat 1"},"geometry":{"type":"Polygon","coordinates":[[[-83.36000003257608,36.210000014004],[-83.36000003257608,36.2000000142898],[-83.35000003286184,36.2000000142898],[-83.35000003286184,36.210000014004],[-83.36000003257608,36.210000014004]]]}},{"id":"296","type":"Feature","properties":{"category":1,"label":"cat 1"},"geometry":{"type":"Polygon","coordinates":[[[-83.40000003143307,36.210000014004],[-83.40000003143307,36.2000000142898],[-83.39000003171881,36.2000000142898],[-83.39000003171881,36.190000014575595],[-83.38000003200457,36.190000014575595],[-83.38000003200457,36.210000014004],[-83.40000003143307,36.210000014004]]]}},{"id":"297","type":"Feature","properties":{"category":1,"label":"cat 1"},"geometry":{"type":"Polygon","coordinates":[[[-83.45000003000429,36.2000000142898],[-83.45000003000429,36.190000014575595],[-83.4300000305758,36.190000014575595],[-83.4300000305758,36.2000000142898],[-83.45000003000429,36.2000000142898]]]}},{"id":"298","type":"Feature","properties":{"category":1,"label":"cat 1"},"geometry":{"type":"Polygon","coordinates":[[[-83.47000002943278,36.2000000142898],[-83.47000002943278,36.18000001486139],[-83.45000003000429,36.18000001486139],[-83.45000003000429,36.190000014575595],[-83.46000002971853,36.190000014575595],[-83.46000002971853,36.2000000142898],[-83.47000002943278,36.2000000142898]]]}},{"id":"299","type":"Feature","properties":{"category":1,"label":"cat 1"},"geometry":{"type":"Polygon","coordinates":[[[-82.17000006658094,36.190000014575595],[-82.17000006658094,36.18000001486139],[-82.1600000668667,36.18000001486139],[-82.1600000668667,36.190000014575595],[-82.17000006658094,36.190000014575595]]]}},{"id":"300","type":"Feature","properties":{"category":1,"label":"cat 1"},"geometry":{"type":"Polygon","coordinates":[[[-82.17000006658094,36.15000001571878],[-82.17000006658094,36.14000001600458],[-82.1600000668667,36.14000001600458],[-82.1600000668667,36.15000001571878],[-82.17000006658094,36.15000001571878]]]}},{"id":"301","type":"Feature","properties":{"category":1,"label":"cat 1"},"geometry":{"type":"Polygon","coordinates":[[[-82.02000007086727,36.15000001571878],[-82.02000007086727,36.14000001600458],[-82.01000007115302,36.14000001600458],[-82.01000007115302,36.15000001571878],[-82.02000007086727,36.15000001571878]]]}},{"id":"302","type":"Feature","properties":{"category":1,"label":"cat 1"},"geometry":{"type":"Polygon","coordinates":[[[-81.96000007258179,36.12000001657617],[-81.96000007258179,36.11000001686196],[-81.95000007286755,36.11000001686196],[-81.95000007286755,36.12000001657617],[-81.96000007258179,36.12000001657617]]]}},{"id":"303","type":"Feature","properties":{"category":1,"label":"cat 1"},"geometry":{"type":"Polygon","coordinates":[[[-81.7600000782969,36.12000001657617],[-81.7600000782969,36.11000001686196],[-81.75000007858266,36.11000001686196],[-81.75000007858266,36.12000001657617],[-81.7600000782969,36.12000001657617]]]}},{"id":"304","type":"Feature","properties":{"category":1,"label":"cat 1"},"geometry":{"type":"Polygon","coordinates":[[[-82.11000006829548,36.11000001686196],[-82.11000006829548,36.10000001714776],[-82.10000006858122,36.10000001714776],[-82.10000006858122,36.11000001686196],[-82.11000006829548,36.11000001686196]]]}},{"id":"305","type":"Feature","properties":{"category":1,"label":"cat 1"},"geometry":{"type":"Polygon","coordinates":[[[-82.07000006943849,36.11000001686196],[-82.07000006943849,36.10000001714776],[-82.06000006972424,36.10000001714776],[-82.06000006972424,36.11000001686196],[-82.07000006943849,36.11000001686196]]]}},{"id":"306","type":"Feature","properties":{"category":1,"label":"cat 1"},"geometry":{"type":"Polygon","coordinates":[[[-82.15000006715245,36.12000001657617],[-82.15000006715245,36.11000001686196],[-82.1600000668667,36.11000001686196],[-82.1600000668667,36.09000001743355],[-82.14000006743821,36.09000001743355],[-82.14000006743821,36.10000001714776],[-82.12000006800972,36.10000001714776],[-82.12000006800972,36.11000001686196],[-82.14000006743821,36.11000001686196],[-82.14000006743821,36.12000001657617],[-82.15000006715245,36.12000001657617]]]}},{"id":"307","type":"Feature","properties":{"category":1,"label":"cat 1"},"geometry":{"type":"Polygon","coordinates":[[[-82.19000006600943,36.08000001771935],[-82.19000006600943,36.06000001829094],[-82.18000006629518,36.06000001829094],[-82.18000006629518,36.08000001771935],[-82.19000006600943,36.08000001771935]]]}},{"id":"308","type":"Feature","properties":{"category":1,"label":"cat 1"},"geometry":{"type":"Polygon","coordinates":[[[-81.96000007258179,36.08000001771935],[-81.96000007258179,36.06000001829094],[-81.95000007286755,36.06000001829094],[-81.95000007286755,36.070000018005146],[-81.9400000731533,36.070000018005146],[-81.9400000731533,36.08000001771935],[-81.96000007258179,36.08000001771935]]]}},{"id":"309","type":"Feature","properties":{"category":1,"label":"cat 1"},"geometry":{"type":"Polygon","coordinates":[[[-82.00000007143878,36.010000019719925],[-82.00000007143878,36.00000002000572],[-81.99000007172454,36.00000002000572],[-81.99000007172454,36.010000019719925],[-82.00000007143878,36.010000019719925]]]}},{"id":"310","type":"Feature","properties":{"category":1,"label":"cat 1"},"geometry":{"type":"Polygon","coordinates":[[[-82.59000005457922,36.00000002000572],[-82.59000005457922,35.99000002029152],[-82.58000005486498,35.99000002029152],[-82.58000005486498,36.00000002000572],[-82.59000005457922,36.00000002000572]]]}},{"id":"311","type":"Feature","properties":{"category":1,"label":"cat 1"},"geometry":{"type":"Polygon","coordinates":[[[-82.56000005543649,36.00000002000572],[-82.56000005543649,35.99000002029152],[-82.55000005572225,35.99000002029152],[-82.55000005572225,36.00000002000572],[-82.56000005543649,36.00000002000572]]]}},{"id":"312","type":"Feature","properties":{"category":1,"label":"cat 1"},"geometry":{"type":"Polygon","coordinates":[[[-82.49000005743677,35.99000002029152],[-82.49000005743677,35.98000002057731],[-82.47000005800828,35.98000002057731],[-82.47000005800828,35.99000002029152],[-82.49000005743677,35.99000002029152]]]}},{"id":"313","type":"Feature","properties":{"category":1,"label":"cat 1"},"geometry":{"type":"Polygon","coordinates":[[[-82.51000005686527,35.98000002057731],[-82.51000005686527,35.9600000211489],[-82.50000005715103,35.9600000211489],[-82.50000005715103,35.98000002057731],[-82.51000005686527,35.98000002057731]]]}},{"id":"314","type":"Feature","properties":{"category":1,"label":"cat 1"},"geometry":{"type":"Polygon","coordinates":[[[-82.53000005629376,35.970000020863104],[-82.53000005629376,35.9600000211489],[-82.5200000565795,35.9600000211489],[-82.5200000565795,35.970000020863104],[-82.53000005629376,35.970000020863104]]]}},{"id":"315","type":"Feature","properties":{"category":1,"label":"cat 1"},"geometry":{"type":"Polygon","coordinates":[[[-84.2100000082869,35.9600000211489],[-84.2100000082869,35.9500000214347],[-84.20000000857266,35.9500000214347],[-84.20000000857266,35.9600000211489],[-84.2100000082869,35.9600000211489]]]}},{"id":"316","type":"Feature","properties":{"category":1,"label":"cat 1"},"geometry":{"type":"Polygon","coordinates":[[[-84.17000000942991,35.94000002172049],[-84.17000000942991,35.920000022292086],[-84.16000000971567,35.920000022292086],[-84.16000000971567,35.91000002257788],[-84.15000001000143,35.91000002257788],[-84.15000001000143,35.920000022292086],[-84.14000001028718,35.920000022292086],[-84.14000001028718,35.93000002200629],[-84.16000000971567,35.93000002200629],[-84.16000000971567,35.94000002172049],[-84.17000000942991,35.94000002172049]]]}},{"id":"317","type":"Feature","properties":{"category":1,"label":"cat 1"},"geometry":{"type":"Polygon","coordinates":[[[-84.20000000857266,35.920000022292086],[-84.20000000857266,35.91000002257788],[-84.1900000088584,35.91000002257788],[-84.1900000088584,35.920000022292086],[-84.20000000857266,35.920000022292086]]]}},{"id":"318","type":"Feature","properties":{"category":1,"label":"cat 1"},"geometry":{"type":"Polygon","coordinates":[[[-84.18000000914417,35.920000022292086],[-84.18000000914417,35.91000002257788],[-84.17000000942991,35.91000002257788],[-84.17000000942991,35.920000022292086],[-84.18000000914417,35.920000022292086]]]}},{"id":"319","type":"Feature","properties":{"category":1,"label":"cat 1"},"geometry":{"type":"Polygon","coordinates":[[[-84.10000001143021,35.920000022292086],[-84.10000001143021,35.91000002257788],[-84.09000001171596,35.91000002257788],[-84.09000001171596,35.920000022292086],[-84.10000001143021,35.920000022292086]]]}},{"id":"320","type":"Feature","properties":{"category":1,"label":"cat 1"},"geometry":{"type":"Polygon","coordinates":[[[-82.540000056008,35.920000022292086],[-82.540000056008,35.91000002257788],[-82.53000005629376,35.91000002257788],[-82.53000005629376,35.920000022292086],[-82.540000056008,35.920000022292086]]]}},{"id":"321","type":"Feature","properties":{"category":1,"label":"cat 1"},"geometry":{"type":"Polygon","coordinates":[[[-84.13000001057294,35.93000002200629],[-84.13000001057294,35.90000002286368],[-84.12000001085869,35.90000002286368],[-84.12000001085869,35.93000002200629],[-84.13000001057294,35.93000002200629]]]}},{"id":"322","type":"Feature","properties":{"category":1,"label":"cat 1"},"geometry":{"type":"Polygon","coordinates":[[[-84.31000000542934,35.91000002257788],[-84.31000000542934,35.90000002286368],[-84.3000000057151,35.90000002286368],[-84.3000000057151,35.91000002257788],[-84.31000000542934,35.91000002257788]]]}},{"id":"323","type":"Feature","properties":{"category":1,"label":"cat 1"},"geometry":{"type":"Polygon","coordinates":[[[-83.33000003343335,35.91000002257788],[-83.33000003343335,35.90000002286368],[-83.3200000337191,35.90000002286368],[-83.3200000337191,35.91000002257788],[-83.33000003343335,35.91000002257788]]]}},{"id":"324","type":"Feature","properties":{"category":1,"label":"cat 1"},"geometry":{"type":"Polygon","coordinates":[[[-82.59000005457922,35.91000002257788],[-82.59000005457922,35.90000002286368],[-82.58000005486498,35.90000002286368],[-82.58000005486498,35.91000002257788],[-82.59000005457922,35.91000002257788]]]}},{"id":"325","type":"Feature","properties":{"category":1,"label":"cat 1"},"geometry":{"type":"Polygon","coordinates":[[[-82.60000005429347,35.90000002286368],[-82.60000005429347,35.890000023149476],[-82.59000005457922,35.890000023149476],[-82.59000005457922,35.90000002286368],[-82.60000005429347,35.90000002286368]]]}},{"id":"326","type":"Feature","properties":{"category":1,"label":"cat 1"},"geometry":{"type":"Polygon","coordinates":[[[-82.48000005772253,35.90000002286368],[-82.48000005772253,35.890000023149476],[-82.47000005800828,35.890000023149476],[-82.47000005800828,35.90000002286368],[-82.48000005772253,35.90000002286368]]]}},{"id":"327","type":"Feature","properties":{"category":1,"label":"cat 1"},"geometry":{"type":"Polygon","coordinates":[[[-84.27000000657237,35.90000002286368],[-84.27000000657237,35.890000023149476],[-84.26000000685812,35.890000023149476],[-84.26000000685812,35.88000002343527],[-84.25000000714388,35.88000002343527],[-84.25000000714388,35.90000002286368],[-84.27000000657237,35.90000002286368]]]}},{"id":"328","type":"Feature","properties":{"category":1,"label":"cat 1"},"geometry":{"type":"Polygon","coordinates":[[[-83.34000003314759,35.890000023149476],[-83.34000003314759,35.88000002343527],[-83.33000003343335,35.88000002343527],[-83.33000003343335,35.87000002372107],[-83.3200000337191,35.87000002372107],[-83.3200000337191,35.890000023149476],[-83.34000003314759,35.890000023149476]]]}},{"id":"329","type":"Feature","properties":{"category":1,"label":"cat 1"},"geometry":{"type":"Polygon","coordinates":[[[-84.36000000400057,35.88000002343527],[-84.36000000400057,35.87000002372107],[-84.35000000428633,35.87000002372107],[-84.35000000428633,35.88000002343527],[-84.36000000400057,35.88000002343527]]]}},{"id":"330","type":"Feature","properties":{"category":1,"label":"cat 1"},"geometry":{"type":"Polygon","coordinates":[[[-83.97000001514502,35.88000002343527],[-83.97000001514502,35.87000002372107],[-83.96000001543078,35.87000002372107],[-83.96000001543078,35.88000002343527],[-83.97000001514502,35.88000002343527]]]}},{"id":"331","type":"Feature","properties":{"category":1,"label":"cat 1"},"geometry":{"type":"Polygon","coordinates":[[[-84.14000001028718,35.87000002372107],[-84.14000001028718,35.860000024006865],[-84.13000001057294,35.860000024006865],[-84.13000001057294,35.87000002372107],[-84.14000001028718,35.87000002372107]]]}},{"id":"332","type":"Feature","properties":{"category":1,"label":"cat 1"},"geometry":{"type":"Polygon","coordinates":[[[-84.06000001257323,35.87000002372107],[-84.06000001257323,35.860000024006865],[-84.05000001285897,35.860000024006865],[-84.05000001285897,35.87000002372107],[-84.06000001257323,35.87000002372107]]]}},{"id":"333","type":"Feature","properties":{"category":1,"label":"cat 1"},"geometry":{"type":"Polygon","coordinates":[[[-83.95000001571653,35.87000002372107],[-83.95000001571653,35.860000024006865],[-83.93000001628805,35.860000024006865],[-83.93000001628805,35.87000002372107],[-83.95000001571653,35.87000002372107]]]}},{"id":"334","type":"Feature","properties":{"category":1,"label":"cat 1"},"geometry":{"type":"Polygon","coordinates":[[[-83.86000001828833,35.87000002372107],[-83.86000001828833,35.860000024006865],[-83.85000001857408,35.860000024006865],[-83.85000001857408,35.87000002372107],[-83.86000001828833,35.87000002372107]]]}},{"id":"335","type":"Feature","properties":{"category":1,"label":"cat 1"},"geometry":{"type":"Polygon","coordinates":[[[-83.3200000337191,35.87000002372107],[-83.3200000337191,35.860000024006865],[-83.31000003400486,35.860000024006865],[-83.31000003400486,35.87000002372107],[-83.3200000337191,35.87000002372107]]]}},{"id":"336","type":"Feature","properties":{"category":1,"label":"cat 1"},"geometry":{"type":"Polygon","coordinates":[[[-84.3200000051436,35.860000024006865],[-84.3200000051436,35.850000024292655],[-84.31000000542934,35.850000024292655],[-84.31000000542934,35.860000024006865],[-84.3200000051436,35.860000024006865]]]}},{"id":"337","type":"Feature","properties":{"category":1,"label":"cat 1"},"geometry":{"type":"Polygon","coordinates":[[[-84.16000000971567,35.860000024006865],[-84.16000000971567,35.850000024292655],[-84.15000001000143,35.850000024292655],[-84.15000001000143,35.860000024006865],[-84.16000000971567,35.860000024006865]]]}},{"id":"338","type":"Feature","properties":{"category":1,"label":"cat 1"},"geometry":{"type":"Polygon","coordinates":[[[-84.05000001285897,35.860000024006865],[-84.05000001285897,35.850000024292655],[-84.04000001314473,35.850000024292655],[-84.04000001314473,35.860000024006865],[-84.05000001285897,35.860000024006865]]]}},{"id":"339","type":"Feature","properties":{"category":1,"label":"cat 1"},"geometry":{"type":"Polygon","coordinates":[[[-84.010000014002,35.860000024006865],[-84.010000014002,35.850000024292655],[-84.00000001428775,35.850000024292655],[-84.00000001428775,35.860000024006865],[-84.010000014002,35.860000024006865]]]}},{"id":"340","type":"Feature","properties":{"category":1,"label":"cat 1"},"geometry":{"type":"Polygon","coordinates":[[[-83.98000001485927,35.860000024006865],[-83.98000001485927,35.850000024292655],[-83.96000001543078,35.850000024292655],[-83.96000001543078,35.860000024006865],[-83.98000001485927,35.860000024006865]]]}},{"id":"341","type":"Feature","properties":{"category":1,"label":"cat 1"},"geometry":{"type":"Polygon","coordinates":[[[-82.53000005629376,35.94000002172049],[-82.53000005629376,35.920000022292086],[-82.5200000565795,35.920000022292086],[-82.5200000565795,35.90000002286368],[-82.540000056008,35.90000002286368],[-82.540000056008,35.890000023149476],[-82.5200000565795,35.890000023149476],[-82.5200000565795,35.88000002343527],[-82.51000005686527,35.88000002343527],[-82.51000005686527,35.87000002372107],[-82.50000005715103,35.87000002372107],[-82.50000005715103,35.88000002343527],[-82.49000005743677,35.88000002343527],[-82.49000005743677,35.860000024006865],[-82.50000005715103,35.860000024006865],[-82.50000005715103,35.850000024292655],[-82.48000005772253,35.850000024292655],[-82.48000005772253,35.860000024006865],[-82.47000005800828,35.860000024006865],[-82.47000005800828,35.850000024292655],[-82.46000005829404,35.850000024292655],[-82.46000005829404,35.88000002343527],[-82.47000005800828,35.88000002343527],[-82.47000005800828,35.87000002372107],[-82.48000005772253,35.87000002372107],[-82.48000005772253,35.890000023149476],[-82.49000005743677,35.890000023149476],[-82.49000005743677,35.90000002286368],[-82.48000005772253,35.90000002286368],[-82.48000005772253,35.93000002200629],[-82.5200000565795,35.93000002200629],[-82.5200000565795,35.94000002172049],[-82.53000005629376,35.94000002172049]],[[-82.51000005686527,35.91000002257788],[-82.50000005715103,35.91000002257788],[-82.50000005715103,35.90000002286368],[-82.51000005686527,35.90000002286368],[-82.51000005686527,35.91000002257788]]]}},{"id":"342","type":"Feature","properties":{"category":1,"label":"cat 1"},"geometry":{"type":"Polygon","coordinates":[[[-84.11000001114445,35.860000024006865],[-84.11000001114445,35.84000002457845],[-84.10000001143021,35.84000002457845],[-84.10000001143021,35.860000024006865],[-84.11000001114445,35.860000024006865]]]}},{"id":"343","type":"Feature","properties":{"category":1,"label":"cat 1"},"geometry":{"type":"Polygon","coordinates":[[[-84.14000001028718,35.850000024292655],[-84.14000001028718,35.84000002457845],[-84.13000001057294,35.84000002457845],[-84.13000001057294,35.850000024292655],[-84.14000001028718,35.850000024292655]]]}},{"id":"344","type":"Feature","properties":{"category":1,"label":"cat 1"},"geometry":{"type":"Polygon","coordinates":[[[-84.06000001257323,35.850000024292655],[-84.06000001257323,35.84000002457845],[-84.05000001285897,35.84000002457845],[-84.05000001285897,35.850000024292655],[-84.06000001257323,35.850000024292655]]]}},{"id":"345","type":"Feature","properties":{"category":1,"label":"cat 1"},"geometry":{"type":"Polygon","coordinates":[[[-83.85000001857408,35.850000024292655],[-83.85000001857408,35.84000002457845],[-83.84000001885984,35.84000002457845],[-83.84000001885984,35.850000024292655],[-83.85000001857408,35.850000024292655]]]}},{"id":"346","type":"Feature","properties":{"category":1,"label":"cat 1"},"geometry":{"type":"Polygon","coordinates":[[[-82.92000004514931,35.850000024292655],[-82.92000004514931,35.84000002457845],[-82.91000004543505,35.84000002457845],[-82.91000004543505,35.850000024292655],[-82.92000004514931,35.850000024292655]]]}},{"id":"347","type":"Feature","properties":{"category":1,"label":"cat 1"},"geometry":{"type":"Polygon","coordinates":[[[-83.78000002057436,35.850000024292655],[-83.78000002057436,35.83000002486425],[-83.77000002086012,35.83000002486425],[-83.77000002086012,35.84000002457845],[-83.76000002114588,35.84000002457845],[-83.76000002114588,35.850000024292655],[-83.78000002057436,35.850000024292655]]]}},{"id":"348","type":"Feature","properties":{"category":1,"label":"cat 1"},"geometry":{"type":"Polygon","coordinates":[[[-84.13000001057294,35.84000002457845],[-84.13000001057294,35.83000002486425],[-84.12000001085869,35.83000002486425],[-84.12000001085869,35.84000002457845],[-84.13000001057294,35.84000002457845]]]}},{"id":"349","type":"Feature","properties":{"category":1,"label":"cat 1"},"geometry":{"type":"Polygon","coordinates":[[[-83.96000001543078,35.84000002457845],[-83.96000001543078,35.83000002486425],[-83.95000001571653,35.83000002486425],[-83.95000001571653,35.84000002457845],[-83.96000001543078,35.84000002457845]]]}},{"id":"350","type":"Feature","properties":{"category":1,"label":"cat 1"},"geometry":{"type":"Polygon","coordinates":[[[-83.81000001971711,35.84000002457845],[-83.81000001971711,35.820000025150044],[-83.80000002000286,35.820000025150044],[-83.80000002000286,35.83000002486425],[-83.79000002028862,35.83000002486425],[-83.79000002028862,35.84000002457845],[-83.81000001971711,35.84000002457845]]]}},{"id":"351","type":"Feature","properties":{"category":1,"label":"cat 1"},"geometry":{"type":"Polygon","coordinates":[[[-83.87000001800257,35.83000002486425],[-83.87000001800257,35.820000025150044],[-83.86000001828833,35.820000025150044],[-83.86000001828833,35.83000002486425],[-83.87000001800257,35.83000002486425]]]}},{"id":"352","type":"Feature","properties":{"category":1,"label":"cat 1"},"geometry":{"type":"Polygon","coordinates":[[[-83.73000002200314,35.83000002486425],[-83.73000002200314,35.820000025150044],[-83.7200000222889,35.820000025150044],[-83.7200000222889,35.83000002486425],[-83.73000002200314,35.83000002486425]]]}},{"id":"353","type":"Feature","properties":{"category":1,"label":"cat 1"},"geometry":{"type":"Polygon","coordinates":[[[-82.98000004343477,35.84000002457845],[-82.98000004343477,35.83000002486425],[-83.00000004286326,35.83000002486425],[-83.00000004286326,35.820000025150044],[-82.97000004372053,35.820000025150044],[-82.97000004372053,35.84000002457845],[-82.98000004343477,35.84000002457845]]]}},{"id":"354","type":"Feature","properties":{"category":1,"label":"cat 1"},"geometry":{"type":"Polygon","coordinates":[[[-83.2300000362909,35.820000025150044],[-83.2300000362909,35.81000002543584],[-83.22000003657665,35.81000002543584],[-83.22000003657665,35.820000025150044],[-83.2300000362909,35.820000025150044]]]}},{"id":"355","type":"Feature","properties":{"category":1,"label":"cat 1"},"geometry":{"type":"Polygon","coordinates":[[[-83.70000002286041,35.81000002543584],[-83.70000002286041,35.80000002572164],[-83.69000002314617,35.80000002572164],[-83.69000002314617,35.81000002543584],[-83.70000002286041,35.81000002543584]]]}},{"id":"356","type":"Feature","properties":{"category":1,"label":"cat 1"},"geometry":{"type":"Polygon","coordinates":[[[-82.4500000585798,35.81000002543584],[-82.4500000585798,35.80000002572164],[-82.44000005886555,35.80000002572164],[-82.44000005886555,35.81000002543584],[-82.4500000585798,35.81000002543584]]]}},{"id":"357","type":"Feature","properties":{"category":1,"label":"cat 1"},"geometry":{"type":"Polygon","coordinates":[[[-82.75000005000715,35.80000002572164],[-82.75000005000715,35.790000026007434],[-82.74000005029289,35.790000026007434],[-82.74000005029289,35.80000002572164],[-82.75000005000715,35.80000002572164]]]}},{"id":"358","type":"Feature","properties":{"category":1,"label":"cat 1"},"geometry":{"type":"Polygon","coordinates":[[[-82.72000005086441,35.80000002572164],[-82.72000005086441,35.790000026007434],[-82.69000005172167,35.790000026007434],[-82.69000005172167,35.80000002572164],[-82.72000005086441,35.80000002572164]]]}},{"id":"359","type":"Feature","properties":{"category":1,"label":"cat 1"},"geometry":{"type":"Polygon","coordinates":[[[-82.24000006458066,35.80000002572164],[-82.24000006458066,35.790000026007434],[-82.2300000648664,35.790000026007434],[-82.2300000648664,35.80000002572164],[-82.24000006458066,35.80000002572164]]]}},{"id":"360","type":"Feature","properties":{"category":1,"label":"cat 1"},"geometry":{"type":"Polygon","coordinates":[[[-83.80000002000286,35.80000002572164],[-83.80000002000286,35.78000002629323],[-83.79000002028862,35.78000002629323],[-83.79000002028862,35.80000002572164],[-83.80000002000286,35.80000002572164]]]}},{"id":"361","type":"Feature","properties":{"category":1,"label":"cat 1"},"geometry":{"type":"Polygon","coordinates":[[[-83.70000002286041,35.790000026007434],[-83.70000002286041,35.78000002629323],[-83.69000002314617,35.78000002629323],[-83.69000002314617,35.790000026007434],[-83.70000002286041,35.790000026007434]]]}},{"id":"362","type":"Feature","properties":{"category":1,"label":"cat 1"},"geometry":{"type":"Polygon","coordinates":[[[-83.67000002371768,35.790000026007434],[-83.67000002371768,35.78000002629323],[-83.66000002400342,35.78000002629323],[-83.66000002400342,35.790000026007434],[-83.67000002371768,35.790000026007434]]]}},{"id":"363","type":"Feature","properties":{"category":1,"label":"cat 1"},"geometry":{"type":"Polygon","coordinates":[[[-82.93000004486355,35.790000026007434],[-82.93000004486355,35.78000002629323],[-82.92000004514931,35.78000002629323],[-82.92000004514931,35.790000026007434],[-82.93000004486355,35.790000026007434]]]}},{"id":"364","type":"Feature","properties":{"category":1,"label":"cat 1"},"geometry":{"type":"Polygon","coordinates":[[[-82.69000005172167,35.790000026007434],[-82.69000005172167,35.78000002629323],[-82.68000005200743,35.78000002629323],[-82.68000005200743,35.790000026007434],[-82.69000005172167,35.790000026007434]]]}},{"id":"365","type":"Feature","properties":{"category":1,"label":"cat 1"},"geometry":{"type":"Polygon","coordinates":[[[-82.48000005772253,35.80000002572164],[-82.48000005772253,35.790000026007434],[-82.47000005800828,35.790000026007434],[-82.47000005800828,35.78000002629323],[-82.46000005829404,35.78000002629323],[-82.46000005829404,35.77000002657903],[-82.44000005886555,35.77000002657903],[-82.44000005886555,35.790000026007434],[-82.4500000585798,35.790000026007434],[-82.4500000585798,35.80000002572164],[-82.48000005772253,35.80000002572164]]]}},{"id":"366","type":"Feature","properties":{"category":1,"label":"cat 1"},"geometry":{"type":"Polygon","coordinates":[[[-83.07000004086298,35.790000026007434],[-83.07000004086298,35.77000002657903],[-83.05000004143449,35.77000002657903],[-83.05000004143449,35.78000002629323],[-83.06000004114874,35.78000002629323],[-83.06000004114874,35.790000026007434],[-83.07000004086298,35.790000026007434]]]}},{"id":"367","type":"Feature","properties":{"category":1,"label":"cat 1"},"geometry":{"type":"Polygon","coordinates":[[[-83.69000002314617,35.78000002629323],[-83.69000002314617,35.77000002657903],[-83.68000002343192,35.77000002657903],[-83.68000002343192,35.78000002629323],[-83.69000002314617,35.78000002629323]]]}},{"id":"368","type":"Feature","properties":{"category":1,"label":"cat 1"},"geometry":{"type":"Polygon","coordinates":[[[-83.030000042006,35.78000002629323],[-83.030000042006,35.77000002657903],[-83.02000004229176,35.77000002657903],[-83.02000004229176,35.78000002629323],[-83.030000042006,35.78000002629323]]]}},{"id":"369","type":"Feature","properties":{"category":1,"label":"cat 1"},"geometry":{"type":"Polygon","coordinates":[[[-83.01000004257752,35.78000002629323],[-83.01000004257752,35.77000002657903],[-82.99000004314902,35.77000002657903],[-82.99000004314902,35.78000002629323],[-83.01000004257752,35.78000002629323]]]}},{"id":"370","type":"Feature","properties":{"category":1,"label":"cat 1"},"geometry":{"type":"Polygon","coordinates":[[[-82.540000056008,35.78000002629323],[-82.540000056008,35.77000002657903],[-82.53000005629376,35.77000002657903],[-82.53000005629376,35.78000002629323],[-82.540000056008,35.78000002629323]]]}},{"id":"371","type":"Feature","properties":{"category":1,"label":"cat 1"},"geometry":{"type":"Polygon","coordinates":[[[-83.40000003143307,35.77000002657903],[-83.40000003143307,35.76000002686482],[-83.39000003171881,35.76000002686482],[-83.39000003171881,35.77000002657903],[-83.40000003143307,35.77000002657903]]]}},{"id":"372","type":"Feature","properties":{"category":1,"label":"cat 1"},"geometry":{"type":"Polygon","coordinates":[[[-83.02000004229176,35.77000002657903],[-83.02000004229176,35.76000002686482],[-83.01000004257752,35.76000002686482],[-83.01000004257752,35.77000002657903],[-83.02000004229176,35.77000002657903]]]}},{"id":"373","type":"Feature","properties":{"category":1,"label":"cat 1"},"geometry":{"type":"Polygon","coordinates":[[[-82.96000004400629,35.77000002657903],[-82.96000004400629,35.76000002686482],[-82.95000004429204,35.76000002686482],[-82.95000004429204,35.77000002657903],[-82.96000004400629,35.77000002657903]]]}},{"id":"374","type":"Feature","properties":{"category":1,"label":"cat 1"},"geometry":{"type":"Polygon","coordinates":[[[-82.68000005200743,35.77000002657903],[-82.68000005200743,35.76000002686482],[-82.67000005229319,35.76000002686482],[-82.67000005229319,35.77000002657903],[-82.68000005200743,35.77000002657903]]]}},{"id":"375","type":"Feature","properties":{"category":1,"label":"cat 1"},"geometry":{"type":"Polygon","coordinates":[[[-82.6300000534362,35.77000002657903],[-82.6300000534362,35.76000002686482],[-82.62000005372197,35.76000002686482],[-82.62000005372197,35.77000002657903],[-82.6300000534362,35.77000002657903]]]}},{"id":"376","type":"Feature","properties":{"category":1,"label":"cat 1"},"geometry":{"type":"Polygon","coordinates":[[[-82.55000005572225,35.77000002657903],[-82.55000005572225,35.76000002686482],[-82.540000056008,35.76000002686482],[-82.540000056008,35.77000002657903],[-82.55000005572225,35.77000002657903]]]}},{"id":"377","type":"Feature","properties":{"category":1,"label":"cat 1"},"geometry":{"type":"Polygon","coordinates":[[[-82.47000005800828,35.77000002657903],[-82.47000005800828,35.76000002686482],[-82.46000005829404,35.76000002686482],[-82.46000005829404,35.77000002657903],[-82.47000005800828,35.77000002657903]]]}},{"id":"378","type":"Feature","properties":{"category":1,"label":"cat 1"},"geometry":{"type":"Polygon","coordinates":[[[-83.31000003400486,35.820000025150044],[-83.31000003400486,35.81000002543584],[-83.3200000337191,35.81000002543584],[-83.3200000337191,35.80000002572164],[-83.35000003286184,35.80000002572164],[-83.35000003286184,35.790000026007434],[-83.38000003200457,35.790000026007434],[-83.38000003200457,35.78000002629323],[-83.37000003229032,35.78000002629323],[-83.37000003229032,35.77000002657903],[-83.38000003200457,35.77000002657903],[-83.38000003200457,35.75000002715062],[-83.37000003229032,35.75000002715062],[-83.37000003229032,35.76000002686482],[-83.36000003257608,35.76000002686482],[-83.36000003257608,35.78000002629323],[-83.33000003343335,35.78000002629323],[-83.33000003343335,35.77000002657903],[-83.3200000337191,35.77000002657903],[-83.3200000337191,35.78000002629323],[-83.30000003429062,35.78000002629323],[-83.30000003429062,35.820000025150044],[-83.31000003400486,35.820000025150044]]]}},{"id":"379","type":"Feature","properties":{"category":1,"label":"cat 1"},"geometry":{"type":"Polygon","coordinates":[[[-83.64000002457495,35.76000002686482],[-83.64000002457495,35.75000002715062],[-83.63000002486069,35.75000002715062],[-83.63000002486069,35.76000002686482],[-83.64000002457495,35.76000002686482]]]}},{"id":"380","type":"Feature","properties":{"category":1,"label":"cat 1"},"geometry":{"type":"Polygon","coordinates":[[[-82.64000005315044,35.76000002686482],[-82.64000005315044,35.75000002715062],[-82.6300000534362,35.75000002715062],[-82.6300000534362,35.76000002686482],[-82.64000005315044,35.76000002686482]]]}},{"id":"381","type":"Feature","properties":{"category":1,"label":"cat 1"},"geometry":{"type":"Polygon","coordinates":[[[-82.6500000528647,35.83000002486425],[-82.6500000528647,35.81000002543584],[-82.67000005229319,35.81000002543584],[-82.67000005229319,35.820000025150044],[-82.68000005200743,35.820000025150044],[-82.68000005200743,35.80000002572164],[-82.67000005229319,35.80000002572164],[-82.67000005229319,35.790000026007434],[-82.64000005315044,35.790000026007434],[-82.64000005315044,35.78000002629323],[-82.6300000534362,35.78000002629323],[-82.6300000534362,35.790000026007434],[-82.60000005429347,35.790000026007434],[-82.60000005429347,35.77000002657903],[-82.58000005486498,35.77000002657903],[-82.58000005486498,35.76000002686482],[-82.60000005429347,35.76000002686482],[-82.60000005429347,35.75000002715062],[-82.57000005515073,35.75000002715062],[-82.57000005515073,35.76000002686482],[-82.56000005543649,35.76000002686482],[-82.56000005543649,35.77000002657903],[-82.57000005515073,35.77000002657903],[-82.57000005515073,35.790000026007434],[-82.56000005543649,35.790000026007434],[-82.56000005543649,35.80000002572164],[-82.58000005486498,35.80000002572164],[-82.58000005486498,35.820000025150044],[-82.59000005457922,35.820000025150044],[-82.59000005457922,35.81000002543584],[-82.60000005429347,35.81000002543584],[-82.60000005429347,35.820000025150044],[-82.61000005400771,35.820000025150044],[-82.61000005400771,35.81000002543584],[-82.62000005372197,35.81000002543584],[-82.62000005372197,35.83000002486425],[-82.6300000534362,35.83000002486425],[-82.6300000534362,35.820000025150044],[-82.64000005315044,35.820000025150044],[-82.64000005315044,35.83000002486425],[-82.6500000528647,35.83000002486425]],[[-82.6500000528647,35.81000002543584],[-82.6300000534362,35.81000002543584],[-82.6300000534362,35.80000002572164],[-82.6500000528647,35.80000002572164],[-82.6500000528647,35.81000002543584]],[[-82.59000005457922,35.80000002572164],[-82.58000005486498,35.80000002572164],[-82.58000005486498,35.790000026007434],[-82.59000005457922,35.790000026007434],[-82.59000005457922,35.80000002572164]]]}},{"id":"382","type":"Feature","properties":{"category":1,"label":"cat 1"},"geometry":{"type":"Polygon","coordinates":[[[-82.48000005772253,35.76000002686482],[-82.48000005772253,35.75000002715062],[-82.47000005800828,35.75000002715062],[-82.47000005800828,35.76000002686482],[-82.48000005772253,35.76000002686482]]]}},{"id":"383","type":"Feature","properties":{"category":1,"label":"cat 1"},"geometry":{"type":"Polygon","coordinates":[[[-82.26000006400915,35.76000002686482],[-82.26000006400915,35.75000002715062],[-82.2500000642949,35.75000002715062],[-82.2500000642949,35.76000002686482],[-82.26000006400915,35.76000002686482]]]}},{"id":"384","type":"Feature","properties":{"category":1,"label":"cat 1"},"geometry":{"type":"Polygon","coordinates":[[[-82.2300000648664,35.76000002686482],[-82.2300000648664,35.75000002715062],[-82.22000006515216,35.75000002715062],[-82.22000006515216,35.76000002686482],[-82.2300000648664,35.76000002686482]]]}},{"id":"385","type":"Feature","properties":{"category":1,"label":"cat 1"},"geometry":{"type":"Polygon","coordinates":[[[-82.69000005172167,35.76000002686482],[-82.69000005172167,35.740000027436416],[-82.68000005200743,35.740000027436416],[-82.68000005200743,35.76000002686482],[-82.69000005172167,35.76000002686482]]]}},{"id":"386","type":"Feature","properties":{"category":1,"label":"cat 1"},"geometry":{"type":"Polygon","coordinates":[[[-83.66000002400342,35.75000002715062],[-83.66000002400342,35.740000027436416],[-83.65000002428918,35.740000027436416],[-83.65000002428918,35.75000002715062],[-83.66000002400342,35.75000002715062]]]}},{"id":"387","type":"Feature","properties":{"category":1,"label":"cat 1"},"geometry":{"type":"Polygon","coordinates":[[[-82.99000004314902,35.75000002715062],[-82.99000004314902,35.740000027436416],[-82.98000004343477,35.740000027436416],[-82.98000004343477,35.75000002715062],[-82.99000004314902,35.75000002715062]]]}},{"id":"388","type":"Feature","properties":{"category":1,"label":"cat 1"},"geometry":{"type":"Polygon","coordinates":[[[-82.61000005400771,35.75000002715062],[-82.61000005400771,35.740000027436416],[-82.60000005429347,35.740000027436416],[-82.60000005429347,35.75000002715062],[-82.61000005400771,35.75000002715062]]]}},{"id":"389","type":"Feature","properties":{"category":1,"label":"cat 1"},"geometry":{"type":"Polygon","coordinates":[[[-82.51000005686527,35.75000002715062],[-82.51000005686527,35.740000027436416],[-82.50000005715103,35.740000027436416],[-82.50000005715103,35.75000002715062],[-82.51000005686527,35.75000002715062]]]}},{"id":"390","type":"Feature","properties":{"category":1,"label":"cat 1"},"geometry":{"type":"Polygon","coordinates":[[[-83.04000004172025,35.76000002686482],[-83.04000004172025,35.75000002715062],[-83.030000042006,35.75000002715062],[-83.030000042006,35.73000002772221],[-83.02000004229176,35.73000002772221],[-83.02000004229176,35.76000002686482],[-83.04000004172025,35.76000002686482]]]}},{"id":"391","type":"Feature","properties":{"category":1,"label":"cat 1"},"geometry":{"type":"Polygon","coordinates":[[[-82.4500000585798,35.75000002715062],[-82.4500000585798,35.740000027436416],[-82.47000005800828,35.740000027436416],[-82.47000005800828,35.73000002772221],[-82.43000005915131,35.73000002772221],[-82.43000005915131,35.740000027436416],[-82.44000005886555,35.740000027436416],[-82.44000005886555,35.75000002715062],[-82.4500000585798,35.75000002715062]]]}},{"id":"392","type":"Feature","properties":{"category":1,"label":"cat 1"},"geometry":{"type":"Polygon","coordinates":[[[-83.00000004286326,35.740000027436416],[-83.00000004286326,35.720000028008],[-82.99000004314902,35.720000028008],[-82.99000004314902,35.740000027436416],[-83.00000004286326,35.740000027436416]]]}},{"id":"393","type":"Feature","properties":{"category":1,"label":"cat 1"},"geometry":{"type":"Polygon","coordinates":[[[-82.69000005172167,35.73000002772221],[-82.69000005172167,35.720000028008],[-82.68000005200743,35.720000028008],[-82.68000005200743,35.73000002772221],[-82.69000005172167,35.73000002772221]]]}},{"id":"394","type":"Feature","properties":{"category":1,"label":"cat 1"},"geometry":{"type":"Polygon","coordinates":[[[-82.49000005743677,35.73000002772221],[-82.49000005743677,35.720000028008],[-82.48000005772253,35.720000028008],[-82.48000005772253,35.73000002772221],[-82.49000005743677,35.73000002772221]]]}},{"id":"395","type":"Feature","properties":{"category":1,"label":"cat 1"},"geometry":{"type":"Polygon","coordinates":[[[-83.82000001943135,35.7100000282938],[-83.82000001943135,35.700000028579595],[-83.81000001971711,35.700000028579595],[-83.81000001971711,35.7100000282938],[-83.82000001943135,35.7100000282938]]]}},{"id":"396","type":"Feature","properties":{"category":1,"label":"cat 1"},"geometry":{"type":"Polygon","coordinates":[[[-83.59000002600371,35.720000028008],[-83.59000002600371,35.7100000282938],[-83.6100000254322,35.7100000282938],[-83.6100000254322,35.700000028579595],[-83.58000002628947,35.700000028579595],[-83.58000002628947,35.720000028008],[-83.59000002600371,35.720000028008]]]}},{"id":"397","type":"Feature","properties":{"category":1,"label":"cat 1"},"geometry":{"type":"Polygon","coordinates":[[[-83.7200000222889,35.790000026007434],[-83.7200000222889,35.76000002686482],[-83.73000002200314,35.76000002686482],[-83.73000002200314,35.78000002629323],[-83.75000002143163,35.78000002629323],[-83.75000002143163,35.76000002686482],[-83.74000002171739,35.76000002686482],[-83.74000002171739,35.740000027436416],[-83.75000002143163,35.740000027436416],[-83.75000002143163,35.720000028008],[-83.78000002057436,35.720000028008],[-83.78000002057436,35.7100000282938],[-83.79000002028862,35.7100000282938],[-83.79000002028862,35.69000002886539],[-83.78000002057436,35.69000002886539],[-83.78000002057436,35.700000028579595],[-83.77000002086012,35.700000028579595],[-83.77000002086012,35.68000002915119],[-83.76000002114588,35.68000002915119],[-83.76000002114588,35.69000002886539],[-83.75000002143163,35.69000002886539],[-83.75000002143163,35.68000002915119],[-83.74000002171739,35.68000002915119],[-83.74000002171739,35.69000002886539],[-83.73000002200314,35.69000002886539],[-83.73000002200314,35.7100000282938],[-83.7200000222889,35.7100000282938],[-83.7200000222889,35.73000002772221],[-83.70000002286041,35.73000002772221],[-83.70000002286041,35.740000027436416],[-83.67000002371768,35.740000027436416],[-83.67000002371768,35.75000002715062],[-83.66000002400342,35.75000002715062],[-83.66000002400342,35.76000002686482],[-83.69000002314617,35.76000002686482],[-83.69000002314617,35.77000002657903],[-83.70000002286041,35.77000002657903],[-83.70000002286041,35.78000002629323],[-83.71000002257465,35.78000002629323],[-83.71000002257465,35.790000026007434],[-83.7200000222889,35.790000026007434]],[[-83.71000002257465,35.76000002686482],[-83.70000002286041,35.76000002686482],[-83.70000002286041,35.75000002715062],[-83.71000002257465,35.75000002715062],[-83.71000002257465,35.76000002686482]],[[-83.74000002171739,35.740000027436416],[-83.73000002200314,35.740000027436416],[-83.73000002200314,35.73000002772221],[-83.74000002171739,35.73000002772221],[-83.74000002171739,35.740000027436416]]]}},{"id":"398","type":"Feature","properties":{"category":1,"label":"cat 1"},"geometry":{"type":"Polygon","coordinates":[[[-82.5200000565795,35.7100000282938],[-82.5200000565795,35.69000002886539],[-82.51000005686527,35.69000002886539],[-82.51000005686527,35.68000002915119],[-82.50000005715103,35.68000002915119],[-82.50000005715103,35.700000028579595],[-82.51000005686527,35.700000028579595],[-82.51000005686527,35.7100000282938],[-82.5200000565795,35.7100000282938]]]}},{"id":"399","type":"Feature","properties":{"category":1,"label":"cat 1"},"geometry":{"type":"Polygon","coordinates":[[[-83.60000002571796,35.69000002886539],[-83.60000002571796,35.68000002915119],[-83.59000002600371,35.68000002915119],[-83.59000002600371,35.69000002886539],[-83.60000002571796,35.69000002886539]]]}},{"id":"400","type":"Feature","properties":{"category":1,"label":"cat 1"},"geometry":{"type":"Polygon","coordinates":[[[-82.9400000445778,35.69000002886539],[-82.9400000445778,35.68000002915119],[-82.93000004486355,35.68000002915119],[-82.93000004486355,35.69000002886539],[-82.9400000445778,35.69000002886539]]]}},{"id":"401","type":"Feature","properties":{"category":1,"label":"cat 1"},"geometry":{"type":"Polygon","coordinates":[[[-82.6300000534362,35.69000002886539],[-82.6300000534362,35.68000002915119],[-82.62000005372197,35.68000002915119],[-82.62000005372197,35.69000002886539],[-82.6300000534362,35.69000002886539]]]}},{"id":"402","type":"Feature","properties":{"category":1,"label":"cat 1"},"geometry":{"type":"Polygon","coordinates":[[[-81.91000007401057,35.69000002886539],[-81.91000007401057,35.68000002915119],[-81.90000007429633,35.68000002915119],[-81.90000007429633,35.69000002886539],[-81.91000007401057,35.69000002886539]]]}},{"id":"403","type":"Feature","properties":{"category":1,"label":"cat 1"},"geometry":{"type":"Polygon","coordinates":[[[-82.3400000617231,35.76000002686482],[-82.3400000617231,35.75000002715062],[-82.3600000611516,35.75000002715062],[-82.3600000611516,35.740000027436416],[-82.40000006000857,35.740000027436416],[-82.40000006000857,35.73000002772221],[-82.42000005943706,35.73000002772221],[-82.42000005943706,35.720000028008],[-82.4500000585798,35.720000028008],[-82.4500000585798,35.7100000282938],[-82.46000005829404,35.7100000282938],[-82.46000005829404,35.720000028008],[-82.47000005800828,35.720000028008],[-82.47000005800828,35.7100000282938],[-82.48000005772253,35.7100000282938],[-82.48000005772253,35.69000002886539],[-82.47000005800828,35.69000002886539],[-82.47000005800828,35.68000002915119],[-82.46000005829404,35.68000002915119],[-82.46000005829404,35.670000029436984],[-82.4500000585798,35.670000029436984],[-82.4500000585798,35.69000002886539],[-82.42000005943706,35.69000002886539],[-82.42000005943706,35.700000028579595],[-82.40000006000857,35.700000028579595],[-82.40000006000857,35.69000002886539],[-82.41000005972282,35.69000002886539],[-82.41000005972282,35.670000029436984],[-82.39000006029433,35.670000029436984],[-82.39000006029433,35.68000002915119],[-82.37000006086583,35.68000002915119],[-82.37000006086583,35.700000028579595],[-82.3600000611516,35.700000028579595],[-82.3600000611516,35.7100000282938],[-82.3400000617231,35.7100000282938],[-82.3400000617231,35.73000002772221],[-82.33000006200886,35.73000002772221],[-82.33000006200886,35.720000028008],[-82.32000006229461,35.720000028008],[-82.32000006229461,35.7100000282938],[-82.31000006258037,35.7100000282938],[-82.31000006258037,35.720000028008],[-82.29000006315188,35.720000028008],[-82.29000006315188,35.73000002772221],[-82.28000006343763,35.73000002772221],[-82.28000006343763,35.76000002686482],[-82.32000006229461,35.76000002686482],[-82.32000006229461,35.75000002715062],[-82.33000006200886,35.75000002715062],[-82.33000006200886,35.76000002686482],[-82.3400000617231,35.76000002686482]],[[-82.30000006286612,35.740000027436416],[-82.29000006315188,35.740000027436416],[-82.29000006315188,35.73000002772221],[-82.30000006286612,35.73000002772221],[-82.30000006286612,35.740000027436416]],[[-82.40000006000857,35.720000028008],[-82.39000006029433,35.720000028008],[-82.39000006029433,35.7100000282938],[-82.38000006058009,35.7100000282938],[-82.38000006058009,35.700000028579595],[-82.40000006000857,35.700000028579595],[-82.40000006000857,35.720000028008]],[[-82.38000006058009,35.720000028008],[-82.37000006086583,35.720000028008],[-82.37000006086583,35.7100000282938],[-82.38000006058009,35.7100000282938],[-82.38000006058009,35.720000028008]],[[-82.46000005829404,35.700000028579595],[-82.4500000585798,35.700000028579595],[-82.4500000585798,35.69000002886539],[-82.46000005829404,35.69000002886539],[-82.46000005829404,35.700000028579595]]]}},{"id":"404","type":"Feature","properties":{"category":1,"label":"cat 1"},"geometry":{"type":"Polygon","coordinates":[[[-82.73000005057865,35.68000002915119],[-82.73000005057865,35.670000029436984],[-82.72000005086441,35.670000029436984],[-82.72000005086441,35.68000002915119],[-82.73000005057865,35.68000002915119]]]}},{"id":"405","type":"Feature","properties":{"category":1,"label":"cat 1"},"geometry":{"type":"Polygon","coordinates":[[[-82.31000006258037,35.68000002915119],[-82.31000006258037,35.670000029436984],[-82.30000006286612,35.670000029436984],[-82.30000006286612,35.68000002915119],[-82.31000006258037,35.68000002915119]]]}},{"id":"406","type":"Feature","properties":{"category":1,"label":"cat 1"},"geometry":{"type":"Polygon","coordinates":[[[-82.58000005486498,35.740000027436416],[-82.58000005486498,35.720000028008],[-82.59000005457922,35.720000028008],[-82.59000005457922,35.7100000282938],[-82.60000005429347,35.7100000282938],[-82.60000005429347,35.700000028579595],[-82.61000005400771,35.700000028579595],[-82.61000005400771,35.68000002915119],[-82.62000005372197,35.68000002915119],[-82.62000005372197,35.670000029436984],[-82.6300000534362,35.670000029436984],[-82.6300000534362,35.68000002915119],[-82.64000005315044,35.68000002915119],[-82.64000005315044,35.69000002886539],[-82.66000005257894,35.69000002886539],[-82.66000005257894,35.670000029436984],[-82.64000005315044,35.670000029436984],[-82.64000005315044,35.66000002972278],[-82.61000005400771,35.66000002972278],[-82.61000005400771,35.670000029436984],[-82.60000005429347,35.670000029436984],[-82.60000005429347,35.66000002972278],[-82.59000005457922,35.66000002972278],[-82.59000005457922,35.670000029436984],[-82.57000005515073,35.670000029436984],[-82.57000005515073,35.68000002915119],[-82.53000005629376,35.68000002915119],[-82.53000005629376,35.66000002972278],[-82.50000005715103,35.66000002972278],[-82.50000005715103,35.670000029436984],[-82.5200000565795,35.670000029436984],[-82.5200000565795,35.69000002886539],[-82.540000056008,35.69000002886539],[-82.540000056008,35.7100000282938],[-82.56000005543649,35.7100000282938],[-82.56000005543649,35.700000028579595],[-82.57000005515073,35.700000028579595],[-82.57000005515073,35.69000002886539],[-82.58000005486498,35.69000002886539],[-82.58000005486498,35.7100000282938],[-82.57000005515073,35.7100000282938],[-82.57000005515073,35.720000028008],[-82.55000005572225,35.720000028008],[-82.55000005572225,35.73000002772221],[-82.57000005515073,35.73000002772221],[-82.57000005515073,35.740000027436416],[-82.58000005486498,35.740000027436416]],[[-82.60000005429347,35.69000002886539],[-82.59000005457922,35.69000002886539],[-82.59000005457922,35.68000002915119],[-82.60000005429347,35.68000002915119],[-82.60000005429347,35.69000002886539]]]}},{"id":"407","type":"Feature","properties":{"category":1,"label":"cat 1"},"geometry":{"type":"Polygon","coordinates":[[[-83.64000002457495,35.670000029436984],[-83.64000002457495,35.66000002972278],[-83.63000002486069,35.66000002972278],[-83.63000002486069,35.670000029436984],[-83.64000002457495,35.670000029436984]]]}},{"id":"408","type":"Feature","properties":{"category":1,"label":"cat 1"},"geometry":{"type":"Polygon","coordinates":[[[-83.60000002571796,35.670000029436984],[-83.60000002571796,35.66000002972278],[-83.59000002600371,35.66000002972278],[-83.59000002600371,35.670000029436984],[-83.60000002571796,35.670000029436984]]]}},{"id":"409","type":"Feature","properties":{"category":1,"label":"cat 1"},"geometry":{"type":"Polygon","coordinates":[[[-82.57000005515073,35.670000029436984],[-82.57000005515073,35.65000003000858],[-82.56000005543649,35.65000003000858],[-82.56000005543649,35.66000002972278],[-82.540000056008,35.66000002972278],[-82.540000056008,35.670000029436984],[-82.57000005515073,35.670000029436984]]]}},{"id":"410","type":"Feature","properties":{"category":1,"label":"cat 1"},"geometry":{"type":"Polygon","coordinates":[[[-83.67000002371768,35.66000002972278],[-83.67000002371768,35.65000003000858],[-83.66000002400342,35.65000003000858],[-83.66000002400342,35.66000002972278],[-83.67000002371768,35.66000002972278]]]}},{"id":"411","type":"Feature","properties":{"category":1,"label":"cat 1"},"geometry":{"type":"Polygon","coordinates":[[[-82.8300000477211,35.66000002972278],[-82.8300000477211,35.65000003000858],[-82.82000004800686,35.65000003000858],[-82.82000004800686,35.66000002972278],[-82.8300000477211,35.66000002972278]]]}},{"id":"412","type":"Feature","properties":{"category":1,"label":"cat 1"},"geometry":{"type":"Polygon","coordinates":[[[-82.40000006000857,35.66000002972278],[-82.40000006000857,35.65000003000858],[-82.39000006029433,35.65000003000858],[-82.39000006029433,35.66000002972278],[-82.40000006000857,35.66000002972278]]]}},{"id":"413","type":"Feature","properties":{"category":1,"label":"cat 1"},"geometry":{"type":"Polygon","coordinates":[[[-83.54000002743248,35.66000002972278],[-83.54000002743248,35.640000030294374],[-83.51000002828975,35.640000030294374],[-83.51000002828975,35.65000003000858],[-83.520000028004,35.65000003000858],[-83.520000028004,35.66000002972278],[-83.54000002743248,35.66000002972278]]]}},{"id":"414","type":"Feature","properties":{"category":1,"label":"cat 1"},"geometry":{"type":"Polygon","coordinates":[[[-83.69000002314617,35.65000003000858],[-83.69000002314617,35.640000030294374],[-83.68000002343192,35.640000030294374],[-83.68000002343192,35.65000003000858],[-83.69000002314617,35.65000003000858]]]}},{"id":"415","type":"Feature","properties":{"category":1,"label":"cat 1"},"geometry":{"type":"Polygon","coordinates":[[[-82.43000005915131,35.65000003000858],[-82.43000005915131,35.640000030294374],[-82.42000005943706,35.640000030294374],[-82.42000005943706,35.65000003000858],[-82.43000005915131,35.65000003000858]]]}},{"id":"416","type":"Feature","properties":{"category":1,"label":"cat 1"},"geometry":{"type":"Polygon","coordinates":[[[-83.67000002371768,35.640000030294374],[-83.67000002371768,35.63000003058017],[-83.66000002400342,35.63000003058017],[-83.66000002400342,35.640000030294374],[-83.67000002371768,35.640000030294374]]]}},{"id":"417","type":"Feature","properties":{"category":1,"label":"cat 1"},"geometry":{"type":"Polygon","coordinates":[[[-82.62000005372197,35.640000030294374],[-82.62000005372197,35.63000003058017],[-82.61000005400771,35.63000003058017],[-82.61000005400771,35.640000030294374],[-82.62000005372197,35.640000030294374]]]}},{"id":"418","type":"Feature","properties":{"category":1,"label":"cat 1"},"geometry":{"type":"Polygon","coordinates":[[[-82.53000005629376,35.640000030294374],[-82.53000005629376,35.63000003058017],[-82.5200000565795,35.63000003058017],[-82.5200000565795,35.640000030294374],[-82.53000005629376,35.640000030294374]]]}},{"id":"419","type":"Feature","properties":{"category":1,"label":"cat 1"},"geometry":{"type":"Polygon","coordinates":[[[-82.50000005715103,35.640000030294374],[-82.50000005715103,35.63000003058017],[-82.49000005743677,35.63000003058017],[-82.49000005743677,35.640000030294374],[-82.50000005715103,35.640000030294374]]]}},{"id":"420","type":"Feature","properties":{"category":1,"label":"cat 1"},"geometry":{"type":"Polygon","coordinates":[[[-82.46000005829404,35.640000030294374],[-82.46000005829404,35.63000003058017],[-82.4500000585798,35.63000003058017],[-82.4500000585798,35.640000030294374],[-82.46000005829404,35.640000030294374]]]}},{"id":"421","type":"Feature","properties":{"category":1,"label":"cat 1"},"geometry":{"type":"Polygon","coordinates":[[[-83.58000002628947,35.65000003000858],[-83.58000002628947,35.62000003086597],[-83.55000002714674,35.62000003086597],[-83.55000002714674,35.63000003058017],[-83.56000002686098,35.63000003058017],[-83.56000002686098,35.640000030294374],[-83.57000002657523,35.640000030294374],[-83.57000002657523,35.65000003000858],[-83.58000002628947,35.65000003000858]]]}},{"id":"422","type":"Feature","properties":{"category":1,"label":"cat 1"},"geometry":{"type":"Polygon","coordinates":[[[-82.540000056008,35.63000003058017],[-82.540000056008,35.62000003086597],[-82.53000005629376,35.62000003086597],[-82.53000005629376,35.63000003058017],[-82.540000056008,35.63000003058017]]]}},{"id":"423","type":"Feature","properties":{"category":1,"label":"cat 1"},"geometry":{"type":"Polygon","coordinates":[[[-82.5200000565795,35.63000003058017],[-82.5200000565795,35.62000003086597],[-82.50000005715103,35.62000003086597],[-82.50000005715103,35.63000003058017],[-82.5200000565795,35.63000003058017]]]}},{"id":"424","type":"Feature","properties":{"category":1,"label":"cat 1"},"geometry":{"type":"Polygon","coordinates":[[[-82.4500000585798,35.63000003058017],[-82.4500000585798,35.62000003086597],[-82.44000005886555,35.62000003086597],[-82.44000005886555,35.63000003058017],[-82.4500000585798,35.63000003058017]]]}},{"id":"425","type":"Feature","properties":{"category":1,"label":"cat 1"},"geometry":{"type":"Polygon","coordinates":[[[-82.57000005515073,35.62000003086597],[-82.57000005515073,35.60000003143756],[-82.540000056008,35.60000003143756],[-82.540000056008,35.61000003115176],[-82.56000005543649,35.61000003115176],[-82.56000005543649,35.62000003086597],[-82.57000005515073,35.62000003086597]]]}},{"id":"426","type":"Feature","properties":{"category":1,"label":"cat 1"},"geometry":{"type":"Polygon","coordinates":[[[-84.35000000428633,35.61000003115176],[-84.35000000428633,35.60000003143756],[-84.33000000485784,35.60000003143756],[-84.33000000485784,35.61000003115176],[-84.35000000428633,35.61000003115176]]]}},{"id":"427","type":"Feature","properties":{"category":1,"label":"cat 1"},"geometry":{"type":"Polygon","coordinates":[[[-82.51000005686527,35.61000003115176],[-82.51000005686527,35.60000003143756],[-82.49000005743677,35.60000003143756],[-82.49000005743677,35.61000003115176],[-82.51000005686527,35.61000003115176]]]}},{"id":"428","type":"Feature","properties":{"category":1,"label":"cat 1"},"geometry":{"type":"Polygon","coordinates":[[[-84.3900000031433,35.60000003143756],[-84.3900000031433,35.59000003172335],[-84.38000000342906,35.59000003172335],[-84.38000000342906,35.60000003143756],[-84.3900000031433,35.60000003143756]]]}},{"id":"429","type":"Feature","properties":{"category":1,"label":"cat 1"},"geometry":{"type":"Polygon","coordinates":[[[-83.57000002657523,35.60000003143756],[-83.57000002657523,35.59000003172335],[-83.55000002714674,35.59000003172335],[-83.55000002714674,35.60000003143756],[-83.57000002657523,35.60000003143756]]]}},{"id":"430","type":"Feature","properties":{"category":1,"label":"cat 1"},"geometry":{"type":"Polygon","coordinates":[[[-82.97000004372053,35.60000003143756],[-82.97000004372053,35.59000003172335],[-82.96000004400629,35.59000003172335],[-82.96000004400629,35.60000003143756],[-82.97000004372053,35.60000003143756]]]}},{"id":"431","type":"Feature","properties":{"category":1,"label":"cat 1"},"geometry":{"type":"Polygon","coordinates":[[[-82.58000005486498,35.60000003143756],[-82.58000005486498,35.59000003172335],[-82.57000005515073,35.59000003172335],[-82.57000005515073,35.60000003143756],[-82.58000005486498,35.60000003143756]]]}},{"id":"432","type":"Feature","properties":{"category":1,"label":"cat 1"},"geometry":{"type":"Polygon","coordinates":[[[-82.42000005943706,35.60000003143756],[-82.42000005943706,35.580000032009146],[-82.41000005972282,35.580000032009146],[-82.41000005972282,35.60000003143756],[-82.42000005943706,35.60000003143756]]]}},{"id":"433","type":"Feature","properties":{"category":1,"label":"cat 1"},"geometry":{"type":"Polygon","coordinates":[[[-84.36000000400057,35.59000003172335],[-84.36000000400057,35.580000032009146],[-84.35000000428633,35.580000032009146],[-84.35000000428633,35.59000003172335],[-84.36000000400057,35.59000003172335]]]}},{"id":"434","type":"Feature","properties":{"category":1,"label":"cat 1"},"geometry":{"type":"Polygon","coordinates":[[[-83.1400000388627,35.59000003172335],[-83.1400000388627,35.580000032009146],[-83.13000003914846,35.580000032009146],[-83.13000003914846,35.59000003172335],[-83.1400000388627,35.59000003172335]]]}},{"id":"435","type":"Feature","properties":{"category":1,"label":"cat 1"},"geometry":{"type":"Polygon","coordinates":[[[-82.95000004429204,35.59000003172335],[-82.95000004429204,35.580000032009146],[-82.9400000445778,35.580000032009146],[-82.9400000445778,35.59000003172335],[-82.95000004429204,35.59000003172335]]]}},{"id":"436","type":"Feature","properties":{"category":1,"label":"cat 1"},"geometry":{"type":"Polygon","coordinates":[[[-82.6500000528647,35.59000003172335],[-82.6500000528647,35.580000032009146],[-82.64000005315044,35.580000032009146],[-82.64000005315044,35.59000003172335],[-82.6500000528647,35.59000003172335]]]}},{"id":"437","type":"Feature","properties":{"category":1,"label":"cat 1"},"geometry":{"type":"Polygon","coordinates":[[[-82.61000005400771,35.60000003143756],[-82.61000005400771,35.59000003172335],[-82.6300000534362,35.59000003172335],[-82.6300000534362,35.580000032009146],[-82.62000005372197,35.580000032009146],[-82.62000005372197,35.57000003229494],[-82.60000005429347,35.57000003229494],[-82.60000005429347,35.580000032009146],[-82.59000005457922,35.580000032009146],[-82.59000005457922,35.57000003229494],[-82.58000005486498,35.57000003229494],[-82.58000005486498,35.59000003172335],[-82.59000005457922,35.59000003172335],[-82.59000005457922,35.60000003143756],[-82.61000005400771,35.60000003143756]]]}},{"id":"438","type":"Feature","properties":{"category":1,"label":"cat 1"},"geometry":{"type":"Polygon","coordinates":[[[-84.44000000171454,35.580000032009146],[-84.44000000171454,35.57000003229494],[-84.43000000200028,35.57000003229494],[-84.43000000200028,35.580000032009146],[-84.44000000171454,35.580000032009146]]]}},{"id":"439","type":"Feature","properties":{"category":1,"label":"cat 1"},"geometry":{"type":"Polygon","coordinates":[[[-82.77000004943564,35.580000032009146],[-82.77000004943564,35.57000003229494],[-82.76000004972138,35.57000003229494],[-82.76000004972138,35.580000032009146],[-82.77000004943564,35.580000032009146]]]}},{"id":"440","type":"Feature","properties":{"category":1,"label":"cat 1"},"geometry":{"type":"Polygon","coordinates":[[[-82.69000005172167,35.580000032009146],[-82.69000005172167,35.57000003229494],[-82.68000005200743,35.57000003229494],[-82.68000005200743,35.580000032009146],[-82.69000005172167,35.580000032009146]]]}},{"id":"441","type":"Feature","properties":{"category":1,"label":"cat 1"},"geometry":{"type":"Polygon","coordinates":[[[-82.64000005315044,35.580000032009146],[-82.64000005315044,35.57000003229494],[-82.6300000534362,35.57000003229494],[-82.6300000534362,35.580000032009146],[-82.64000005315044,35.580000032009146]]]}},{"id":"442","type":"Feature","properties":{"category":1,"label":"cat 1"},"geometry":{"type":"Polygon","coordinates":[[[-84.46000000114302,35.57000003229494],[-84.46000000114302,35.56000003258074],[-84.45000000142878,35.56000003258074],[-84.45000000142878,35.57000003229494],[-84.46000000114302,35.57000003229494]]]}},{"id":"443","type":"Feature","properties":{"category":1,"label":"cat 1"},"geometry":{"type":"Polygon","coordinates":[[[-84.3900000031433,35.57000003229494],[-84.3900000031433,35.56000003258074],[-84.38000000342906,35.56000003258074],[-84.38000000342906,35.57000003229494],[-84.3900000031433,35.57000003229494]]]}},{"id":"444","type":"Feature","properties":{"category":1,"label":"cat 1"},"geometry":{"type":"Polygon","coordinates":[[[-82.95000004429204,35.57000003229494],[-82.95000004429204,35.56000003258074],[-82.9400000445778,35.56000003258074],[-82.9400000445778,35.57000003229494],[-82.95000004429204,35.57000003229494]]]}},{"id":"445","type":"Feature","properties":{"category":1,"label":"cat 1"},"geometry":{"type":"Polygon","coordinates":[[[-82.58000005486498,35.57000003229494],[-82.58000005486498,35.56000003258074],[-82.57000005515073,35.56000003258074],[-82.57000005515073,35.57000003229494],[-82.58000005486498,35.57000003229494]]]}},{"id":"446","type":"Feature","properties":{"category":1,"label":"cat 1"},"geometry":{"type":"Polygon","coordinates":[[[-82.79000004886413,35.790000026007434],[-82.79000004886413,35.78000002629323],[-82.80000004857837,35.78000002629323],[-82.80000004857837,35.77000002657903],[-82.82000004800686,35.77000002657903],[-82.82000004800686,35.76000002686482],[-82.8300000477211,35.76000002686482],[-82.8300000477211,35.77000002657903],[-82.85000004714959,35.77000002657903],[-82.85000004714959,35.720000028008],[-82.88000004629232,35.720000028008],[-82.88000004629232,35.700000028579595],[-82.89000004600658,35.700000028579595],[-82.89000004600658,35.7100000282938],[-82.91000004543505,35.7100000282938],[-82.91000004543505,35.700000028579595],[-82.92000004514931,35.700000028579595],[-82.92000004514931,35.68000002915119],[-82.93000004486355,35.68000002915119],[-82.93000004486355,35.670000029436984],[-82.9400000445778,35.670000029436984],[-82.9400000445778,35.68000002915119],[-82.96000004400629,35.68000002915119],[-82.96000004400629,35.670000029436984],[-82.97000004372053,35.670000029436984],[-82.97000004372053,35.66000002972278],[-82.98000004343477,35.66000002972278],[-82.98000004343477,35.65000003000858],[-82.97000004372053,35.65000003000858],[-82.97000004372053,35.640000030294374],[-82.98000004343477,35.640000030294374],[-82.98000004343477,35.63000003058017],[-82.95000004429204,35.63000003058017],[-82.95000004429204,35.62000003086597],[-82.9400000445778,35.62000003086597],[-82.9400000445778,35.61000003115176],[-82.93000004486355,35.61000003115176],[-82.93000004486355,35.60000003143756],[-82.9400000445778,35.60000003143756],[-82.9400000445778,35.59000003172335],[-82.93000004486355,35.59000003172335],[-82.93000004486355,35.57000003229494],[-82.92000004514931,35.57000003229494],[-82.92000004514931,35.56000003258074],[-82.93000004486355,35.56000003258074],[-82.93000004486355,35.550000032866535],[-82.89000004600658,35.550000032866535],[-82.89000004600658,35.56000003258074],[-82.88000004629232,35.56000003258074],[-82.88000004629232,35.580000032009146],[-82.87000004657808,35.580000032009146],[-82.87000004657808,35.57000003229494],[-82.86000004686383,35.57000003229494],[-82.86000004686383,35.580000032009146],[-82.85000004714959,35.580000032009146],[-82.85000004714959,35.59000003172335],[-82.86000004686383,35.59000003172335],[-82.86000004686383,35.60000003143756],[-82.85000004714959,35.60000003143756],[-82.85000004714959,35.61000003115176],[-82.84000004743535,35.61000003115176],[-82.84000004743535,35.60000003143756],[-82.82000004800686,35.60000003143756],[-82.82000004800686,35.59000003172335],[-82.78000004914988,35.59000003172335],[-82.78000004914988,35.60000003143756],[-82.80000004857837,35.60000003143756],[-82.80000004857837,35.61000003115176],[-82.79000004886413,35.61000003115176],[-82.79000004886413,35.62000003086597],[-82.80000004857837,35.62000003086597],[-82.80000004857837,35.63000003058017],[-82.79000004886413,35.63000003058017],[-82.79000004886413,35.65000003000858],[-82.78000004914988,35.65000003000858],[-82.78000004914988,35.66000002972278],[-82.75000005000715,35.66000002972278],[-82.75000005000715,35.670000029436984],[-82.76000004972138,35.670000029436984],[-82.76000004972138,35.68000002915119],[-82.75000005000715,35.68000002915119],[-82.75000005000715,35.69000002886539],[-82.74000005029289,35.69000002886539],[-82.74000005029289,35.700000028579595],[-82.73000005057865,35.700000028579595],[-82.73000005057865,35.720000028008],[-82.72000005086441,35.720000028008],[-82.72000005086441,35.700000028579595],[-82.71000005115016,35.700000028579595],[-82.71000005115016,35.7100000282938],[-82.70000005143592,35.7100000282938],[-82.70000005143592,35.68000002915119],[-82.69000005172167,35.68000002915119],[-82.69000005172167,35.69000002886539],[-82.66000005257894,35.69000002886539],[-82.66000005257894,35.700000028579595],[-82.64000005315044,35.700000028579595],[-82.64000005315044,35.69000002886539],[-82.6300000534362,35.69000002886539],[-82.6300000534362,35.700000028579595],[-82.61000005400771,35.700000028579595],[-82.61000005400771,35.720000028008],[-82.59000005457922,35.720000028008],[-82.59000005457922,35.73000002772221],[-82.61000005400771,35.73000002772221],[-82.61000005400771,35.740000027436416],[-82.6500000528647,35.740000027436416],[-82.6500000528647,35.75000002715062],[-82.66000005257894,35.75000002715062],[-82.66000005257894,35.740000027436416],[-82.68000005200743,35.740000027436416],[-82.68000005200743,35.73000002772221],[-82.67000005229319,35.73000002772221],[-82.67000005229319,35.720000028008],[-82.68000005200743,35.720000028008],[-82.68000005200743,35.700000028579595],[-82.69000005172167,35.700000028579595],[-82.69000005172167,35.720000028008],[-82.70000005143592,35.720000028008],[-82.70000005143592,35.73000002772221],[-82.72000005086441,35.73000002772221],[-82.72000005086441,35.740000027436416],[-82.71000005115016,35.740000027436416],[-82.71000005115016,35.75000002715062],[-82.70000005143592,35.75000002715062],[-82.70000005143592,35.76000002686482],[-82.69000005172167,35.76000002686482],[-82.69000005172167,35.78000002629323],[-82.72000005086441,35.78000002629323],[-82.72000005086441,35.790000026007434],[-82.73000005057865,35.790000026007434],[-82.73000005057865,35.78000002629323],[-82.74000005029289,35.78000002629323],[-82.74000005029289,35.76000002686482],[-82.75000005000715,35.76000002686482],[-82.75000005000715,35.77000002657903],[-82.76000004972138,35.77000002657903],[-82.76000004972138,35.78000002629323],[-82.77000004943564,35.78000002629323],[-82.77000004943564,35.790000026007434],[-82.79000004886413,35.790000026007434]],[[-82.72000005086441,35.77000002657903],[-82.71000005115016,35.77000002657903],[-82.71000005115016,35.76000002686482],[-82.72000005086441,35.76000002686482],[-82.72000005086441,35.77000002657903]],[[-82.74000005029289,35.76000002686482],[-82.73000005057865,35.76000002686482],[-82.73000005057865,35.75000002715062],[-82.74000005029289,35.75000002715062],[-82.74000005029289,35.76000002686482]],[[-82.76000004972138,35.73000002772221],[-82.73000005057865,35.73000002772221],[-82.73000005057865,35.720000028008],[-82.76000004972138,35.720000028008],[-82.76000004972138,35.73000002772221]],[[-82.6300000534362,35.73000002772221],[-82.62000005372197,35.73000002772221],[-82.62000005372197,35.720000028008],[-82.6300000534362,35.720000028008],[-82.6300000534362,35.73000002772221]],[[-82.79000004886413,35.720000028008],[-82.78000004914988,35.720000028008],[-82.78000004914988,35.7100000282938],[-82.79000004886413,35.7100000282938],[-82.79000004886413,35.720000028008]],[[-82.66000005257894,35.720000028008],[-82.64000005315044,35.720000028008],[-82.64000005315044,35.7100000282938],[-82.66000005257894,35.7100000282938],[-82.66000005257894,35.720000028008]],[[-82.81000004829261,35.7100000282938],[-82.79000004886413,35.7100000282938],[-82.79000004886413,35.700000028579595],[-82.81000004829261,35.700000028579595],[-82.81000004829261,35.7100000282938]],[[-82.77000004943564,35.7100000282938],[-82.75000005000715,35.7100000282938],[-82.75000005000715,35.700000028579595],[-82.77000004943564,35.700000028579595],[-82.77000004943564,35.7100000282938]],[[-82.78000004914988,35.700000028579595],[-82.77000004943564,35.700000028579595],[-82.77000004943564,35.69000002886539],[-82.78000004914988,35.69000002886539],[-82.78000004914988,35.700000028579595]],[[-82.81000004829261,35.69000002886539],[-82.80000004857837,35.69000002886539],[-82.80000004857837,35.68000002915119],[-82.81000004829261,35.68000002915119],[-82.81000004829261,35.69000002886539]],[[-82.85000004714959,35.68000002915119],[-82.8300000477211,35.68000002915119],[-82.8300000477211,35.670000029436984],[-82.82000004800686,35.670000029436984],[-82.82000004800686,35.66000002972278],[-82.81000004829261,35.66000002972278],[-82.81000004829261,35.65000003000858],[-82.82000004800686,35.65000003000858],[-82.82000004800686,35.63000003058017],[-82.84000004743535,35.63000003058017],[-82.84000004743535,35.640000030294374],[-82.8300000477211,35.640000030294374],[-82.8300000477211,35.65000003000858],[-82.85000004714959,35.65000003000858],[-82.85000004714959,35.68000002915119]],[[-82.81000004829261,35.65000003000858],[-82.80000004857837,35.65000003000858],[-82.80000004857837,35.640000030294374],[-82.81000004829261,35.640000030294374],[-82.81000004829261,35.65000003000858]],[[-82.88000004629232,35.62000003086597],[-82.87000004657808,35.62000003086597],[-82.87000004657808,35.61000003115176],[-82.86000004686383,35.61000003115176],[-82.86000004686383,35.60000003143756],[-82.88000004629232,35.60000003143756],[-82.88000004629232,35.62000003086597]],[[-82.90000004572082,35.59000003172335],[-82.89000004600658,35.59000003172335],[-82.89000004600658,35.580000032009146],[-82.90000004572082,35.580000032009146],[-82.90000004572082,35.59000003172335]]]}},{"id":"447","type":"Feature","properties":{"category":1,"label":"cat 1"},"geometry":{"type":"Polygon","coordinates":[[[-82.88000004629232,35.56000003258074],[-82.88000004629232,35.550000032866535],[-82.87000004657808,35.550000032866535],[-82.87000004657808,35.56000003258074],[-82.88000004629232,35.56000003258074]]]}},{"id":"448","type":"Feature","properties":{"category":1,"label":"cat 1"},"geometry":{"type":"Polygon","coordinates":[[[-82.78000004914988,35.56000003258074],[-82.78000004914988,35.550000032866535],[-82.77000004943564,35.550000032866535],[-82.77000004943564,35.56000003258074],[-82.78000004914988,35.56000003258074]]]}},{"id":"449","type":"Feature","properties":{"category":1,"label":"cat 1"},"geometry":{"type":"Polygon","coordinates":[[[-81.95000007286755,35.56000003258074],[-81.95000007286755,35.550000032866535],[-81.9400000731533,35.550000032866535],[-81.9400000731533,35.56000003258074],[-81.95000007286755,35.56000003258074]]]}},{"id":"450","type":"Feature","properties":{"category":1,"label":"cat 1"},"geometry":{"type":"Polygon","coordinates":[[[-83.7200000222889,35.550000032866535],[-83.7200000222889,35.54000003315233],[-83.71000002257465,35.54000003315233],[-83.71000002257465,35.550000032866535],[-83.7200000222889,35.550000032866535]]]}},{"id":"451","type":"Feature","properties":{"category":1,"label":"cat 1"},"geometry":{"type":"Polygon","coordinates":[[[-82.97000004372053,35.550000032866535],[-82.97000004372053,35.54000003315233],[-82.96000004400629,35.54000003315233],[-82.96000004400629,35.550000032866535],[-82.97000004372053,35.550000032866535]]]}},{"id":"452","type":"Feature","properties":{"category":1,"label":"cat 1"},"geometry":{"type":"Polygon","coordinates":[[[-83.00000004286326,35.57000003229494],[-83.00000004286326,35.54000003315233],[-82.99000004314902,35.54000003315233],[-82.99000004314902,35.53000003343813],[-82.98000004343477,35.53000003343813],[-82.98000004343477,35.550000032866535],[-82.97000004372053,35.550000032866535],[-82.97000004372053,35.56000003258074],[-82.98000004343477,35.56000003258074],[-82.98000004343477,35.57000003229494],[-83.00000004286326,35.57000003229494]]]}},{"id":"453","type":"Feature","properties":{"category":1,"label":"cat 1"},"geometry":{"type":"Polygon","coordinates":[[[-82.9400000445778,35.54000003315233],[-82.9400000445778,35.53000003343813],[-82.93000004486355,35.53000003343813],[-82.93000004486355,35.54000003315233],[-82.9400000445778,35.54000003315233]]]}},{"id":"454","type":"Feature","properties":{"category":1,"label":"cat 1"},"geometry":{"type":"Polygon","coordinates":[[[-83.73000002200314,35.53000003343813],[-83.73000002200314,35.520000033723925],[-83.7200000222889,35.520000033723925],[-83.7200000222889,35.53000003343813],[-83.73000002200314,35.53000003343813]]]}},{"id":"455","type":"Feature","properties":{"category":1,"label":"cat 1"},"geometry":{"type":"Polygon","coordinates":[[[-82.99000004314902,35.520000033723925],[-82.99000004314902,35.51000003400972],[-82.98000004343477,35.51000003400972],[-82.98000004343477,35.520000033723925],[-82.99000004314902,35.520000033723925]]]}},{"id":"456","type":"Feature","properties":{"category":1,"label":"cat 1"},"geometry":{"type":"Polygon","coordinates":[[[-82.88000004629232,35.520000033723925],[-82.88000004629232,35.50000003429552],[-82.87000004657808,35.50000003429552],[-82.87000004657808,35.520000033723925],[-82.88000004629232,35.520000033723925]]]}},{"id":"457","type":"Feature","properties":{"category":1,"label":"cat 1"},"geometry":{"type":"Polygon","coordinates":[[[-83.96000001543078,35.51000003400972],[-83.96000001543078,35.50000003429552],[-83.95000001571653,35.50000003429552],[-83.95000001571653,35.51000003400972],[-83.96000001543078,35.51000003400972]]]}},{"id":"458","type":"Feature","properties":{"category":1,"label":"cat 1"},"geometry":{"type":"Polygon","coordinates":[[[-83.74000002171739,35.51000003400972],[-83.74000002171739,35.50000003429552],[-83.73000002200314,35.50000003429552],[-83.73000002200314,35.51000003400972],[-83.74000002171739,35.51000003400972]]]}},{"id":"459","type":"Feature","properties":{"category":1,"label":"cat 1"},"geometry":{"type":"Polygon","coordinates":[[[-82.90000004572082,35.51000003400972],[-82.90000004572082,35.50000003429552],[-82.89000004600658,35.50000003429552],[-82.89000004600658,35.51000003400972],[-82.90000004572082,35.51000003400972]]]}},{"id":"460","type":"Feature","properties":{"category":1,"label":"cat 1"},"geometry":{"type":"Polygon","coordinates":[[[-83.39000003171881,35.50000003429552],[-83.39000003171881,35.490000034581314],[-83.38000003200457,35.490000034581314],[-83.38000003200457,35.50000003429552],[-83.39000003171881,35.50000003429552]]]}},{"id":"461","type":"Feature","properties":{"category":1,"label":"cat 1"},"geometry":{"type":"Polygon","coordinates":[[[-83.2300000362909,35.50000003429552],[-83.2300000362909,35.490000034581314],[-83.22000003657665,35.490000034581314],[-83.22000003657665,35.50000003429552],[-83.2300000362909,35.50000003429552]]]}},{"id":"462","type":"Feature","properties":{"category":1,"label":"cat 1"},"geometry":{"type":"Polygon","coordinates":[[[-83.07000004086298,35.50000003429552],[-83.07000004086298,35.490000034581314],[-83.06000004114874,35.490000034581314],[-83.06000004114874,35.50000003429552],[-83.07000004086298,35.50000003429552]]]}},{"id":"463","type":"Feature","properties":{"category":1,"label":"cat 1"},"geometry":{"type":"Polygon","coordinates":[[[-83.02000004229176,35.50000003429552],[-83.02000004229176,35.490000034581314],[-83.01000004257752,35.490000034581314],[-83.01000004257752,35.50000003429552],[-83.02000004229176,35.50000003429552]]]}},{"id":"464","type":"Feature","properties":{"category":1,"label":"cat 1"},"geometry":{"type":"Polygon","coordinates":[[[-82.93000004486355,35.50000003429552],[-82.93000004486355,35.490000034581314],[-82.91000004543505,35.490000034581314],[-82.91000004543505,35.50000003429552],[-82.93000004486355,35.50000003429552]]]}},{"id":"465","type":"Feature","properties":{"category":1,"label":"cat 1"},"geometry":{"type":"Polygon","coordinates":[[[-84.15000001000143,35.50000003429552],[-84.15000001000143,35.48000003486711],[-84.13000001057294,35.48000003486711],[-84.13000001057294,35.490000034581314],[-84.12000001085869,35.490000034581314],[-84.12000001085869,35.50000003429552],[-84.15000001000143,35.50000003429552]]]}},{"id":"466","type":"Feature","properties":{"category":1,"label":"cat 1"},"geometry":{"type":"Polygon","coordinates":[[[-83.47000002943278,35.51000003400972],[-83.47000002943278,35.50000003429552],[-83.48000002914702,35.50000003429552],[-83.48000002914702,35.490000034581314],[-83.47000002943278,35.490000034581314],[-83.47000002943278,35.48000003486711],[-83.46000002971853,35.48000003486711],[-83.46000002971853,35.490000034581314],[-83.45000003000429,35.490000034581314],[-83.45000003000429,35.50000003429552],[-83.46000002971853,35.50000003429552],[-83.46000002971853,35.51000003400972],[-83.47000002943278,35.51000003400972]]]}},{"id":"467","type":"Feature","properties":{"category":1,"label":"cat 1"},"geometry":{"type":"Polygon","coordinates":[[[-83.25000003571938,35.50000003429552],[-83.25000003571938,35.48000003486711],[-83.2300000362909,35.48000003486711],[-83.2300000362909,35.490000034581314],[-83.24000003600514,35.490000034581314],[-83.24000003600514,35.50000003429552],[-83.25000003571938,35.50000003429552]]]}},{"id":"468","type":"Feature","properties":{"category":1,"label":"cat 1"},"geometry":{"type":"Polygon","coordinates":[[[-82.98000004343477,35.50000003429552],[-82.98000004343477,35.48000003486711],[-82.97000004372053,35.48000003486711],[-82.97000004372053,35.50000003429552],[-82.98000004343477,35.50000003429552]]]}},{"id":"469","type":"Feature","properties":{"category":1,"label":"cat 1"},"geometry":{"type":"Polygon","coordinates":[[[-82.82000004800686,35.490000034581314],[-82.82000004800686,35.48000003486711],[-82.81000004829261,35.48000003486711],[-82.81000004829261,35.490000034581314],[-82.82000004800686,35.490000034581314]]]}},{"id":"470","type":"Feature","properties":{"category":1,"label":"cat 1"},"geometry":{"type":"Polygon","coordinates":[[[-83.95000001571653,35.48000003486711],[-83.95000001571653,35.47000003515291],[-83.94000001600229,35.47000003515291],[-83.94000001600229,35.48000003486711],[-83.95000001571653,35.48000003486711]]]}},{"id":"471","type":"Feature","properties":{"category":1,"label":"cat 1"},"geometry":{"type":"Polygon","coordinates":[[[-83.68000002343192,35.48000003486711],[-83.68000002343192,35.47000003515291],[-83.67000002371768,35.47000003515291],[-83.67000002371768,35.48000003486711],[-83.68000002343192,35.48000003486711]]]}},{"id":"472","type":"Feature","properties":{"category":1,"label":"cat 1"},"geometry":{"type":"Polygon","coordinates":[[[-83.60000002571796,35.48000003486711],[-83.60000002571796,35.460000035438696],[-83.59000002600371,35.460000035438696],[-83.59000002600371,35.48000003486711],[-83.60000002571796,35.48000003486711]]]}},{"id":"473","type":"Feature","properties":{"category":1,"label":"cat 1"},"geometry":{"type":"Polygon","coordinates":[[[-83.02000004229176,35.47000003515291],[-83.02000004229176,35.460000035438696],[-83.01000004257752,35.460000035438696],[-83.01000004257752,35.47000003515291],[-83.02000004229176,35.47000003515291]]]}},{"id":"474","type":"Feature","properties":{"category":1,"label":"cat 1"},"geometry":{"type":"Polygon","coordinates":[[[-82.98000004343477,35.47000003515291],[-82.98000004343477,35.460000035438696],[-82.97000004372053,35.460000035438696],[-82.97000004372053,35.47000003515291],[-82.98000004343477,35.47000003515291]]]}},{"id":"475","type":"Feature","properties":{"category":1,"label":"cat 1"},"geometry":{"type":"Polygon","coordinates":[[[-82.9400000445778,35.47000003515291],[-82.9400000445778,35.460000035438696],[-82.92000004514931,35.460000035438696],[-82.92000004514931,35.47000003515291],[-82.9400000445778,35.47000003515291]]]}},{"id":"476","type":"Feature","properties":{"category":1,"label":"cat 1"},"geometry":{"type":"Polygon","coordinates":[[[-83.00000004286326,35.490000034581314],[-83.00000004286326,35.48000003486711],[-83.01000004257752,35.48000003486711],[-83.01000004257752,35.47000003515291],[-83.00000004286326,35.47000003515291],[-83.00000004286326,35.45000003572449],[-82.98000004343477,35.45000003572449],[-82.98000004343477,35.460000035438696],[-82.99000004314902,35.460000035438696],[-82.99000004314902,35.47000003515291],[-82.98000004343477,35.47000003515291],[-82.98000004343477,35.48000003486711],[-82.99000004314902,35.48000003486711],[-82.99000004314902,35.490000034581314],[-83.00000004286326,35.490000034581314]]]}},{"id":"477","type":"Feature","properties":{"category":1,"label":"cat 1"},"geometry":{"type":"Polygon","coordinates":[[[-83.91000001685956,35.460000035438696],[-83.91000001685956,35.45000003572449],[-83.9000000171453,35.45000003572449],[-83.9000000171453,35.460000035438696],[-83.91000001685956,35.460000035438696]]]}},{"id":"478","type":"Feature","properties":{"category":1,"label":"cat 1"},"geometry":{"type":"Polygon","coordinates":[[[-83.88000001771681,35.45000003572449],[-83.88000001771681,35.44000003601029],[-83.87000001800257,35.44000003601029],[-83.87000001800257,35.45000003572449],[-83.88000001771681,35.45000003572449]]]}},{"id":"479","type":"Feature","properties":{"category":1,"label":"cat 1"},"geometry":{"type":"Polygon","coordinates":[[[-83.24000003600514,35.45000003572449],[-83.24000003600514,35.44000003601029],[-83.2300000362909,35.44000003601029],[-83.2300000362909,35.45000003572449],[-83.24000003600514,35.45000003572449]]]}},{"id":"480","type":"Feature","properties":{"category":1,"label":"cat 1"},"geometry":{"type":"Polygon","coordinates":[[[-82.9400000445778,35.45000003572449],[-82.9400000445778,35.44000003601029],[-82.93000004486355,35.44000003601029],[-82.93000004486355,35.45000003572449],[-82.9400000445778,35.45000003572449]]]}},{"id":"481","type":"Feature","properties":{"category":1,"label":"cat 1"},"geometry":{"type":"Polygon","coordinates":[[[-84.12000001085869,35.44000003601029],[-84.12000001085869,35.430000036296086],[-84.11000001114445,35.430000036296086],[-84.11000001114445,35.44000003601029],[-84.12000001085869,35.44000003601029]]]}},{"id":"482","type":"Feature","properties":{"category":1,"label":"cat 1"},"geometry":{"type":"Polygon","coordinates":[[[-83.64000002457495,35.44000003601029],[-83.64000002457495,35.430000036296086],[-83.63000002486069,35.430000036296086],[-83.63000002486069,35.44000003601029],[-83.64000002457495,35.44000003601029]]]}},{"id":"483","type":"Feature","properties":{"category":1,"label":"cat 1"},"geometry":{"type":"Polygon","coordinates":[[[-84.13000001057294,35.430000036296086],[-84.13000001057294,35.42000003658188],[-84.12000001085869,35.42000003658188],[-84.12000001085869,35.430000036296086],[-84.13000001057294,35.430000036296086]]]}},{"id":"484","type":"Feature","properties":{"category":1,"label":"cat 1"},"geometry":{"type":"Polygon","coordinates":[[[-82.38000006058009,35.45000003572449],[-82.38000006058009,35.430000036296086],[-82.37000006086583,35.430000036296086],[-82.37000006086583,35.41000003686768],[-82.3600000611516,35.41000003686768],[-82.3600000611516,35.430000036296086],[-82.35000006143734,35.430000036296086],[-82.35000006143734,35.45000003572449],[-82.3600000611516,35.45000003572449],[-82.3600000611516,35.44000003601029],[-82.37000006086583,35.44000003601029],[-82.37000006086583,35.45000003572449],[-82.38000006058009,35.45000003572449]]]}},{"id":"485","type":"Feature","properties":{"category":1,"label":"cat 1"},"geometry":{"type":"Polygon","coordinates":[[[-83.9000000171453,35.41000003686768],[-83.9000000171453,35.400000037153475],[-83.89000001743106,35.400000037153475],[-83.89000001743106,35.41000003686768],[-83.9000000171453,35.41000003686768]]]}},{"id":"486","type":"Feature","properties":{"category":1,"label":"cat 1"},"geometry":{"type":"Polygon","coordinates":[[[-84.10000001143021,35.400000037153475],[-84.10000001143021,35.38000003772507],[-84.09000001171596,35.38000003772507],[-84.09000001171596,35.400000037153475],[-84.10000001143021,35.400000037153475]]]}},{"id":"487","type":"Feature","properties":{"category":1,"label":"cat 1"},"geometry":{"type":"Polygon","coordinates":[[[-82.90000004572082,35.45000003572449],[-82.90000004572082,35.41000003686768],[-82.91000004543505,35.41000003686768],[-82.91000004543505,35.400000037153475],[-82.90000004572082,35.400000037153475],[-82.90000004572082,35.39000003743927],[-82.89000004600658,35.39000003743927],[-82.89000004600658,35.370000038010865],[-82.88000004629232,35.370000038010865],[-82.88000004629232,35.38000003772507],[-82.87000004657808,35.38000003772507],[-82.87000004657808,35.370000038010865],[-82.86000004686383,35.370000038010865],[-82.86000004686383,35.38000003772507],[-82.84000004743535,35.38000003772507],[-82.84000004743535,35.39000003743927],[-82.85000004714959,35.39000003743927],[-82.85000004714959,35.400000037153475],[-82.84000004743535,35.400000037153475],[-82.84000004743535,35.41000003686768],[-82.85000004714959,35.41000003686768],[-82.85000004714959,35.42000003658188],[-82.86000004686383,35.42000003658188],[-82.86000004686383,35.430000036296086],[-82.88000004629232,35.430000036296086],[-82.88000004629232,35.45000003572449],[-82.90000004572082,35.45000003572449]],[[-82.89000004600658,35.430000036296086],[-82.88000004629232,35.430000036296086],[-82.88000004629232,35.42000003658188],[-82.89000004600658,35.42000003658188],[-82.89000004600658,35.430000036296086]]]}},{"id":"488","type":"Feature","properties":{"category":1,"label":"cat 1"},"geometry":{"type":"Polygon","coordinates":[[[-83.4100000311473,35.39000003743927],[-83.4100000311473,35.370000038010865],[-83.40000003143307,35.370000038010865],[-83.40000003143307,35.39000003743927],[-83.4100000311473,35.39000003743927]]]}},{"id":"489","type":"Feature","properties":{"category":1,"label":"cat 1"},"geometry":{"type":"Polygon","coordinates":[[[-82.91000004543505,35.38000003772507],[-82.91000004543505,35.370000038010865],[-82.90000004572082,35.370000038010865],[-82.90000004572082,35.38000003772507],[-82.91000004543505,35.38000003772507]]]}},{"id":"490","type":"Feature","properties":{"category":1,"label":"cat 1"},"geometry":{"type":"Polygon","coordinates":[[[-83.9000000171453,35.36000003829666],[-83.9000000171453,35.35000003858246],[-83.89000001743106,35.35000003858246],[-83.89000001743106,35.36000003829666],[-83.9000000171453,35.36000003829666]]]}},{"id":"491","type":"Feature","properties":{"category":1,"label":"cat 1"},"geometry":{"type":"Polygon","coordinates":[[[-82.87000004657808,35.36000003829666],[-82.87000004657808,35.35000003858246],[-82.86000004686383,35.35000003858246],[-82.86000004686383,35.36000003829666],[-82.87000004657808,35.36000003829666]]]}},{"id":"492","type":"Feature","properties":{"category":1,"label":"cat 1"},"geometry":{"type":"Polygon","coordinates":[[[-83.9200000165738,35.35000003858246],[-83.9200000165738,35.340000038868254],[-83.91000001685956,35.340000038868254],[-83.91000001685956,35.35000003858246],[-83.9200000165738,35.35000003858246]]]}},{"id":"493","type":"Feature","properties":{"category":1,"label":"cat 1"},"geometry":{"type":"Polygon","coordinates":[[[-84.11000001114445,35.330000039154044],[-84.11000001114445,35.32000003943984],[-84.10000001143021,35.32000003943984],[-84.10000001143021,35.330000039154044],[-84.11000001114445,35.330000039154044]]]}},{"id":"494","type":"Feature","properties":{"category":1,"label":"cat 1"},"geometry":{"type":"Polygon","coordinates":[[[-82.88000004629232,35.32000003943984],[-82.88000004629232,35.31000003972564],[-82.87000004657808,35.31000003972564],[-82.87000004657808,35.32000003943984],[-82.88000004629232,35.32000003943984]]]}},{"id":"495","type":"Feature","properties":{"category":1,"label":"cat 1"},"geometry":{"type":"Polygon","coordinates":[[[-82.90000004572082,35.31000003972564],[-82.90000004572082,35.30000004001143],[-82.88000004629232,35.30000004001143],[-82.88000004629232,35.31000003972564],[-82.90000004572082,35.31000003972564]]]}},{"id":"496","type":"Feature","properties":{"category":1,"label":"cat 1"},"geometry":{"type":"Polygon","coordinates":[[[-83.00000004286326,35.31000003972564],[-83.00000004286326,35.29000004029723],[-82.98000004343477,35.29000004029723],[-82.98000004343477,35.30000004001143],[-82.96000004400629,35.30000004001143],[-82.96000004400629,35.31000003972564],[-83.00000004286326,35.31000003972564]]]}},{"id":"497","type":"Feature","properties":{"category":1,"label":"cat 1"},"geometry":{"type":"Polygon","coordinates":[[[-82.93000004486355,35.330000039154044],[-82.93000004486355,35.27000004086882],[-82.92000004514931,35.27000004086882],[-82.92000004514931,35.29000004029723],[-82.91000004543505,35.29000004029723],[-82.91000004543505,35.31000003972564],[-82.90000004572082,35.31000003972564],[-82.90000004572082,35.32000003943984],[-82.91000004543505,35.32000003943984],[-82.91000004543505,35.330000039154044],[-82.93000004486355,35.330000039154044]]]}},{"id":"498","type":"Feature","properties":{"category":1,"label":"cat 1"},"geometry":{"type":"Polygon","coordinates":[[[-82.88000004629232,35.280000040583026],[-82.88000004629232,35.27000004086882],[-82.87000004657808,35.27000004086882],[-82.87000004657808,35.280000040583026],[-82.88000004629232,35.280000040583026]]]}},{"id":"499","type":"Feature","properties":{"category":1,"label":"cat 1"},"geometry":{"type":"Polygon","coordinates":[[[-83.030000042006,35.29000004029723],[-83.030000042006,35.280000040583026],[-83.02000004229176,35.280000040583026],[-83.02000004229176,35.26000004115462],[-83.01000004257752,35.26000004115462],[-83.01000004257752,35.27000004086882],[-83.00000004286326,35.27000004086882],[-83.00000004286326,35.29000004029723],[-83.030000042006,35.29000004029723]]]}},{"id":"500","type":"Feature","properties":{"category":1,"label":"cat 1"},"geometry":{"type":"Polygon","coordinates":[[[-82.2500000642949,35.27000004086882],[-82.2500000642949,35.26000004115462],[-82.24000006458066,35.26000004115462],[-82.24000006458066,35.27000004086882],[-82.2500000642949,35.27000004086882]]]}},{"id":"501","type":"Feature","properties":{"category":1,"label":"cat 1"},"geometry":{"type":"Polygon","coordinates":[[[-83.00000004286326,35.27000004086882],[-83.00000004286326,35.250000041440416],[-82.99000004314902,35.250000041440416],[-82.99000004314902,35.27000004086882],[-83.00000004286326,35.27000004086882]]]}},{"id":"502","type":"Feature","properties":{"category":1,"label":"cat 1"},"geometry":{"type":"Polygon","coordinates":[[[-82.96000004400629,35.27000004086882],[-82.96000004400629,35.26000004115462],[-82.98000004343477,35.26000004115462],[-82.98000004343477,35.250000041440416],[-82.96000004400629,35.250000041440416],[-82.96000004400629,35.24000004172621],[-82.9400000445778,35.24000004172621],[-82.9400000445778,35.26000004115462],[-82.93000004486355,35.26000004115462],[-82.93000004486355,35.27000004086882],[-82.96000004400629,35.27000004086882]]]}},{"id":"503","type":"Feature","properties":{"category":1,"label":"cat 1"},"geometry":{"type":"Polygon","coordinates":[[[-82.38000006058009,35.250000041440416],[-82.38000006058009,35.24000004172621],[-82.37000006086583,35.24000004172621],[-82.37000006086583,35.250000041440416],[-82.38000006058009,35.250000041440416]]]}},{"id":"504","type":"Feature","properties":{"category":1,"label":"cat 1"},"geometry":{"type":"Polygon","coordinates":[[[-83.02000004229176,35.250000041440416],[-83.02000004229176,35.23000004201201],[-83.01000004257752,35.23000004201201],[-83.01000004257752,35.250000041440416],[-83.02000004229176,35.250000041440416]]]}},{"id":"505","type":"Feature","properties":{"category":1,"label":"cat 1"},"geometry":{"type":"Polygon","coordinates":[[[-84.41000000257179,35.24000004172621],[-84.41000000257179,35.23000004201201],[-84.40000000285755,35.23000004201201],[-84.40000000285755,35.24000004172621],[-84.41000000257179,35.24000004172621]]]}},{"id":"506","type":"Feature","properties":{"category":1,"label":"cat 1"},"geometry":{"type":"Polygon","coordinates":[[[-83.22000003657665,35.24000004172621],[-83.22000003657665,35.23000004201201],[-83.21000003686241,35.23000004201201],[-83.21000003686241,35.24000004172621],[-83.22000003657665,35.24000004172621]]]}},{"id":"507","type":"Feature","properties":{"category":1,"label":"cat 1"},"geometry":{"type":"Polygon","coordinates":[[[-82.98000004343477,35.23000004201201],[-82.98000004343477,35.220000042297805],[-82.97000004372053,35.220000042297805],[-82.97000004372053,35.23000004201201],[-82.98000004343477,35.23000004201201]]]}},{"id":"508","type":"Feature","properties":{"category":1,"label":"cat 1"},"geometry":{"type":"Polygon","coordinates":[[[-83.35000003286184,35.23000004201201],[-83.35000003286184,35.220000042297805],[-83.34000003314759,35.220000042297805],[-83.34000003314759,35.2100000425836],[-83.33000003343335,35.2100000425836],[-83.33000003343335,35.23000004201201],[-83.35000003286184,35.23000004201201]]]}},{"id":"509","type":"Feature","properties":{"category":1,"label":"cat 1"},"geometry":{"type":"Polygon","coordinates":[[[-84.07000001228747,35.220000042297805],[-84.07000001228747,35.2100000425836],[-84.06000001257323,35.2100000425836],[-84.06000001257323,35.220000042297805],[-84.07000001228747,35.220000042297805]]]}},{"id":"510","type":"Feature","properties":{"category":1,"label":"cat 1"},"geometry":{"type":"Polygon","coordinates":[[[-82.38000006058009,35.220000042297805],[-82.38000006058009,35.2100000425836],[-82.37000006086583,35.2100000425836],[-82.37000006086583,35.220000042297805],[-82.38000006058009,35.220000042297805]]]}},{"id":"511","type":"Feature","properties":{"category":1,"label":"cat 1"},"geometry":{"type":"Polygon","coordinates":[[[-83.21000003686241,35.2100000425836],[-83.21000003686241,35.20000004286939],[-83.20000003714816,35.20000004286939],[-83.20000003714816,35.2100000425836],[-83.21000003686241,35.2100000425836]]]}},{"id":"512","type":"Feature","properties":{"category":1,"label":"cat 1"},"geometry":{"type":"Polygon","coordinates":[[[-82.37000006086583,35.2100000425836],[-82.37000006086583,35.20000004286939],[-82.35000006143734,35.20000004286939],[-82.35000006143734,35.2100000425836],[-82.37000006086583,35.2100000425836]]]}},{"id":"513","type":"Feature","properties":{"category":1,"label":"cat 1"},"geometry":{"type":"Polygon","coordinates":[[[-83.2300000362909,35.23000004201201],[-83.2300000362909,35.220000042297805],[-83.24000003600514,35.220000042297805],[-83.24000003600514,35.19000004315519],[-83.21000003686241,35.19000004315519],[-83.21000003686241,35.20000004286939],[-83.22000003657665,35.20000004286939],[-83.22000003657665,35.2100000425836],[-83.21000003686241,35.2100000425836],[-83.21000003686241,35.220000042297805],[-83.22000003657665,35.220000042297805],[-83.22000003657665,35.23000004201201],[-83.2300000362909,35.23000004201201]]]}},{"id":"514","type":"Feature","properties":{"category":1,"label":"cat 1"},"geometry":{"type":"Polygon","coordinates":[[[-83.7200000222889,35.2100000425836],[-83.7200000222889,35.19000004315519],[-83.71000002257465,35.19000004315519],[-83.71000002257465,35.2100000425836],[-83.7200000222889,35.2100000425836]]]}},{"id":"515","type":"Feature","properties":{"category":1,"label":"cat 1"},"geometry":{"type":"Polygon","coordinates":[[[-83.60000002571796,35.20000004286939],[-83.60000002571796,35.19000004315519],[-83.59000002600371,35.19000004315519],[-83.59000002600371,35.20000004286939],[-83.60000002571796,35.20000004286939]]]}},{"id":"516","type":"Feature","properties":{"category":1,"label":"cat 1"},"geometry":{"type":"Polygon","coordinates":[[[-81.28000009201314,35.20000004286939],[-81.28000009201314,35.19000004315519],[-81.2700000922989,35.19000004315519],[-81.2700000922989,35.20000004286939],[-81.28000009201314,35.20000004286939]]]}},{"id":"517","type":"Feature","properties":{"category":1,"label":"cat 1"},"geometry":{"type":"Polygon","coordinates":[[[-83.75000002143163,35.20000004286939],[-83.75000002143163,35.19000004315519],[-83.74000002171739,35.19000004315519],[-83.74000002171739,35.180000043440984],[-83.73000002200314,35.180000043440984],[-83.73000002200314,35.20000004286939],[-83.75000002143163,35.20000004286939]]]}},{"id":"518","type":"Feature","properties":{"category":1,"label":"cat 1"},"geometry":{"type":"Polygon","coordinates":[[[-83.56000002686098,35.19000004315519],[-83.56000002686098,35.17000004372678],[-83.55000002714674,35.17000004372678],[-83.55000002714674,35.19000004315519],[-83.56000002686098,35.19000004315519]]]}},{"id":"519","type":"Feature","properties":{"category":1,"label":"cat 1"},"geometry":{"type":"Polygon","coordinates":[[[-83.67000002371768,35.180000043440984],[-83.67000002371768,35.17000004372678],[-83.66000002400342,35.17000004372678],[-83.66000002400342,35.180000043440984],[-83.67000002371768,35.180000043440984]]]}},{"id":"520","type":"Feature","properties":{"category":1,"label":"cat 1"},"geometry":{"type":"Polygon","coordinates":[[[-83.64000002457495,35.180000043440984],[-83.64000002457495,35.17000004372678],[-83.63000002486069,35.17000004372678],[-83.63000002486069,35.180000043440984],[-83.64000002457495,35.180000043440984]]]}},{"id":"521","type":"Feature","properties":{"category":1,"label":"cat 1"},"geometry":{"type":"Polygon","coordinates":[[[-84.22000000800114,35.91000002257788],[-84.22000000800114,35.88000002343527],[-84.23000000771539,35.88000002343527],[-84.23000000771539,35.890000023149476],[-84.24000000742963,35.890000023149476],[-84.24000000742963,35.87000002372107],[-84.25000000714388,35.87000002372107],[-84.25000000714388,35.860000024006865],[-84.26000000685812,35.860000024006865],[-84.26000000685812,35.87000002372107],[-84.27000000657237,35.87000002372107],[-84.27000000657237,35.860000024006865],[-84.28000000628661,35.860000024006865],[-84.28000000628661,35.87000002372107],[-84.3000000057151,35.87000002372107],[-84.3000000057151,35.850000024292655],[-84.29000000600085,35.850000024292655],[-84.29000000600085,35.84000002457845],[-84.31000000542934,35.84000002457845],[-84.31000000542934,35.83000002486425],[-84.3200000051436,35.83000002486425],[-84.3200000051436,35.820000025150044],[-84.33000000485784,35.820000025150044],[-84.33000000485784,35.87000002372107],[-84.34000000457208,35.87000002372107],[-84.34000000457208,35.860000024006865],[-84.36000000400057,35.860000024006865],[-84.36000000400057,35.87000002372107],[-84.3900000031433,35.87000002372107],[-84.3900000031433,35.88000002343527],[-84.40000000285755,35.88000002343527],[-84.40000000285755,35.87000002372107],[-84.41000000257179,35.87000002372107],[-84.41000000257179,35.860000024006865],[-84.3900000031433,35.860000024006865],[-84.3900000031433,35.84000002457845],[-84.40000000285755,35.84000002457845],[-84.40000000285755,35.850000024292655],[-84.42000000228605,35.850000024292655],[-84.42000000228605,35.87000002372107],[-84.43000000200028,35.87000002372107],[-84.43000000200028,35.860000024006865],[-84.44000000171454,35.860000024006865],[-84.44000000171454,35.87000002372107],[-84.47000000085727,35.87000002372107],[-84.47000000085727,35.850000024292655],[-84.5,35.850000024292655],[-84.5,35.66000002972278],[-84.49000000028576,35.66000002972278],[-84.49000000028576,35.65000003000858],[-84.48000000057151,35.65000003000858],[-84.48000000057151,35.640000030294374],[-84.5,35.640000030294374],[-84.5,35.63000003058017],[-84.49000000028576,35.63000003058017],[-84.49000000028576,35.62000003086597],[-84.47000000085727,35.62000003086597],[-84.47000000085727,35.63000003058017],[-84.44000000171454,35.63000003058017],[-84.44000000171454,35.640000030294374],[-84.43000000200028,35.640000030294374],[-84.43000000200028,35.63000003058017],[-84.42000000228605,35.63000003058017],[-84.42000000228605,35.62000003086597],[-84.3900000031433,35.62000003086597],[-84.3900000031433,35.63000003058017],[-84.37000000371482,35.63000003058017],[-84.37000000371482,35.62000003086597],[-84.38000000342906,35.62000003086597],[-84.38000000342906,35.61000003115176],[-84.37000000371482,35.61000003115176],[-84.37000000371482,35.60000003143756],[-84.36000000400057,35.60000003143756],[-84.36000000400057,35.61000003115176],[-84.35000000428633,35.61000003115176],[-84.35000000428633,35.62000003086597],[-84.3200000051436,35.62000003086597],[-84.3200000051436,35.60000003143756],[-84.31000000542934,35.60000003143756],[-84.31000000542934,35.59000003172335],[-84.34000000457208,35.59000003172335],[-84.34000000457208,35.580000032009146],[-84.35000000428633,35.580000032009146],[-84.35000000428633,35.56000003258074],[-84.36000000400057,35.56000003258074],[-84.36000000400057,35.580000032009146],[-84.37000000371482,35.580000032009146],[-84.37000000371482,35.59000003172335],[-84.38000000342906,35.59000003172335],[-84.38000000342906,35.57000003229494],[-84.37000000371482,35.57000003229494],[-84.37000000371482,35.56000003258074],[-84.38000000342906,35.56000003258074],[-84.38000000342906,35.550000032866535],[-84.3900000031433,35.550000032866535],[-84.3900000031433,35.56000003258074],[-84.40000000285755,35.56000003258074],[-84.40000000285755,35.57000003229494],[-84.3900000031433,35.57000003229494],[-84.3900000031433,35.580000032009146],[-84.40000000285755,35.580000032009146],[-84.40000000285755,35.59000003172335],[-84.42000000228605,35.59000003172335],[-84.42000000228605,35.57000003229494],[-84.43000000200028,35.57000003229494],[-84.43000000200028,35.550000032866535],[-84.44000000171454,35.550000032866535],[-84.44000000171454,35.56000003258074],[-84.45000000142878,35.56000003258074],[-84.45000000142878,35.51000003400972],[-84.47000000085727,35.51000003400972],[-84.47000000085727,35.53000003343813],[-84.48000000057151,35.53000003343813],[-84.48000000057151,35.550000032866535],[-84.5,35.550000032866535],[-84.5,35.31000003972564],[-84.49000000028576,35.31000003972564],[-84.49000000028576,35.30000004001143],[-84.5,35.30000004001143],[-84.5,35.2100000425836],[-84.49000000028576,35.2100000425836],[-84.49000000028576,35.20000004286939],[-84.5,35.20000004286939],[-84.5,35.180000043440984],[-84.47000000085727,35.180000043440984],[-84.47000000085727,35.17000004372678],[-84.46000000114302,35.17000004372678],[-84.46000000114302,35.16000004401258],[-84.40000000285755,35.16000004401258],[-84.40000000285755,35.180000043440984],[-84.3900000031433,35.180000043440984],[-84.3900000031433,35.19000004315519],[-84.38000000342906,35.19000004315519],[-84.38000000342906,35.17000004372678],[-84.35000000428633,35.17000004372678],[-84.35000000428633,35.180000043440984],[-84.33000000485784,35.180000043440984],[-84.33000000485784,35.19000004315519],[-84.3200000051436,35.19000004315519],[-84.3200000051436,35.180000043440984],[-84.29000000600085,35.180000043440984],[-84.29000000600085,35.17000004372678],[-84.28000000628661,35.17000004372678],[-84.28000000628661,35.180000043440984],[-84.27000000657237,35.180000043440984],[-84.27000000657237,35.16000004401258],[-84.24000000742963,35.16000004401258],[-84.24000000742963,35.17000004372678],[-84.23000000771539,35.17000004372678],[-84.23000000771539,35.16000004401258],[-84.2100000082869,35.16000004401258],[-84.2100000082869,35.17000004372678],[-84.20000000857266,35.17000004372678],[-84.20000000857266,35.180000043440984],[-84.17000000942991,35.180000043440984],[-84.17000000942991,35.19000004315519],[-84.15000001000143,35.19000004315519],[-84.15000001000143,35.2100000425836],[-84.14000001028718,35.2100000425836],[-84.14000001028718,35.220000042297805],[-84.12000001085869,35.220000042297805],[-84.12000001085869,35.23000004201201],[-84.09000001171596,35.23000004201201],[-84.09000001171596,35.24000004172621],[-84.07000001228747,35.24000004172621],[-84.07000001228747,35.23000004201201],[-84.06000001257323,35.23000004201201],[-84.06000001257323,35.220000042297805],[-84.04000001314473,35.220000042297805],[-84.04000001314473,35.23000004201201],[-83.99000001457351,35.23000004201201],[-83.99000001457351,35.24000004172621],[-83.98000001485927,35.24000004172621],[-83.98000001485927,35.23000004201201],[-83.97000001514502,35.23000004201201],[-83.97000001514502,35.24000004172621],[-83.93000001628805,35.24000004172621],[-83.93000001628805,35.26000004115462],[-83.9200000165738,35.26000004115462],[-83.9200000165738,35.280000040583026],[-83.91000001685956,35.280000040583026],[-83.91000001685956,35.31000003972564],[-83.9200000165738,35.31000003972564],[-83.9200000165738,35.32000003943984],[-83.93000001628805,35.32000003943984],[-83.93000001628805,35.36000003829666],[-83.94000001600229,35.36000003829666],[-83.94000001600229,35.370000038010865],[-83.9000000171453,35.370000038010865],[-83.9000000171453,35.38000003772507],[-83.88000001771681,35.38000003772507],[-83.88000001771681,35.39000003743927],[-83.9000000171453,35.39000003743927],[-83.9000000171453,35.400000037153475],[-83.91000001685956,35.400000037153475],[-83.91000001685956,35.42000003658188],[-83.93000001628805,35.42000003658188],[-83.93000001628805,35.430000036296086],[-83.94000001600229,35.430000036296086],[-83.94000001600229,35.42000003658188],[-83.95000001571653,35.42000003658188],[-83.95000001571653,35.44000003601029],[-83.96000001543078,35.44000003601029],[-83.96000001543078,35.430000036296086],[-83.97000001514502,35.430000036296086],[-83.97000001514502,35.44000003601029],[-83.98000001485927,35.44000003601029],[-83.98000001485927,35.460000035438696],[-83.97000001514502,35.460000035438696],[-83.97000001514502,35.47000003515291],[-83.99000001457351,35.47000003515291],[-83.99000001457351,35.48000003486711],[-83.97000001514502,35.48000003486711],[-83.97000001514502,35.50000003429552],[-84.010000014002,35.50000003429552],[-84.010000014002,35.51000003400972],[-84.02000001371624,35.51000003400972],[-84.02000001371624,35.520000033723925],[-84.010000014002,35.520000033723925],[-84.010000014002,35.53000003343813],[-84.00000001428775,35.53000003343813],[-84.00000001428775,35.520000033723925],[-83.99000001457351,35.520000033723925],[-83.99000001457351,35.54000003315233],[-83.97000001514502,35.54000003315233],[-83.97000001514502,35.53000003343813],[-83.95000001571653,35.53000003343813],[-83.95000001571653,35.54000003315233],[-83.94000001600229,35.54000003315233],[-83.94000001600229,35.520000033723925],[-83.93000001628805,35.520000033723925],[-83.93000001628805,35.50000003429552],[-83.9200000165738,35.50000003429552],[-83.9200000165738,35.490000034581314],[-83.91000001685956,35.490000034581314],[-83.91000001685956,35.47000003515291],[-83.86000001828833,35.47000003515291],[-83.86000001828833,35.460000035438696],[-83.83000001914559,35.460000035438696],[-83.83000001914559,35.45000003572449],[-83.82000001943135,35.45000003572449],[-83.82000001943135,35.47000003515291],[-83.80000002000286,35.47000003515291],[-83.80000002000286,35.48000003486711],[-83.79000002028862,35.48000003486711],[-83.79000002028862,35.490000034581314],[-83.77000002086012,35.490000034581314],[-83.77000002086012,35.53000003343813],[-83.75000002143163,35.53000003343813],[-83.75000002143163,35.54000003315233],[-83.74000002171739,35.54000003315233],[-83.74000002171739,35.550000032866535],[-83.73000002200314,35.550000032866535],[-83.73000002200314,35.56000003258074],[-83.7200000222889,35.56000003258074],[-83.7200000222889,35.57000003229494],[-83.71000002257465,35.57000003229494],[-83.71000002257465,35.56000003258074],[-83.69000002314617,35.56000003258074],[-83.69000002314617,35.550000032866535],[-83.67000002371768,35.550000032866535],[-83.67000002371768,35.54000003315233],[-83.66000002400342,35.54000003315233],[-83.66000002400342,35.53000003343813],[-83.65000002428918,35.53000003343813],[-83.65000002428918,35.54000003315233],[-83.63000002486069,35.54000003315233],[-83.63000002486069,35.51000003400972],[-83.64000002457495,35.51000003400972],[-83.64000002457495,35.490000034581314],[-83.66000002400342,35.490000034581314],[-83.66000002400342,35.48000003486711],[-83.65000002428918,35.48000003486711],[-83.65000002428918,35.460000035438696],[-83.64000002457495,35.460000035438696],[-83.64000002457495,35.45000003572449],[-83.62000002514645,35.45000003572449],[-83.62000002514645,35.47000003515291],[-83.6100000254322,35.47000003515291],[-83.6100000254322,35.48000003486711],[-83.60000002571796,35.48000003486711],[-83.60000002571796,35.490000034581314],[-83.59000002600371,35.490000034581314],[-83.59000002600371,35.48000003486711],[-83.58000002628947,35.48000003486711],[-83.58000002628947,35.490000034581314],[-83.57000002657523,35.490000034581314],[-83.57000002657523,35.50000003429552],[-83.58000002628947,35.50000003429552],[-83.58000002628947,35.520000033723925],[-83.57000002657523,35.520000033723925],[-83.57000002657523,35.550000032866535],[-83.56000002686098,35.550000032866535],[-83.56000002686098,35.56000003258074],[-83.55000002714674,35.56000003258074],[-83.55000002714674,35.54000003315233],[-83.54000002743248,35.54000003315233],[-83.54000002743248,35.550000032866535],[-83.53000002771824,35.550000032866535],[-83.53000002771824,35.56000003258074],[-83.520000028004,35.56000003258074],[-83.520000028004,35.550000032866535],[-83.51000002828975,35.550000032866535],[-83.51000002828975,35.53000003343813],[-83.50000002857551,35.53000003343813],[-83.50000002857551,35.54000003315233],[-83.49000002886126,35.54000003315233],[-83.49000002886126,35.520000033723925],[-83.48000002914702,35.520000033723925],[-83.48000002914702,35.53000003343813],[-83.46000002971853,35.53000003343813],[-83.46000002971853,35.520000033723925],[-83.45000003000429,35.520000033723925],[-83.45000003000429,35.53000003343813],[-83.44000003029004,35.53000003343813],[-83.44000003029004,35.56000003258074],[-83.45000003000429,35.56000003258074],[-83.45000003000429,35.57000003229494],[-83.44000003029004,35.57000003229494],[-83.44000003029004,35.580000032009146],[-83.45000003000429,35.580000032009146],[-83.45000003000429,35.59000003172335],[-83.44000003029004,35.59000003172335],[-83.44000003029004,35.60000003143756],[-83.42000003086156,35.60000003143756],[-83.42000003086156,35.580000032009146],[-83.4100000311473,35.580000032009146],[-83.4100000311473,35.51000003400972],[-83.40000003143307,35.51000003400972],[-83.40000003143307,35.53000003343813],[-83.38000003200457,35.53000003343813],[-83.38000003200457,35.51000003400972],[-83.36000003257608,35.51000003400972],[-83.36000003257608,35.50000003429552],[-83.37000003229032,35.50000003429552],[-83.37000003229032,35.48000003486711],[-83.36000003257608,35.48000003486711],[-83.36000003257608,35.490000034581314],[-83.35000003286184,35.490000034581314],[-83.35000003286184,35.460000035438696],[-83.34000003314759,35.460000035438696],[-83.34000003314759,35.47000003515291],[-83.33000003343335,35.47000003515291],[-83.33000003343335,35.460000035438696],[-83.3200000337191,35.460000035438696],[-83.3200000337191,35.47000003515291],[-83.31000003400486,35.47000003515291],[-83.31000003400486,35.48000003486711],[-83.3200000337191,35.48000003486711],[-83.3200000337191,35.50000003429552],[-83.34000003314759,35.50000003429552],[-83.34000003314759,35.51000003400972],[-83.33000003343335,35.51000003400972],[-83.33000003343335,35.53000003343813],[-83.31000003400486,35.53000003343813],[-83.31000003400486,35.56000003258074],[-83.30000003429062,35.56000003258074],[-83.30000003429062,35.550000032866535],[-83.29000003457637,35.550000032866535],[-83.29000003457637,35.56000003258074],[-83.28000003486213,35.56000003258074],[-83.28000003486213,35.57000003229494],[-83.27000003514787,35.57000003229494],[-83.27000003514787,35.59000003172335],[-83.26000003543363,35.59000003172335],[-83.26000003543363,35.580000032009146],[-83.25000003571938,35.580000032009146],[-83.25000003571938,35.59000003172335],[-83.24000003600514,35.59000003172335],[-83.24000003600514,35.60000003143756],[-83.25000003571938,35.60000003143756],[-83.25000003571938,35.61000003115176],[-83.26000003543363,35.61000003115176],[-83.26000003543363,35.63000003058017],[-83.24000003600514,35.63000003058017],[-83.24000003600514,35.640000030294374],[-83.2300000362909,35.640000030294374],[-83.2300000362909,35.66000002972278],[-83.21000003686241,35.66000002972278],[-83.21000003686241,35.640000030294374],[-83.19000003743392,35.640000030294374],[-83.19000003743392,35.62000003086597],[-83.20000003714816,35.62000003086597],[-83.20000003714816,35.61000003115176],[-83.21000003686241,35.61000003115176],[-83.21000003686241,35.60000003143756],[-83.2300000362909,35.60000003143756],[-83.2300000362909,35.580000032009146],[-83.20000003714816,35.580000032009146],[-83.20000003714816,35.57000003229494],[-83.19000003743392,35.57000003229494],[-83.19000003743392,35.56000003258074],[-83.17000003800543,35.56000003258074],[-83.17000003800543,35.54000003315233],[-83.16000003829119,35.54000003315233],[-83.16000003829119,35.53000003343813],[-83.15000003857693,35.53000003343813],[-83.15000003857693,35.520000033723925],[-83.19000003743392,35.520000033723925],[-83.19000003743392,35.50000003429552],[-83.18000003771968,35.50000003429552],[-83.18000003771968,35.51000003400972],[-83.17000003800543,35.51000003400972],[-83.17000003800543,35.50000003429552],[-83.16000003829119,35.50000003429552],[-83.16000003829119,35.48000003486711],[-83.17000003800543,35.48000003486711],[-83.17000003800543,35.47000003515291],[-83.16000003829119,35.47000003515291],[-83.16000003829119,35.45000003572449],[-83.17000003800543,35.45000003572449],[-83.17000003800543,35.460000035438696],[-83.18000003771968,35.460000035438696],[-83.18000003771968,35.45000003572449],[-83.19000003743392,35.45000003572449],[-83.19000003743392,35.44000003601029],[-83.1400000388627,35.44000003601029],[-83.1400000388627,35.45000003572449],[-83.13000003914846,35.45000003572449],[-83.13000003914846,35.44000003601029],[-83.11000003971996,35.44000003601029],[-83.11000003971996,35.45000003572449],[-83.08000004057722,35.45000003572449],[-83.08000004057722,35.47000003515291],[-83.06000004114874,35.47000003515291],[-83.06000004114874,35.48000003486711],[-83.07000004086298,35.48000003486711],[-83.07000004086298,35.490000034581314],[-83.08000004057722,35.490000034581314],[-83.08000004057722,35.50000003429552],[-83.07000004086298,35.50000003429552],[-83.07000004086298,35.51000003400972],[-83.08000004057722,35.51000003400972],[-83.08000004057722,35.520000033723925],[-83.09000004029147,35.520000033723925],[-83.09000004029147,35.53000003343813],[-83.07000004086298,35.53000003343813],[-83.07000004086298,35.520000033723925],[-83.06000004114874,35.520000033723925],[-83.06000004114874,35.53000003343813],[-83.05000004143449,35.53000003343813],[-83.05000004143449,35.56000003258074],[-83.08000004057722,35.56000003258074],[-83.08000004057722,35.57000003229494],[-83.05000004143449,35.57000003229494],[-83.05000004143449,35.580000032009146],[-83.030000042006,35.580000032009146],[-83.030000042006,35.59000003172335],[-83.02000004229176,35.59000003172335],[-83.02000004229176,35.62000003086597],[-83.01000004257752,35.62000003086597],[-83.01000004257752,35.66000002972278],[-83.05000004143449,35.66000002972278],[-83.05000004143449,35.670000029436984],[-83.07000004086298,35.670000029436984],[-83.07000004086298,35.69000002886539],[-83.02000004229176,35.69000002886539],[-83.02000004229176,35.68000002915119],[-83.01000004257752,35.68000002915119],[-83.01000004257752,35.69000002886539],[-82.96000004400629,35.69000002886539],[-82.96000004400629,35.7100000282938],[-82.9400000445778,35.7100000282938],[-82.9400000445778,35.73000002772221],[-82.93000004486355,35.73000002772221],[-82.93000004486355,35.740000027436416],[-82.92000004514931,35.740000027436416],[-82.92000004514931,35.73000002772221],[-82.91000004543505,35.73000002772221],[-82.91000004543505,35.740000027436416],[-82.89000004600658,35.740000027436416],[-82.89000004600658,35.78000002629323],[-82.92000004514931,35.78000002629323],[-82.92000004514931,35.77000002657903],[-82.93000004486355,35.77000002657903],[-82.93000004486355,35.75000002715062],[-82.95000004429204,35.75000002715062],[-82.95000004429204,35.740000027436416],[-82.96000004400629,35.740000027436416],[-82.96000004400629,35.76000002686482],[-82.97000004372053,35.76000002686482],[-82.97000004372053,35.740000027436416],[-82.98000004343477,35.740000027436416],[-82.98000004343477,35.720000028008],[-82.99000004314902,35.720000028008],[-82.99000004314902,35.7100000282938],[-83.00000004286326,35.7100000282938],[-83.00000004286326,35.720000028008],[-83.030000042006,35.720000028008],[-83.030000042006,35.73000002772221],[-83.04000004172025,35.73000002772221],[-83.04000004172025,35.75000002715062],[-83.07000004086298,35.75000002715062],[-83.07000004086298,35.740000027436416],[-83.09000004029147,35.740000027436416],[-83.09000004029147,35.73000002772221],[-83.10000004000571,35.73000002772221],[-83.10000004000571,35.740000027436416],[-83.1200000394342,35.740000027436416],[-83.1200000394342,35.75000002715062],[-83.1400000388627,35.75000002715062],[-83.1400000388627,35.77000002657903],[-83.15000003857693,35.77000002657903],[-83.15000003857693,35.790000026007434],[-83.16000003829119,35.790000026007434],[-83.16000003829119,35.80000002572164],[-83.17000003800543,35.80000002572164],[-83.17000003800543,35.790000026007434],[-83.19000003743392,35.790000026007434],[-83.19000003743392,35.81000002543584],[-83.18000003771968,35.81000002543584],[-83.18000003771968,35.820000025150044],[-83.19000003743392,35.820000025150044],[-83.19000003743392,35.83000002486425],[-83.20000003714816,35.83000002486425],[-83.20000003714816,35.820000025150044],[-83.21000003686241,35.820000025150044],[-83.21000003686241,35.790000026007434],[-83.22000003657665,35.790000026007434],[-83.22000003657665,35.77000002657903],[-83.2300000362909,35.77000002657903],[-83.2300000362909,35.76000002686482],[-83.27000003514787,35.76000002686482],[-83.27000003514787,35.75000002715062],[-83.28000003486213,35.75000002715062],[-83.28000003486213,35.76000002686482],[-83.30000003429062,35.76000002686482],[-83.30000003429062,35.740000027436416],[-83.31000003400486,35.740000027436416],[-83.31000003400486,35.75000002715062],[-83.34000003314759,35.75000002715062],[-83.34000003314759,35.740000027436416],[-83.38000003200457,35.740000027436416],[-83.38000003200457,35.75000002715062],[-83.42000003086156,35.75000002715062],[-83.42000003086156,35.77000002657903],[-83.4100000311473,35.77000002657903],[-83.4100000311473,35.78000002629323],[-83.42000003086156,35.78000002629323],[-83.42000003086156,35.81000002543584],[-83.44000003029004,35.81000002543584],[-83.44000003029004,35.80000002572164],[-83.45000003000429,35.80000002572164],[-83.45000003000429,35.790000026007434],[-83.44000003029004,35.790000026007434],[-83.44000003029004,35.78000002629323],[-83.46000002971853,35.78000002629323],[-83.46000002971853,35.76000002686482],[-83.47000002943278,35.76000002686482],[-83.47000002943278,35.77000002657903],[-83.48000002914702,35.77000002657903],[-83.48000002914702,35.76000002686482],[-83.49000002886126,35.76000002686482],[-83.49000002886126,35.75000002715062],[-83.48000002914702,35.75000002715062],[-83.48000002914702,35.720000028008],[-83.49000002886126,35.720000028008],[-83.49000002886126,35.700000028579595],[-83.51000002828975,35.700000028579595],[-83.51000002828975,35.69000002886539],[-83.49000002886126,35.69000002886539],[-83.49000002886126,35.68000002915119],[-83.50000002857551,35.68000002915119],[-83.50000002857551,35.670000029436984],[-83.51000002828975,35.670000029436984],[-83.51000002828975,35.66000002972278],[-83.50000002857551,35.66000002972278],[-83.50000002857551,35.63000003058017],[-83.51000002828975,35.63000003058017],[-83.51000002828975,35.62000003086597],[-83.53000002771824,35.62000003086597],[-83.53000002771824,35.61000003115176],[-83.51000002828975,35.61000003115176],[-83.51000002828975,35.60000003143756],[-83.53000002771824,35.60000003143756],[-83.53000002771824,35.59000003172335],[-83.54000002743248,35.59000003172335],[-83.54000002743248,35.580000032009146],[-83.59000002600371,35.580000032009146],[-83.59000002600371,35.59000003172335],[-83.58000002628947,35.59000003172335],[-83.58000002628947,35.61000003115176],[-83.59000002600371,35.61000003115176],[-83.59000002600371,35.60000003143756],[-83.6100000254322,35.60000003143756],[-83.6100000254322,35.62000003086597],[-83.62000002514645,35.62000003086597],[-83.62000002514645,35.63000003058017],[-83.6100000254322,35.63000003058017],[-83.6100000254322,35.640000030294374],[-83.63000002486069,35.640000030294374],[-83.63000002486069,35.62000003086597],[-83.64000002457495,35.62000003086597],[-83.64000002457495,35.60000003143756],[-83.66000002400342,35.60000003143756],[-83.66000002400342,35.62000003086597],[-83.69000002314617,35.62000003086597],[-83.69000002314617,35.640000030294374],[-83.70000002286041,35.640000030294374],[-83.70000002286041,35.63000003058017],[-83.7200000222889,35.63000003058017],[-83.7200000222889,35.640000030294374],[-83.74000002171739,35.640000030294374],[-83.74000002171739,35.66000002972278],[-83.76000002114588,35.66000002972278],[-83.76000002114588,35.670000029436984],[-83.78000002057436,35.670000029436984],[-83.78000002057436,35.68000002915119],[-83.79000002028862,35.68000002915119],[-83.79000002028862,35.69000002886539],[-83.82000001943135,35.69000002886539],[-83.82000001943135,35.700000028579595],[-83.83000001914559,35.700000028579595],[-83.83000001914559,35.7100000282938],[-83.82000001943135,35.7100000282938],[-83.82000001943135,35.73000002772221],[-83.80000002000286,35.73000002772221],[-83.80000002000286,35.740000027436416],[-83.78000002057436,35.740000027436416],[-83.78000002057436,35.75000002715062],[-83.77000002086012,35.75000002715062],[-83.77000002086012,35.76000002686482],[-83.76000002114588,35.76000002686482],[-83.76000002114588,35.77000002657903],[-83.78000002057436,35.77000002657903],[-83.78000002057436,35.78000002629323],[-83.79000002028862,35.78000002629323],[-83.79000002028862,35.77000002657903],[-83.81000001971711,35.77000002657903],[-83.81000001971711,35.80000002572164],[-83.80000002000286,35.80000002572164],[-83.80000002000286,35.81000002543584],[-83.83000001914559,35.81000002543584],[-83.83000001914559,35.80000002572164],[-83.85000001857408,35.80000002572164],[-83.85000001857408,35.81000002543584],[-83.86000001828833,35.81000002543584],[-83.86000001828833,35.80000002572164],[-83.89000001743106,35.80000002572164],[-83.89000001743106,35.820000025150044],[-83.88000001771681,35.820000025150044],[-83.88000001771681,35.83000002486425],[-83.89000001743106,35.83000002486425],[-83.89000001743106,35.84000002457845],[-83.87000001800257,35.84000002457845],[-83.87000001800257,35.860000024006865],[-83.89000001743106,35.860000024006865],[-83.89000001743106,35.87000002372107],[-83.91000001685956,35.87000002372107],[-83.91000001685956,35.88000002343527],[-83.9200000165738,35.88000002343527],[-83.9200000165738,35.84000002457845],[-83.93000001628805,35.84000002457845],[-83.93000001628805,35.83000002486425],[-83.94000001600229,35.83000002486425],[-83.94000001600229,35.820000025150044],[-83.95000001571653,35.820000025150044],[-83.95000001571653,35.81000002543584],[-83.96000001543078,35.81000002543584],[-83.96000001543078,35.83000002486425],[-83.98000001485927,35.83000002486425],[-83.98000001485927,35.84000002457845],[-83.99000001457351,35.84000002457845],[-83.99000001457351,35.850000024292655],[-84.00000001428775,35.850000024292655],[-84.00000001428775,35.84000002457845],[-84.02000001371624,35.84000002457845],[-84.02000001371624,35.83000002486425],[-83.99000001457351,35.83000002486425],[-83.99000001457351,35.820000025150044],[-83.98000001485927,35.820000025150044],[-83.98000001485927,35.81000002543584],[-84.00000001428775,35.81000002543584],[-84.00000001428775,35.820000025150044],[-84.0300000134305,35.820000025150044],[-84.0300000134305,35.84000002457845],[-84.04000001314473,35.84000002457845],[-84.04000001314473,35.83000002486425],[-84.06000001257323,35.83000002486425],[-84.06000001257323,35.84000002457845],[-84.07000001228747,35.84000002457845],[-84.07000001228747,35.83000002486425],[-84.08000001200172,35.83000002486425],[-84.08000001200172,35.820000025150044],[-84.09000001171596,35.820000025150044],[-84.09000001171596,35.83000002486425],[-84.12000001085869,35.83000002486425],[-84.12000001085869,35.820000025150044],[-84.15000001000143,35.820000025150044],[-84.15000001000143,35.83000002486425],[-84.17000000942991,35.83000002486425],[-84.17000000942991,35.890000023149476],[-84.16000000971567,35.890000023149476],[-84.16000000971567,35.88000002343527],[-84.15000001000143,35.88000002343527],[-84.15000001000143,35.90000002286368],[-84.18000000914417,35.90000002286368],[-84.18000000914417,35.91000002257788],[-84.1900000088584,35.91000002257788],[-84.1900000088584,35.90000002286368],[-84.2100000082869,35.90000002286368],[-84.2100000082869,35.91000002257788],[-84.22000000800114,35.91000002257788]],[[-84.2100000082869,35.890000023149476],[-84.1900000088584,35.890000023149476],[-84.1900000088584,35.88000002343527],[-84.18000000914417,35.88000002343527],[-84.18000000914417,35.87000002372107],[-84.1900000088584,35.87000002372107],[-84.1900000088584,35.860000024006865],[-84.20000000857266,35.860000024006865],[-84.20000000857266,35.850000024292655],[-84.2100000082869,35.850000024292655],[-84.2100000082869,35.860000024006865],[-84.22000000800114,35.860000024006865],[-84.22000000800114,35.87000002372107],[-84.2100000082869,35.87000002372107],[-84.2100000082869,35.890000023149476]],[[-84.24000000742963,35.87000002372107],[-84.23000000771539,35.87000002372107],[-84.23000000771539,35.860000024006865],[-84.24000000742963,35.860000024006865],[-84.24000000742963,35.87000002372107]],[[-84.38000000342906,35.860000024006865],[-84.37000000371482,35.860000024006865],[-84.37000000371482,35.850000024292655],[-84.38000000342906,35.850000024292655],[-84.38000000342906,35.860000024006865]],[[-84.23000000771539,35.84000002457845],[-84.22000000800114,35.84000002457845],[-84.22000000800114,35.83000002486425],[-84.23000000771539,35.83000002486425],[-84.23000000771539,35.84000002457845]],[[-84.1900000088584,35.84000002457845],[-84.18000000914417,35.84000002457845],[-84.18000000914417,35.83000002486425],[-84.17000000942991,35.83000002486425],[-84.17000000942991,35.820000025150044],[-84.1900000088584,35.820000025150044],[-84.1900000088584,35.84000002457845]],[[-83.91000001685956,35.84000002457845],[-83.9000000171453,35.84000002457845],[-83.9000000171453,35.83000002486425],[-83.91000001685956,35.83000002486425],[-83.91000001685956,35.84000002457845]],[[-83.9200000165738,35.83000002486425],[-83.91000001685956,35.83000002486425],[-83.91000001685956,35.820000025150044],[-83.9200000165738,35.820000025150044],[-83.9200000165738,35.83000002486425]],[[-84.35000000428633,35.820000025150044],[-84.34000000457208,35.820000025150044],[-84.34000000457208,35.81000002543584],[-84.35000000428633,35.81000002543584],[-84.35000000428633,35.820000025150044]],[[-84.3200000051436,35.820000025150044],[-84.31000000542934,35.820000025150044],[-84.31000000542934,35.81000002543584],[-84.3200000051436,35.81000002543584],[-84.3200000051436,35.820000025150044]],[[-84.2100000082869,35.820000025150044],[-84.20000000857266,35.820000025150044],[-84.20000000857266,35.81000002543584],[-84.2100000082869,35.81000002543584],[-84.2100000082869,35.820000025150044]],[[-84.07000001228747,35.820000025150044],[-84.06000001257323,35.820000025150044],[-84.06000001257323,35.81000002543584],[-84.07000001228747,35.81000002543584],[-84.07000001228747,35.820000025150044]],[[-83.94000001600229,35.820000025150044],[-83.93000001628805,35.820000025150044],[-83.93000001628805,35.81000002543584],[-83.94000001600229,35.81000002543584],[-83.94000001600229,35.820000025150044]],[[-84.1900000088584,35.81000002543584],[-84.18000000914417,35.81000002543584],[-84.18000000914417,35.80000002572164],[-84.1900000088584,35.80000002572164],[-84.1900000088584,35.81000002543584]],[[-84.09000001171596,35.81000002543584],[-84.08000001200172,35.81000002543584],[-84.08000001200172,35.80000002572164],[-84.09000001171596,35.80000002572164],[-84.09000001171596,35.81000002543584]],[[-84.06000001257323,35.81000002543584],[-84.05000001285897,35.81000002543584],[-84.05000001285897,35.80000002572164],[-84.06000001257323,35.80000002572164],[-84.06000001257323,35.81000002543584]],[[-84.010000014002,35.81000002543584],[-84.00000001428775,35.81000002543584],[-84.00000001428775,35.80000002572164],[-84.010000014002,35.80000002572164],[-84.010000014002,35.81000002543584]],[[-83.93000001628805,35.81000002543584],[-83.9200000165738,35.81000002543584],[-83.9200000165738,35.80000002572164],[-83.93000001628805,35.80000002572164],[-83.93000001628805,35.81000002543584]],[[-83.96000001543078,35.80000002572164],[-83.95000001571653,35.80000002572164],[-83.95000001571653,35.790000026007434],[-83.96000001543078,35.790000026007434],[-83.96000001543078,35.80000002572164]],[[-83.88000001771681,35.790000026007434],[-83.85000001857408,35.790000026007434],[-83.85000001857408,35.78000002629323],[-83.86000001828833,35.78000002629323],[-83.86000001828833,35.77000002657903],[-83.87000001800257,35.77000002657903],[-83.87000001800257,35.78000002629323],[-83.88000001771681,35.78000002629323],[-83.88000001771681,35.790000026007434]],[[-83.89000001743106,35.78000002629323],[-83.88000001771681,35.78000002629323],[-83.88000001771681,35.77000002657903],[-83.89000001743106,35.77000002657903],[-83.89000001743106,35.78000002629323]],[[-83.82000001943135,35.77000002657903],[-83.81000001971711,35.77000002657903],[-83.81000001971711,35.76000002686482],[-83.82000001943135,35.76000002686482],[-83.82000001943135,35.77000002657903]],[[-83.22000003657665,35.77000002657903],[-83.21000003686241,35.77000002657903],[-83.21000003686241,35.75000002715062],[-83.22000003657665,35.75000002715062],[-83.22000003657665,35.77000002657903]],[[-83.97000001514502,35.76000002686482],[-83.96000001543078,35.76000002686482],[-83.96000001543078,35.75000002715062],[-83.97000001514502,35.75000002715062],[-83.97000001514502,35.76000002686482]],[[-83.83000001914559,35.76000002686482],[-83.82000001943135,35.76000002686482],[-83.82000001943135,35.75000002715062],[-83.83000001914559,35.75000002715062],[-83.83000001914559,35.76000002686482]],[[-83.47000002943278,35.75000002715062],[-83.46000002971853,35.75000002715062],[-83.46000002971853,35.740000027436416],[-83.47000002943278,35.740000027436416],[-83.47000002943278,35.75000002715062]],[[-83.16000003829119,35.740000027436416],[-83.1400000388627,35.740000027436416],[-83.1400000388627,35.73000002772221],[-83.15000003857693,35.73000002772221],[-83.15000003857693,35.720000028008],[-83.16000003829119,35.720000028008],[-83.16000003829119,35.7100000282938],[-83.17000003800543,35.7100000282938],[-83.17000003800543,35.73000002772221],[-83.16000003829119,35.73000002772221],[-83.16000003829119,35.740000027436416]],[[-83.99000001457351,35.720000028008],[-83.98000001485927,35.720000028008],[-83.98000001485927,35.7100000282938],[-83.99000001457351,35.7100000282938],[-83.99000001457351,35.720000028008]],[[-83.39000003171881,35.720000028008],[-83.38000003200457,35.720000028008],[-83.38000003200457,35.700000028579595],[-83.40000003143307,35.700000028579595],[-83.40000003143307,35.7100000282938],[-83.39000003171881,35.7100000282938],[-83.39000003171881,35.720000028008]],[[-83.20000003714816,35.720000028008],[-83.19000003743392,35.720000028008],[-83.19000003743392,35.7100000282938],[-83.20000003714816,35.7100000282938],[-83.20000003714816,35.720000028008]],[[-84.06000001257323,35.7100000282938],[-84.05000001285897,35.7100000282938],[-84.05000001285897,35.700000028579595],[-84.06000001257323,35.700000028579595],[-84.06000001257323,35.7100000282938]],[[-83.04000004172025,35.7100000282938],[-83.030000042006,35.7100000282938],[-83.030000042006,35.700000028579595],[-83.04000004172025,35.700000028579595],[-83.04000004172025,35.7100000282938]],[[-84.07000001228747,35.700000028579595],[-84.06000001257323,35.700000028579595],[-84.06000001257323,35.69000002886539],[-84.07000001228747,35.69000002886539],[-84.07000001228747,35.700000028579595]],[[-83.86000001828833,35.700000028579595],[-83.85000001857408,35.700000028579595],[-83.85000001857408,35.69000002886539],[-83.86000001828833,35.69000002886539],[-83.86000001828833,35.700000028579595]],[[-83.84000001885984,35.700000028579595],[-83.83000001914559,35.700000028579595],[-83.83000001914559,35.69000002886539],[-83.84000001885984,35.69000002886539],[-83.84000001885984,35.700000028579595]],[[-84.06000001257323,35.69000002886539],[-84.05000001285897,35.69000002886539],[-84.05000001285897,35.68000002915119],[-84.04000001314473,35.68000002915119],[-84.04000001314473,35.66000002972278],[-84.05000001285897,35.66000002972278],[-84.05000001285897,35.670000029436984],[-84.06000001257323,35.670000029436984],[-84.06000001257323,35.69000002886539]],[[-83.88000001771681,35.68000002915119],[-83.87000001800257,35.68000002915119],[-83.87000001800257,35.670000029436984],[-83.88000001771681,35.670000029436984],[-83.88000001771681,35.68000002915119]],[[-83.47000002943278,35.68000002915119],[-83.45000003000429,35.68000002915119],[-83.45000003000429,35.670000029436984],[-83.47000002943278,35.670000029436984],[-83.47000002943278,35.68000002915119]],[[-83.38000003200457,35.68000002915119],[-83.37000003229032,35.68000002915119],[-83.37000003229032,35.670000029436984],[-83.38000003200457,35.670000029436984],[-83.38000003200457,35.68000002915119]],[[-83.82000001943135,35.670000029436984],[-83.81000001971711,35.670000029436984],[-83.81000001971711,35.66000002972278],[-83.82000001943135,35.66000002972278],[-83.82000001943135,35.670000029436984]],[[-83.80000002000286,35.670000029436984],[-83.78000002057436,35.670000029436984],[-83.78000002057436,35.640000030294374],[-83.79000002028862,35.640000030294374],[-83.79000002028862,35.66000002972278],[-83.80000002000286,35.66000002972278],[-83.80000002000286,35.670000029436984]],[[-83.08000004057722,35.670000029436984],[-83.07000004086298,35.670000029436984],[-83.07000004086298,35.66000002972278],[-83.08000004057722,35.66000002972278],[-83.08000004057722,35.670000029436984]],[[-84.06000001257323,35.66000002972278],[-84.05000001285897,35.66000002972278],[-84.05000001285897,35.65000003000858],[-84.06000001257323,35.65000003000858],[-84.06000001257323,35.66000002972278]],[[-83.86000001828833,35.66000002972278],[-83.85000001857408,35.66000002972278],[-83.85000001857408,35.65000003000858],[-83.86000001828833,35.65000003000858],[-83.86000001828833,35.66000002972278]],[[-83.81000001971711,35.66000002972278],[-83.80000002000286,35.66000002972278],[-83.80000002000286,35.65000003000858],[-83.81000001971711,35.65000003000858],[-83.81000001971711,35.66000002972278]],[[-83.4100000311473,35.66000002972278],[-83.40000003143307,35.66000002972278],[-83.40000003143307,35.65000003000858],[-83.4100000311473,35.65000003000858],[-83.4100000311473,35.66000002972278]],[[-83.88000001771681,35.65000003000858],[-83.86000001828833,35.65000003000858],[-83.86000001828833,35.640000030294374],[-83.87000001800257,35.640000030294374],[-83.87000001800257,35.63000003058017],[-83.88000001771681,35.63000003058017],[-83.88000001771681,35.65000003000858]],[[-83.77000002086012,35.65000003000858],[-83.76000002114588,35.65000003000858],[-83.76000002114588,35.640000030294374],[-83.77000002086012,35.640000030294374],[-83.77000002086012,35.65000003000858]],[[-83.48000002914702,35.65000003000858],[-83.47000002943278,35.65000003000858],[-83.47000002943278,35.640000030294374],[-83.46000002971853,35.640000030294374],[-83.46000002971853,35.63000003058017],[-83.49000002886126,35.63000003058017],[-83.49000002886126,35.640000030294374],[-83.48000002914702,35.640000030294374],[-83.48000002914702,35.65000003000858]],[[-83.27000003514787,35.65000003000858],[-83.26000003543363,35.65000003000858],[-83.26000003543363,35.640000030294374],[-83.27000003514787,35.640000030294374],[-83.27000003514787,35.65000003000858]],[[-83.11000003971996,35.65000003000858],[-83.10000004000571,35.65000003000858],[-83.10000004000571,35.640000030294374],[-83.08000004057722,35.640000030294374],[-83.08000004057722,35.63000003058017],[-83.09000004029147,35.63000003058017],[-83.09000004029147,35.61000003115176],[-83.10000004000571,35.61000003115176],[-83.10000004000571,35.59000003172335],[-83.11000003971996,35.59000003172335],[-83.11000003971996,35.580000032009146],[-83.1200000394342,35.580000032009146],[-83.1200000394342,35.57000003229494],[-83.1400000388627,35.57000003229494],[-83.1400000388627,35.580000032009146],[-83.15000003857693,35.580000032009146],[-83.15000003857693,35.59000003172335],[-83.1400000388627,35.59000003172335],[-83.1400000388627,35.60000003143756],[-83.15000003857693,35.60000003143756],[-83.15000003857693,35.62000003086597],[-83.1400000388627,35.62000003086597],[-83.1400000388627,35.63000003058017],[-83.13000003914846,35.63000003058017],[-83.13000003914846,35.640000030294374],[-83.11000003971996,35.640000030294374],[-83.11000003971996,35.65000003000858]],[[-83.08000004057722,35.65000003000858],[-83.07000004086298,35.65000003000858],[-83.07000004086298,35.640000030294374],[-83.08000004057722,35.640000030294374],[-83.08000004057722,35.65000003000858]],[[-84.36000000400057,35.640000030294374],[-84.35000000428633,35.640000030294374],[-84.35000000428633,35.62000003086597],[-84.36000000400057,35.62000003086597],[-84.36000000400057,35.640000030294374]],[[-84.04000001314473,35.640000030294374],[-84.0300000134305,35.640000030294374],[-84.0300000134305,35.63000003058017],[-84.04000001314473,35.63000003058017],[-84.04000001314473,35.640000030294374]],[[-83.76000002114588,35.640000030294374],[-83.75000002143163,35.640000030294374],[-83.75000002143163,35.63000003058017],[-83.76000002114588,35.63000003058017],[-83.76000002114588,35.640000030294374]],[[-83.28000003486213,35.640000030294374],[-83.27000003514787,35.640000030294374],[-83.27000003514787,35.63000003058017],[-83.28000003486213,35.63000003058017],[-83.28000003486213,35.640000030294374]],[[-83.81000001971711,35.63000003058017],[-83.78000002057436,35.63000003058017],[-83.78000002057436,35.61000003115176],[-83.79000002028862,35.61000003115176],[-83.79000002028862,35.62000003086597],[-83.81000001971711,35.62000003086597],[-83.81000001971711,35.63000003058017]],[[-84.04000001314473,35.62000003086597],[-84.02000001371624,35.62000003086597],[-84.02000001371624,35.61000003115176],[-84.04000001314473,35.61000003115176],[-84.04000001314473,35.62000003086597]],[[-83.9000000171453,35.61000003115176],[-83.89000001743106,35.61000003115176],[-83.89000001743106,35.60000003143756],[-83.9000000171453,35.60000003143756],[-83.9000000171453,35.61000003115176]],[[-83.84000001885984,35.61000003115176],[-83.83000001914559,35.61000003115176],[-83.83000001914559,35.60000003143756],[-83.84000001885984,35.60000003143756],[-83.84000001885984,35.61000003115176]],[[-83.82000001943135,35.61000003115176],[-83.79000002028862,35.61000003115176],[-83.79000002028862,35.580000032009146],[-83.80000002000286,35.580000032009146],[-83.80000002000286,35.59000003172335],[-83.81000001971711,35.59000003172335],[-83.81000001971711,35.60000003143756],[-83.82000001943135,35.60000003143756],[-83.82000001943135,35.61000003115176]],[[-83.78000002057436,35.61000003115176],[-83.76000002114588,35.61000003115176],[-83.76000002114588,35.60000003143756],[-83.77000002086012,35.60000003143756],[-83.77000002086012,35.59000003172335],[-83.78000002057436,35.59000003172335],[-83.78000002057436,35.61000003115176]],[[-83.27000003514787,35.61000003115176],[-83.26000003543363,35.61000003115176],[-83.26000003543363,35.60000003143756],[-83.27000003514787,35.60000003143756],[-83.27000003514787,35.61000003115176]],[[-84.06000001257323,35.60000003143756],[-84.05000001285897,35.60000003143756],[-84.05000001285897,35.59000003172335],[-84.06000001257323,35.59000003172335],[-84.06000001257323,35.60000003143756]],[[-83.63000002486069,35.60000003143756],[-83.6100000254322,35.60000003143756],[-83.6100000254322,35.57000003229494],[-83.63000002486069,35.57000003229494],[-83.63000002486069,35.60000003143756]],[[-83.86000001828833,35.59000003172335],[-83.85000001857408,35.59000003172335],[-83.85000001857408,35.580000032009146],[-83.86000001828833,35.580000032009146],[-83.86000001828833,35.59000003172335]],[[-83.84000001885984,35.59000003172335],[-83.83000001914559,35.59000003172335],[-83.83000001914559,35.580000032009146],[-83.84000001885984,35.580000032009146],[-83.84000001885984,35.59000003172335]],[[-84.00000001428775,35.580000032009146],[-83.99000001457351,35.580000032009146],[-83.99000001457351,35.57000003229494],[-84.00000001428775,35.57000003229494],[-84.00000001428775,35.580000032009146]],[[-83.91000001685956,35.580000032009146],[-83.9000000171453,35.580000032009146],[-83.9000000171453,35.57000003229494],[-83.91000001685956,35.57000003229494],[-83.91000001685956,35.580000032009146]],[[-83.85000001857408,35.580000032009146],[-83.84000001885984,35.580000032009146],[-83.84000001885984,35.57000003229494],[-83.85000001857408,35.57000003229494],[-83.85000001857408,35.580000032009146]],[[-84.42000000228605,35.57000003229494],[-84.41000000257179,35.57000003229494],[-84.41000000257179,35.56000003258074],[-84.42000000228605,35.56000003258074],[-84.42000000228605,35.57000003229494]],[[-83.99000001457351,35.57000003229494],[-83.98000001485927,35.57000003229494],[-83.98000001485927,35.56000003258074],[-83.99000001457351,35.56000003258074],[-83.99000001457351,35.57000003229494]],[[-83.55000002714674,35.57000003229494],[-83.54000002743248,35.57000003229494],[-83.54000002743248,35.56000003258074],[-83.55000002714674,35.56000003258074],[-83.55000002714674,35.57000003229494]],[[-84.05000001285897,35.56000003258074],[-84.04000001314473,35.56000003258074],[-84.04000001314473,35.550000032866535],[-84.05000001285897,35.550000032866535],[-84.05000001285897,35.56000003258074]],[[-83.97000001514502,35.56000003258074],[-83.96000001543078,35.56000003258074],[-83.96000001543078,35.54000003315233],[-83.97000001514502,35.54000003315233],[-83.97000001514502,35.56000003258074]],[[-84.37000000371482,35.550000032866535],[-84.36000000400057,35.550000032866535],[-84.36000000400057,35.54000003315233],[-84.37000000371482,35.54000003315233],[-84.37000000371482,35.550000032866535]],[[-83.63000002486069,35.550000032866535],[-83.62000002514645,35.550000032866535],[-83.62000002514645,35.54000003315233],[-83.63000002486069,35.54000003315233],[-83.63000002486069,35.550000032866535]],[[-83.11000003971996,35.550000032866535],[-83.10000004000571,35.550000032866535],[-83.10000004000571,35.51000003400972],[-83.11000003971996,35.51000003400972],[-83.11000003971996,35.50000003429552],[-83.1200000394342,35.50000003429552],[-83.1200000394342,35.51000003400972],[-83.1400000388627,35.51000003400972],[-83.1400000388627,35.50000003429552],[-83.15000003857693,35.50000003429552],[-83.15000003857693,35.520000033723925],[-83.1400000388627,35.520000033723925],[-83.1400000388627,35.53000003343813],[-83.1200000394342,35.53000003343813],[-83.1200000394342,35.54000003315233],[-83.11000003971996,35.54000003315233],[-83.11000003971996,35.550000032866535]],[[-84.18000000914417,35.54000003315233],[-84.17000000942991,35.54000003315233],[-84.17000000942991,35.520000033723925],[-84.1900000088584,35.520000033723925],[-84.1900000088584,35.53000003343813],[-84.18000000914417,35.53000003343813],[-84.18000000914417,35.54000003315233]],[[-83.93000001628805,35.54000003315233],[-83.9200000165738,35.54000003315233],[-83.9200000165738,35.520000033723925],[-83.93000001628805,35.520000033723925],[-83.93000001628805,35.54000003315233]],[[-84.10000001143021,35.53000003343813],[-84.09000001171596,35.53000003343813],[-84.09000001171596,35.520000033723925],[-84.10000001143021,35.520000033723925],[-84.10000001143021,35.53000003343813]],[[-84.17000000942991,35.520000033723925],[-84.14000001028718,35.520000033723925],[-84.14000001028718,35.51000003400972],[-84.12000001085869,35.51000003400972],[-84.12000001085869,35.50000003429552],[-84.11000001114445,35.50000003429552],[-84.11000001114445,35.490000034581314],[-84.12000001085869,35.490000034581314],[-84.12000001085869,35.47000003515291],[-84.14000001028718,35.47000003515291],[-84.14000001028718,35.45000003572449],[-84.13000001057294,35.45000003572449],[-84.13000001057294,35.44000003601029],[-84.12000001085869,35.44000003601029],[-84.12000001085869,35.45000003572449],[-84.10000001143021,35.45000003572449],[-84.10000001143021,35.430000036296086],[-84.08000001200172,35.430000036296086],[-84.08000001200172,35.42000003658188],[-84.07000001228747,35.42000003658188],[-84.07000001228747,35.400000037153475],[-84.06000001257323,35.400000037153475],[-84.06000001257323,35.39000003743927],[-84.08000001200172,35.39000003743927],[-84.08000001200172,35.35000003858246],[-84.07000001228747,35.35000003858246],[-84.07000001228747,35.36000003829666],[-84.06000001257323,35.36000003829666],[-84.06000001257323,35.340000038868254],[-84.04000001314473,35.340000038868254],[-84.04000001314473,35.32000003943984],[-84.06000001257323,35.32000003943984],[-84.06000001257323,35.30000004001143],[-84.07000001228747,35.30000004001143],[-84.07000001228747,35.280000040583026],[-84.10000001143021,35.280000040583026],[-84.10000001143021,35.29000004029723],[-84.13000001057294,35.29000004029723],[-84.13000001057294,35.32000003943984],[-84.12000001085869,35.32000003943984],[-84.12000001085869,35.340000038868254],[-84.11000001114445,35.340000038868254],[-84.11000001114445,35.35000003858246],[-84.10000001143021,35.35000003858246],[-84.10000001143021,35.36000003829666],[-84.09000001171596,35.36000003829666],[-84.09000001171596,35.370000038010865],[-84.10000001143021,35.370000038010865],[-84.10000001143021,35.38000003772507],[-84.12000001085869,35.38000003772507],[-84.12000001085869,35.370000038010865],[-84.14000001028718,35.370000038010865],[-84.14000001028718,35.38000003772507],[-84.15000001000143,35.38000003772507],[-84.15000001000143,35.400000037153475],[-84.16000000971567,35.400000037153475],[-84.16000000971567,35.41000003686768],[-84.17000000942991,35.41000003686768],[-84.17000000942991,35.42000003658188],[-84.15000001000143,35.42000003658188],[-84.15000001000143,35.430000036296086],[-84.17000000942991,35.430000036296086],[-84.17000000942991,35.44000003601029],[-84.16000000971567,35.44000003601029],[-84.16000000971567,35.45000003572449],[-84.15000001000143,35.45000003572449],[-84.15000001000143,35.48000003486711],[-84.16000000971567,35.48000003486711],[-84.16000000971567,35.490000034581314],[-84.18000000914417,35.490000034581314],[-84.18000000914417,35.50000003429552],[-84.20000000857266,35.50000003429552],[-84.20000000857266,35.51000003400972],[-84.17000000942991,35.51000003400972],[-84.17000000942991,35.520000033723925]],[[-84.05000001285897,35.490000034581314],[-84.04000001314473,35.490000034581314],[-84.04000001314473,35.48000003486711],[-84.05000001285897,35.48000003486711],[-84.05000001285897,35.490000034581314]],[[-84.00000001428775,35.490000034581314],[-83.99000001457351,35.490000034581314],[-83.99000001457351,35.48000003486711],[-84.00000001428775,35.48000003486711],[-84.00000001428775,35.490000034581314]],[[-84.10000001143021,35.48000003486711],[-84.09000001171596,35.48000003486711],[-84.09000001171596,35.460000035438696],[-84.10000001143021,35.460000035438696],[-84.10000001143021,35.48000003486711]],[[-84.12000001085869,35.47000003515291],[-84.11000001114445,35.47000003515291],[-84.11000001114445,35.460000035438696],[-84.12000001085869,35.460000035438696],[-84.12000001085869,35.47000003515291]],[[-84.18000000914417,35.460000035438696],[-84.17000000942991,35.460000035438696],[-84.17000000942991,35.45000003572449],[-84.18000000914417,35.45000003572449],[-84.18000000914417,35.460000035438696]],[[-84.05000001285897,35.45000003572449],[-84.04000001314473,35.45000003572449],[-84.04000001314473,35.44000003601029],[-84.05000001285897,35.44000003601029],[-84.05000001285897,35.45000003572449]],[[-84.07000001228747,35.44000003601029],[-84.06000001257323,35.44000003601029],[-84.06000001257323,35.430000036296086],[-84.07000001228747,35.430000036296086],[-84.07000001228747,35.44000003601029]],[[-84.17000000942991,35.400000037153475],[-84.16000000971567,35.400000037153475],[-84.16000000971567,35.39000003743927],[-84.17000000942991,35.39000003743927],[-84.17000000942991,35.400000037153475]],[[-84.07000001228747,35.38000003772507],[-84.06000001257323,35.38000003772507],[-84.06000001257323,35.370000038010865],[-84.07000001228747,35.370000038010865],[-84.07000001228747,35.38000003772507]],[[-84.49000000028576,35.32000003943984],[-84.48000000057151,35.32000003943984],[-84.48000000057151,35.31000003972564],[-84.49000000028576,35.31000003972564],[-84.49000000028576,35.32000003943984]],[[-84.04000001314473,35.32000003943984],[-84.0300000134305,35.32000003943984],[-84.0300000134305,35.31000003972564],[-84.04000001314473,35.31000003972564],[-84.04000001314473,35.32000003943984]],[[-84.45000000142878,35.26000004115462],[-84.44000000171454,35.26000004115462],[-84.44000000171454,35.24000004172621],[-84.45000000142878,35.24000004172621],[-84.45000000142878,35.26000004115462]],[[-84.41000000257179,35.250000041440416],[-84.3900000031433,35.250000041440416],[-84.3900000031433,35.220000042297805],[-84.40000000285755,35.220000042297805],[-84.40000000285755,35.2100000425836],[-84.43000000200028,35.2100000425836],[-84.43000000200028,35.220000042297805],[-84.44000000171454,35.220000042297805],[-84.44000000171454,35.23000004201201],[-84.43000000200028,35.23000004201201],[-84.43000000200028,35.24000004172621],[-84.41000000257179,35.24000004172621],[-84.41000000257179,35.250000041440416]],[[-84.48000000057151,35.23000004201201],[-84.46000000114302,35.23000004201201],[-84.46000000114302,35.20000004286939],[-84.48000000057151,35.20000004286939],[-84.48000000057151,35.2100000425836],[-84.47000000085727,35.2100000425836],[-84.47000000085727,35.220000042297805],[-84.48000000057151,35.220000042297805],[-84.48000000057151,35.23000004201201]],[[-84.44000000171454,35.19000004315519],[-84.43000000200028,35.19000004315519],[-84.43000000200028,35.180000043440984],[-84.44000000171454,35.180000043440984],[-84.44000000171454,35.19000004315519]]]}},{"id":"522","type":"Feature","properties":{"category":1,"label":"cat 1"},"geometry":{"type":"Polygon","coordinates":[[[-83.59000002600371,35.180000043440984],[-83.59000002600371,35.16000004401258],[-83.58000002628947,35.16000004401258],[-83.58000002628947,35.180000043440984],[-83.59000002600371,35.180000043440984]]]}},{"id":"523","type":"Feature","properties":{"category":1,"label":"cat 1"},"geometry":{"type":"Polygon","coordinates":[[[-83.07000004086298,35.180000043440984],[-83.07000004086298,35.16000004401258],[-83.06000004114874,35.16000004401258],[-83.06000004114874,35.180000043440984],[-83.07000004086298,35.180000043440984]]]}},{"id":"524","type":"Feature","properties":{"category":1,"label":"cat 1"},"geometry":{"type":"Polygon","coordinates":[[[-84.48000000057151,35.17000004372678],[-84.48000000057151,35.16000004401258],[-84.47000000085727,35.16000004401258],[-84.47000000085727,35.17000004372678],[-84.48000000057151,35.17000004372678]]]}},{"id":"525","type":"Feature","properties":{"category":1,"label":"cat 1"},"geometry":{"type":"Polygon","coordinates":[[[-83.01000004257752,35.19000004315519],[-83.01000004257752,35.17000004372678],[-83.00000004286326,35.17000004372678],[-83.00000004286326,35.15000004429837],[-82.99000004314902,35.15000004429837],[-82.99000004314902,35.180000043440984],[-82.98000004343477,35.180000043440984],[-82.98000004343477,35.19000004315519],[-83.01000004257752,35.19000004315519]]]}},{"id":"526","type":"Feature","properties":{"category":1,"label":"cat 1"},"geometry":{"type":"Polygon","coordinates":[[[-83.030000042006,35.20000004286939],[-83.030000042006,35.19000004315519],[-83.04000004172025,35.19000004315519],[-83.04000004172025,35.180000043440984],[-83.030000042006,35.180000043440984],[-83.030000042006,35.17000004372678],[-83.05000004143449,35.17000004372678],[-83.05000004143449,35.15000004429837],[-83.04000004172025,35.15000004429837],[-83.04000004172025,35.16000004401258],[-83.02000004229176,35.16000004401258],[-83.02000004229176,35.15000004429837],[-83.01000004257752,35.15000004429837],[-83.01000004257752,35.17000004372678],[-83.02000004229176,35.17000004372678],[-83.02000004229176,35.20000004286939],[-83.030000042006,35.20000004286939]]]}},{"id":"527","type":"Feature","properties":{"category":1,"label":"cat 1"},"geometry":{"type":"Polygon","coordinates":[[[-83.74000002171739,35.16000004401258],[-83.74000002171739,35.15000004429837],[-83.73000002200314,35.15000004429837],[-83.73000002200314,35.16000004401258],[-83.74000002171739,35.16000004401258]]]}},{"id":"528","type":"Feature","properties":{"category":1,"label":"cat 1"},"geometry":{"type":"Polygon","coordinates":[[[-83.50000002857551,35.16000004401258],[-83.50000002857551,35.15000004429837],[-83.49000002886126,35.15000004429837],[-83.49000002886126,35.16000004401258],[-83.50000002857551,35.16000004401258]]]}},{"id":"529","type":"Feature","properties":{"category":1,"label":"cat 1"},"geometry":{"type":"Polygon","coordinates":[[[-83.09000004029147,35.16000004401258],[-83.09000004029147,35.15000004429837],[-83.07000004086298,35.15000004429837],[-83.07000004086298,35.16000004401258],[-83.09000004029147,35.16000004401258]]]}},{"id":"530","type":"Feature","properties":{"category":1,"label":"cat 1"},"geometry":{"type":"Polygon","coordinates":[[[-82.30000006286612,35.16000004401258],[-82.30000006286612,35.15000004429837],[-82.29000006315188,35.15000004429837],[-82.29000006315188,35.16000004401258],[-82.30000006286612,35.16000004401258]]]}},{"id":"531","type":"Feature","properties":{"category":1,"label":"cat 1"},"geometry":{"type":"Polygon","coordinates":[[[-83.51000002828975,35.15000004429837],[-83.51000002828975,35.14000004458417],[-83.50000002857551,35.14000004458417],[-83.50000002857551,35.15000004429837],[-83.51000002828975,35.15000004429837]]]}},{"id":"532","type":"Feature","properties":{"category":1,"label":"cat 1"},"geometry":{"type":"Polygon","coordinates":[[[-83.06000004114874,35.15000004429837],[-83.06000004114874,35.14000004458417],[-83.05000004143449,35.14000004458417],[-83.05000004143449,35.15000004429837],[-83.06000004114874,35.15000004429837]]]}},{"id":"533","type":"Feature","properties":{"category":1,"label":"cat 1"},"geometry":{"type":"Polygon","coordinates":[[[-84.41000000257179,35.14000004458417],[-84.41000000257179,35.130000044869966],[-84.40000000285755,35.130000044869966],[-84.40000000285755,35.14000004458417],[-84.41000000257179,35.14000004458417]]]}},{"id":"534","type":"Feature","properties":{"category":1,"label":"cat 1"},"geometry":{"type":"Polygon","coordinates":[[[-83.56000002686098,35.14000004458417],[-83.56000002686098,35.130000044869966],[-83.55000002714674,35.130000044869966],[-83.55000002714674,35.14000004458417],[-83.56000002686098,35.14000004458417]]]}},{"id":"535","type":"Feature","properties":{"category":1,"label":"cat 1"},"geometry":{"type":"Polygon","coordinates":[[[-82.99000004314902,35.14000004458417],[-82.99000004314902,35.130000044869966],[-82.97000004372053,35.130000044869966],[-82.97000004372053,35.14000004458417],[-82.99000004314902,35.14000004458417]]]}},{"id":"536","type":"Feature","properties":{"category":1,"label":"cat 1"},"geometry":{"type":"Polygon","coordinates":[[[-84.40000000285755,35.130000044869966],[-84.40000000285755,35.12000004515576],[-84.3900000031433,35.12000004515576],[-84.3900000031433,35.130000044869966],[-84.40000000285755,35.130000044869966]]]}},{"id":"537","type":"Feature","properties":{"category":1,"label":"cat 1"},"geometry":{"type":"Polygon","coordinates":[[[-83.07000004086298,35.11000004544156],[-83.07000004086298,35.100000045727356],[-83.06000004114874,35.100000045727356],[-83.06000004114874,35.11000004544156],[-83.07000004086298,35.11000004544156]]]}},{"id":"538","type":"Feature","properties":{"category":1,"label":"cat 1"},"geometry":{"type":"Polygon","coordinates":[[[-82.33000006200886,35.11000004544156],[-82.33000006200886,35.100000045727356],[-82.32000006229461,35.100000045727356],[-82.32000006229461,35.11000004544156],[-82.33000006200886,35.11000004544156]]]}},{"id":"539","type":"Feature","properties":{"category":1,"label":"cat 1"},"geometry":{"type":"Polygon","coordinates":[[[-83.42000003086156,35.100000045727356],[-83.42000003086156,35.09000004601315],[-83.4100000311473,35.09000004601315],[-83.4100000311473,35.100000045727356],[-83.42000003086156,35.100000045727356]]]}},{"id":"540","type":"Feature","properties":{"category":1,"label":"cat 1"},"geometry":{"type":"Polygon","coordinates":[[[-82.32000006229461,35.100000045727356],[-82.32000006229461,35.09000004601315],[-82.31000006258037,35.09000004601315],[-82.31000006258037,35.100000045727356],[-82.32000006229461,35.100000045727356]]]}},{"id":"541","type":"Feature","properties":{"category":1,"label":"cat 1"},"geometry":{"type":"Polygon","coordinates":[[[-82.28000006343763,35.100000045727356],[-82.28000006343763,35.09000004601315],[-82.27000006372339,35.09000004601315],[-82.27000006372339,35.100000045727356],[-82.28000006343763,35.100000045727356]]]}},{"id":"542","type":"Feature","properties":{"category":1,"label":"cat 1"},"geometry":{"type":"Polygon","coordinates":[[[-84.43000000200028,35.11000004544156],[-84.43000000200028,35.100000045727356],[-84.45000000142878,35.100000045727356],[-84.45000000142878,35.09000004601315],[-84.42000000228605,35.09000004601315],[-84.42000000228605,35.08000004629895],[-84.41000000257179,35.08000004629895],[-84.41000000257179,35.09000004601315],[-84.40000000285755,35.09000004601315],[-84.40000000285755,35.11000004544156],[-84.43000000200028,35.11000004544156]]]}},{"id":"543","type":"Feature","properties":{"category":1,"label":"cat 1"},"geometry":{"type":"Polygon","coordinates":[[[-83.15000003857693,35.09000004601315],[-83.15000003857693,35.08000004629895],[-83.13000003914846,35.08000004629895],[-83.13000003914846,35.09000004601315],[-83.15000003857693,35.09000004601315]]]}},{"id":"544","type":"Feature","properties":{"category":1,"label":"cat 1"},"geometry":{"type":"Polygon","coordinates":[[[-83.45000003000429,35.08000004629895],[-83.45000003000429,35.07000004658474],[-83.44000003029004,35.07000004658474],[-83.44000003029004,35.08000004629895],[-83.45000003000429,35.08000004629895]]]}},{"id":"545","type":"Feature","properties":{"category":1,"label":"cat 1"},"geometry":{"type":"Polygon","coordinates":[[[-83.24000003600514,35.08000004629895],[-83.24000003600514,35.07000004658474],[-83.22000003657665,35.07000004658474],[-83.22000003657665,35.08000004629895],[-83.24000003600514,35.08000004629895]]]}},{"id":"546","type":"Feature","properties":{"category":1,"label":"cat 1"},"geometry":{"type":"Polygon","coordinates":[[[-83.07000004086298,35.08000004629895],[-83.07000004086298,35.07000004658474],[-83.06000004114874,35.07000004658474],[-83.06000004114874,35.08000004629895],[-83.07000004086298,35.08000004629895]]]}},{"id":"547","type":"Feature","properties":{"category":1,"label":"cat 1"},"geometry":{"type":"Polygon","coordinates":[[[-83.05000004143449,35.08000004629895],[-83.05000004143449,35.07000004658474],[-83.04000004172025,35.07000004658474],[-83.04000004172025,35.08000004629895],[-83.05000004143449,35.08000004629895]]]}},{"id":"548","type":"Feature","properties":{"category":1,"label":"cat 1"},"geometry":{"type":"Polygon","coordinates":[[[-83.55000002714674,35.08000004629895],[-83.55000002714674,35.060000046870535],[-83.54000002743248,35.060000046870535],[-83.54000002743248,35.08000004629895],[-83.55000002714674,35.08000004629895]]]}},{"id":"549","type":"Feature","properties":{"category":1,"label":"cat 1"},"geometry":{"type":"Polygon","coordinates":[[[-83.65000002428918,35.08000004629895],[-83.65000002428918,35.07000004658474],[-83.66000002400342,35.07000004658474],[-83.66000002400342,35.060000046870535],[-83.64000002457495,35.060000046870535],[-83.64000002457495,35.08000004629895],[-83.65000002428918,35.08000004629895]]]}},{"id":"550","type":"Feature","properties":{"category":1,"label":"cat 1"},"geometry":{"type":"Polygon","coordinates":[[[-83.22000003657665,35.07000004658474],[-83.22000003657665,35.060000046870535],[-83.21000003686241,35.060000046870535],[-83.21000003686241,35.07000004658474],[-83.22000003657665,35.07000004658474]]]}},{"id":"551","type":"Feature","properties":{"category":1,"label":"cat 1"},"geometry":{"type":"Polygon","coordinates":[[[-82.27000006372339,35.07000004658474],[-82.27000006372339,35.060000046870535],[-82.26000006400915,35.060000046870535],[-82.26000006400915,35.07000004658474],[-82.27000006372339,35.07000004658474]]]}},{"id":"552","type":"Feature","properties":{"category":1,"label":"cat 1"},"geometry":{"type":"Polygon","coordinates":[[[-83.34000003314759,35.07000004658474],[-83.34000003314759,35.05000004715633],[-83.33000003343335,35.05000004715633],[-83.33000003343335,35.07000004658474],[-83.34000003314759,35.07000004658474]]]}},{"id":"553","type":"Feature","properties":{"category":1,"label":"cat 1"},"geometry":{"type":"Polygon","coordinates":[[[-83.02000004229176,35.07000004658474],[-83.02000004229176,35.05000004715633],[-83.01000004257752,35.05000004715633],[-83.01000004257752,35.060000046870535],[-83.00000004286326,35.060000046870535],[-83.00000004286326,35.07000004658474],[-83.02000004229176,35.07000004658474]]]}},{"id":"554","type":"Feature","properties":{"category":1,"label":"cat 1"},"geometry":{"type":"Polygon","coordinates":[[[-83.45000003000429,35.060000046870535],[-83.45000003000429,35.05000004715633],[-83.44000003029004,35.05000004715633],[-83.44000003029004,35.060000046870535],[-83.45000003000429,35.060000046870535]]]}},{"id":"555","type":"Feature","properties":{"category":1,"label":"cat 1"},"geometry":{"type":"Polygon","coordinates":[[[-83.13000003914846,35.060000046870535],[-83.13000003914846,35.05000004715633],[-83.1200000394342,35.05000004715633],[-83.1200000394342,35.060000046870535],[-83.13000003914846,35.060000046870535]]]}},{"id":"556","type":"Feature","properties":{"category":1,"label":"cat 1"},"geometry":{"type":"Polygon","coordinates":[[[-82.99000004314902,35.060000046870535],[-82.99000004314902,35.05000004715633],[-82.98000004343477,35.05000004715633],[-82.98000004343477,35.060000046870535],[-82.99000004314902,35.060000046870535]]]}},{"id":"557","type":"Feature","properties":{"category":1,"label":"cat 1"},"geometry":{"type":"Polygon","coordinates":[[[-83.10000004000571,35.07000004658474],[-83.10000004000571,35.060000046870535],[-83.11000003971996,35.060000046870535],[-83.11000003971996,35.05000004715633],[-83.10000004000571,35.05000004715633],[-83.10000004000571,35.04000004744213],[-83.09000004029147,35.04000004744213],[-83.09000004029147,35.05000004715633],[-83.08000004057722,35.05000004715633],[-83.08000004057722,35.060000046870535],[-83.09000004029147,35.060000046870535],[-83.09000004029147,35.07000004658474],[-83.10000004000571,35.07000004658474]]]}},{"id":"558","type":"Feature","properties":{"category":1,"label":"cat 1"},"geometry":{"type":"Polygon","coordinates":[[[-83.00000004286326,35.05000004715633],[-83.00000004286326,35.04000004744213],[-82.99000004314902,35.04000004744213],[-82.99000004314902,35.05000004715633],[-83.00000004286326,35.05000004715633]]]}},{"id":"559","type":"Feature","properties":{"category":1,"label":"cat 1"},"geometry":{"type":"Polygon","coordinates":[[[-82.71000005115016,35.05000004715633],[-82.71000005115016,35.04000004744213],[-82.70000005143592,35.04000004744213],[-82.70000005143592,35.05000004715633],[-82.71000005115016,35.05000004715633]]]}},{"id":"560","type":"Feature","properties":{"category":1,"label":"cat 1"},"geometry":{"type":"Polygon","coordinates":[[[-83.35000003286184,35.05000004715633],[-83.35000003286184,35.030000047727924],[-83.34000003314759,35.030000047727924],[-83.34000003314759,35.05000004715633],[-83.35000003286184,35.05000004715633]]]}},{"id":"561","type":"Feature","properties":{"category":1,"label":"cat 1"},"geometry":{"type":"Polygon","coordinates":[[[-83.05000004143449,35.05000004715633],[-83.05000004143449,35.030000047727924],[-83.04000004172025,35.030000047727924],[-83.04000004172025,35.04000004744213],[-83.02000004229176,35.04000004744213],[-83.02000004229176,35.05000004715633],[-83.05000004143449,35.05000004715633]]]}},{"id":"562","type":"Feature","properties":{"category":1,"label":"cat 1"},"geometry":{"type":"Polygon","coordinates":[[[-83.53000002771824,35.04000004744213],[-83.53000002771824,35.030000047727924],[-83.520000028004,35.030000047727924],[-83.520000028004,35.04000004744213],[-83.53000002771824,35.04000004744213]]]}},{"id":"563","type":"Feature","properties":{"category":1,"label":"cat 1"},"geometry":{"type":"Polygon","coordinates":[[[-83.26000003543363,35.04000004744213],[-83.26000003543363,35.030000047727924],[-83.25000003571938,35.030000047727924],[-83.25000003571938,35.04000004744213],[-83.26000003543363,35.04000004744213]]]}},{"id":"564","type":"Feature","properties":{"category":1,"label":"cat 1"},"geometry":{"type":"Polygon","coordinates":[[[-83.51000002828975,35.09000004601315],[-83.51000002828975,35.08000004629895],[-83.520000028004,35.08000004629895],[-83.520000028004,35.07000004658474],[-83.51000002828975,35.07000004658474],[-83.51000002828975,35.060000046870535],[-83.50000002857551,35.060000046870535],[-83.50000002857551,35.05000004715633],[-83.51000002828975,35.05000004715633],[-83.51000002828975,35.04000004744213],[-83.50000002857551,35.04000004744213],[-83.50000002857551,35.030000047727924],[-83.520000028004,35.030000047727924],[-83.520000028004,35.02000004801372],[-83.50000002857551,35.02000004801372],[-83.50000002857551,35.01000004829952],[-83.48000002914702,35.01000004829952],[-83.48000002914702,35.030000047727924],[-83.47000002943278,35.030000047727924],[-83.47000002943278,35.02000004801372],[-83.46000002971853,35.02000004801372],[-83.46000002971853,35.04000004744213],[-83.45000003000429,35.04000004744213],[-83.45000003000429,35.05000004715633],[-83.48000002914702,35.05000004715633],[-83.48000002914702,35.060000046870535],[-83.47000002943278,35.060000046870535],[-83.47000002943278,35.09000004601315],[-83.49000002886126,35.09000004601315],[-83.49000002886126,35.07000004658474],[-83.50000002857551,35.07000004658474],[-83.50000002857551,35.09000004601315],[-83.51000002828975,35.09000004601315]]]}},{"id":"565","type":"Feature","properties":{"category":1,"label":"cat 1"},"geometry":{"type":"Polygon","coordinates":[[[-83.08000004057722,35.030000047727924],[-83.08000004057722,35.01000004829952],[-83.07000004086298,35.01000004829952],[-83.07000004086298,35.030000047727924],[-83.08000004057722,35.030000047727924]]]}},{"id":"566","type":"Feature","properties":{"category":1,"label":"cat 1"},"geometry":{"type":"Polygon","coordinates":[[[-82.26000006400915,35.030000047727924],[-82.26000006400915,35.01000004829952],[-82.2500000642949,35.01000004829952],[-82.2500000642949,35.030000047727924],[-82.26000006400915,35.030000047727924]]]}},{"id":"567","type":"Feature","properties":{"category":1,"label":"cat 1"},"geometry":{"type":"Polygon","coordinates":[[[-83.53000002771824,35.02000004801372],[-83.53000002771824,34.99000004887111],[-83.520000028004,34.99000004887111],[-83.520000028004,35.02000004801372],[-83.53000002771824,35.02000004801372]]]}},{"id":"568","type":"Feature","properties":{"category":1,"label":"cat 1"},"geometry":{"type":"Polygon","coordinates":[[[-83.6100000254322,35.00000004858531],[-83.6100000254322,34.99000004887111],[-83.60000002571796,34.99000004887111],[-83.60000002571796,35.00000004858531],[-83.6100000254322,35.00000004858531]]]}},{"id":"569","type":"Feature","properties":{"category":1,"label":"cat 1"},"geometry":{"type":"Polygon","coordinates":[[[-82.3400000617231,35.00000004858531],[-82.3400000617231,34.99000004887111],[-82.33000006200886,34.99000004887111],[-82.33000006200886,35.00000004858531],[-82.3400000617231,35.00000004858531]]]}},{"id":"570","type":"Feature","properties":{"category":1,"label":"cat 1"},"geometry":{"type":"Polygon","coordinates":[[[-83.34000003314759,35.15000004429837],[-83.34000003314759,35.130000044869966],[-83.35000003286184,35.130000044869966],[-83.35000003286184,35.12000004515576],[-83.36000003257608,35.12000004515576],[-83.36000003257608,35.11000004544156],[-83.34000003314759,35.11000004544156],[-83.34000003314759,35.09000004601315],[-83.35000003286184,35.09000004601315],[-83.35000003286184,35.08000004629895],[-83.3200000337191,35.08000004629895],[-83.3200000337191,35.05000004715633],[-83.33000003343335,35.05000004715633],[-83.33000003343335,35.04000004744213],[-83.3200000337191,35.04000004744213],[-83.3200000337191,35.030000047727924],[-83.34000003314759,35.030000047727924],[-83.34000003314759,35.02000004801372],[-83.35000003286184,35.02000004801372],[-83.35000003286184,35.01000004829952],[-83.36000003257608,35.01000004829952],[-83.36000003257608,34.99000004887111],[-83.35000003286184,34.99000004887111],[-83.35000003286184,34.98000004915691],[-83.3200000337191,34.98000004915691],[-83.3200000337191,34.99000004887111],[-83.31000003400486,34.99000004887111],[-83.31000003400486,35.01000004829952],[-83.30000003429062,35.01000004829952],[-83.30000003429062,35.00000004858531],[-83.29000003457637,35.00000004858531],[-83.29000003457637,35.01000004829952],[-83.28000003486213,35.01000004829952],[-83.28000003486213,35.02000004801372],[-83.29000003457637,35.02000004801372],[-83.29000003457637,35.030000047727924],[-83.30000003429062,35.030000047727924],[-83.30000003429062,35.04000004744213],[-83.28000003486213,35.04000004744213],[-83.28000003486213,35.060000046870535],[-83.29000003457637,35.060000046870535],[-83.29000003457637,35.07000004658474],[-83.28000003486213,35.07000004658474],[-83.28000003486213,35.08000004629895],[-83.27000003514787,35.08000004629895],[-83.27000003514787,35.09000004601315],[-83.21000003686241,35.09000004601315],[-83.21000003686241,35.100000045727356],[-83.22000003657665,35.100000045727356],[-83.22000003657665,35.11000004544156],[-83.2300000362909,35.11000004544156],[-83.2300000362909,35.12000004515576],[-83.24000003600514,35.12000004515576],[-83.24000003600514,35.11000004544156],[-83.26000003543363,35.11000004544156],[-83.26000003543363,35.100000045727356],[-83.28000003486213,35.100000045727356],[-83.28000003486213,35.12000004515576],[-83.29000003457637,35.12000004515576],[-83.29000003457637,35.100000045727356],[-83.30000003429062,35.100000045727356],[-83.30000003429062,35.14000004458417],[-83.33000003343335,35.14000004458417],[-83.33000003343335,35.15000004429837],[-83.34000003314759,35.15000004429837]],[[-83.31000003400486,35.08000004629895],[-83.30000003429062,35.08000004629895],[-83.30000003429062,35.07000004658474],[-83.31000003400486,35.07000004658474],[-83.31000003400486,35.08000004629895]],[[-83.30000003429062,35.060000046870535],[-83.29000003457637,35.060000046870535],[-83.29000003457637,35.05000004715633],[-83.30000003429062,35.05000004715633],[-83.30000003429062,35.060000046870535]]]}},{"id":"571","type":"Feature","properties":{"category":1,"label":"cat 1"},"geometry":{"type":"Polygon","coordinates":[[[-82.27000006372339,35.00000004858531],[-82.27000006372339,34.98000004915691],[-82.26000006400915,34.98000004915691],[-82.26000006400915,35.00000004858531],[-82.27000006372339,35.00000004858531]]]}},{"id":"572","type":"Feature","properties":{"category":1,"label":"cat 1"},"geometry":{"type":"Polygon","coordinates":[[[-83.63000002486069,34.99000004887111],[-83.63000002486069,34.98000004915691],[-83.62000002514645,34.98000004915691],[-83.62000002514645,34.99000004887111],[-83.63000002486069,34.99000004887111]]]}},{"id":"573","type":"Feature","properties":{"category":1,"label":"cat 1"},"geometry":{"type":"Polygon","coordinates":[[[-82.2500000642949,35.00000004858531],[-82.2500000642949,34.9700000494427],[-82.24000006458066,34.9700000494427],[-82.24000006458066,35.00000004858531],[-82.2500000642949,35.00000004858531]]]}},{"id":"574","type":"Feature","properties":{"category":1,"label":"cat 1"},"geometry":{"type":"Polygon","coordinates":[[[-83.49000002886126,34.98000004915691],[-83.49000002886126,34.9700000494427],[-83.48000002914702,34.9700000494427],[-83.48000002914702,34.98000004915691],[-83.49000002886126,34.98000004915691]]]}},{"id":"575","type":"Feature","properties":{"category":1,"label":"cat 1"},"geometry":{"type":"Polygon","coordinates":[[[-83.38000003200457,34.98000004915691],[-83.38000003200457,34.9700000494427],[-83.37000003229032,34.9700000494427],[-83.37000003229032,34.98000004915691],[-83.38000003200457,34.98000004915691]]]}},{"id":"576","type":"Feature","properties":{"category":1,"label":"cat 1"},"geometry":{"type":"Polygon","coordinates":[[[-83.65000002428918,34.98000004915691],[-83.65000002428918,34.9600000497285],[-83.64000002457495,34.9600000497285],[-83.64000002457495,34.98000004915691],[-83.65000002428918,34.98000004915691]]]}},{"id":"577","type":"Feature","properties":{"category":1,"label":"cat 1"},"geometry":{"type":"Polygon","coordinates":[[[-83.29000003457637,34.9700000494427],[-83.29000003457637,34.9600000497285],[-83.28000003486213,34.9600000497285],[-83.28000003486213,34.9700000494427],[-83.29000003457637,34.9700000494427]]]}},{"id":"578","type":"Feature","properties":{"category":1,"label":"cat 1"},"geometry":{"type":"Polygon","coordinates":[[[-83.70000002286041,34.9600000497285],[-83.70000002286041,34.950000050014296],[-83.69000002314617,34.950000050014296],[-83.69000002314617,34.9600000497285],[-83.70000002286041,34.9600000497285]]]}},{"id":"579","type":"Feature","properties":{"category":1,"label":"cat 1"},"geometry":{"type":"Polygon","coordinates":[[[-82.24000006458066,34.9600000497285],[-82.24000006458066,34.950000050014296],[-82.2300000648664,34.950000050014296],[-82.2300000648664,34.9600000497285],[-82.24000006458066,34.9600000497285]]]}},{"id":"580","type":"Feature","properties":{"category":1,"label":"cat 1"},"geometry":{"type":"Polygon","coordinates":[[[-83.31000003400486,34.99000004887111],[-83.31000003400486,34.9600000497285],[-83.3200000337191,34.9600000497285],[-83.3200000337191,34.940000050300085],[-83.31000003400486,34.940000050300085],[-83.31000003400486,34.950000050014296],[-83.30000003429062,34.950000050014296],[-83.30000003429062,34.99000004887111],[-83.31000003400486,34.99000004887111]]]}},{"id":"581","type":"Feature","properties":{"category":1,"label":"cat 1"},"geometry":{"type":"Polygon","coordinates":[[[-83.58000002628947,34.950000050014296],[-83.58000002628947,34.940000050300085],[-83.57000002657523,34.940000050300085],[-83.57000002657523,34.950000050014296],[-83.58000002628947,34.950000050014296]]]}},{"id":"582","type":"Feature","properties":{"category":1,"label":"cat 1"},"geometry":{"type":"Polygon","coordinates":[[[-83.30000003429062,34.950000050014296],[-83.30000003429062,34.940000050300085],[-83.29000003457637,34.940000050300085],[-83.29000003457637,34.950000050014296],[-83.30000003429062,34.950000050014296]]]}},{"id":"583","type":"Feature","properties":{"category":1,"label":"cat 1"},"geometry":{"type":"Polygon","coordinates":[[[-81.070000098014,34.950000050014296],[-81.070000098014,34.940000050300085],[-81.06000009829975,34.940000050300085],[-81.06000009829975,34.950000050014296],[-81.070000098014,34.950000050014296]]]}},{"id":"584","type":"Feature","properties":{"category":1,"label":"cat 1"},"geometry":{"type":"Polygon","coordinates":[[[-83.69000002314617,34.950000050014296],[-83.69000002314617,34.93000005058588],[-83.68000002343192,34.93000005058588],[-83.68000002343192,34.950000050014296],[-83.69000002314617,34.950000050014296]]]}},{"id":"585","type":"Feature","properties":{"category":1,"label":"cat 1"},"geometry":{"type":"Polygon","coordinates":[[[-83.35000003286184,34.940000050300085],[-83.35000003286184,34.93000005058588],[-83.34000003314759,34.93000005058588],[-83.34000003314759,34.940000050300085],[-83.35000003286184,34.940000050300085]]]}},{"id":"586","type":"Feature","properties":{"category":1,"label":"cat 1"},"geometry":{"type":"Polygon","coordinates":[[[-83.57000002657523,34.940000050300085],[-83.57000002657523,34.92000005087168],[-83.56000002686098,34.92000005087168],[-83.56000002686098,34.940000050300085],[-83.57000002657523,34.940000050300085]]]}},{"id":"587","type":"Feature","properties":{"category":1,"label":"cat 1"},"geometry":{"type":"Polygon","coordinates":[[[-83.33000003343335,34.93000005058588],[-83.33000003343335,34.92000005087168],[-83.3200000337191,34.92000005087168],[-83.3200000337191,34.93000005058588],[-83.33000003343335,34.93000005058588]]]}},{"id":"588","type":"Feature","properties":{"category":1,"label":"cat 1"},"geometry":{"type":"Polygon","coordinates":[[[-83.47000002943278,34.92000005087168],[-83.47000002943278,34.910000051157475],[-83.46000002971853,34.910000051157475],[-83.46000002971853,34.92000005087168],[-83.47000002943278,34.92000005087168]]]}},{"id":"589","type":"Feature","properties":{"category":1,"label":"cat 1"},"geometry":{"type":"Polygon","coordinates":[[[-83.520000028004,34.910000051157475],[-83.520000028004,34.90000005144327],[-83.51000002828975,34.90000005144327],[-83.51000002828975,34.910000051157475],[-83.520000028004,34.910000051157475]]]}},{"id":"590","type":"Feature","properties":{"category":1,"label":"cat 1"},"geometry":{"type":"Polygon","coordinates":[[[-83.46000002971853,34.910000051157475],[-83.46000002971853,34.90000005144327],[-83.44000003029004,34.90000005144327],[-83.44000003029004,34.910000051157475],[-83.46000002971853,34.910000051157475]]]}},{"id":"591","type":"Feature","properties":{"category":1,"label":"cat 1"},"geometry":{"type":"Polygon","coordinates":[[[-83.74000002171739,34.90000005144327],[-83.74000002171739,34.89000005172907],[-83.73000002200314,34.89000005172907],[-83.73000002200314,34.90000005144327],[-83.74000002171739,34.90000005144327]]]}},{"id":"592","type":"Feature","properties":{"category":1,"label":"cat 1"},"geometry":{"type":"Polygon","coordinates":[[[-83.54000002743248,34.90000005144327],[-83.54000002743248,34.89000005172907],[-83.520000028004,34.89000005172907],[-83.520000028004,34.90000005144327],[-83.54000002743248,34.90000005144327]]]}},{"id":"593","type":"Feature","properties":{"category":1,"label":"cat 1"},"geometry":{"type":"Polygon","coordinates":[[[-81.15000009572796,34.90000005144327],[-81.15000009572796,34.89000005172907],[-81.13000009629947,34.89000005172907],[-81.13000009629947,34.90000005144327],[-81.15000009572796,34.90000005144327]]]}},{"id":"594","type":"Feature","properties":{"category":1,"label":"cat 1"},"geometry":{"type":"Polygon","coordinates":[[[-83.4100000311473,34.89000005172907],[-83.4100000311473,34.880000052014864],[-83.40000003143307,34.880000052014864],[-83.40000003143307,34.89000005172907],[-83.4100000311473,34.89000005172907]]]}},{"id":"595","type":"Feature","properties":{"category":1,"label":"cat 1"},"geometry":{"type":"Polygon","coordinates":[[[-81.11000009687098,34.89000005172907],[-81.11000009687098,34.880000052014864],[-81.10000009715674,34.880000052014864],[-81.10000009715674,34.89000005172907],[-81.11000009687098,34.89000005172907]]]}},{"id":"596","type":"Feature","properties":{"category":1,"label":"cat 1"},"geometry":{"type":"Polygon","coordinates":[[[-83.4300000305758,34.90000005144327],[-83.4300000305758,34.87000005230066],[-83.42000003086156,34.87000005230066],[-83.42000003086156,34.90000005144327],[-83.4300000305758,34.90000005144327]]]}},{"id":"597","type":"Feature","properties":{"category":1,"label":"cat 1"},"geometry":{"type":"Polygon","coordinates":[[[-83.85000001857408,34.880000052014864],[-83.85000001857408,34.87000005230066],[-83.84000001885984,34.87000005230066],[-83.84000001885984,34.880000052014864],[-83.85000001857408,34.880000052014864]]]}},{"id":"598","type":"Feature","properties":{"category":1,"label":"cat 1"},"geometry":{"type":"Polygon","coordinates":[[[-83.48000002914702,34.87000005230066],[-83.48000002914702,34.86000005258646],[-83.47000002943278,34.86000005258646],[-83.47000002943278,34.87000005230066],[-83.48000002914702,34.87000005230066]]]}},{"id":"599","type":"Feature","properties":{"category":1,"label":"cat 1"},"geometry":{"type":"Polygon","coordinates":[[[-83.47000002943278,34.89000005172907],[-83.47000002943278,34.880000052014864],[-83.46000002971853,34.880000052014864],[-83.46000002971853,34.850000052872254],[-83.44000003029004,34.850000052872254],[-83.44000003029004,34.87000005230066],[-83.45000003000429,34.87000005230066],[-83.45000003000429,34.880000052014864],[-83.44000003029004,34.880000052014864],[-83.44000003029004,34.89000005172907],[-83.47000002943278,34.89000005172907]]]}},{"id":"600","type":"Feature","properties":{"category":1,"label":"cat 1"},"geometry":{"type":"Polygon","coordinates":[[[-83.33000003343335,34.880000052014864],[-83.33000003343335,34.850000052872254],[-83.31000003400486,34.850000052872254],[-83.31000003400486,34.87000005230066],[-83.3200000337191,34.87000005230066],[-83.3200000337191,34.880000052014864],[-83.33000003343335,34.880000052014864]]]}},{"id":"601","type":"Feature","properties":{"category":1,"label":"cat 1"},"geometry":{"type":"Polygon","coordinates":[[[-83.84000001885984,34.87000005230066],[-83.84000001885984,34.86000005258646],[-83.86000001828833,34.86000005258646],[-83.86000001828833,34.850000052872254],[-83.83000001914559,34.850000052872254],[-83.83000001914559,34.87000005230066],[-83.84000001885984,34.87000005230066]]]}},{"id":"602","type":"Feature","properties":{"category":1,"label":"cat 1"},"geometry":{"type":"Polygon","coordinates":[[[-81.09000009744248,34.82000005372964],[-81.09000009744248,34.81000005401543],[-81.08000009772825,34.81000005401543],[-81.08000009772825,34.82000005372964],[-81.09000009744248,34.82000005372964]]]}},{"id":"603","type":"Feature","properties":{"category":1,"label":"cat 1"},"geometry":{"type":"Polygon","coordinates":[[[-83.67000002371768,34.9700000494427],[-83.67000002371768,34.9600000497285],[-83.68000002343192,34.9600000497285],[-83.68000002343192,34.950000050014296],[-83.66000002400342,34.950000050014296],[-83.66000002400342,34.93000005058588],[-83.68000002343192,34.93000005058588],[-83.68000002343192,34.92000005087168],[-83.69000002314617,34.92000005087168],[-83.69000002314617,34.910000051157475],[-83.70000002286041,34.910000051157475],[-83.70000002286041,34.89000005172907],[-83.71000002257465,34.89000005172907],[-83.71000002257465,34.90000005144327],[-83.7200000222889,34.90000005144327],[-83.7200000222889,34.87000005230066],[-83.74000002171739,34.87000005230066],[-83.74000002171739,34.89000005172907],[-83.75000002143163,34.89000005172907],[-83.75000002143163,34.880000052014864],[-83.76000002114588,34.880000052014864],[-83.76000002114588,34.87000005230066],[-83.77000002086012,34.87000005230066],[-83.77000002086012,34.850000052872254],[-83.78000002057436,34.850000052872254],[-83.78000002057436,34.87000005230066],[-83.80000002000286,34.87000005230066],[-83.80000002000286,34.880000052014864],[-83.82000001943135,34.880000052014864],[-83.82000001943135,34.86000005258646],[-83.81000001971711,34.86000005258646],[-83.81000001971711,34.84000005315805],[-83.80000002000286,34.84000005315805],[-83.80000002000286,34.83000005344385],[-83.82000001943135,34.83000005344385],[-83.82000001943135,34.81000005401543],[-83.83000001914559,34.81000005401543],[-83.83000001914559,34.80000005430123],[-83.81000001971711,34.80000005430123],[-83.81000001971711,34.81000005401543],[-83.80000002000286,34.81000005401543],[-83.80000002000286,34.80000005430123],[-83.75000002143163,34.80000005430123],[-83.75000002143163,34.81000005401543],[-83.74000002171739,34.81000005401543],[-83.74000002171739,34.80000005430123],[-83.69000002314617,34.80000005430123],[-83.69000002314617,34.82000005372964],[-83.68000002343192,34.82000005372964],[-83.68000002343192,34.80000005430123],[-83.46000002971853,34.80000005430123],[-83.46000002971853,34.81000005401543],[-83.45000003000429,34.81000005401543],[-83.45000003000429,34.80000005430123],[-83.4300000305758,34.80000005430123],[-83.4300000305758,34.81000005401543],[-83.44000003029004,34.81000005401543],[-83.44000003029004,34.82000005372964],[-83.45000003000429,34.82000005372964],[-83.45000003000429,34.83000005344385],[-83.4300000305758,34.83000005344385],[-83.4300000305758,34.84000005315805],[-83.48000002914702,34.84000005315805],[-83.48000002914702,34.850000052872254],[-83.49000002886126,34.850000052872254],[-83.49000002886126,34.87000005230066],[-83.48000002914702,34.87000005230066],[-83.48000002914702,34.90000005144327],[-83.49000002886126,34.90000005144327],[-83.49000002886126,34.880000052014864],[-83.51000002828975,34.880000052014864],[-83.51000002828975,34.89000005172907],[-83.520000028004,34.89000005172907],[-83.520000028004,34.87000005230066],[-83.53000002771824,34.87000005230066],[-83.53000002771824,34.880000052014864],[-83.55000002714674,34.880000052014864],[-83.55000002714674,34.90000005144327],[-83.56000002686098,34.90000005144327],[-83.56000002686098,34.89000005172907],[-83.57000002657523,34.89000005172907],[-83.57000002657523,34.880000052014864],[-83.59000002600371,34.880000052014864],[-83.59000002600371,34.87000005230066],[-83.60000002571796,34.87000005230066],[-83.60000002571796,34.92000005087168],[-83.59000002600371,34.92000005087168],[-83.59000002600371,34.90000005144327],[-83.57000002657523,34.90000005144327],[-83.57000002657523,34.910000051157475],[-83.58000002628947,34.910000051157475],[-83.58000002628947,34.93000005058588],[-83.59000002600371,34.93000005058588],[-83.59000002600371,34.950000050014296],[-83.6100000254322,34.950000050014296],[-83.6100000254322,34.9600000497285],[-83.60000002571796,34.9600000497285],[-83.60000002571796,34.9700000494427],[-83.62000002514645,34.9700000494427],[-83.62000002514645,34.940000050300085],[-83.6100000254322,34.940000050300085],[-83.6100000254322,34.910000051157475],[-83.62000002514645,34.910000051157475],[-83.62000002514645,34.92000005087168],[-83.63000002486069,34.92000005087168],[-83.63000002486069,34.93000005058588],[-83.65000002428918,34.93000005058588],[-83.65000002428918,34.940000050300085],[-83.63000002486069,34.940000050300085],[-83.63000002486069,34.950000050014296],[-83.65000002428918,34.950000050014296],[-83.65000002428918,34.9600000497285],[-83.66000002400342,34.9600000497285],[-83.66000002400342,34.9700000494427],[-83.67000002371768,34.9700000494427]],[[-83.57000002657523,34.87000005230066],[-83.56000002686098,34.87000005230066],[-83.56000002686098,34.850000052872254],[-83.57000002657523,34.850000052872254],[-83.57000002657523,34.87000005230066]],[[-83.55000002714674,34.87000005230066],[-83.54000002743248,34.87000005230066],[-83.54000002743248,34.850000052872254],[-83.55000002714674,34.850000052872254],[-83.55000002714674,34.87000005230066]],[[-83.520000028004,34.87000005230066],[-83.51000002828975,34.87000005230066],[-83.51000002828975,34.850000052872254],[-83.520000028004,34.850000052872254],[-83.520000028004,34.87000005230066]],[[-83.79000002028862,34.850000052872254],[-83.78000002057436,34.850000052872254],[-83.78000002057436,34.84000005315805],[-83.79000002028862,34.84000005315805],[-83.79000002028862,34.850000052872254]],[[-83.520000028004,34.84000005315805],[-83.51000002828975,34.84000005315805],[-83.51000002828975,34.83000005344385],[-83.520000028004,34.83000005344385],[-83.520000028004,34.84000005315805]],[[-83.51000002828975,34.83000005344385],[-83.50000002857551,34.83000005344385],[-83.50000002857551,34.82000005372964],[-83.51000002828975,34.82000005372964],[-83.51000002828975,34.83000005344385]],[[-83.48000002914702,34.83000005344385],[-83.46000002971853,34.83000005344385],[-83.46000002971853,34.81000005401543],[-83.47000002943278,34.81000005401543],[-83.47000002943278,34.82000005372964],[-83.48000002914702,34.82000005372964],[-83.48000002914702,34.83000005344385]],[[-83.520000028004,34.82000005372964],[-83.51000002828975,34.82000005372964],[-83.51000002828975,34.81000005401543],[-83.520000028004,34.81000005401543],[-83.520000028004,34.82000005372964]]]}},{"id":"604","type":"Feature","properties":{"category":1,"label":"cat 1"},"geometry":{"type":"Polygon","coordinates":[[[-82.43000005915131,34.81000005401543],[-82.43000005915131,34.80000005430123],[-82.41000005972282,34.80000005430123],[-82.41000005972282,34.81000005401543],[-82.43000005915131,34.81000005401543]]]}},{"id":"605","type":"Feature","properties":{"category":2,"label":"cat 2"},"geometry":{"type":"Polygon","coordinates":[[[-81.50000008572653,36.56000000400115],[-81.50000008572653,36.55000000428694],[-81.49000008601229,36.55000000428694],[-81.49000008601229,36.54000000457274],[-81.48000008629805,36.54000000457274],[-81.48000008629805,36.55000000428694],[-81.4700000865838,36.55000000428694],[-81.4700000865838,36.56000000400115],[-81.50000008572653,36.56000000400115]]]}},{"id":"606","type":"Feature","properties":{"category":2,"label":"cat 2"},"geometry":{"type":"Polygon","coordinates":[[[-83.47000002943278,35.68000002915119],[-83.47000002943278,35.670000029436984],[-83.45000003000429,35.670000029436984],[-83.45000003000429,35.68000002915119],[-83.47000002943278,35.68000002915119]]]}},{"id":"607","type":"Feature","properties":{"category":2,"label":"cat 2"},"geometry":{"type":"Polygon","coordinates":[[[-83.38000003200457,35.68000002915119],[-83.38000003200457,35.670000029436984],[-83.37000003229032,35.670000029436984],[-83.37000003229032,35.68000002915119],[-83.38000003200457,35.68000002915119]]]}},{"id":"608","type":"Feature","properties":{"category":2,"label":"cat 2"},"geometry":{"type":"Polygon","coordinates":[[[-83.4100000311473,35.66000002972278],[-83.4100000311473,35.65000003000858],[-83.40000003143307,35.65000003000858],[-83.40000003143307,35.66000002972278],[-83.4100000311473,35.66000002972278]]]}},{"id":"609","type":"Feature","properties":{"category":2,"label":"cat 2"},"geometry":{"type":"Polygon","coordinates":[[[-84.5,35.66000002972278],[-84.5,35.640000030294374],[-84.48000000057151,35.640000030294374],[-84.48000000057151,35.65000003000858],[-84.49000000028576,35.65000003000858],[-84.49000000028576,35.66000002972278],[-84.5,35.66000002972278]]]}},{"id":"610","type":"Feature","properties":{"category":2,"label":"cat 2"},"geometry":{"type":"Polygon","coordinates":[[[-84.36000000400057,35.640000030294374],[-84.36000000400057,35.62000003086597],[-84.35000000428633,35.62000003086597],[-84.35000000428633,35.640000030294374],[-84.36000000400057,35.640000030294374]]]}},{"id":"611","type":"Feature","properties":{"category":2,"label":"cat 2"},"geometry":{"type":"Polygon","coordinates":[[[-84.36000000400057,35.580000032009146],[-84.36000000400057,35.56000003258074],[-84.35000000428633,35.56000003258074],[-84.35000000428633,35.580000032009146],[-84.36000000400057,35.580000032009146]]]}},{"id":"612","type":"Feature","properties":{"category":2,"label":"cat 2"},"geometry":{"type":"Polygon","coordinates":[[[-84.42000000228605,35.57000003229494],[-84.42000000228605,35.56000003258074],[-84.41000000257179,35.56000003258074],[-84.41000000257179,35.57000003229494],[-84.42000000228605,35.57000003229494]]]}},{"id":"613","type":"Feature","properties":{"category":2,"label":"cat 2"},"geometry":{"type":"Polygon","coordinates":[[[-84.40000000285755,35.57000003229494],[-84.40000000285755,35.56000003258074],[-84.3900000031433,35.56000003258074],[-84.3900000031433,35.57000003229494],[-84.40000000285755,35.57000003229494]]]}},{"id":"614","type":"Feature","properties":{"category":2,"label":"cat 2"},"geometry":{"type":"Polygon","coordinates":[[[-84.38000000342906,35.57000003229494],[-84.38000000342906,35.56000003258074],[-84.37000000371482,35.56000003258074],[-84.37000000371482,35.57000003229494],[-84.38000000342906,35.57000003229494]]]}},{"id":"615","type":"Feature","properties":{"category":2,"label":"cat 2"},"geometry":{"type":"Polygon","coordinates":[[[-84.3900000031433,35.56000003258074],[-84.3900000031433,35.550000032866535],[-84.38000000342906,35.550000032866535],[-84.38000000342906,35.56000003258074],[-84.3900000031433,35.56000003258074]]]}},{"id":"616","type":"Feature","properties":{"category":2,"label":"cat 2"},"geometry":{"type":"Polygon","coordinates":[[[-84.37000000371482,35.550000032866535],[-84.37000000371482,35.54000003315233],[-84.36000000400057,35.54000003315233],[-84.36000000400057,35.550000032866535],[-84.37000000371482,35.550000032866535]]]}},{"id":"617","type":"Feature","properties":{"category":2,"label":"cat 2"},"geometry":{"type":"Polygon","coordinates":[[[-84.44000000171454,35.640000030294374],[-84.44000000171454,35.63000003058017],[-84.47000000085727,35.63000003058017],[-84.47000000085727,35.62000003086597],[-84.49000000028576,35.62000003086597],[-84.49000000028576,35.63000003058017],[-84.5,35.63000003058017],[-84.5,35.550000032866535],[-84.48000000057151,35.550000032866535],[-84.48000000057151,35.53000003343813],[-84.47000000085727,35.53000003343813],[-84.47000000085727,35.51000003400972],[-84.45000000142878,35.51000003400972],[-84.45000000142878,35.56000003258074],[-84.44000000171454,35.56000003258074],[-84.44000000171454,35.550000032866535],[-84.43000000200028,35.550000032866535],[-84.43000000200028,35.57000003229494],[-84.42000000228605,35.57000003229494],[-84.42000000228605,35.59000003172335],[-84.40000000285755,35.59000003172335],[-84.40000000285755,35.580000032009146],[-84.3900000031433,35.580000032009146],[-84.3900000031433,35.57000003229494],[-84.38000000342906,35.57000003229494],[-84.38000000342906,35.59000003172335],[-84.37000000371482,35.59000003172335],[-84.37000000371482,35.580000032009146],[-84.36000000400057,35.580000032009146],[-84.36000000400057,35.59000003172335],[-84.35000000428633,35.59000003172335],[-84.35000000428633,35.580000032009146],[-84.34000000457208,35.580000032009146],[-84.34000000457208,35.59000003172335],[-84.31000000542934,35.59000003172335],[-84.31000000542934,35.60000003143756],[-84.3200000051436,35.60000003143756],[-84.3200000051436,35.62000003086597],[-84.35000000428633,35.62000003086597],[-84.35000000428633,35.61000003115176],[-84.36000000400057,35.61000003115176],[-84.36000000400057,35.60000003143756],[-84.37000000371482,35.60000003143756],[-84.37000000371482,35.61000003115176],[-84.38000000342906,35.61000003115176],[-84.38000000342906,35.62000003086597],[-84.37000000371482,35.62000003086597],[-84.37000000371482,35.63000003058017],[-84.3900000031433,35.63000003058017],[-84.3900000031433,35.62000003086597],[-84.42000000228605,35.62000003086597],[-84.42000000228605,35.63000003058017],[-84.43000000200028,35.63000003058017],[-84.43000000200028,35.640000030294374],[-84.44000000171454,35.640000030294374]],[[-84.35000000428633,35.61000003115176],[-84.33000000485784,35.61000003115176],[-84.33000000485784,35.60000003143756],[-84.35000000428633,35.60000003143756],[-84.35000000428633,35.61000003115176]],[[-84.3900000031433,35.60000003143756],[-84.38000000342906,35.60000003143756],[-84.38000000342906,35.59000003172335],[-84.3900000031433,35.59000003172335],[-84.3900000031433,35.60000003143756]],[[-84.44000000171454,35.580000032009146],[-84.43000000200028,35.580000032009146],[-84.43000000200028,35.57000003229494],[-84.44000000171454,35.57000003229494],[-84.44000000171454,35.580000032009146]],[[-84.46000000114302,35.57000003229494],[-84.45000000142878,35.57000003229494],[-84.45000000142878,35.56000003258074],[-84.46000000114302,35.56000003258074],[-84.46000000114302,35.57000003229494]]]}},{"id":"618","type":"Feature","properties":{"category":2,"label":"cat 2"},"geometry":{"type":"Polygon","coordinates":[[[-83.69000002314617,34.82000005372964],[-83.69000002314617,34.80000005430123],[-83.68000002343192,34.80000005430123],[-83.68000002343192,34.82000005372964],[-83.69000002314617,34.82000005372964]]]}},{"id":"619","type":"Feature","properties":{"category":3,"label":"cat 3"},"geometry":{"type":"Polygon","coordinates":[[[-83.31000003400486,35.75000002715062],[-83.31000003400486,35.740000027436416],[-83.30000003429062,35.740000027436416],[-83.30000003429062,35.75000002715062],[-83.31000003400486,35.75000002715062]]]}}],"meta":{"source":"NOAA MRMS RadarOnly (1H)","observed_at":"2026-10-10T10:00:00+00:00","window_hours":1,"max_inches":0.6062992215156555,"minutes_ago":30.987558983333333,"generated_at":"2026-10-10T10:31:01.313656+00:00","n_polygons":620}}